
===========================================================================
report_checks -unconstrained
===========================================================================
======================= min_ff_n40C_1v95 Corner ===================================

Startpoint: wb_rst_i (input port clocked by clk)
Endpoint: _8675_ (recovery check against rising-edge clock clk)
Path Group: asynchronous
Path Type: max

Fanout         Cap        Slew       Delay        Time   Description
---------------------------------------------------------------------------------------------
                                  0.000000    0.000000   clock clk (rise edge)
                                  5.570000    5.570000   clock network delay (propagated)
                                 50.000000   55.570000 v input external delay
     2    0.016111    0.000000    0.000000   55.570000 v wb_rst_i (in)
                                                         wb_rst_i (net)
                      0.000717    0.000359   55.570358 v input39/A (sky130_fd_sc_hd__buf_12)
    11    0.356567    0.040595    0.088235   55.658592 v input39/X (sky130_fd_sc_hd__buf_12)
                                                         net39 (net)
                      0.554401    0.275374   55.933968 v fanout740/A (sky130_fd_sc_hd__buf_12)
    11    0.460092    0.111709    0.328747   56.262714 v fanout740/X (sky130_fd_sc_hd__buf_12)
                                                         net740 (net)
                      0.287342    0.125816   56.388531 v fanout739/A (sky130_fd_sc_hd__buf_8)
    11    0.162963    0.089183    0.208004   56.596535 v fanout739/X (sky130_fd_sc_hd__buf_8)
                                                         net739 (net)
                      0.131448    0.047688   56.644222 v fanout738/A (sky130_fd_sc_hd__clkbuf_16)
    15    0.215842    0.096188    0.189328   56.833549 v fanout738/X (sky130_fd_sc_hd__clkbuf_16)
                                                         net738 (net)
                      0.121812    0.034635   56.868187 v fanout737/A (sky130_fd_sc_hd__buf_8)
    21    0.146973    0.079593    0.149328   57.017513 v fanout737/X (sky130_fd_sc_hd__buf_8)
                                                         net737 (net)
                      0.086126    0.016509   57.034023 v fanout735/A (sky130_fd_sc_hd__buf_6)
    21    0.117020    0.076110    0.151498   57.185520 v fanout735/X (sky130_fd_sc_hd__buf_6)
                                                         net735 (net)
                      0.076391    0.003780   57.189301 v _8326_/A (sky130_fd_sc_hd__inv_2)
     1    0.004666    0.030438    0.048143   57.237446 ^ _8326_/Y (sky130_fd_sc_hd__inv_2)
                                                         _0172_ (net)
                      0.030438    0.000050   57.237495 ^ _8675_/RESET_B (sky130_fd_sc_hd__dfrtp_4)
                                             57.237495   data arrival time

                                100.000000  100.000000   clock clk (rise edge)
                                  4.650000  104.649994   clock source latency
     4    0.351213    0.610000    0.000000  104.649994 ^ wb_clk_i (in)
                                                         wb_clk_i (net)
                      1.278501    0.334254  104.984245 ^ clkbuf_regs_0_clk/A (sky130_fd_sc_hd__clkbuf_16)
     1    0.015893    0.056672    0.114063  105.098312 ^ clkbuf_regs_0_clk/X (sky130_fd_sc_hd__clkbuf_16)
                                                         delaynet_0_clk (net)
                      0.056673    0.000689  105.098999 ^ delaybuf_0_clk/A (sky130_fd_sc_hd__clkbuf_16)
     1    0.016398    0.028916    0.089216  105.188217 ^ delaybuf_0_clk/X (sky130_fd_sc_hd__clkbuf_16)
                                                         delaynet_1_clk (net)
                      0.028924    0.000760  105.188980 ^ delaybuf_1_clk/A (sky130_fd_sc_hd__clkbuf_16)
     1    0.013961    0.027149    0.079673  105.268654 ^ delaybuf_1_clk/X (sky130_fd_sc_hd__clkbuf_16)
                                                         wb_clk_i_regs (net)
                      0.027149    0.000561  105.269211 ^ clkbuf_0_wb_clk_i_regs/A (sky130_fd_sc_hd__clkbuf_16)
     5    0.103469    0.091604    0.127713  105.396927 ^ clkbuf_0_wb_clk_i_regs/X (sky130_fd_sc_hd__clkbuf_16)
                                                         clknet_0_wb_clk_i_regs (net)
                      0.092509    0.007248  105.404175 ^ clkbuf_1_0_0_wb_clk_i_regs/A (sky130_fd_sc_hd__clkbuf_8)
     5    0.055895    0.081624    0.133838  105.538010 ^ clkbuf_1_0_0_wb_clk_i_regs/X (sky130_fd_sc_hd__clkbuf_8)
                                                         clknet_1_0_0_wb_clk_i_regs (net)
                      0.083423    0.009557  105.547569 ^ clkbuf_2_1_0_wb_clk_i_regs/A (sky130_fd_sc_hd__clkbuf_8)
     3    0.062842    0.090339    0.135678  105.683243 ^ clkbuf_2_1_0_wb_clk_i_regs/X (sky130_fd_sc_hd__clkbuf_8)
                                                         clknet_2_1_0_wb_clk_i_regs (net)
                      0.093575    0.013415  105.696663 ^ clkbuf_2_1_1_wb_clk_i_regs/A (sky130_fd_sc_hd__clkbuf_8)
     9    0.107164    0.144438    0.178311  105.874969 ^ clkbuf_2_1_1_wb_clk_i_regs/X (sky130_fd_sc_hd__clkbuf_8)
                                                         clknet_2_1_1_wb_clk_i_regs (net)
                      0.145880    0.011561  105.886528 ^ clkbuf_4_7_0_wb_clk_i_regs/A (sky130_fd_sc_hd__clkbuf_8)
     5    0.041308    0.064085    0.134392  106.020920 ^ clkbuf_4_7_0_wb_clk_i_regs/X (sky130_fd_sc_hd__clkbuf_8)
                                                         clknet_4_7_0_wb_clk_i_regs (net)
                      0.064606    0.004526  106.025452 ^ clkbuf_5_15_0_wb_clk_i_regs/A (sky130_fd_sc_hd__clkbuf_8)
    13    0.073265    0.101996    0.144752  106.170204 ^ clkbuf_5_15_0_wb_clk_i_regs/X (sky130_fd_sc_hd__clkbuf_8)
                                                         clknet_5_15_0_wb_clk_i_regs (net)
                      0.102025    0.001421  106.171623 ^ _8675_/CLK (sky130_fd_sc_hd__dfrtp_4)
                                 -0.200000  105.971626   clock uncertainty
                                  0.000000  105.971626   clock reconvergence pessimism
                                  0.142201  106.113823   library recovery time
                                            106.113823   data required time
---------------------------------------------------------------------------------------------
                                            106.113823   data required time
                                            -57.237495   data arrival time
---------------------------------------------------------------------------------------------
                                             48.876331   slack (MET)


Startpoint: _8731_ (rising edge-triggered flip-flop clocked by clk)
Endpoint: mprj.team_04_Wrapper.team_04_WB.instance_to_wrap
          (rising edge-triggered flip-flop clocked by clk)
Path Group: clk
Path Type: max

Fanout         Cap        Slew       Delay        Time   Description
---------------------------------------------------------------------------------------------
                                  0.000000    0.000000   clock clk (rise edge)
                                  5.570000    5.570000   clock source latency
     4    0.351213    0.610000    0.000000    5.570000 ^ wb_clk_i (in)
                                                         wb_clk_i (net)
                      1.278501    0.334250    5.904251 ^ clkbuf_regs_0_clk/A (sky130_fd_sc_hd__clkbuf_16)
     1    0.015893    0.056672    0.114064    6.018315 ^ clkbuf_regs_0_clk/X (sky130_fd_sc_hd__clkbuf_16)
                                                         delaynet_0_clk (net)
                      0.056673    0.000691    6.019006 ^ delaybuf_0_clk/A (sky130_fd_sc_hd__clkbuf_16)
     1    0.016398    0.028916    0.089214    6.108220 ^ delaybuf_0_clk/X (sky130_fd_sc_hd__clkbuf_16)
                                                         delaynet_1_clk (net)
                      0.028924    0.000761    6.108981 ^ delaybuf_1_clk/A (sky130_fd_sc_hd__clkbuf_16)
     1    0.013961    0.027149    0.079675    6.188656 ^ delaybuf_1_clk/X (sky130_fd_sc_hd__clkbuf_16)
                                                         wb_clk_i_regs (net)
                      0.027149    0.000561    6.189217 ^ clkbuf_0_wb_clk_i_regs/A (sky130_fd_sc_hd__clkbuf_16)
     5    0.103469    0.091604    0.127712    6.316929 ^ clkbuf_0_wb_clk_i_regs/X (sky130_fd_sc_hd__clkbuf_16)
                                                         clknet_0_wb_clk_i_regs (net)
                      0.092929    0.008742    6.325672 ^ clkbuf_1_1_0_wb_clk_i_regs/A (sky130_fd_sc_hd__clkbuf_8)
     5    0.077834    0.108237    0.155158    6.480829 ^ clkbuf_1_1_0_wb_clk_i_regs/X (sky130_fd_sc_hd__clkbuf_8)
                                                         clknet_1_1_0_wb_clk_i_regs (net)
                      0.108916    0.006891    6.487721 ^ clkbuf_2_2_0_wb_clk_i_regs/A (sky130_fd_sc_hd__clkbuf_8)
     3    0.120022    0.159808    0.176425    6.664145 ^ clkbuf_2_2_0_wb_clk_i_regs/X (sky130_fd_sc_hd__clkbuf_8)
                                                         clknet_2_2_0_wb_clk_i_regs (net)
                      0.177611    0.040743    6.704888 ^ clkbuf_2_2_1_wb_clk_i_regs/A (sky130_fd_sc_hd__clkbuf_8)
     9    0.186759    0.241335    0.226883    6.931772 ^ clkbuf_2_2_1_wb_clk_i_regs/X (sky130_fd_sc_hd__clkbuf_8)
                                                         clknet_2_2_1_wb_clk_i_regs (net)
                      0.246421    0.028460    6.960232 ^ clkbuf_4_8_0_wb_clk_i_regs/A (sky130_fd_sc_hd__clkbuf_8)
     5    0.096848    0.131475    0.195461    7.155694 ^ clkbuf_4_8_0_wb_clk_i_regs/X (sky130_fd_sc_hd__clkbuf_8)
                                                         clknet_4_8_0_wb_clk_i_regs (net)
                      0.132268    0.008269    7.163962 ^ clkbuf_5_16_0_wb_clk_i_regs/A (sky130_fd_sc_hd__clkbuf_8)
    18    0.224141    0.292024    0.283199    7.447162 ^ clkbuf_5_16_0_wb_clk_i_regs/X (sky130_fd_sc_hd__clkbuf_8)
                                                         clknet_5_16_0_wb_clk_i_regs (net)
                      0.293871    0.018892    7.466054 ^ _8731_/CLK (sky130_fd_sc_hd__dfrtp_4)
     1    0.007524    0.039650    0.297132    7.763186 ^ _8731_/Q (sky130_fd_sc_hd__dfrtp_4)
                                                         mprj.team_04_Wrapper.team_04_WB.EN_VAL_REG (net)
                      0.039650    0.000210    7.763396 ^ hold2049/A (sky130_fd_sc_hd__dlygate4sd3_1)
     1    0.002564    0.035905    0.371132    8.134529 ^ hold2049/X (sky130_fd_sc_hd__dlygate4sd3_1)
                                                         net2986 (net)
                      0.035905    0.000027    8.134556 ^ hold1771/A (sky130_fd_sc_hd__dlygate4sd3_1)
     5    0.043510    0.327462    0.579298    8.713854 ^ hold1771/X (sky130_fd_sc_hd__dlygate4sd3_1)
                                                         net2708 (net)
                      0.327566    0.005594    8.719448 ^ hold639/A (sky130_fd_sc_hd__dlygate4sd3_1)
     7    0.081950    0.609032    0.797007    9.516455 ^ hold639/X (sky130_fd_sc_hd__dlygate4sd3_1)
                                                         net1576 (net)
                      0.609035    0.001156    9.517611 ^ hold1772/A (sky130_fd_sc_hd__dlygate4sd3_1)
     3    0.028309    0.217571    0.530646   10.048257 ^ hold1772/X (sky130_fd_sc_hd__dlygate4sd3_1)
                                                         net2709 (net)
                      0.217582    0.001795   10.050052 ^ mprj.team_04_Wrapper.team_04_WB.instance_to_wrap/en (team_04)
                                             10.050052   data arrival time

                                 50.000000   50.000000   clock clk (fall edge)
                                  4.650000   54.650002   clock source latency
     4    0.349221    0.610000    0.000000   54.650002 v wb_clk_i (in)
                                                         wb_clk_i (net)
                      1.306067    0.348035   54.998035 v clkbuf_0_wb_clk_i/A (sky130_fd_sc_hd__clkbuf_16)
     5    0.091678    0.088868    0.467971   55.466003 v clkbuf_0_wb_clk_i/X (sky130_fd_sc_hd__clkbuf_16)
                                                         clknet_0_wb_clk_i (net)
                      0.091030    0.010083   55.476086 v clkbuf_1_0_0_wb_clk_i/A (sky130_fd_sc_hd__clkbuf_8)
     3    0.057515    0.055053    0.140080   55.616169 v clkbuf_1_0_0_wb_clk_i/X (sky130_fd_sc_hd__clkbuf_8)
                                                         clknet_1_0_0_wb_clk_i (net)
                      0.061193    0.013870   55.630035 v clkbuf_1_0_1_wb_clk_i/A (sky130_fd_sc_hd__clkbuf_8)
    13    1.284762    0.911784    0.638071   56.268108 v clkbuf_1_0_1_wb_clk_i/X (sky130_fd_sc_hd__clkbuf_8)
                                                         clknet_1_0_1_wb_clk_i (net)
                      0.956343    0.157122   56.425232 v mprj.team_04_Wrapper.team_04_WB.instance_to_wrap/clk (team_04)
                                 -0.200000   56.225231   clock uncertainty
                                  0.920000   57.145229   clock reconvergence pessimism
                                -11.255480   45.889751   library setup time
                                             45.889751   data required time
---------------------------------------------------------------------------------------------
                                             45.889751   data required time
                                            -10.050052   data arrival time
---------------------------------------------------------------------------------------------
                                             35.839699   slack (MET)




===========================================================================
report_checks --slack_max -0.01
============================================================================
======================= min_ff_n40C_1v95 Corner ===================================

No paths found.


===========================================================================
 report_check_types -max_slew -max_cap -max_fanout -violators
============================================================================
======================= min_ff_n40C_1v95 Corner ===================================

max slew

Pin                                        Limit        Slew       Slack
------------------------------------------------------------------------
mprj.team_03_Wrapper.team_03_WB.instance_to_wrap/nrst    1.500000    2.652194   -1.152194 (VIOLATED)
ANTENNA_mprj.team_03_Wrapper.team_03_WB.instance_to_wrap_nrst/DIODE    1.500000    2.652160   -1.152160 (VIOLATED)
mprj.team_04_Wrapper.team_04_WB.instance_to_wrap/nrst    1.500000    2.627683   -1.127683 (VIOLATED)
ANTENNA_mprj.team_04_Wrapper.team_04_WB.instance_to_wrap_nrst/DIODE    1.500000    2.627509   -1.127509 (VIOLATED)
mprj.team_05_Wrapper.team_05_WB.instance_to_wrap/nrst    1.500000    2.508287   -1.008287 (VIOLATED)
ANTENNA_mprj.team_05_Wrapper.team_05_WB.instance_to_wrap_nrst/DIODE    1.500000    2.504164   -1.004164 (VIOLATED)
ANTENNA_mprj.team_07_Wrapper.team_07_WB.instance_to_wrap_gpio_in[18]/DIODE    1.500000    2.344902   -0.844902 (VIOLATED)
mprj.team_07_Wrapper.team_07_WB.instance_to_wrap/gpio_in[18]    1.500000    2.344886   -0.844886 (VIOLATED)
ANTENNA_mprj.team_02_Wrapper.team_02_WB.instance_to_wrap_nrst/DIODE    1.500000    2.289975   -0.789975 (VIOLATED)
mprj.team_02_Wrapper.team_02_WB.instance_to_wrap/nrst    1.500000    2.283299   -0.783299 (VIOLATED)
_7885_/A1                               1.500000    2.262246   -0.762246 (VIOLATED)
ANTENNA__7885__A1/DIODE                 1.500000    2.262241   -0.762241 (VIOLATED)
ANTENNA_mprj.team_05_Wrapper.team_05_WB.instance_to_wrap_gpio_in[21]/DIODE    1.500000    2.259346   -0.759346 (VIOLATED)
mprj.team_05_Wrapper.team_05_WB.instance_to_wrap/gpio_in[21]    1.500000    2.259346   -0.759346 (VIOLATED)
ANTENNA_mprj.team_05_Wrapper.team_05_WB.instance_to_wrap_gpio_out[5]/DIODE    1.500000    2.256040   -0.756040 (VIOLATED)
mprj.team_05_Wrapper.team_05_WB.instance_to_wrap/gpio_out[5]    1.500000    2.256040   -0.756040 (VIOLATED)
ANTENNA__4284__A2/DIODE                 1.500000    2.242213   -0.742213 (VIOLATED)
_4284_/A2                               1.500000    2.242210   -0.742210 (VIOLATED)
_4277_/A0                               1.500000    2.242204   -0.742204 (VIOLATED)
ANTENNA__4277__A0/DIODE                 1.500000    2.242200   -0.742200 (VIOLATED)
mprj.team_08_Wrapper.team_08_WB.instance_to_wrap/gpio_in[13]    1.500000    2.226319   -0.726319 (VIOLATED)
ANTENNA_mprj.team_08_Wrapper.team_08_WB.instance_to_wrap_gpio_in[13]/DIODE    1.500000    2.226296   -0.726296 (VIOLATED)
ANTENNA_mprj.team_01_Wrapper.team_01_WB.instance_to_wrap_ADR_O[28]/DIODE    1.500000    2.222961   -0.722961 (VIOLATED)
mprj.team_01_Wrapper.team_01_WB.instance_to_wrap/ADR_O[28]    1.500000    2.222961   -0.722961 (VIOLATED)
_4244_/A0                               1.500000    2.216710   -0.716710 (VIOLATED)
ANTENNA__4244__A0/DIODE                 1.500000    2.216697   -0.716697 (VIOLATED)
ANTENNA__4250__B1/DIODE                 1.500000    2.216653   -0.716653 (VIOLATED)
_4250_/B1                               1.500000    2.216620   -0.716620 (VIOLATED)
ANTENNA__4776__A0/DIODE                 1.500000    2.215490   -0.715490 (VIOLATED)
_4776_/A0                               1.500000    2.215487   -0.715487 (VIOLATED)
ANTENNA__4782__A2/DIODE                 1.500000    2.215464   -0.715464 (VIOLATED)
_4782_/A2                               1.500000    2.215461   -0.715461 (VIOLATED)
ANTENNA_mprj.team_01_Wrapper.team_01_WB.instance_to_wrap_DAT_O[0]/DIODE    1.500000    2.206864   -0.706864 (VIOLATED)
mprj.team_01_Wrapper.team_01_WB.instance_to_wrap/DAT_O[0]    1.500000    2.206864   -0.706864 (VIOLATED)
ANTENNA__4271__A0/DIODE                 1.500000    2.195174   -0.695174 (VIOLATED)
ANTENNA__4283__A2/DIODE                 1.500000    2.195168   -0.695168 (VIOLATED)
_4271_/A0                               1.500000    2.195162   -0.695162 (VIOLATED)
_4283_/A2                               1.500000    2.195152   -0.695152 (VIOLATED)
ANTENNA_mprj.team_08_Wrapper.team_08_WB.instance_to_wrap_gpio_in[3]/DIODE    1.500000    2.191905   -0.691905 (VIOLATED)
mprj.team_08_Wrapper.team_08_WB.instance_to_wrap/gpio_in[3]    1.500000    2.191905   -0.691905 (VIOLATED)
ANTENNA_mprj.team_02_Wrapper.team_02_WB.instance_to_wrap_gpio_in[21]/DIODE    1.500000    2.187468   -0.687468 (VIOLATED)
mprj.team_02_Wrapper.team_02_WB.instance_to_wrap/gpio_in[21]    1.500000    2.186888   -0.686888 (VIOLATED)
ANTENNA_mprj.team_08_Wrapper.team_08_WB.instance_to_wrap_gpio_in[8]/DIODE    1.500000    2.181507   -0.681507 (VIOLATED)
mprj.team_08_Wrapper.team_08_WB.instance_to_wrap/gpio_in[8]    1.500000    2.181502   -0.681502 (VIOLATED)
mprj.team_08_Wrapper.team_08_WB.instance_to_wrap/gpio_in[7]    1.500000    2.180026   -0.680026 (VIOLATED)
ANTENNA_mprj.team_08_Wrapper.team_08_WB.instance_to_wrap_gpio_in[7]/DIODE    1.500000    2.180017   -0.680018 (VIOLATED)
ANTENNA_mprj.team_11_Wrapper.team_11_WB.instance_to_wrap_gpio_in[18]/DIODE    1.500000    2.179507   -0.679508 (VIOLATED)
mprj.team_11_Wrapper.team_11_WB.instance_to_wrap/gpio_in[18]    1.500000    2.179440   -0.679440 (VIOLATED)
_6542_/A1                               1.500000    2.153070   -0.653070 (VIOLATED)
ANTENNA__6542__A1/DIODE                 1.500000    2.153064   -0.653064 (VIOLATED)
_5033_/A0                               1.500000    2.147423   -0.647423 (VIOLATED)
ANTENNA__5033__A0/DIODE                 1.500000    2.147420   -0.647420 (VIOLATED)
ANTENNA__5039__A2/DIODE                 1.500000    2.147358   -0.647358 (VIOLATED)
_5039_/A2                               1.500000    2.147335   -0.647335 (VIOLATED)
ANTENNA_mprj.team_01_Wrapper.team_01_WB.instance_to_wrap_ADR_O[29]/DIODE    1.500000    2.130119   -0.630119 (VIOLATED)
mprj.team_01_Wrapper.team_01_WB.instance_to_wrap/ADR_O[29]    1.500000    2.130103   -0.630103 (VIOLATED)
ANTENNA_mprj.team_02_Wrapper.team_02_WB.instance_to_wrap_gpio_out[21]/DIODE    1.500000    2.126430   -0.626430 (VIOLATED)
mprj.team_02_Wrapper.team_02_WB.instance_to_wrap/gpio_out[21]    1.500000    2.126413   -0.626413 (VIOLATED)
ANTENNA__4391__B1/DIODE                 1.500000    2.124625   -0.624625 (VIOLATED)
_4391_/B1                               1.500000    2.124617   -0.624617 (VIOLATED)
ANTENNA__4385__A0/DIODE                 1.500000    2.124604   -0.624605 (VIOLATED)
_4385_/A0                               1.500000    2.124582   -0.624582 (VIOLATED)
_7916_/A                                1.500000    2.121131   -0.621131 (VIOLATED)
ANTENNA_217/DIODE                       1.500000    2.121111   -0.621111 (VIOLATED)
ANTENNA__7916__A/DIODE                  1.500000    2.121094   -0.621094 (VIOLATED)
ANTENNA_218/DIODE                       1.500000    2.121067   -0.621067 (VIOLATED)
ANTENNA_mprj.team_11_Wrapper.team_11_WB.instance_to_wrap_gpio_in[32]/DIODE    1.500000    2.115326   -0.615326 (VIOLATED)
mprj.team_11_Wrapper.team_11_WB.instance_to_wrap/gpio_in[32]    1.500000    2.115289   -0.615289 (VIOLATED)
mprj.team_06_Wrapper.team_06_WB.instance_to_wrap/gpio_in[13]    1.500000    2.114576   -0.614576 (VIOLATED)
ANTENNA_mprj.team_06_Wrapper.team_06_WB.instance_to_wrap_gpio_in[13]/DIODE    1.500000    2.112891   -0.612891 (VIOLATED)
mprj.team_06_Wrapper.team_06_WB.instance_to_wrap/gpio_in[3]    1.500000    2.104661   -0.604661 (VIOLATED)
ANTENNA_mprj.team_06_Wrapper.team_06_WB.instance_to_wrap_gpio_in[3]/DIODE    1.500000    2.104481   -0.604481 (VIOLATED)
load_slew786/A                          1.500000    2.103021   -0.603021 (VIOLATED)
ANTENNA_load_slew786_A/DIODE            1.500000    2.098217   -0.598217 (VIOLATED)
mprj.team_06_Wrapper.team_06_WB.instance_to_wrap/gpio_in[7]    1.500000    2.097509   -0.597509 (VIOLATED)
ANTENNA_mprj.team_06_Wrapper.team_06_WB.instance_to_wrap_gpio_in[7]/DIODE    1.500000    2.097480   -0.597480 (VIOLATED)
mprj.team_02_Wrapper.team_02_WB.instance_to_wrap/gpio_in[13]    1.500000    2.091777   -0.591777 (VIOLATED)
ANTENNA_mprj.team_02_Wrapper.team_02_WB.instance_to_wrap_gpio_in[13]/DIODE    1.500000    2.091773   -0.591773 (VIOLATED)
ANTENNA__6498__A/DIODE                  1.500000    2.080487   -0.580487 (VIOLATED)
_6498_/A                                1.500000    2.080484   -0.580484 (VIOLATED)
mprj.team_06_Wrapper.team_06_WB.instance_to_wrap/gpio_in[8]    1.500000    2.076429   -0.576429 (VIOLATED)
ANTENNA_mprj.team_06_Wrapper.team_06_WB.instance_to_wrap_gpio_in[8]/DIODE    1.500000    2.075009   -0.575009 (VIOLATED)
_4397_/A0                               1.500000    2.073665   -0.573665 (VIOLATED)
ANTENNA__4397__A0/DIODE                 1.500000    2.073661   -0.573661 (VIOLATED)
ANTENNA_16/DIODE                        1.500000    2.073617   -0.573618 (VIOLATED)
ANTENNA__4403__B1/DIODE                 1.500000    2.073587   -0.573587 (VIOLATED)
_4403_/B1                               1.500000    2.073564   -0.573564 (VIOLATED)
ANTENNA_mprj.team_06_Wrapper.team_06_WB.instance_to_wrap_gpio_in[21]/DIODE    1.500000    2.073548   -0.573548 (VIOLATED)
ANTENNA_17/DIODE                        1.500000    2.073455   -0.573455 (VIOLATED)
mprj.team_06_Wrapper.team_06_WB.instance_to_wrap/gpio_in[21]    1.500000    2.071688   -0.571688 (VIOLATED)
_4599_/A0                               1.500000    2.068820   -0.568820 (VIOLATED)
ANTENNA__4599__A0/DIODE                 1.500000    2.068809   -0.568809 (VIOLATED)
_4605_/A2                               1.500000    2.068799   -0.568799 (VIOLATED)
ANTENNA__4605__A2/DIODE                 1.500000    2.068798   -0.568798 (VIOLATED)
_4656_/A0                               1.500000    2.068326   -0.568326 (VIOLATED)
ANTENNA_34/DIODE                        1.500000    2.068319   -0.568319 (VIOLATED)
ANTENNA__4656__A0/DIODE                 1.500000    2.068308   -0.568308 (VIOLATED)
_4662_/B1                               1.500000    2.068278   -0.568278 (VIOLATED)
ANTENNA__4662__B1/DIODE                 1.500000    2.068241   -0.568241 (VIOLATED)
mprj.team_07_Wrapper.team_07_WB.instance_to_wrap/gpio_in[32]    1.500000    2.065070   -0.565070 (VIOLATED)
ANTENNA_mprj.team_07_Wrapper.team_07_WB.instance_to_wrap_gpio_in[32]/DIODE    1.500000    2.064996   -0.564996 (VIOLATED)
ANTENNA_mprj.team_01_Wrapper.team_01_WB.instance_to_wrap_ADR_O[10]/DIODE    1.500000    2.059722   -0.559722 (VIOLATED)
mprj.team_01_Wrapper.team_01_WB.instance_to_wrap/ADR_O[10]    1.500000    2.059699   -0.559699 (VIOLATED)
_4409_/A0                               1.500000    2.057106   -0.557106 (VIOLATED)
ANTENNA__4409__A0/DIODE                 1.500000    2.057090   -0.557090 (VIOLATED)
_4415_/B1                               1.500000    2.057062   -0.557062 (VIOLATED)
ANTENNA__4415__B1/DIODE                 1.500000    2.057059   -0.557059 (VIOLATED)
ANTENNA_mprj.team_02_Wrapper.team_02_WB.instance_to_wrap_gpio_in[3]/DIODE    1.500000    2.056755   -0.556755 (VIOLATED)
_4447_/A2                               1.500000    2.055059   -0.555060 (VIOLATED)
ANTENNA__4447__A2/DIODE                 1.500000    2.055055   -0.555055 (VIOLATED)
ANTENNA__4441__A0/DIODE                 1.500000    2.055052   -0.555052 (VIOLATED)
ANTENNA_18/DIODE                        1.500000    2.055048   -0.555048 (VIOLATED)
_4441_/A0                               1.500000    2.054964   -0.554964 (VIOLATED)
mprj.team_02_Wrapper.team_02_WB.instance_to_wrap/gpio_in[8]    1.500000    2.053645   -0.553645 (VIOLATED)
ANTENNA_mprj.team_02_Wrapper.team_02_WB.instance_to_wrap_gpio_in[8]/DIODE    1.500000    2.053410   -0.553410 (VIOLATED)
ANTENNA_mprj.team_01_Wrapper.team_01_WB.instance_to_wrap_DAT_O[12]/DIODE    1.500000    2.052023   -0.552024 (VIOLATED)
mprj.team_01_Wrapper.team_01_WB.instance_to_wrap/DAT_O[12]    1.500000    2.051978   -0.551978 (VIOLATED)
_4255_/A0                               1.500000    2.049824   -0.549824 (VIOLATED)
ANTENNA__4255__A0/DIODE                 1.500000    2.049801   -0.549801 (VIOLATED)
ANTENNA__4261__A2/DIODE                 1.500000    2.049776   -0.549776 (VIOLATED)
_4261_/A2                               1.500000    2.049747   -0.549747 (VIOLATED)
mprj.team_02_Wrapper.team_02_WB.instance_to_wrap/gpio_in[3]    1.500000    2.048151   -0.548151 (VIOLATED)
ANTENNA_mprj.team_01_Wrapper.team_01_WB.instance_to_wrap_ADR_O[27]/DIODE    1.500000    2.045358   -0.545358 (VIOLATED)
mprj.team_01_Wrapper.team_01_WB.instance_to_wrap/ADR_O[27]    1.500000    2.045253   -0.545253 (VIOLATED)
_4424_/A0                               1.500000    2.038486   -0.538485 (VIOLATED)
_4430_/A2                               1.500000    2.038452   -0.538452 (VIOLATED)
ANTENNA__4424__A0/DIODE                 1.500000    2.038437   -0.538437 (VIOLATED)
ANTENNA__4430__A2/DIODE                 1.500000    2.038426   -0.538426 (VIOLATED)
ANTENNA_mprj.team_05_Wrapper.team_05_WB.instance_to_wrap_gpio_in[13]/DIODE    1.500000    2.037137   -0.537137 (VIOLATED)
mprj.team_05_Wrapper.team_05_WB.instance_to_wrap/gpio_in[13]    1.500000    2.037098   -0.537098 (VIOLATED)
_7747_/A1                               1.500000    2.018607   -0.518607 (VIOLATED)
ANTENNA__7747__A1/DIODE                 1.500000    2.018601   -0.518601 (VIOLATED)
ANTENNA__4204__A0/DIODE                 1.500000    2.018315   -0.518315 (VIOLATED)
_4204_/A0                               1.500000    2.018314   -0.518314 (VIOLATED)
ANTENNA__4210__A2/DIODE                 1.500000    2.018307   -0.518307 (VIOLATED)
_4210_/A2                               1.500000    2.018302   -0.518302 (VIOLATED)
_8014_/A                                1.500000    2.017702   -0.517702 (VIOLATED)
ANTENNA__8014__A/DIODE                  1.500000    2.017686   -0.517686 (VIOLATED)
mprj.team_12_Wrapper.team_12_WB.instance_to_wrap/clk    1.500000    2.016083   -0.516083 (VIOLATED)
ANTENNA_mprj.team_12_Wrapper.team_12_WB.instance_to_wrap_clk/DIODE    1.500000    2.015692   -0.515692 (VIOLATED)
ANTENNA_mprj.team_01_Wrapper.team_01_WB.instance_to_wrap_ADR_O[30]/DIODE    1.500000    2.012715   -0.512715 (VIOLATED)
mprj.team_01_Wrapper.team_01_WB.instance_to_wrap/ADR_O[30]    1.500000    2.012715   -0.512715 (VIOLATED)
ANTENNA_mprj.team_09_Wrapper.team_09_WB.instance_to_wrap_gpio_in[5]/DIODE    1.500000    2.012480   -0.512480 (VIOLATED)
mprj.team_09_Wrapper.team_09_WB.instance_to_wrap/gpio_in[5]    1.500000    2.012473   -0.512473 (VIOLATED)
ANTENNA_mprj.team_05_Wrapper.team_05_WB.instance_to_wrap_gpio_in[3]/DIODE    1.500000    2.004501   -0.504501 (VIOLATED)
mprj.team_05_Wrapper.team_05_WB.instance_to_wrap/gpio_in[3]    1.500000    2.004430   -0.504430 (VIOLATED)
ANTENNA_mprj.team_05_Wrapper.team_05_WB.instance_to_wrap_gpio_in[8]/DIODE    1.500000    2.003399   -0.503399 (VIOLATED)
mprj.team_05_Wrapper.team_05_WB.instance_to_wrap/gpio_in[8]    1.500000    2.003296   -0.503297 (VIOLATED)
ANTENNA_mprj.team_05_Wrapper.team_05_WB.instance_to_wrap_gpio_out[1]/DIODE    1.500000    2.001338   -0.501338 (VIOLATED)
mprj.team_05_Wrapper.team_05_WB.instance_to_wrap/gpio_out[1]    1.500000    2.001338   -0.501338 (VIOLATED)
ANTENNA__4372__A0/DIODE                 1.500000    1.995556   -0.495556 (VIOLATED)
_4372_/A0                               1.500000    1.995538   -0.495538 (VIOLATED)
_4378_/A2                               1.500000    1.995457   -0.495457 (VIOLATED)
ANTENNA__4378__A2/DIODE                 1.500000    1.995377   -0.495377 (VIOLATED)
ANTENNA__4476__B1/DIODE                 1.500000    1.990372   -0.490372 (VIOLATED)
_4476_/B1                               1.500000    1.990370   -0.490370 (VIOLATED)
ANTENNA__4470__A0/DIODE                 1.500000    1.990365   -0.490365 (VIOLATED)
_4470_/A0                               1.500000    1.990356   -0.490356 (VIOLATED)
ANTENNA_mprj.team_01_Wrapper.team_01_WB.instance_to_wrap_ADR_O[0]/DIODE    1.500000    1.984671   -0.484671 (VIOLATED)
mprj.team_01_Wrapper.team_01_WB.instance_to_wrap/ADR_O[0]    1.500000    1.984671   -0.484671 (VIOLATED)
mprj.team_06_Wrapper.team_06_WB.instance_to_wrap/nrst    1.500000    1.983330   -0.483330 (VIOLATED)
ANTENNA_mprj.team_06_Wrapper.team_06_WB.instance_to_wrap_nrst/DIODE    1.500000    1.983316   -0.483316 (VIOLATED)
ANTENNA__4367__A2/DIODE                 1.500000    1.979821   -0.479822 (VIOLATED)
_4367_/A2                               1.500000    1.979810   -0.479810 (VIOLATED)
ANTENNA__4361__A0/DIODE                 1.500000    1.979778   -0.479778 (VIOLATED)
_4361_/A0                               1.500000    1.979735   -0.479735 (VIOLATED)
ANTENNA_mprj.team_02_Wrapper.team_02_WB.instance_to_wrap_gpio_in[7]/DIODE    1.500000    1.975283   -0.475283 (VIOLATED)
ANTENNA_mprj.team_01_Wrapper.team_01_WB.instance_to_wrap_DAT_O[18]/DIODE    1.500000    1.974604   -0.474605 (VIOLATED)
mprj.team_01_Wrapper.team_01_WB.instance_to_wrap/DAT_O[18]    1.500000    1.974604   -0.474605 (VIOLATED)
ANTENNA_813/DIODE                       1.500000    1.972943   -0.472943 (VIOLATED)
ANTENNA_812/DIODE                       1.500000    1.970103   -0.470103 (VIOLATED)
mprj.team_02_Wrapper.team_02_WB.instance_to_wrap/gpio_in[7]    1.500000    1.969757   -0.469757 (VIOLATED)
ANTENNA_mprj.team_10_Wrapper.team_10_WB.instance_to_wrap_gpio_in[32]/DIODE    1.500000    1.967007   -0.467007 (VIOLATED)
_7981_/A                                1.500000    1.964869   -0.464869 (VIOLATED)
ANTENNA__7981__A/DIODE                  1.500000    1.964854   -0.464854 (VIOLATED)
ANTENNA_mprj.team_05_Wrapper.team_05_WB.instance_to_wrap_gpio_in[22]/DIODE    1.500000    1.961910   -0.461910 (VIOLATED)
mprj.team_05_Wrapper.team_05_WB.instance_to_wrap/gpio_in[22]    1.500000    1.961900   -0.461901 (VIOLATED)
mprj.team_10_Wrapper.team_10_WB.instance_to_wrap/gpio_in[32]    1.500000    1.958108   -0.458108 (VIOLATED)
ANTENNA_mprj.team_01_Wrapper.team_01_WB.instance_to_wrap_ADR_O[21]/DIODE    1.500000    1.956403   -0.456404 (VIOLATED)
mprj.team_01_Wrapper.team_01_WB.instance_to_wrap/ADR_O[21]    1.500000    1.956380   -0.456380 (VIOLATED)
ANTENNA_mprj.team_05_Wrapper.team_05_WB.instance_to_wrap_gpio_in[7]/DIODE    1.500000    1.956074   -0.456074 (VIOLATED)
mprj.team_05_Wrapper.team_05_WB.instance_to_wrap/gpio_in[7]    1.500000    1.955994   -0.455994 (VIOLATED)
ANTENNA_mprj.team_01_Wrapper.team_01_WB.instance_to_wrap_ADR_O[26]/DIODE    1.500000    1.955654   -0.455654 (VIOLATED)
mprj.team_01_Wrapper.team_01_WB.instance_to_wrap/ADR_O[26]    1.500000    1.955639   -0.455640 (VIOLATED)
ANTENNA__7912__A/DIODE                  1.500000    1.955022   -0.455022 (VIOLATED)
_7912_/A                                1.500000    1.954977   -0.454977 (VIOLATED)
mprj.team_12_Wrapper.team_12_WB.instance_to_wrap/gpio_in[5]    1.500000    1.946421   -0.446421 (VIOLATED)
ANTENNA_mprj.team_12_Wrapper.team_12_WB.instance_to_wrap_gpio_in[5]/DIODE    1.500000    1.946401   -0.446401 (VIOLATED)
_7970_/B2                               1.500000    1.945287   -0.445287 (VIOLATED)
ANTENNA__7970__B2/DIODE                 1.500000    1.945285   -0.445285 (VIOLATED)
mprj.team_01_Wrapper.team_01_WB.instance_to_wrap/gpio_in[27]    1.500000    1.944944   -0.444944 (VIOLATED)
ANTENNA_mprj.team_01_Wrapper.team_01_WB.instance_to_wrap_gpio_in[27]/DIODE    1.500000    1.944903   -0.444903 (VIOLATED)
ANTENNA_mprj.team_03_Wrapper.team_03_WB.instance_to_wrap_gpio_in[27]/DIODE    1.500000    1.940702   -0.440702 (VIOLATED)
mprj.team_03_Wrapper.team_03_WB.instance_to_wrap/gpio_in[27]    1.500000    1.940546   -0.440547 (VIOLATED)
ANTENNA_mprj.team_01_Wrapper.team_01_WB.instance_to_wrap_DAT_O[8]/DIODE    1.500000    1.936278   -0.436278 (VIOLATED)
mprj.team_01_Wrapper.team_01_WB.instance_to_wrap/DAT_O[8]    1.500000    1.936246   -0.436246 (VIOLATED)
mprj.team_04_Wrapper.team_04_WB.instance_to_wrap/gpio_in[8]    1.500000    1.934287   -0.434287 (VIOLATED)
ANTENNA_mprj.team_04_Wrapper.team_04_WB.instance_to_wrap_gpio_in[8]/DIODE    1.500000    1.934009   -0.434009 (VIOLATED)
ANTENNA_mprj.team_05_Wrapper.team_05_WB.instance_to_wrap_gpio_in[24]/DIODE    1.500000    1.932812   -0.432812 (VIOLATED)
mprj.team_05_Wrapper.team_05_WB.instance_to_wrap/gpio_in[24]    1.500000    1.932802   -0.432802 (VIOLATED)
ANTENNA_mprj.team_05_Wrapper.team_05_WB.instance_to_wrap_gpio_out[6]/DIODE    1.500000    1.931163   -0.431163 (VIOLATED)
mprj.team_05_Wrapper.team_05_WB.instance_to_wrap/gpio_out[6]    1.500000    1.931163   -0.431163 (VIOLATED)
ANTENNA__4356__A2/DIODE                 1.500000    1.925914   -0.425914 (VIOLATED)
_4356_/A2                               1.500000    1.925897   -0.425897 (VIOLATED)
ANTENNA__4350__A0/DIODE                 1.500000    1.925859   -0.425859 (VIOLATED)
_4350_/A0                               1.500000    1.925841   -0.425841 (VIOLATED)
ANTENNA__4433__A0/DIODE                 1.500000    1.923817   -0.423817 (VIOLATED)
_4433_/A0                               1.500000    1.923798   -0.423798 (VIOLATED)
ANTENNA__4439__A2/DIODE                 1.500000    1.923735   -0.423735 (VIOLATED)
_4439_/A2                               1.500000    1.923690   -0.423690 (VIOLATED)
ANTENNA__4387__A1/DIODE                 1.500000    1.919842   -0.419842 (VIOLATED)
_4387_/A1                               1.500000    1.919836   -0.419836 (VIOLATED)
_6247_/A1                               1.500000    1.919626   -0.419626 (VIOLATED)
ANTENNA__6247__A1/DIODE                 1.500000    1.919620   -0.419620 (VIOLATED)
ANTENNA_mprj.team_01_Wrapper.team_01_WB.instance_to_wrap_ADR_O[9]/DIODE    1.500000    1.919600   -0.419600 (VIOLATED)
mprj.team_01_Wrapper.team_01_WB.instance_to_wrap/ADR_O[9]    1.500000    1.919570   -0.419570 (VIOLATED)
_4394_/A2                               1.500000    1.919538   -0.419538 (VIOLATED)
ANTENNA__4394__A2/DIODE                 1.500000    1.919491   -0.419491 (VIOLATED)
ANTENNA_mprj.team_10_Wrapper.team_10_WB.instance_to_wrap_gpio_in[18]/DIODE    1.500000    1.918438   -0.418438 (VIOLATED)
ANTENNA_mprj.team_02_Wrapper.team_02_WB.instance_to_wrap_gpio_in[24]/DIODE    1.500000    1.916473   -0.416473 (VIOLATED)
mprj.team_02_Wrapper.team_02_WB.instance_to_wrap/gpio_in[24]    1.500000    1.916265   -0.416265 (VIOLATED)
_4339_/A0                               1.500000    1.913427   -0.413427 (VIOLATED)
ANTENNA__4339__A0/DIODE                 1.500000    1.913414   -0.413414 (VIOLATED)
_4345_/A2                               1.500000    1.913397   -0.413397 (VIOLATED)
ANTENNA__4345__A2/DIODE                 1.500000    1.913356   -0.413356 (VIOLATED)
ANTENNA__5090__A0/DIODE                 1.500000    1.912065   -0.412065 (VIOLATED)
_5090_/A0                               1.500000    1.912062   -0.412062 (VIOLATED)
_5096_/B1                               1.500000    1.912043   -0.412044 (VIOLATED)
ANTENNA__5096__B1/DIODE                 1.500000    1.912035   -0.412036 (VIOLATED)
mprj.team_10_Wrapper.team_10_WB.instance_to_wrap/gpio_in[18]    1.500000    1.909343   -0.409343 (VIOLATED)
mprj.team_01_Wrapper.team_01_WB.instance_to_wrap/gpio_in[28]    1.500000    1.908351   -0.408351 (VIOLATED)
ANTENNA_mprj.team_01_Wrapper.team_01_WB.instance_to_wrap_gpio_in[28]/DIODE    1.500000    1.908325   -0.408325 (VIOLATED)
ANTENNA_mprj.team_01_Wrapper.team_01_WB.instance_to_wrap_DAT_O[14]/DIODE    1.500000    1.905642   -0.405642 (VIOLATED)
mprj.team_01_Wrapper.team_01_WB.instance_to_wrap/DAT_O[14]    1.500000    1.905642   -0.405642 (VIOLATED)
ANTENNA_mprj.team_06_Wrapper.team_06_WB.instance_to_wrap_gpio_in[24]/DIODE    1.500000    1.897562   -0.397562 (VIOLATED)
mprj.team_06_Wrapper.team_06_WB.instance_to_wrap/gpio_in[24]    1.500000    1.897313   -0.397314 (VIOLATED)
ANTENNA_mprj.team_02_Wrapper.team_02_WB.instance_to_wrap_gpio_out[13]/DIODE    1.500000    1.894009   -0.394009 (VIOLATED)
mprj.team_02_Wrapper.team_02_WB.instance_to_wrap/gpio_out[13]    1.500000    1.894009   -0.394009 (VIOLATED)
ANTENNA_mprj.team_01_Wrapper.team_01_WB.instance_to_wrap_ADR_O[15]/DIODE    1.500000    1.893060   -0.393060 (VIOLATED)
mprj.team_01_Wrapper.team_01_WB.instance_to_wrap/ADR_O[15]    1.500000    1.893057   -0.393057 (VIOLATED)
ANTENNA__4634__A2/DIODE                 1.500000    1.892701   -0.392701 (VIOLATED)
ANTENNA__4628__A0/DIODE                 1.500000    1.892698   -0.392698 (VIOLATED)
_4628_/A0                               1.500000    1.892658   -0.392658 (VIOLATED)
_4634_/A2                               1.500000    1.892639   -0.392639 (VIOLATED)
ANTENNA__4302__A0/DIODE                 1.500000    1.892483   -0.392483 (VIOLATED)
_4302_/A0                               1.500000    1.892479   -0.392479 (VIOLATED)
_4308_/A2                               1.500000    1.892374   -0.392374 (VIOLATED)
ANTENNA__4308__A2/DIODE                 1.500000    1.892236   -0.392236 (VIOLATED)
ANTENNA_mprj.team_02_Wrapper.team_02_WB.instance_to_wrap_gpio_in[22]/DIODE    1.500000    1.891113   -0.391113 (VIOLATED)
mprj.team_02_Wrapper.team_02_WB.instance_to_wrap/gpio_in[22]    1.500000    1.889713   -0.389713 (VIOLATED)
ANTENNA_mprj.team_01_Wrapper.team_01_WB.instance_to_wrap_ADR_O[11]/DIODE    1.500000    1.885258   -0.385258 (VIOLATED)
mprj.team_01_Wrapper.team_01_WB.instance_to_wrap/ADR_O[11]    1.500000    1.885243   -0.385243 (VIOLATED)
ANTENNA_mprj.team_05_Wrapper.team_05_WB.instance_to_wrap_gpio_out[9]/DIODE    1.500000    1.885212   -0.385212 (VIOLATED)
mprj.team_05_Wrapper.team_05_WB.instance_to_wrap/gpio_out[9]    1.500000    1.885212   -0.385212 (VIOLATED)
mprj.team_10_Wrapper.team_10_WB.instance_to_wrap/gpio_in[33]    1.500000    1.883568   -0.383568 (VIOLATED)
ANTENNA_mprj.team_10_Wrapper.team_10_WB.instance_to_wrap_gpio_in[33]/DIODE    1.500000    1.883553   -0.383553 (VIOLATED)
_4152_/A0                               1.500000    1.883377   -0.383377 (VIOLATED)
_4158_/A2                               1.500000    1.883372   -0.383372 (VIOLATED)
ANTENNA__4152__A0/DIODE                 1.500000    1.883365   -0.383365 (VIOLATED)
ANTENNA__4158__A2/DIODE                 1.500000    1.883360   -0.383360 (VIOLATED)
_7935_/A                                1.500000    1.883332   -0.383332 (VIOLATED)
ANTENNA__7935__A/DIODE                  1.500000    1.883314   -0.383314 (VIOLATED)
_6396_/B2                               1.500000    1.881805   -0.381805 (VIOLATED)
ANTENNA__6396__B2/DIODE                 1.500000    1.881788   -0.381788 (VIOLATED)
ANTENNA_263/DIODE                       1.500000    1.881780   -0.381780 (VIOLATED)
ANTENNA_262/DIODE                       1.500000    1.881764   -0.381764 (VIOLATED)
ANTENNA_265/DIODE                       1.500000    1.881725   -0.381725 (VIOLATED)
ANTENNA_264/DIODE                       1.500000    1.881698   -0.381698 (VIOLATED)
_4686_/A0                               1.500000    1.878527   -0.378527 (VIOLATED)
ANTENNA__4686__A0/DIODE                 1.500000    1.878520   -0.378520 (VIOLATED)
_4692_/A2                               1.500000    1.878474   -0.378474 (VIOLATED)
ANTENNA__4692__A2/DIODE                 1.500000    1.878419   -0.378419 (VIOLATED)
_4231_/A0                               1.500000    1.875571   -0.375571 (VIOLATED)
ANTENNA__4231__A0/DIODE                 1.500000    1.875561   -0.375561 (VIOLATED)
ANTENNA__4237__A2/DIODE                 1.500000    1.875536   -0.375537 (VIOLATED)
_4237_/A2                               1.500000    1.875523   -0.375523 (VIOLATED)
ANTENNA_mprj.team_01_Wrapper.team_01_WB.instance_to_wrap_ADR_O[16]/DIODE    1.500000    1.875138   -0.375138 (VIOLATED)
mprj.team_01_Wrapper.team_01_WB.instance_to_wrap/ADR_O[16]    1.500000    1.875138   -0.375138 (VIOLATED)
mprj.team_09_Wrapper.team_09_WB.instance_to_wrap/clk    1.500000    1.870793   -0.370793 (VIOLATED)
ANTENNA_mprj.team_09_Wrapper.team_09_WB.instance_to_wrap_clk/DIODE    1.500000    1.870745   -0.370745 (VIOLATED)
ANTENNA_mprj.team_05_Wrapper.team_05_WB.instance_to_wrap_gpio_in[19]/DIODE    1.500000    1.865482   -0.365482 (VIOLATED)
mprj.team_05_Wrapper.team_05_WB.instance_to_wrap/gpio_in[19]    1.500000    1.865472   -0.365472 (VIOLATED)
mprj.team_07_Wrapper.team_07_WB.instance_to_wrap/gpio_in[33]    1.500000    1.864432   -0.364432 (VIOLATED)
mprj.team_08_Wrapper.team_08_WB.instance_to_wrap/gpio_in[14]    1.500000    1.864045   -0.364045 (VIOLATED)
ANTENNA_mprj.team_08_Wrapper.team_08_WB.instance_to_wrap_gpio_in[14]/DIODE    1.500000    1.864040   -0.364040 (VIOLATED)
ANTENNA_mprj.team_07_Wrapper.team_07_WB.instance_to_wrap_gpio_in[33]/DIODE    1.500000    1.863042   -0.363042 (VIOLATED)
_4333_/A2                               1.500000    1.861829   -0.361829 (VIOLATED)
ANTENNA__4327__A0/DIODE                 1.500000    1.861817   -0.361817 (VIOLATED)
_4327_/A0                               1.500000    1.861817   -0.361817 (VIOLATED)
ANTENNA__4333__A2/DIODE                 1.500000    1.861795   -0.361795 (VIOLATED)
ANTENNA_mprj.team_08_Wrapper.team_08_WB.instance_to_wrap_gpio_out[20]/DIODE    1.500000    1.861789   -0.361789 (VIOLATED)
mprj.team_08_Wrapper.team_08_WB.instance_to_wrap/gpio_out[20]    1.500000    1.861754   -0.361754 (VIOLATED)
ANTENNA_mprj.team_01_Wrapper.team_01_WB.instance_to_wrap_ADR_O[20]/DIODE    1.500000    1.859795   -0.359795 (VIOLATED)
mprj.team_01_Wrapper.team_01_WB.instance_to_wrap/ADR_O[20]    1.500000    1.859795   -0.359795 (VIOLATED)
_4457_/A2                               1.500000    1.858957   -0.358957 (VIOLATED)
ANTENNA__4457__A2/DIODE                 1.500000    1.858956   -0.358956 (VIOLATED)
ANTENNA__4451__A0/DIODE                 1.500000    1.858917   -0.358917 (VIOLATED)
_4451_/A0                               1.500000    1.858848   -0.358849 (VIOLATED)
ANTENNA__4164__A0/DIODE                 1.500000    1.856406   -0.356406 (VIOLATED)
_4164_/A0                               1.500000    1.856406   -0.356406 (VIOLATED)
ANTENNA__4170__A2/DIODE                 1.500000    1.856386   -0.356386 (VIOLATED)
_4170_/A2                               1.500000    1.856356   -0.356356 (VIOLATED)
ANTENNA__4482__A0/DIODE                 1.500000    1.853069   -0.353069 (VIOLATED)
_4482_/A0                               1.500000    1.853068   -0.353068 (VIOLATED)
ANTENNA__4488__A2/DIODE                 1.500000    1.853013   -0.353013 (VIOLATED)
_4488_/A2                               1.500000    1.852990   -0.352990 (VIOLATED)
ANTENNA_mprj.team_01_Wrapper.team_01_WB.instance_to_wrap_ADR_O[18]/DIODE    1.500000    1.850008   -0.350008 (VIOLATED)
mprj.team_01_Wrapper.team_01_WB.instance_to_wrap/ADR_O[18]    1.500000    1.850008   -0.350008 (VIOLATED)
ANTENNA__4897__B1/DIODE                 1.500000    1.846504   -0.346505 (VIOLATED)
_4897_/B1                               1.500000    1.846504   -0.346504 (VIOLATED)
ANTENNA__4891__A0/DIODE                 1.500000    1.846494   -0.346494 (VIOLATED)
_4891_/A0                               1.500000    1.846482   -0.346482 (VIOLATED)
ANTENNA_mprj.team_01_Wrapper.team_01_WB.instance_to_wrap_ADR_O[14]/DIODE    1.500000    1.844845   -0.344845 (VIOLATED)
mprj.team_01_Wrapper.team_01_WB.instance_to_wrap/ADR_O[14]    1.500000    1.844822   -0.344822 (VIOLATED)
ANTENNA_mprj.team_01_Wrapper.team_01_WB.instance_to_wrap_DAT_O[28]/DIODE    1.500000    1.841285   -0.341285 (VIOLATED)
mprj.team_01_Wrapper.team_01_WB.instance_to_wrap/DAT_O[28]    1.500000    1.841285   -0.341285 (VIOLATED)
_4546_/A0                               1.500000    1.841017   -0.341017 (VIOLATED)
ANTENNA__4546__A0/DIODE                 1.500000    1.841000   -0.341000 (VIOLATED)
_4552_/A2                               1.500000    1.840949   -0.340949 (VIOLATED)
ANTENNA__4552__A2/DIODE                 1.500000    1.840859   -0.340859 (VIOLATED)
mprj.team_03_Wrapper.team_03_WB.instance_to_wrap/gpio_in[28]    1.500000    1.840480   -0.340480 (VIOLATED)
_4554_/A2                               1.500000    1.840371   -0.340371 (VIOLATED)
ANTENNA__4554__A2/DIODE                 1.500000    1.840339   -0.340339 (VIOLATED)
_4548_/A1                               1.500000    1.840315   -0.340315 (VIOLATED)
ANTENNA__4548__A1/DIODE                 1.500000    1.840252   -0.340252 (VIOLATED)
ANTENNA_mprj.team_03_Wrapper.team_03_WB.instance_to_wrap_gpio_in[28]/DIODE    1.500000    1.840218   -0.340218 (VIOLATED)
_4534_/A2                               1.500000    1.835871   -0.335871 (VIOLATED)
_4500_/B1                               1.500000    1.835869   -0.335869 (VIOLATED)
ANTENNA__4500__B1/DIODE                 1.500000    1.835859   -0.335859 (VIOLATED)
ANTENNA__4534__A2/DIODE                 1.500000    1.835857   -0.335857 (VIOLATED)
ANTENNA__4494__A0/DIODE                 1.500000    1.835846   -0.335846 (VIOLATED)
ANTENNA__4528__A0/DIODE                 1.500000    1.835824   -0.335824 (VIOLATED)
_4494_/A0                               1.500000    1.835805   -0.335805 (VIOLATED)
_4528_/A0                               1.500000    1.835749   -0.335749 (VIOLATED)
ANTENNA_mprj.team_03_Wrapper.team_03_WB.instance_to_wrap_ADR_O[10]/DIODE    1.500000    1.835700   -0.335700 (VIOLATED)
mprj.team_03_Wrapper.team_03_WB.instance_to_wrap/ADR_O[10]    1.500000    1.835700   -0.335700 (VIOLATED)
ANTENNA_mprj.team_08_Wrapper.team_08_WB.instance_to_wrap_gpio_in[24]/DIODE    1.500000    1.829778   -0.329778 (VIOLATED)
mprj.team_11_Wrapper.team_11_WB.instance_to_wrap/gpio_in[33]    1.500000    1.829105   -0.329105 (VIOLATED)
ANTENNA_mprj.team_11_Wrapper.team_11_WB.instance_to_wrap_gpio_in[33]/DIODE    1.500000    1.829077   -0.329077 (VIOLATED)
ANTENNA_379/DIODE                       1.500000    1.824801   -0.324801 (VIOLATED)
ANTENNA_378/DIODE                       1.500000    1.824793   -0.324793 (VIOLATED)
ANTENNA_377/DIODE                       1.500000    1.824784   -0.324784 (VIOLATED)
ANTENNA__7886__A1/DIODE                 1.500000    1.824720   -0.324720 (VIOLATED)
_7886_/A1                               1.500000    1.824718   -0.324718 (VIOLATED)
mprj.team_08_Wrapper.team_08_WB.instance_to_wrap/gpio_in[24]    1.500000    1.823485   -0.323485 (VIOLATED)
ANTENNA__4154__A1/DIODE                 1.500000    1.821697   -0.321697 (VIOLATED)
_4154_/A1                               1.500000    1.821696   -0.321696 (VIOLATED)
ANTENNA__4160__A2/DIODE                 1.500000    1.821681   -0.321681 (VIOLATED)
_4160_/A2                               1.500000    1.821671   -0.321671 (VIOLATED)
ANTENNA_mprj.team_01_Wrapper.team_01_WB.instance_to_wrap_ADR_O[13]/DIODE    1.500000    1.819391   -0.319391 (VIOLATED)
mprj.team_01_Wrapper.team_01_WB.instance_to_wrap/ADR_O[13]    1.500000    1.819375   -0.319375 (VIOLATED)
_7953_/A1                               1.500000    1.817766   -0.317766 (VIOLATED)
ANTENNA__7953__A1/DIODE                 1.500000    1.817751   -0.317751 (VIOLATED)
_8132_/A                                1.500000    1.816150   -0.316150 (VIOLATED)
ANTENNA__8132__A/DIODE                  1.500000    1.816134   -0.316134 (VIOLATED)
ANTENNA_mprj.team_11_Wrapper.team_11_WB.instance_to_wrap_gpio_in[27]/DIODE    1.500000    1.808344   -0.308344 (VIOLATED)
mprj.team_11_Wrapper.team_11_WB.instance_to_wrap/gpio_in[27]    1.500000    1.808182   -0.308182 (VIOLATED)
ANTENNA__7556__A/DIODE                  1.500000    1.807142   -0.307142 (VIOLATED)
_7556_/A                                1.500000    1.807133   -0.307133 (VIOLATED)
_7531_/A                                1.500000    1.807128   -0.307128 (VIOLATED)
ANTENNA__7531__A/DIODE                  1.500000    1.807113   -0.307113 (VIOLATED)
_7555_/A                                1.500000    1.807077   -0.307077 (VIOLATED)
ANTENNA__7555__A/DIODE                  1.500000    1.807073   -0.307073 (VIOLATED)
_7558_/A                                1.500000    1.807052   -0.307052 (VIOLATED)
ANTENNA__7558__A/DIODE                  1.500000    1.807045   -0.307045 (VIOLATED)
ANTENNA_mprj.team_01_Wrapper.team_01_WB.instance_to_wrap_ADR_O[2]/DIODE    1.500000    1.804928   -0.304928 (VIOLATED)
mprj.team_01_Wrapper.team_01_WB.instance_to_wrap/ADR_O[2]    1.500000    1.804925   -0.304925 (VIOLATED)
ANTENNA__4778__A1/DIODE                 1.500000    1.804082   -0.304082 (VIOLATED)
_4778_/A1                               1.500000    1.804072   -0.304072 (VIOLATED)
ANTENNA__4784__A2/DIODE                 1.500000    1.804032   -0.304032 (VIOLATED)
_4784_/A2                               1.500000    1.804018   -0.304018 (VIOLATED)
ANTENNA_mprj.team_06_Wrapper.team_06_WB.instance_to_wrap_gpio_oeb[8]/DIODE    1.500000    1.800817   -0.300817 (VIOLATED)
mprj.team_06_Wrapper.team_06_WB.instance_to_wrap/gpio_oeb[8]    1.500000    1.800807   -0.300807 (VIOLATED)
ANTENNA_mprj.team_03_Wrapper.team_03_WB.instance_to_wrap_ADR_O[16]/DIODE    1.500000    1.799465   -0.299465 (VIOLATED)
mprj.team_03_Wrapper.team_03_WB.instance_to_wrap/ADR_O[16]    1.500000    1.799465   -0.299465 (VIOLATED)
hold218/X                               1.499524    1.798687   -0.299163 (VIOLATED)
ANTENNA_fanout586_A/DIODE               1.500000    1.798838   -0.298838 (VIOLATED)
fanout586/A                             1.500000    1.798838   -0.298838 (VIOLATED)
ANTENNA_fanout585_A/DIODE               1.500000    1.798691   -0.298691 (VIOLATED)
ANTENNA_hold218_X/DIODE                 1.500000    1.798691   -0.298691 (VIOLATED)
fanout585/A                             1.500000    1.798687   -0.298687 (VIOLATED)
ANTENNA_mprj.team_02_Wrapper.team_02_WB.instance_to_wrap_gpio_in[19]/DIODE    1.500000    1.796347   -0.296347 (VIOLATED)
ANTENNA_mprj.team_01_Wrapper.team_01_WB.instance_to_wrap_ADR_O[23]/DIODE    1.500000    1.796273   -0.296273 (VIOLATED)
mprj.team_01_Wrapper.team_01_WB.instance_to_wrap/ADR_O[23]    1.500000    1.796236   -0.296236 (VIOLATED)
mprj.team_02_Wrapper.team_02_WB.instance_to_wrap/gpio_in[19]    1.500000    1.795799   -0.295799 (VIOLATED)
ANTENNA_mprj.team_01_Wrapper.team_01_WB.instance_to_wrap_ADR_O[25]/DIODE    1.500000    1.794339   -0.294339 (VIOLATED)
mprj.team_01_Wrapper.team_01_WB.instance_to_wrap/ADR_O[25]    1.500000    1.794316   -0.294316 (VIOLATED)
mprj.team_06_Wrapper.team_06_WB.instance_to_wrap/gpio_in[22]    1.500000    1.793989   -0.293989 (VIOLATED)
_4730_/A0                               1.500000    1.793938   -0.293938 (VIOLATED)
ANTENNA__4730__A0/DIODE                 1.500000    1.793930   -0.293930 (VIOLATED)
_4736_/A2                               1.500000    1.793862   -0.293862 (VIOLATED)
ANTENNA__4736__A2/DIODE                 1.500000    1.793792   -0.293792 (VIOLATED)
ANTENNA_mprj.team_06_Wrapper.team_06_WB.instance_to_wrap_gpio_in[22]/DIODE    1.500000    1.793403   -0.293403 (VIOLATED)
ANTENNA_mprj.team_01_Wrapper.team_01_WB.instance_to_wrap_ADR_O[8]/DIODE    1.500000    1.793165   -0.293165 (VIOLATED)
mprj.team_01_Wrapper.team_01_WB.instance_to_wrap/ADR_O[8]    1.500000    1.793163   -0.293163 (VIOLATED)
ANTENNA_mprj.team_01_Wrapper.team_01_WB.instance_to_wrap_ADR_O[12]/DIODE    1.500000    1.793131   -0.293131 (VIOLATED)
mprj.team_01_Wrapper.team_01_WB.instance_to_wrap/ADR_O[12]    1.500000    1.793115   -0.293115 (VIOLATED)
ANTENNA_mprj.team_01_Wrapper.team_01_WB.instance_to_wrap_ADR_O[22]/DIODE    1.500000    1.792729   -0.292729 (VIOLATED)
mprj.team_01_Wrapper.team_01_WB.instance_to_wrap/ADR_O[22]    1.500000    1.792727   -0.292727 (VIOLATED)
_6252_/B2                               1.500000    1.792464   -0.292464 (VIOLATED)
ANTENNA__6252__B2/DIODE                 1.500000    1.792442   -0.292442 (VIOLATED)
_4273_/A1                               1.500000    1.785710   -0.285710 (VIOLATED)
ANTENNA__4273__A1/DIODE                 1.500000    1.785700   -0.285700 (VIOLATED)
_4295_/B                                1.500000    1.785496   -0.285496 (VIOLATED)
ANTENNA__4295__B/DIODE                  1.500000    1.785448   -0.285448 (VIOLATED)
_4288_/C                                1.500000    1.785215   -0.285215 (VIOLATED)
ANTENNA__4288__C/DIODE                  1.500000    1.785149   -0.285149 (VIOLATED)
mprj.team_04_Wrapper.team_04_WB.instance_to_wrap/gpio_in[28]    1.500000    1.784422   -0.284422 (VIOLATED)
ANTENNA_mprj.team_04_Wrapper.team_04_WB.instance_to_wrap_gpio_in[28]/DIODE    1.500000    1.784378   -0.284378 (VIOLATED)
_8120_/A                                1.500000    1.782058   -0.282058 (VIOLATED)
ANTENNA__8120__A/DIODE                  1.500000    1.782057   -0.282057 (VIOLATED)
ANTENNA_mprj.team_05_Wrapper.team_05_WB.instance_to_wrap_gpio_out[8]/DIODE    1.500000    1.778935   -0.278935 (VIOLATED)
mprj.team_05_Wrapper.team_05_WB.instance_to_wrap/gpio_out[8]    1.500000    1.778935   -0.278935 (VIOLATED)
ANTENNA__4991__A0/DIODE                 1.500000    1.778930   -0.278930 (VIOLATED)
_4991_/A0                               1.500000    1.778923   -0.278923 (VIOLATED)
_4997_/A2                               1.500000    1.778858   -0.278859 (VIOLATED)
ANTENNA__4997__A2/DIODE                 1.500000    1.778787   -0.278787 (VIOLATED)
mprj.team_07_Wrapper.team_07_WB.instance_to_wrap/gpio_in[27]    1.500000    1.775105   -0.275105 (VIOLATED)
ANTENNA_mprj.team_07_Wrapper.team_07_WB.instance_to_wrap_gpio_in[27]/DIODE    1.500000    1.775043   -0.275044 (VIOLATED)
_4968_/A2                               1.500000    1.772816   -0.272816 (VIOLATED)
ANTENNA__4968__A2/DIODE                 1.500000    1.772784   -0.272784 (VIOLATED)
ANTENNA__4962__A0/DIODE                 1.500000    1.772721   -0.272721 (VIOLATED)
_4962_/A0                               1.500000    1.772657   -0.272657 (VIOLATED)
mprj.team_08_Wrapper.team_08_WB.instance_to_wrap/gpio_in[6]    1.500000    1.772507   -0.272507 (VIOLATED)
ANTENNA_mprj.team_08_Wrapper.team_08_WB.instance_to_wrap_gpio_in[6]/DIODE    1.500000    1.772489   -0.272489 (VIOLATED)
ANTENNA_mprj.team_06_Wrapper.team_06_WB.instance_to_wrap_gpio_in[14]/DIODE    1.500000    1.770111   -0.270111 (VIOLATED)
mprj.team_06_Wrapper.team_06_WB.instance_to_wrap/gpio_in[14]    1.500000    1.769394   -0.269394 (VIOLATED)
ANTENNA_mprj.team_06_Wrapper.team_06_WB.instance_to_wrap_gpio_out[6]/DIODE    1.500000    1.767373   -0.267373 (VIOLATED)
mprj.team_06_Wrapper.team_06_WB.instance_to_wrap/gpio_out[6]    1.500000    1.767373   -0.267373 (VIOLATED)
ANTENNA_220/DIODE                       1.500000    1.767291   -0.267291 (VIOLATED)
ANTENNA__4671__A0/DIODE                 1.500000    1.767287   -0.267287 (VIOLATED)
ANTENNA__6598__A/DIODE                  1.500000    1.767281   -0.267281 (VIOLATED)
_4671_/A0                               1.500000    1.767273   -0.267273 (VIOLATED)
_6598_/A                                1.500000    1.767272   -0.267272 (VIOLATED)
ANTENNA_219/DIODE                       1.500000    1.767250   -0.267250 (VIOLATED)
ANTENNA__4677__B1/DIODE                 1.500000    1.767244   -0.267244 (VIOLATED)
_4677_/B1                               1.500000    1.767227   -0.267227 (VIOLATED)
ANTENNA__5076__A0/DIODE                 1.500000    1.765343   -0.265343 (VIOLATED)
ANTENNA__5082__A2/DIODE                 1.500000    1.765341   -0.265341 (VIOLATED)
_5082_/A2                               1.500000    1.765340   -0.265340 (VIOLATED)
_5076_/A0                               1.500000    1.765257   -0.265257 (VIOLATED)
ANTENNA_mprj.team_07_Wrapper.team_07_WB.instance_to_wrap_gpio_out[17]/DIODE    1.500000    1.765235   -0.265235 (VIOLATED)
mprj.team_07_Wrapper.team_07_WB.instance_to_wrap/gpio_out[17]    1.500000    1.765235   -0.265235 (VIOLATED)
ANTENNA_mprj.team_09_Wrapper.team_09_WB.instance_to_wrap_gpio_in[6]/DIODE    1.500000    1.763483   -0.263483 (VIOLATED)
mprj.team_09_Wrapper.team_09_WB.instance_to_wrap/gpio_in[6]    1.500000    1.763402   -0.263402 (VIOLATED)
ANTENNA_mprj.team_01_Wrapper.team_01_WB.instance_to_wrap_ADR_O[1]/DIODE    1.500000    1.757957   -0.257957 (VIOLATED)
mprj.team_01_Wrapper.team_01_WB.instance_to_wrap/ADR_O[1]    1.500000    1.757948   -0.257948 (VIOLATED)
ANTENNA__4716__A0/DIODE                 1.500000    1.757561   -0.257562 (VIOLATED)
_4716_/A0                               1.500000    1.757543   -0.257543 (VIOLATED)
_4722_/A2                               1.500000    1.757463   -0.257463 (VIOLATED)
ANTENNA__4722__A2/DIODE                 1.500000    1.757411   -0.257411 (VIOLATED)
mprj.team_06_Wrapper.team_06_WB.instance_to_wrap/gpio_in[6]    1.500000    1.753400   -0.253401 (VIOLATED)
_4940_/A2                               1.500000    1.752852   -0.252852 (VIOLATED)
ANTENNA__4940__A2/DIODE                 1.500000    1.752825   -0.252825 (VIOLATED)
ANTENNA__4934__A0/DIODE                 1.500000    1.752791   -0.252791 (VIOLATED)
_4934_/A0                               1.500000    1.752715   -0.252715 (VIOLATED)
ANTENNA__5025__A2/DIODE                 1.500000    1.752463   -0.252463 (VIOLATED)
ANTENNA_mprj.team_06_Wrapper.team_06_WB.instance_to_wrap_gpio_in[6]/DIODE    1.500000    1.752459   -0.252459 (VIOLATED)
_5025_/A2                               1.500000    1.752447   -0.252447 (VIOLATED)
ANTENNA__4195__A0/DIODE                 1.500000    1.752406   -0.252406 (VIOLATED)
_4195_/A0                               1.500000    1.752403   -0.252403 (VIOLATED)
_4201_/A2                               1.500000    1.752388   -0.252389 (VIOLATED)
ANTENNA__4201__A2/DIODE                 1.500000    1.752373   -0.252373 (VIOLATED)
_5019_/A0                               1.500000    1.752312   -0.252312 (VIOLATED)
ANTENNA__5019__A0/DIODE                 1.500000    1.752215   -0.252215 (VIOLATED)
ANTENNA_mprj.team_01_Wrapper.team_01_WB.instance_to_wrap_DAT_O[6]/DIODE    1.500000    1.750411   -0.250411 (VIOLATED)
mprj.team_01_Wrapper.team_01_WB.instance_to_wrap/DAT_O[6]    1.500000    1.750411   -0.250411 (VIOLATED)
ANTENNA_mprj.team_07_Wrapper.team_07_WB.instance_to_wrap_gpio_out[12]/DIODE    1.500000    1.750249   -0.250249 (VIOLATED)
mprj.team_07_Wrapper.team_07_WB.instance_to_wrap/gpio_out[12]    1.500000    1.750249   -0.250249 (VIOLATED)
ANTENNA_mprj.team_01_Wrapper.team_01_WB.instance_to_wrap_ADR_O[31]/DIODE    1.500000    1.745423   -0.245423 (VIOLATED)
mprj.team_01_Wrapper.team_01_WB.instance_to_wrap/ADR_O[31]    1.500000    1.745423   -0.245423 (VIOLATED)
ANTENNA_mprj.team_08_Wrapper.team_08_WB.instance_to_wrap_gpio_in[21]/DIODE    1.500000    1.745110   -0.245110 (VIOLATED)
_8058_/A1                               1.500000    1.744871   -0.244871 (VIOLATED)
ANTENNA__8058__A1/DIODE                 1.500000    1.744868   -0.244868 (VIOLATED)
ANTENNA__5063__A1/DIODE                 1.500000    1.741856   -0.241856 (VIOLATED)
_5063_/A1                               1.500000    1.741856   -0.241856 (VIOLATED)
ANTENNA__5070__A2/DIODE                 1.500000    1.741850   -0.241850 (VIOLATED)
_5070_/A2                               1.500000    1.741845   -0.241846 (VIOLATED)
ANTENNA_mprj.team_01_Wrapper.team_01_WB.instance_to_wrap_DAT_O[10]/DIODE    1.500000    1.737472   -0.237472 (VIOLATED)
mprj.team_01_Wrapper.team_01_WB.instance_to_wrap/DAT_O[10]    1.500000    1.737325   -0.237325 (VIOLATED)
ANTENNA_mprj.team_03_Wrapper.team_03_WB.instance_to_wrap_DAT_O[16]/DIODE    1.500000    1.737043   -0.237043 (VIOLATED)
mprj.team_03_Wrapper.team_03_WB.instance_to_wrap/DAT_O[16]    1.500000    1.737043   -0.237043 (VIOLATED)
ANTENNA_mprj.team_08_Wrapper.team_08_WB.instance_to_wrap_gpio_in[4]/DIODE    1.500000    1.736846   -0.236847 (VIOLATED)
mprj.team_08_Wrapper.team_08_WB.instance_to_wrap/gpio_in[4]    1.500000    1.736837   -0.236837 (VIOLATED)
mprj.team_08_Wrapper.team_08_WB.instance_to_wrap/gpio_in[21]    1.500000    1.736462   -0.236462 (VIOLATED)
ANTENNA_mprj.team_06_Wrapper.team_06_WB.instance_to_wrap_gpio_out[10]/DIODE    1.500000    1.734786   -0.234786 (VIOLATED)
mprj.team_06_Wrapper.team_06_WB.instance_to_wrap/gpio_out[10]    1.500000    1.734786   -0.234786 (VIOLATED)
ANTENNA_mprj.team_05_Wrapper.team_05_WB.instance_to_wrap_gpio_in[23]/DIODE    1.500000    1.733679   -0.233679 (VIOLATED)
mprj.team_05_Wrapper.team_05_WB.instance_to_wrap/gpio_in[23]    1.500000    1.733671   -0.233671 (VIOLATED)
_7989_/A1                               1.500000    1.732376   -0.232376 (VIOLATED)
ANTENNA__7989__A1/DIODE                 1.500000    1.732336   -0.232336 (VIOLATED)
ANTENNA_mprj.team_03_Wrapper.team_03_WB.instance_to_wrap_WE_O/DIODE    1.500000    1.730708   -0.230708 (VIOLATED)
mprj.team_03_Wrapper.team_03_WB.instance_to_wrap/WE_O    1.500000    1.730671   -0.230671 (VIOLATED)
_4453_/A1                               1.500000    1.730018   -0.230018 (VIOLATED)
ANTENNA__4453__A1/DIODE                 1.500000    1.730004   -0.230004 (VIOLATED)
ANTENNA__4463__A2/DIODE                 1.500000    1.729993   -0.229993 (VIOLATED)
_4463_/A2                               1.500000    1.729973   -0.229973 (VIOLATED)
_6762_/A1                               1.500000    1.729967   -0.229967 (VIOLATED)
ANTENNA__6762__A1/DIODE                 1.500000    1.729955   -0.229956 (VIOLATED)
ANTENNA_mprj.team_01_Wrapper.team_01_WB.instance_to_wrap_ADR_O[4]/DIODE    1.500000    1.728195   -0.228195 (VIOLATED)
mprj.team_01_Wrapper.team_01_WB.instance_to_wrap/ADR_O[4]    1.500000    1.728172   -0.228172 (VIOLATED)
_4352_/A1                               1.500000    1.725851   -0.225851 (VIOLATED)
ANTENNA__4352__A1/DIODE                 1.500000    1.725835   -0.225835 (VIOLATED)
_4358_/A2                               1.500000    1.725809   -0.225809 (VIOLATED)
ANTENNA__4358__A2/DIODE                 1.500000    1.725750   -0.225750 (VIOLATED)
ANTENNA_mprj.team_01_Wrapper.team_01_WB.instance_to_wrap_ADR_O[5]/DIODE    1.500000    1.723279   -0.223279 (VIOLATED)
mprj.team_01_Wrapper.team_01_WB.instance_to_wrap/ADR_O[5]    1.500000    1.723265   -0.223265 (VIOLATED)
ANTENNA_mprj.team_08_Wrapper.team_08_WB.instance_to_wrap_clk/DIODE    1.500000    1.721608   -0.221608 (VIOLATED)
mprj.team_08_Wrapper.team_08_WB.instance_to_wrap/clk    1.500000    1.721595   -0.221595 (VIOLATED)
ANTENNA_mprj.team_02_Wrapper.team_02_WB.instance_to_wrap_gpio_in[23]/DIODE    1.500000    1.720386   -0.220386 (VIOLATED)
mprj.team_02_Wrapper.team_02_WB.instance_to_wrap/gpio_in[23]    1.500000    1.720060   -0.220060 (VIOLATED)
ANTENNA_235/DIODE                       1.500000    1.715106   -0.215106 (VIOLATED)
ANTENNA_234/DIODE                       1.500000    1.715103   -0.215103 (VIOLATED)
_6721_/A1                               1.500000    1.715058   -0.215058 (VIOLATED)
ANTENNA__6721__A1/DIODE                 1.500000    1.715010   -0.215010 (VIOLATED)
_6320_/A                                1.500000    1.714658   -0.214658 (VIOLATED)
ANTENNA__6320__A/DIODE                  1.500000    1.714644   -0.214644 (VIOLATED)
_6567_/A1                               1.500000    1.713577   -0.213577 (VIOLATED)
ANTENNA__6567__A1/DIODE                 1.500000    1.713552   -0.213552 (VIOLATED)
ANTENNA__6531__A1/DIODE                 1.500000    1.712515   -0.212515 (VIOLATED)
_6531_/A1                               1.500000    1.712509   -0.212509 (VIOLATED)
ANTENNA_mprj.team_03_Wrapper.team_03_WB.instance_to_wrap_DAT_O[0]/DIODE    1.500000    1.710817   -0.210817 (VIOLATED)
mprj.team_03_Wrapper.team_03_WB.instance_to_wrap/DAT_O[0]    1.500000    1.710808   -0.210808 (VIOLATED)
mprj.team_06_Wrapper.team_06_WB.instance_to_wrap/gpio_in[19]    1.500000    1.705745   -0.205745 (VIOLATED)
_6897_/C                                1.500000    1.705374   -0.205374 (VIOLATED)
ANTENNA__6897__C/DIODE                  1.500000    1.705357   -0.205357 (VIOLATED)
ANTENNA_mprj.team_06_Wrapper.team_06_WB.instance_to_wrap_gpio_in[19]/DIODE    1.500000    1.705313   -0.205313 (VIOLATED)
ANTENNA_mprj.team_12_Wrapper.team_12_WB.instance_to_wrap_gpio_in[6]/DIODE    1.500000    1.703354   -0.203354 (VIOLATED)
mprj.team_12_Wrapper.team_12_WB.instance_to_wrap/gpio_in[6]    1.500000    1.703354   -0.203354 (VIOLATED)
mprj.team_06_Wrapper.team_06_WB.instance_to_wrap/gpio_in[23]    1.500000    1.703179   -0.203179 (VIOLATED)
ANTENNA_mprj.team_06_Wrapper.team_06_WB.instance_to_wrap_gpio_in[23]/DIODE    1.500000    1.702485   -0.202485 (VIOLATED)
ANTENNA__4948__A0/DIODE                 1.500000    1.701101   -0.201101 (VIOLATED)
_4948_/A0                               1.500000    1.701095   -0.201095 (VIOLATED)
ANTENNA_33/DIODE                        1.500000    1.701054   -0.201054 (VIOLATED)
_4954_/A2                               1.500000    1.701029   -0.201029 (VIOLATED)
ANTENNA__4954__A2/DIODE                 1.500000    1.701016   -0.201016 (VIOLATED)
_4219_/A0                               1.500000    1.699656   -0.199656 (VIOLATED)
ANTENNA__4219__A0/DIODE                 1.500000    1.699649   -0.199649 (VIOLATED)
ANTENNA__4225__A2/DIODE                 1.500000    1.699649   -0.199649 (VIOLATED)
_4225_/A2                               1.500000    1.699632   -0.199632 (VIOLATED)
ANTENNA_mprj.team_03_Wrapper.team_03_WB.instance_to_wrap_ADR_O[23]/DIODE    1.500000    1.696717   -0.196717 (VIOLATED)
mprj.team_03_Wrapper.team_03_WB.instance_to_wrap/ADR_O[23]    1.500000    1.696717   -0.196717 (VIOLATED)
ANTENNA__4876__A0/DIODE                 1.500000    1.696085   -0.196085 (VIOLATED)
_4876_/A0                               1.500000    1.696085   -0.196085 (VIOLATED)
_4882_/B1                               1.500000    1.696070   -0.196070 (VIOLATED)
ANTENNA__4882__B1/DIODE                 1.500000    1.696042   -0.196042 (VIOLATED)
ANTENNA_mprj.team_04_Wrapper.team_04_WB.instance_to_wrap_gpio_in[27]/DIODE    1.500000    1.696008   -0.196008 (VIOLATED)
mprj.team_04_Wrapper.team_04_WB.instance_to_wrap/gpio_in[27]    1.500000    1.695708   -0.195708 (VIOLATED)
_6933_/A1                               1.500000    1.689902   -0.189902 (VIOLATED)
ANTENNA__6933__A1/DIODE                 1.500000    1.689897   -0.189897 (VIOLATED)
ANTENNA_mprj.team_08_Wrapper.team_08_WB.instance_to_wrap_gpio_out[27]/DIODE    1.500000    1.687612   -0.187612 (VIOLATED)
mprj.team_08_Wrapper.team_08_WB.instance_to_wrap/gpio_out[27]    1.500000    1.687612   -0.187612 (VIOLATED)
ANTENNA__4246__A1/DIODE                 1.500000    1.682202   -0.182202 (VIOLATED)
_4246_/A1                               1.500000    1.682190   -0.182190 (VIOLATED)
ANTENNA__4253__A2/DIODE                 1.500000    1.682164   -0.182164 (VIOLATED)
_4253_/A2                               1.500000    1.682150   -0.182150 (VIOLATED)
ANTENNA_mprj.team_01_Wrapper.team_01_WB.instance_to_wrap_DAT_O[29]/DIODE    1.500000    1.681263   -0.181263 (VIOLATED)
mprj.team_01_Wrapper.team_01_WB.instance_to_wrap/DAT_O[29]    1.500000    1.681263   -0.181263 (VIOLATED)
_6970_/A1                               1.500000    1.681199   -0.181199 (VIOLATED)
ANTENNA__6970__A1/DIODE                 1.500000    1.681192   -0.181192 (VIOLATED)
ANTENNA_mprj.team_03_Wrapper.team_03_WB.instance_to_wrap_ADR_O[29]/DIODE    1.500000    1.678229   -0.178229 (VIOLATED)
mprj.team_03_Wrapper.team_03_WB.instance_to_wrap/ADR_O[29]    1.500000    1.678177   -0.178177 (VIOLATED)
ANTENNA_mprj.team_05_Wrapper.team_05_WB.instance_to_wrap_gpio_out[31]/DIODE    1.500000    1.677716   -0.177716 (VIOLATED)
mprj.team_05_Wrapper.team_05_WB.instance_to_wrap/gpio_out[31]    1.500000    1.677711   -0.177711 (VIOLATED)
ANTENNA_mprj.team_10_Wrapper.team_10_WB.instance_to_wrap_gpio_in[27]/DIODE    1.500000    1.677351   -0.177351 (VIOLATED)
ANTENNA_319/DIODE                       1.500000    1.677117   -0.177117 (VIOLATED)
ANTENNA_659/DIODE                       1.500000    1.677098   -0.177098 (VIOLATED)
ANTENNA_780/DIODE                       1.500000    1.677075   -0.177075 (VIOLATED)
ANTENNA_318/DIODE                       1.500000    1.676992   -0.176992 (VIOLATED)
ANTENNA_658/DIODE                       1.500000    1.676989   -0.176989 (VIOLATED)
ANTENNA_779/DIODE                       1.500000    1.676975   -0.176975 (VIOLATED)
ANTENNA__6527__A1/DIODE                 1.500000    1.676738   -0.176738 (VIOLATED)
_6527_/A1                               1.500000    1.676723   -0.176723 (VIOLATED)
ANTENNA_mprj.team_01_Wrapper.team_01_WB.instance_to_wrap_DAT_O[3]/DIODE    1.500000    1.675607   -0.175608 (VIOLATED)
mprj.team_01_Wrapper.team_01_WB.instance_to_wrap/DAT_O[3]    1.500000    1.675607   -0.175608 (VIOLATED)
_7986_/A1                               1.500000    1.674699   -0.174699 (VIOLATED)
ANTENNA__7986__A1/DIODE                 1.500000    1.674694   -0.174694 (VIOLATED)
ANTENNA_mprj.team_03_Wrapper.team_03_WB.instance_to_wrap_ADR_O[13]/DIODE    1.500000    1.674127   -0.174127 (VIOLATED)
mprj.team_03_Wrapper.team_03_WB.instance_to_wrap/ADR_O[13]    1.500000    1.674127   -0.174127 (VIOLATED)
ANTENNA__4746__A0/DIODE                 1.500000    1.674009   -0.174009 (VIOLATED)
_4746_/A0                               1.500000    1.673998   -0.173998 (VIOLATED)
_4752_/A2                               1.500000    1.673943   -0.173943 (VIOLATED)
ANTENNA__4752__A2/DIODE                 1.500000    1.673871   -0.173871 (VIOLATED)
mprj.team_10_Wrapper.team_10_WB.instance_to_wrap/gpio_in[27]    1.500000    1.673220   -0.173220 (VIOLATED)
ANTENNA_mprj.team_02_Wrapper.team_02_WB.instance_to_wrap_gpio_out[8]/DIODE    1.500000    1.671227   -0.171227 (VIOLATED)
mprj.team_02_Wrapper.team_02_WB.instance_to_wrap/gpio_out[8]    1.500000    1.671227   -0.171227 (VIOLATED)
mprj.team_08_Wrapper.team_08_WB.instance_to_wrap/gpio_in[12]    1.500000    1.670156   -0.170156 (VIOLATED)
ANTENNA_mprj.team_08_Wrapper.team_08_WB.instance_to_wrap_gpio_in[12]/DIODE    1.500000    1.670131   -0.170131 (VIOLATED)
_4506_/A0                               1.500000    1.668757   -0.168757 (VIOLATED)
ANTENNA__4506__A0/DIODE                 1.500000    1.668756   -0.168756 (VIOLATED)
ANTENNA__4512__A2/DIODE                 1.500000    1.668736   -0.168736 (VIOLATED)
_4512_/A2                               1.500000    1.668732   -0.168732 (VIOLATED)
_6615_/A1                               1.500000    1.666911   -0.166911 (VIOLATED)
ANTENNA__6615__A1/DIODE                 1.500000    1.666910   -0.166910 (VIOLATED)
ANTENNA__5092__A1/DIODE                 1.500000    1.665390   -0.165391 (VIOLATED)
ANTENNA_40/DIODE                        1.500000    1.665386   -0.165386 (VIOLATED)
_5092_/A1                               1.500000    1.665368   -0.165368 (VIOLATED)
ANTENNA__5099__A2/DIODE                 1.500000    1.665359   -0.165359 (VIOLATED)
_5099_/A2                               1.500000    1.665336   -0.165337 (VIOLATED)
_6316_/A1                               1.500000    1.664865   -0.164865 (VIOLATED)
ANTENNA__6316__A1/DIODE                 1.500000    1.664837   -0.164837 (VIOLATED)
ANTENNA_mprj.team_01_Wrapper.team_01_WB.instance_to_wrap_WE_O/DIODE    1.500000    1.664723   -0.164723 (VIOLATED)
mprj.team_01_Wrapper.team_01_WB.instance_to_wrap/WE_O    1.500000    1.664723   -0.164723 (VIOLATED)
ANTENNA_mprj.team_01_Wrapper.team_01_WB.instance_to_wrap_ADR_O[6]/DIODE    1.500000    1.664095   -0.164095 (VIOLATED)
mprj.team_01_Wrapper.team_01_WB.instance_to_wrap/ADR_O[6]    1.500000    1.664095   -0.164095 (VIOLATED)
ANTENNA__4648__A2/DIODE                 1.500000    1.664038   -0.164038 (VIOLATED)
_4648_/A2                               1.500000    1.664038   -0.164038 (VIOLATED)
ANTENNA__4642__A0/DIODE                 1.500000    1.664032   -0.164032 (VIOLATED)
_4642_/A0                               1.500000    1.664025   -0.164025 (VIOLATED)
ANTENNA_mprj.team_01_Wrapper.team_01_WB.instance_to_wrap_DAT_O[19]/DIODE    1.500000    1.663778   -0.163778 (VIOLATED)
mprj.team_01_Wrapper.team_01_WB.instance_to_wrap/DAT_O[19]    1.500000    1.663778   -0.163778 (VIOLATED)
ANTENNA_mprj.team_01_Wrapper.team_01_WB.instance_to_wrap_DAT_O[23]/DIODE    1.500000    1.662163   -0.162163 (VIOLATED)
mprj.team_01_Wrapper.team_01_WB.instance_to_wrap/DAT_O[23]    1.500000    1.662144   -0.162144 (VIOLATED)
ANTENNA_mprj.team_05_Wrapper.team_05_WB.instance_to_wrap_gpio_out[33]/DIODE    1.500000    1.661342   -0.161342 (VIOLATED)
mprj.team_05_Wrapper.team_05_WB.instance_to_wrap/gpio_out[33]    1.500000    1.661342   -0.161342 (VIOLATED)
ANTENNA_mprj.team_01_Wrapper.team_01_WB.instance_to_wrap_DAT_O[9]/DIODE    1.500000    1.660279   -0.160279 (VIOLATED)
mprj.team_01_Wrapper.team_01_WB.instance_to_wrap/DAT_O[9]    1.500000    1.660279   -0.160279 (VIOLATED)
ANTENNA_mprj.team_04_Wrapper.team_04_WB.instance_to_wrap_clk/DIODE    1.500000    1.659560   -0.159560 (VIOLATED)
mprj.team_04_Wrapper.team_04_WB.instance_to_wrap/clk    1.500000    1.659550   -0.159550 (VIOLATED)
ANTENNA__4140__A0/DIODE                 1.500000    1.659502   -0.159502 (VIOLATED)
_4140_/A0                               1.500000    1.659491   -0.159491 (VIOLATED)
_4146_/A2                               1.500000    1.659403   -0.159403 (VIOLATED)
ANTENNA__4146__A2/DIODE                 1.500000    1.659319   -0.159319 (VIOLATED)
_7781_/A1                               1.500000    1.656054   -0.156054 (VIOLATED)
ANTENNA__7781__A1/DIODE                 1.500000    1.656024   -0.156024 (VIOLATED)
ANTENNA_mprj.team_06_Wrapper.team_06_WB.instance_to_wrap_gpio_oeb[7]/DIODE    1.500000    1.655708   -0.155708 (VIOLATED)
mprj.team_06_Wrapper.team_06_WB.instance_to_wrap/gpio_oeb[7]    1.500000    1.655698   -0.155698 (VIOLATED)
ANTENNA_mprj.team_02_Wrapper.team_02_WB.instance_to_wrap_gpio_in[14]/DIODE    1.500000    1.654852   -0.154852 (VIOLATED)
mprj.team_06_Wrapper.team_06_WB.instance_to_wrap/gpio_in[4]    1.500000    1.654582   -0.154582 (VIOLATED)
ANTENNA_mprj.team_06_Wrapper.team_06_WB.instance_to_wrap_gpio_in[4]/DIODE    1.500000    1.654452   -0.154452 (VIOLATED)
mprj.team_03_Wrapper.team_03_WB.instance_to_wrap/clk    1.500000    1.650779   -0.150779 (VIOLATED)
ANTENNA_mprj.team_03_Wrapper.team_03_WB.instance_to_wrap_clk/DIODE    1.500000    1.650501   -0.150501 (VIOLATED)
mprj.team_02_Wrapper.team_02_WB.instance_to_wrap/gpio_in[14]    1.500000    1.650448   -0.150448 (VIOLATED)
ANTENNA_mprj.team_06_Wrapper.team_06_WB.instance_to_wrap_gpio_oeb[13]/DIODE    1.500000    1.650325   -0.150325 (VIOLATED)
mprj.team_06_Wrapper.team_06_WB.instance_to_wrap/gpio_oeb[13]    1.500000    1.650252   -0.150252 (VIOLATED)
ANTENNA_mprj.team_01_Wrapper.team_01_WB.instance_to_wrap_DAT_O[15]/DIODE    1.500000    1.649456   -0.149456 (VIOLATED)
mprj.team_01_Wrapper.team_01_WB.instance_to_wrap/DAT_O[15]    1.500000    1.649320   -0.149320 (VIOLATED)
mprj.team_07_Wrapper.team_07_WB.instance_to_wrap/clk    1.500000    1.649299   -0.149299 (VIOLATED)
ANTENNA_mprj.team_07_Wrapper.team_07_WB.instance_to_wrap_clk/DIODE    1.500000    1.649298   -0.149298 (VIOLATED)
ANTENNA_mprj.team_01_Wrapper.team_01_WB.instance_to_wrap_DAT_O[4]/DIODE    1.500000    1.648410   -0.148410 (VIOLATED)
mprj.team_01_Wrapper.team_01_WB.instance_to_wrap/DAT_O[4]    1.500000    1.648263   -0.148263 (VIOLATED)
mprj.team_05_Wrapper.team_05_WB.instance_to_wrap/clk    1.500000    1.646806   -0.146806 (VIOLATED)
ANTENNA_mprj.team_05_Wrapper.team_05_WB.instance_to_wrap_clk/DIODE    1.500000    1.646705   -0.146705 (VIOLATED)
mprj.team_03_Wrapper.team_03_WB.instance_to_wrap/gpio_in[22]    1.500000    1.644461   -0.144461 (VIOLATED)
ANTENNA_mprj.team_03_Wrapper.team_03_WB.instance_to_wrap_gpio_in[22]/DIODE    1.500000    1.644186   -0.144186 (VIOLATED)
ANTENNA_mprj.team_03_Wrapper.team_03_WB.instance_to_wrap_ADR_O[27]/DIODE    1.500000    1.643478   -0.143478 (VIOLATED)
mprj.team_03_Wrapper.team_03_WB.instance_to_wrap/ADR_O[27]    1.500000    1.643478   -0.143478 (VIOLATED)
ANTENNA_mprj.team_08_Wrapper.team_08_WB.instance_to_wrap_gpio_in[23]/DIODE    1.500000    1.642918   -0.142918 (VIOLATED)
mprj.team_02_Wrapper.team_02_WB.instance_to_wrap/clk    1.500000    1.642614   -0.142614 (VIOLATED)
ANTENNA_mprj.team_02_Wrapper.team_02_WB.instance_to_wrap_clk/DIODE    1.500000    1.642575   -0.142575 (VIOLATED)
ANTENNA_mprj.team_04_Wrapper.team_04_WB.instance_to_wrap_gpio_in[22]/DIODE    1.500000    1.641029   -0.141029 (VIOLATED)
mprj.team_04_Wrapper.team_04_WB.instance_to_wrap/gpio_in[22]    1.500000    1.640878   -0.140878 (VIOLATED)
ANTENNA_mprj.team_06_Wrapper.team_06_WB.instance_to_wrap_clk/DIODE    1.500000    1.639931   -0.139931 (VIOLATED)
mprj.team_06_Wrapper.team_06_WB.instance_to_wrap/clk    1.500000    1.639835   -0.139835 (VIOLATED)
ANTENNA__4619__B1/DIODE                 1.500000    1.637990   -0.137990 (VIOLATED)
_4619_/B1                               1.500000    1.637987   -0.137987 (VIOLATED)
ANTENNA__4613__A0/DIODE                 1.500000    1.637977   -0.137978 (VIOLATED)
_4613_/A0                               1.500000    1.637969   -0.137969 (VIOLATED)
mprj.team_08_Wrapper.team_08_WB.instance_to_wrap/gpio_in[23]    1.500000    1.636273   -0.136273 (VIOLATED)
ANTENNA_clkbuf_1_0_1_wb_clk_i_X/DIODE    1.500000    1.635305   -0.135305 (VIOLATED)
mprj.team_05_Wrapper.team_05_WB.instance_to_wrap/gpio_in[26]    1.500000    1.635164   -0.135164 (VIOLATED)
clkbuf_1_0_1_wb_clk_i/X                 1.500000    1.635154   -0.135155 (VIOLATED)
ANTENNA_mprj.team_05_Wrapper.team_05_WB.instance_to_wrap_gpio_in[26]/DIODE    1.500000    1.635153   -0.135153 (VIOLATED)
_4335_/A2                               1.500000    1.634744   -0.134744 (VIOLATED)
ANTENNA__4335__A2/DIODE                 1.500000    1.634716   -0.134716 (VIOLATED)
ANTENNA__4329__A1/DIODE                 1.500000    1.634708   -0.134708 (VIOLATED)
_4329_/A1                               1.500000    1.634704   -0.134704 (VIOLATED)
ANTENNA_19/DIODE                        1.500000    1.634586   -0.134586 (VIOLATED)
ANTENNA_mprj.team_05_Wrapper.team_05_WB.instance_to_wrap_gpio_in[20]/DIODE    1.500000    1.634136   -0.134136 (VIOLATED)
mprj.team_05_Wrapper.team_05_WB.instance_to_wrap/gpio_in[20]    1.500000    1.634106   -0.134106 (VIOLATED)
ANTENNA_mprj.team_01_Wrapper.team_01_WB.instance_to_wrap_DAT_O[11]/DIODE    1.500000    1.633517   -0.133517 (VIOLATED)
mprj.team_01_Wrapper.team_01_WB.instance_to_wrap/DAT_O[11]    1.500000    1.633517   -0.133517 (VIOLATED)
ANTENNA_mprj.team_01_Wrapper.team_01_WB.instance_to_wrap_DAT_O[25]/DIODE    1.500000    1.632445   -0.132445 (VIOLATED)
mprj.team_01_Wrapper.team_01_WB.instance_to_wrap/DAT_O[25]    1.500000    1.632445   -0.132445 (VIOLATED)
ANTENNA_mprj.team_01_Wrapper.team_01_WB.instance_to_wrap_DAT_O[7]/DIODE    1.500000    1.631429   -0.131429 (VIOLATED)
mprj.team_01_Wrapper.team_01_WB.instance_to_wrap/DAT_O[7]    1.500000    1.631429   -0.131429 (VIOLATED)
ANTENNA_mprj.team_01_Wrapper.team_01_WB.instance_to_wrap_DAT_O[21]/DIODE    1.500000    1.631256   -0.131256 (VIOLATED)
mprj.team_01_Wrapper.team_01_WB.instance_to_wrap/DAT_O[21]    1.500000    1.631256   -0.131256 (VIOLATED)
_5005_/A0                               1.500000    1.628543   -0.128543 (VIOLATED)
ANTENNA__5005__A0/DIODE                 1.500000    1.628532   -0.128532 (VIOLATED)
_5011_/A2                               1.500000    1.628477   -0.128477 (VIOLATED)
ANTENNA__5011__A2/DIODE                 1.500000    1.628438   -0.128438 (VIOLATED)
ANTENNA__6256__A1/DIODE                 1.500000    1.625427   -0.125427 (VIOLATED)
_6256_/A1                               1.500000    1.625420   -0.125420 (VIOLATED)
ANTENNA_mprj.team_11_Wrapper.team_11_WB.instance_to_wrap_clk/DIODE    1.500000    1.625075   -0.125075 (VIOLATED)
mprj.team_11_Wrapper.team_11_WB.instance_to_wrap/clk    1.500000    1.624356   -0.124356 (VIOLATED)
ANTENNA_mprj.team_02_Wrapper.team_02_WB.instance_to_wrap_gpio_in[6]/DIODE    1.500000    1.623967   -0.123967 (VIOLATED)
ANTENNA_mprj.team_06_Wrapper.team_06_WB.instance_to_wrap_gpio_oeb[23]/DIODE    1.500000    1.622293   -0.122293 (VIOLATED)
mprj.team_06_Wrapper.team_06_WB.instance_to_wrap/gpio_oeb[23]    1.500000    1.622293   -0.122293 (VIOLATED)
ANTENNA_mprj.team_05_Wrapper.team_05_WB.instance_to_wrap_gpio_in[14]/DIODE    1.500000    1.617447   -0.117447 (VIOLATED)
mprj.team_05_Wrapper.team_05_WB.instance_to_wrap/gpio_in[14]    1.500000    1.617351   -0.117351 (VIOLATED)
ANTENNA__4701__A0/DIODE                 1.500000    1.616878   -0.116878 (VIOLATED)
ANTENNA__4707__A2/DIODE                 1.500000    1.616869   -0.116870 (VIOLATED)
_4701_/A0                               1.500000    1.616865   -0.116865 (VIOLATED)
_4707_/A2                               1.500000    1.616842   -0.116842 (VIOLATED)
ANTENNA_mprj.team_02_Wrapper.team_02_WB.instance_to_wrap_gpio_in[26]/DIODE    1.500000    1.615724   -0.115724 (VIOLATED)
mprj.team_02_Wrapper.team_02_WB.instance_to_wrap/gpio_in[26]    1.500000    1.615593   -0.115593 (VIOLATED)
_6650_/A1                               1.500000    1.614436   -0.114436 (VIOLATED)
ANTENNA__6650__A1/DIODE                 1.500000    1.614412   -0.114412 (VIOLATED)
mprj.team_02_Wrapper.team_02_WB.instance_to_wrap/gpio_in[6]    1.500000    1.614029   -0.114029 (VIOLATED)
_6871_/A1                               1.500000    1.613630   -0.113630 (VIOLATED)
ANTENNA__6871__A1/DIODE                 1.500000    1.613618   -0.113618 (VIOLATED)
ANTENNA_mprj.team_01_Wrapper.team_01_WB.instance_to_wrap_ADR_O[24]/DIODE    1.500000    1.613527   -0.113527 (VIOLATED)
mprj.team_01_Wrapper.team_01_WB.instance_to_wrap/ADR_O[24]    1.500000    1.613520   -0.113520 (VIOLATED)
ANTENNA_mprj.team_06_Wrapper.team_06_WB.instance_to_wrap_gpio_out[13]/DIODE    1.500000    1.613405   -0.113405 (VIOLATED)
mprj.team_06_Wrapper.team_06_WB.instance_to_wrap/gpio_out[13]    1.500000    1.613405   -0.113405 (VIOLATED)
ANTENNA_32/DIODE                        1.500000    1.612040   -0.112040 (VIOLATED)
ANTENNA__4982__B1/DIODE                 1.500000    1.612040   -0.112040 (VIOLATED)
ANTENNA_31/DIODE                        1.500000    1.612029   -0.112029 (VIOLATED)
ANTENNA__4976__A0/DIODE                 1.500000    1.612013   -0.112014 (VIOLATED)
_4982_/B1                               1.500000    1.612010   -0.112010 (VIOLATED)
_4976_/A0                               1.500000    1.611934   -0.111934 (VIOLATED)
ANTENNA__4585__A0/DIODE                 1.500000    1.609146   -0.109146 (VIOLATED)
_4585_/A0                               1.500000    1.609143   -0.109143 (VIOLATED)
_4591_/A2                               1.500000    1.609045   -0.109045 (VIOLATED)
ANTENNA__4591__A2/DIODE                 1.500000    1.608956   -0.108956 (VIOLATED)
_7843_/A                                1.500000    1.608833   -0.108833 (VIOLATED)
ANTENNA__7843__A/DIODE                  1.500000    1.608830   -0.108831 (VIOLATED)
_6796_/A1                               1.500000    1.608718   -0.108718 (VIOLATED)
ANTENNA__6796__A1/DIODE                 1.500000    1.608709   -0.108709 (VIOLATED)
ANTENNA__6572__A/DIODE                  1.500000    1.607084   -0.107084 (VIOLATED)
_6572_/A                                1.500000    1.607083   -0.107083 (VIOLATED)
ANTENNA_620/DIODE                       1.500000    1.602129   -0.102129 (VIOLATED)
ANTENNA_mprj.team_01_Wrapper.team_01_WB.instance_to_wrap_DAT_O[24]/DIODE    1.500000    1.602119   -0.102119 (VIOLATED)
mprj.team_01_Wrapper.team_01_WB.instance_to_wrap/DAT_O[24]    1.500000    1.602094   -0.102094 (VIOLATED)
ANTENNA_mprj.team_06_Wrapper.team_06_WB.instance_to_wrap_gpio_oeb[22]/DIODE    1.500000    1.601696   -0.101697 (VIOLATED)
mprj.team_06_Wrapper.team_06_WB.instance_to_wrap/gpio_oeb[22]    1.500000    1.601691   -0.101691 (VIOLATED)
ANTENNA_mprj.team_02_Wrapper.team_02_WB.instance_to_wrap_gpio_out[22]/DIODE    1.500000    1.598583   -0.098583 (VIOLATED)
mprj.team_02_Wrapper.team_02_WB.instance_to_wrap/gpio_out[22]    1.500000    1.598583   -0.098583 (VIOLATED)
ANTENNA_mprj.team_05_Wrapper.team_05_WB.instance_to_wrap_gpio_out[4]/DIODE    1.500000    1.598073   -0.098074 (VIOLATED)
mprj.team_05_Wrapper.team_05_WB.instance_to_wrap/gpio_out[4]    1.500000    1.598073   -0.098074 (VIOLATED)
ANTENNA_mprj.team_06_Wrapper.team_06_WB.instance_to_wrap_gpio_out[26]/DIODE    1.500000    1.596593   -0.096593 (VIOLATED)
mprj.team_06_Wrapper.team_06_WB.instance_to_wrap/gpio_out[26]    1.500000    1.596593   -0.096593 (VIOLATED)
ANTENNA__4411__A1/DIODE                 1.500000    1.596227   -0.096227 (VIOLATED)
_4411_/A1                               1.500000    1.596216   -0.096216 (VIOLATED)
_4418_/A2                               1.500000    1.596195   -0.096195 (VIOLATED)
ANTENNA__4418__A2/DIODE                 1.500000    1.596181   -0.096181 (VIOLATED)
ANTENNA_97/DIODE                        1.500000    1.595647   -0.095647 (VIOLATED)
ANTENNA__6285__A/DIODE                  1.500000    1.595646   -0.095646 (VIOLATED)
_6285_/A                                1.500000    1.595641   -0.095642 (VIOLATED)
mprj.team_06_Wrapper.team_06_WB.instance_to_wrap/gpio_in[26]    1.500000    1.594294   -0.094294 (VIOLATED)
ANTENNA_mprj.team_06_Wrapper.team_06_WB.instance_to_wrap_gpio_in[26]/DIODE    1.500000    1.593987   -0.093987 (VIOLATED)
ANTENNA_25/DIODE                        1.500000    1.593651   -0.093651 (VIOLATED)
_4240_/A2                               1.500000    1.593630   -0.093630 (VIOLATED)
ANTENNA__4240__A2/DIODE                 1.500000    1.593623   -0.093623 (VIOLATED)
ANTENNA__4233__A1/DIODE                 1.500000    1.593618   -0.093618 (VIOLATED)
_4233_/A1                               1.500000    1.593617   -0.093617 (VIOLATED)
ANTENNA_mprj.team_02_Wrapper.team_02_WB.instance_to_wrap_gpio_out[14]/DIODE    1.500000    1.592562   -0.092562 (VIOLATED)
mprj.team_02_Wrapper.team_02_WB.instance_to_wrap/gpio_out[14]    1.500000    1.592562   -0.092562 (VIOLATED)
_4129_/A2                               1.500000    1.592483   -0.092483 (VIOLATED)
_4098_/B                                1.500000    1.592482   -0.092482 (VIOLATED)
ANTENNA__4129__A2/DIODE                 1.500000    1.592481   -0.092481 (VIOLATED)
ANTENNA__4098__B/DIODE                  1.500000    1.592479   -0.092479 (VIOLATED)
ANTENNA_mprj.team_01_Wrapper.team_01_WB.instance_to_wrap_STB_O/DIODE    1.500000    1.589961   -0.089961 (VIOLATED)
mprj.team_01_Wrapper.team_01_WB.instance_to_wrap/STB_O    1.500000    1.589961   -0.089961 (VIOLATED)
_6437_/A1                               1.500000    1.589875   -0.089875 (VIOLATED)
ANTENNA__6437__A1/DIODE                 1.500000    1.589862   -0.089862 (VIOLATED)
ANTENNA_mprj.team_05_Wrapper.team_05_WB.instance_to_wrap_gpio_out[30]/DIODE    1.500000    1.589333   -0.089333 (VIOLATED)
mprj.team_05_Wrapper.team_05_WB.instance_to_wrap/gpio_out[30]    1.500000    1.589271   -0.089271 (VIOLATED)
_4310_/A2                               1.500000    1.587184   -0.087184 (VIOLATED)
ANTENNA__4304__A1/DIODE                 1.500000    1.587160   -0.087160 (VIOLATED)
ANTENNA__4310__A2/DIODE                 1.500000    1.587156   -0.087156 (VIOLATED)
_4304_/A1                               1.500000    1.587141   -0.087141 (VIOLATED)
mprj.team_04_Wrapper.team_04_WB.instance_to_wrap/gpio_in[7]    1.500000    1.587139   -0.087140 (VIOLATED)
ANTENNA_mprj.team_04_Wrapper.team_04_WB.instance_to_wrap_gpio_in[7]/DIODE    1.500000    1.586913   -0.086913 (VIOLATED)
_7948_/A                                1.500000    1.585886   -0.085886 (VIOLATED)
ANTENNA__7948__A/DIODE                  1.500000    1.585874   -0.085875 (VIOLATED)
ANTENNA__4100__A0/DIODE                 1.500000    1.584560   -0.084560 (VIOLATED)
_4100_/A0                               1.500000    1.584557   -0.084557 (VIOLATED)
ANTENNA__4112__B1/DIODE                 1.500000    1.584499   -0.084499 (VIOLATED)
_4112_/B1                               1.500000    1.584493   -0.084493 (VIOLATED)
mprj.team_01_Wrapper.team_01_WB.instance_to_wrap/gpio_in[31]    1.500000    1.581578   -0.081578 (VIOLATED)
ANTENNA_mprj.team_01_Wrapper.team_01_WB.instance_to_wrap_gpio_in[31]/DIODE    1.500000    1.581547   -0.081548 (VIOLATED)
ANTENNA_mprj.team_05_Wrapper.team_05_WB.instance_to_wrap_gpio_out[32]/DIODE    1.500000    1.579311   -0.079312 (VIOLATED)
mprj.team_05_Wrapper.team_05_WB.instance_to_wrap/gpio_out[32]    1.500000    1.579311   -0.079312 (VIOLATED)
_7975_/A1                               1.500000    1.578437   -0.078437 (VIOLATED)
ANTENNA__7975__A1/DIODE                 1.500000    1.578417   -0.078417 (VIOLATED)
ANTENNA_337/DIODE                       1.500000    1.577977   -0.077977 (VIOLATED)
ANTENNA_338/DIODE                       1.500000    1.577955   -0.077955 (VIOLATED)
ANTENNA_mprj.team_01_Wrapper.team_01_WB.instance_to_wrap_DAT_O[2]/DIODE    1.500000    1.577781   -0.077781 (VIOLATED)
mprj.team_01_Wrapper.team_01_WB.instance_to_wrap/DAT_O[2]    1.500000    1.577777   -0.077777 (VIOLATED)
ANTENNA_mprj.team_08_Wrapper.team_08_WB.instance_to_wrap_gpio_out[28]/DIODE    1.500000    1.577557   -0.077557 (VIOLATED)
mprj.team_08_Wrapper.team_08_WB.instance_to_wrap/gpio_out[28]    1.500000    1.577557   -0.077557 (VIOLATED)
ANTENNA_mprj.team_06_Wrapper.team_06_WB.instance_to_wrap_gpio_in[18]/DIODE    1.500000    1.576137   -0.076137 (VIOLATED)
mprj.team_06_Wrapper.team_06_WB.instance_to_wrap/gpio_in[18]    1.500000    1.576125   -0.076125 (VIOLATED)
ANTENNA_mprj.team_06_Wrapper.team_06_WB.instance_to_wrap_gpio_oeb[21]/DIODE    1.500000    1.575554   -0.075555 (VIOLATED)
mprj.team_06_Wrapper.team_06_WB.instance_to_wrap/gpio_oeb[21]    1.500000    1.575552   -0.075552 (VIOLATED)
ANTENNA_mprj.team_03_Wrapper.team_03_WB.instance_to_wrap_DAT_O[14]/DIODE    1.500000    1.575123   -0.075123 (VIOLATED)
mprj.team_03_Wrapper.team_03_WB.instance_to_wrap/DAT_O[14]    1.500000    1.575123   -0.075123 (VIOLATED)
ANTENNA_mprj.team_02_Wrapper.team_02_WB.instance_to_wrap_gpio_in[20]/DIODE    1.500000    1.575032   -0.075033 (VIOLATED)
ANTENNA__4978__A1/DIODE                 1.500000    1.574643   -0.074643 (VIOLATED)
ANTENNA_42/DIODE                        1.500000    1.574641   -0.074641 (VIOLATED)
ANTENNA_623/DIODE                       1.500000    1.574637   -0.074637 (VIOLATED)
ANTENNA_773/DIODE                       1.500000    1.574628   -0.074628 (VIOLATED)
ANTENNA__4985__A2/DIODE                 1.500000    1.574608   -0.074608 (VIOLATED)
_4985_/A2                               1.500000    1.574566   -0.074566 (VIOLATED)
_4978_/A1                               1.500000    1.574550   -0.074550 (VIOLATED)
mprj.team_04_Wrapper.team_04_WB.instance_to_wrap/gpio_in[26]    1.500000    1.574438   -0.074438 (VIOLATED)
ANTENNA_mprj.team_04_Wrapper.team_04_WB.instance_to_wrap_gpio_in[26]/DIODE    1.500000    1.574390   -0.074390 (VIOLATED)
mprj.team_06_Wrapper.team_06_WB.instance_to_wrap/gpio_in[12]    1.500000    1.573888   -0.073888 (VIOLATED)
mprj.team_02_Wrapper.team_02_WB.instance_to_wrap/gpio_in[20]    1.500000    1.573651   -0.073651 (VIOLATED)
mprj.team_03_Wrapper.team_03_WB.instance_to_wrap/gpio_in[31]    1.500000    1.573177   -0.073177 (VIOLATED)
ANTENNA_mprj.team_03_Wrapper.team_03_WB.instance_to_wrap_gpio_in[31]/DIODE    1.500000    1.572828   -0.072828 (VIOLATED)
ANTENNA_mprj.team_06_Wrapper.team_06_WB.instance_to_wrap_gpio_in[12]/DIODE    1.500000    1.572677   -0.072677 (VIOLATED)
_7900_/A                                1.500000    1.568084   -0.068085 (VIOLATED)
ANTENNA__7900__A/DIODE                  1.500000    1.568074   -0.068074 (VIOLATED)
_5053_/A2                               1.500000    1.566714   -0.066714 (VIOLATED)
ANTENNA__5047__A0/DIODE                 1.500000    1.566710   -0.066710 (VIOLATED)
ANTENNA__5053__A2/DIODE                 1.500000    1.566710   -0.066710 (VIOLATED)
_5047_/A0                               1.500000    1.566668   -0.066668 (VIOLATED)
_6685_/A1                               1.500000    1.561112   -0.061112 (VIOLATED)
ANTENNA__6685__A1/DIODE                 1.500000    1.561094   -0.061094 (VIOLATED)
ANTENNA_mprj.team_01_Wrapper.team_01_WB.instance_to_wrap_ADR_O[19]/DIODE    1.500000    1.559327   -0.059327 (VIOLATED)
mprj.team_01_Wrapper.team_01_WB.instance_to_wrap/ADR_O[19]    1.500000    1.559327   -0.059327 (VIOLATED)
ANTENNA__4503__A2/DIODE                 1.500000    1.558555   -0.058555 (VIOLATED)
_4503_/A2                               1.500000    1.558554   -0.058554 (VIOLATED)
_4496_/A1                               1.500000    1.558536   -0.058536 (VIOLATED)
ANTENNA__4496__A1/DIODE                 1.500000    1.558480   -0.058480 (VIOLATED)
_8045_/A1                               1.500000    1.557961   -0.057961 (VIOLATED)
ANTENNA__8045__A1/DIODE                 1.500000    1.557941   -0.057941 (VIOLATED)
ANTENNA_mprj.team_03_Wrapper.team_03_WB.instance_to_wrap_ADR_O[12]/DIODE    1.500000    1.557319   -0.057319 (VIOLATED)
mprj.team_03_Wrapper.team_03_WB.instance_to_wrap/ADR_O[12]    1.500000    1.557284   -0.057284 (VIOLATED)
_6509_/A1                               1.500000    1.556054   -0.056054 (VIOLATED)
ANTENNA__6509__A1/DIODE                 1.500000    1.556041   -0.056041 (VIOLATED)
mprj.team_11_Wrapper.team_11_WB.instance_to_wrap/gpio_in[30]    1.500000    1.554676   -0.054676 (VIOLATED)
ANTENNA_mprj.team_11_Wrapper.team_11_WB.instance_to_wrap_gpio_in[30]/DIODE    1.500000    1.554671   -0.054671 (VIOLATED)
ANTENNA__4347__A2/DIODE                 1.500000    1.551434   -0.051434 (VIOLATED)
_4347_/A2                               1.500000    1.551428   -0.051428 (VIOLATED)
ANTENNA_21/DIODE                        1.500000    1.551383   -0.051383 (VIOLATED)
ANTENNA__4341__A1/DIODE                 1.500000    1.551349   -0.051349 (VIOLATED)
_4341_/A1                               1.500000    1.551341   -0.051341 (VIOLATED)
ANTENNA_20/DIODE                        1.500000    1.551273   -0.051273 (VIOLATED)
mprj.team_01_Wrapper.team_01_WB.instance_to_wrap/clk    1.500000    1.550679   -0.050679 (VIOLATED)
ANTENNA_mprj.team_01_Wrapper.team_01_WB.instance_to_wrap_clk/DIODE    1.500000    1.549641   -0.049641 (VIOLATED)
mprj.team_10_Wrapper.team_10_WB.instance_to_wrap/gpio_in[5]    1.500000    1.547268   -0.047268 (VIOLATED)
ANTENNA_mprj.team_03_Wrapper.team_03_WB.instance_to_wrap_ADR_O[25]/DIODE    1.500000    1.547054   -0.047054 (VIOLATED)
mprj.team_03_Wrapper.team_03_WB.instance_to_wrap/ADR_O[25]    1.500000    1.547054   -0.047054 (VIOLATED)
ANTENNA_mprj.team_09_Wrapper.team_09_WB.instance_to_wrap_gpio_in[9]/DIODE    1.500000    1.546613   -0.046613 (VIOLATED)
mprj.team_09_Wrapper.team_09_WB.instance_to_wrap/gpio_in[9]    1.500000    1.546591   -0.046591 (VIOLATED)
mprj.team_09_Wrapper.team_09_WB.instance_to_wrap/gpio_in[3]    1.500000    1.546156   -0.046156 (VIOLATED)
ANTENNA_mprj.team_09_Wrapper.team_09_WB.instance_to_wrap_gpio_in[3]/DIODE    1.500000    1.545974   -0.045974 (VIOLATED)
ANTENNA_mprj.team_05_Wrapper.team_05_WB.instance_to_wrap_gpio_out[2]/DIODE    1.500000    1.544109   -0.044109 (VIOLATED)
mprj.team_05_Wrapper.team_05_WB.instance_to_wrap/gpio_out[2]    1.500000    1.544109   -0.044109 (VIOLATED)
ANTENNA_mprj.team_01_Wrapper.team_01_WB.instance_to_wrap_gpio_in[33]/DIODE    1.500000    1.539759   -0.039759 (VIOLATED)
mprj.team_01_Wrapper.team_01_WB.instance_to_wrap/gpio_in[33]    1.500000    1.539755   -0.039755 (VIOLATED)
ANTENNA_mprj.team_06_Wrapper.team_06_WB.instance_to_wrap_gpio_out[15]/DIODE    1.500000    1.539691   -0.039691 (VIOLATED)
mprj.team_06_Wrapper.team_06_WB.instance_to_wrap/gpio_out[15]    1.500000    1.539691   -0.039691 (VIOLATED)
ANTENNA_mprj.team_03_Wrapper.team_03_WB.instance_to_wrap_ADR_O[2]/DIODE    1.500000    1.539334   -0.039334 (VIOLATED)
mprj.team_03_Wrapper.team_03_WB.instance_to_wrap/ADR_O[2]    1.500000    1.539334   -0.039334 (VIOLATED)
_4279_/A1                               1.500000    1.538699   -0.038699 (VIOLATED)
ANTENNA__4279__A1/DIODE                 1.500000    1.538696   -0.038696 (VIOLATED)
ANTENNA__4288__B/DIODE                  1.500000    1.538635   -0.038635 (VIOLATED)
_4288_/B                                1.500000    1.538628   -0.038628 (VIOLATED)
_4287_/B                                1.500000    1.538579   -0.038579 (VIOLATED)
ANTENNA__4287__B/DIODE                  1.500000    1.538515   -0.038515 (VIOLATED)
_8016_/A                                1.500000    1.537632   -0.037633 (VIOLATED)
ANTENNA__8016__A/DIODE                  1.500000    1.537624   -0.037624 (VIOLATED)
ANTENNA__7809__A/DIODE                  1.500000    1.536580   -0.036580 (VIOLATED)
_7809_/A                                1.500000    1.536578   -0.036578 (VIOLATED)
ANTENNA_mprj.team_10_Wrapper.team_10_WB.instance_to_wrap_gpio_in[5]/DIODE    1.500000    1.535501   -0.035501 (VIOLATED)
ANTENNA__4263__A2/DIODE                 1.500000    1.535246   -0.035246 (VIOLATED)
ANTENNA__4257__A1/DIODE                 1.500000    1.535245   -0.035245 (VIOLATED)
_4263_/A2                               1.500000    1.535240   -0.035240 (VIOLATED)
_4257_/A1                               1.500000    1.535231   -0.035231 (VIOLATED)
mprj.team_10_Wrapper.team_10_WB.instance_to_wrap/clk    1.500000    1.533318   -0.033318 (VIOLATED)
ANTENNA_mprj.team_10_Wrapper.team_10_WB.instance_to_wrap_clk/DIODE    1.500000    1.533269   -0.033269 (VIOLATED)
_4761_/A0                               1.500000    1.532840   -0.032840 (VIOLATED)
ANTENNA__4761__A0/DIODE                 1.500000    1.532830   -0.032830 (VIOLATED)
ANTENNA__4767__A2/DIODE                 1.500000    1.532718   -0.032718 (VIOLATED)
_4767_/A2                               1.500000    1.532663   -0.032663 (VIOLATED)
ANTENNA_757/DIODE                       1.500000    1.531139   -0.031139 (VIOLATED)
ANTENNA_mprj.team_08_Wrapper.team_08_WB.instance_to_wrap_gpio_in[11]/DIODE    1.500000    1.530524   -0.030524 (VIOLATED)
mprj.team_08_Wrapper.team_08_WB.instance_to_wrap/gpio_in[11]    1.500000    1.530426   -0.030426 (VIOLATED)
ANTENNA_mprj.team_01_Wrapper.team_01_WB.instance_to_wrap_DAT_O[22]/DIODE    1.500000    1.529483   -0.029483 (VIOLATED)
mprj.team_01_Wrapper.team_01_WB.instance_to_wrap/DAT_O[22]    1.500000    1.529483   -0.029483 (VIOLATED)
ANTENNA_mprj.team_01_Wrapper.team_01_WB.instance_to_wrap_DAT_O[13]/DIODE    1.500000    1.528654   -0.028654 (VIOLATED)
mprj.team_01_Wrapper.team_01_WB.instance_to_wrap/DAT_O[13]    1.500000    1.528654   -0.028654 (VIOLATED)
mprj.team_08_Wrapper.team_08_WB.instance_to_wrap/nrst    1.500000    1.527737   -0.027737 (VIOLATED)
ANTENNA_mprj.team_08_Wrapper.team_08_WB.instance_to_wrap_nrst/DIODE    1.500000    1.527645   -0.027645 (VIOLATED)
ANTENNA_mprj.team_01_Wrapper.team_01_WB.instance_to_wrap_DAT_O[20]/DIODE    1.500000    1.527517   -0.027518 (VIOLATED)
mprj.team_01_Wrapper.team_01_WB.instance_to_wrap/DAT_O[20]    1.500000    1.527515   -0.027515 (VIOLATED)
ANTENNA_750/DIODE                       1.500000    1.527481   -0.027481 (VIOLATED)
ANTENNA_mprj.team_03_Wrapper.team_03_WB.instance_to_wrap_ADR_O[26]/DIODE    1.500000    1.526647   -0.026647 (VIOLATED)
mprj.team_03_Wrapper.team_03_WB.instance_to_wrap/ADR_O[26]    1.500000    1.525785   -0.025785 (VIOLATED)
ANTENNA_755/DIODE                       1.500000    1.525395   -0.025395 (VIOLATED)
_4461_/A2                               1.500000    1.524654   -0.024654 (VIOLATED)
ANTENNA_24/DIODE                        1.500000    1.524650   -0.024650 (VIOLATED)
ANTENNA__4461__A2/DIODE                 1.500000    1.524645   -0.024645 (VIOLATED)
ANTENNA__4435__A1/DIODE                 1.500000    1.524618   -0.024618 (VIOLATED)
_4435_/A1                               1.500000    1.524618   -0.024618 (VIOLATED)
ANTENNA_752/DIODE                       1.500000    1.522928   -0.022928 (VIOLATED)
ANTENNA_mprj.team_08_Wrapper.team_08_WB.instance_to_wrap_gpio_in[26]/DIODE    1.500000    1.522009   -0.022010 (VIOLATED)
_8056_/A1                               1.500000    1.521827   -0.021827 (VIOLATED)
ANTENNA__8056__A1/DIODE                 1.500000    1.521787   -0.021787 (VIOLATED)
mprj.team_04_Wrapper.team_04_WB.instance_to_wrap/gpio_in[31]    1.500000    1.520488   -0.020488 (VIOLATED)
ANTENNA_mprj.team_04_Wrapper.team_04_WB.instance_to_wrap_gpio_in[31]/DIODE    1.500000    1.520401   -0.020401 (VIOLATED)
ANTENNA_mprj.team_03_Wrapper.team_03_WB.instance_to_wrap_ADR_O[4]/DIODE    1.500000    1.520006   -0.020006 (VIOLATED)
mprj.team_03_Wrapper.team_03_WB.instance_to_wrap/ADR_O[4]    1.500000    1.520006   -0.020006 (VIOLATED)
ANTENNA_mprj.team_03_Wrapper.team_03_WB.instance_to_wrap_ADR_O[9]/DIODE    1.500000    1.518602   -0.018602 (VIOLATED)
mprj.team_03_Wrapper.team_03_WB.instance_to_wrap/ADR_O[9]    1.500000    1.518590   -0.018590 (VIOLATED)
ANTENNA_mprj.team_01_Wrapper.team_01_WB.instance_to_wrap_DAT_O[5]/DIODE    1.500000    1.517088   -0.017088 (VIOLATED)
mprj.team_01_Wrapper.team_01_WB.instance_to_wrap/DAT_O[5]    1.500000    1.517088   -0.017088 (VIOLATED)
ANTENNA__4472__A1/DIODE                 1.500000    1.516694   -0.016694 (VIOLATED)
_4472_/A1                               1.500000    1.516682   -0.016682 (VIOLATED)
ANTENNA__4479__A2/DIODE                 1.500000    1.516669   -0.016669 (VIOLATED)
_4479_/A2                               1.500000    1.516645   -0.016645 (VIOLATED)
_8050_/A                                1.500000    1.515864   -0.015864 (VIOLATED)
ANTENNA__8050__A/DIODE                  1.500000    1.515862   -0.015862 (VIOLATED)
ANTENNA_mprj.team_11_Wrapper.team_11_WB.instance_to_wrap_gpio_in[31]/DIODE    1.500000    1.515504   -0.015504 (VIOLATED)
mprj.team_11_Wrapper.team_11_WB.instance_to_wrap/gpio_in[31]    1.500000    1.515500   -0.015500 (VIOLATED)
ANTENNA_mprj.team_05_Wrapper.team_05_WB.instance_to_wrap_gpio_out[10]/DIODE    1.500000    1.513727   -0.013727 (VIOLATED)
mprj.team_05_Wrapper.team_05_WB.instance_to_wrap/gpio_out[10]    1.500000    1.513727   -0.013727 (VIOLATED)
_8048_/B2                               1.500000    1.513726   -0.013726 (VIOLATED)
ANTENNA__8048__B2/DIODE                 1.500000    1.513723   -0.013723 (VIOLATED)
ANTENNA_756/DIODE                       1.500000    1.512315   -0.012315 (VIOLATED)
ANTENNA_mprj.team_02_Wrapper.team_02_WB.instance_to_wrap_gpio_out[10]/DIODE    1.500000    1.510809   -0.010809 (VIOLATED)
mprj.team_02_Wrapper.team_02_WB.instance_to_wrap/gpio_out[10]    1.500000    1.510809   -0.010809 (VIOLATED)
mprj.team_08_Wrapper.team_08_WB.instance_to_wrap/gpio_in[26]    1.500000    1.510627   -0.010627 (VIOLATED)
mprj.team_08_Wrapper.team_08_WB.instance_to_wrap/gpio_in[22]    1.500000    1.508391   -0.008391 (VIOLATED)
_6362_/A3                               1.500000    1.508331   -0.008331 (VIOLATED)
ANTENNA__6362__A3/DIODE                 1.500000    1.508324   -0.008324 (VIOLATED)
ANTENNA_751/DIODE                       1.500000    1.508041   -0.008041 (VIOLATED)
ANTENNA__7987__B2/DIODE                 1.500000    1.507241   -0.007241 (VIOLATED)
_7987_/B2                               1.500000    1.507239   -0.007239 (VIOLATED)
ANTENNA_clkbuf_1_1_1_wb_clk_i_X/DIODE    1.500000    1.506969   -0.006969 (VIOLATED)
clkbuf_1_1_1_wb_clk_i/X                 1.500000    1.506842   -0.006842 (VIOLATED)
ANTENNA_mprj.team_03_Wrapper.team_03_WB.instance_to_wrap_ADR_O[28]/DIODE    1.500000    1.506176   -0.006176 (VIOLATED)
mprj.team_03_Wrapper.team_03_WB.instance_to_wrap/ADR_O[28]    1.500000    1.506176   -0.006176 (VIOLATED)
ANTENNA_mprj.team_08_Wrapper.team_08_WB.instance_to_wrap_gpio_in[5]/DIODE    1.500000    1.506137   -0.006137 (VIOLATED)
mprj.team_08_Wrapper.team_08_WB.instance_to_wrap/gpio_in[5]    1.500000    1.506134   -0.006134 (VIOLATED)
mprj.team_07_Wrapper.team_07_WB.instance_to_wrap/gpio_in[30]    1.500000    1.506021   -0.006021 (VIOLATED)
ANTENNA_mprj.team_07_Wrapper.team_07_WB.instance_to_wrap_gpio_in[30]/DIODE    1.500000    1.505988   -0.005988 (VIOLATED)
ANTENNA_mprj.team_01_Wrapper.team_01_WB.instance_to_wrap_gpio_in[30]/DIODE    1.500000    1.505157   -0.005158 (VIOLATED)
mprj.team_01_Wrapper.team_01_WB.instance_to_wrap/gpio_in[30]    1.500000    1.505147   -0.005147 (VIOLATED)
ANTENNA_753/DIODE                       1.500000    1.504063   -0.004063 (VIOLATED)
mprj.team_05_Wrapper.team_05_WB.instance_to_wrap/gpio_in[31]    1.500000    1.503147   -0.003147 (VIOLATED)
ANTENNA_mprj.team_07_Wrapper.team_07_WB.instance_to_wrap_gpio_out[16]/DIODE    1.500000    1.503038   -0.003038 (VIOLATED)
mprj.team_07_Wrapper.team_07_WB.instance_to_wrap/gpio_out[16]    1.500000    1.503038   -0.003038 (VIOLATED)
ANTENNA_mprj.team_05_Wrapper.team_05_WB.instance_to_wrap_gpio_in[31]/DIODE    1.500000    1.502905   -0.002905 (VIOLATED)
_4380_/A2                               1.500000    1.501142   -0.001142 (VIOLATED)
ANTENNA__4380__A2/DIODE                 1.500000    1.501114   -0.001115 (VIOLATED)
_4374_/A1                               1.500000    1.501079   -0.001079 (VIOLATED)
ANTENNA__4374__A1/DIODE                 1.500000    1.501025   -0.001025 (VIOLATED)
ANTENNA_26/DIODE                        1.500000    1.500967   -0.000967 (VIOLATED)
ANTENNA__4176__A0/DIODE                 1.500000    1.500049   -0.000049 (VIOLATED)
_4176_/A0                               1.500000    1.500046   -0.000047 (VIOLATED)

max fanout

Pin                                   Limit Fanout  Slack
---------------------------------------------------------
clkbuf_5_25_0_wb_clk_i_regs/X            10     31    -21 (VIOLATED)
clkbuf_5_7_0_wb_clk_i_regs/X             10     31    -21 (VIOLATED)
clkbuf_5_19_0_wb_clk_i_regs/X            10     29    -19 (VIOLATED)
clkbuf_5_9_0_wb_clk_i_regs/X             10     27    -17 (VIOLATED)
clkbuf_5_24_0_wb_clk_i_regs/X            10     25    -15 (VIOLATED)
clkbuf_5_26_0_wb_clk_i_regs/X            10     25    -15 (VIOLATED)
input42/X                                10     25    -15 (VIOLATED)
fanout253/X                              10     24    -14 (VIOLATED)
fanout677/X                              10     24    -14 (VIOLATED)
_4293_/Y                                 10     23    -13 (VIOLATED)
clkbuf_5_11_0_wb_clk_i_regs/X            10     23    -13 (VIOLATED)
clkbuf_5_18_0_wb_clk_i_regs/X            10     23    -13 (VIOLATED)
clkbuf_5_30_0_wb_clk_i_regs/X            10     23    -13 (VIOLATED)
clkbuf_5_31_0_wb_clk_i_regs/X            10     23    -13 (VIOLATED)
clkbuf_5_4_0_wb_clk_i_regs/X             10     23    -13 (VIOLATED)
clkbuf_5_6_0_wb_clk_i_regs/X             10     23    -13 (VIOLATED)
fanout373/X                              10     23    -13 (VIOLATED)
fanout393/X                              10     23    -13 (VIOLATED)
fanout252/X                              10     22    -12 (VIOLATED)
fanout255/X                              10     22    -12 (VIOLATED)
fanout314/X                              10     22    -12 (VIOLATED)
fanout366/X                              10     22    -12 (VIOLATED)
fanout429/X                              10     22    -12 (VIOLATED)
fanout434/X                              10     22    -12 (VIOLATED)
fanout446/X                              10     22    -12 (VIOLATED)
fanout492/X                              10     22    -12 (VIOLATED)
fanout499/X                              10     22    -12 (VIOLATED)
fanout504/X                              10     22    -12 (VIOLATED)
fanout549/X                              10     22    -12 (VIOLATED)
fanout556/X                              10     22    -12 (VIOLATED)
fanout586/X                              10     22    -12 (VIOLATED)
fanout618/X                              10     22    -12 (VIOLATED)
_4174_/X                                 10     21    -11 (VIOLATED)
_8592_/Q                                 10     21    -11 (VIOLATED)
_8616_/Q                                 10     21    -11 (VIOLATED)
_8708_/Q                                 10     21    -11 (VIOLATED)
_8883_/Q                                 10     21    -11 (VIOLATED)
clkbuf_5_10_0_wb_clk_i_regs/X            10     21    -11 (VIOLATED)
clkbuf_5_17_0_wb_clk_i_regs/X            10     21    -11 (VIOLATED)
clkbuf_5_23_0_wb_clk_i_regs/X            10     21    -11 (VIOLATED)
clkbuf_5_3_0_wb_clk_i_regs/X             10     21    -11 (VIOLATED)
clkbuf_5_5_0_wb_clk_i_regs/X             10     21    -11 (VIOLATED)
clkbuf_5_8_0_wb_clk_i_regs/X             10     21    -11 (VIOLATED)
fanout208/X                              10     21    -11 (VIOLATED)
fanout210/X                              10     21    -11 (VIOLATED)
fanout213/X                              10     21    -11 (VIOLATED)
fanout214/X                              10     21    -11 (VIOLATED)
fanout215/X                              10     21    -11 (VIOLATED)
fanout216/X                              10     21    -11 (VIOLATED)
fanout217/X                              10     21    -11 (VIOLATED)
fanout218/X                              10     21    -11 (VIOLATED)
fanout221/X                              10     21    -11 (VIOLATED)
fanout222/X                              10     21    -11 (VIOLATED)
fanout224/X                              10     21    -11 (VIOLATED)
fanout226/X                              10     21    -11 (VIOLATED)
fanout227/X                              10     21    -11 (VIOLATED)
fanout228/X                              10     21    -11 (VIOLATED)
fanout230/X                              10     21    -11 (VIOLATED)
fanout232/X                              10     21    -11 (VIOLATED)
fanout234/X                              10     21    -11 (VIOLATED)
fanout235/X                              10     21    -11 (VIOLATED)
fanout237/X                              10     21    -11 (VIOLATED)
fanout239/X                              10     21    -11 (VIOLATED)
fanout241/X                              10     21    -11 (VIOLATED)
fanout242/X                              10     21    -11 (VIOLATED)
fanout245/X                              10     21    -11 (VIOLATED)
fanout247/X                              10     21    -11 (VIOLATED)
fanout249/X                              10     21    -11 (VIOLATED)
fanout256/X                              10     21    -11 (VIOLATED)
fanout257/X                              10     21    -11 (VIOLATED)
fanout260/X                              10     21    -11 (VIOLATED)
fanout261/X                              10     21    -11 (VIOLATED)
fanout262/X                              10     21    -11 (VIOLATED)
fanout263/X                              10     21    -11 (VIOLATED)
fanout265/X                              10     21    -11 (VIOLATED)
fanout267/X                              10     21    -11 (VIOLATED)
fanout269/X                              10     21    -11 (VIOLATED)
fanout270/X                              10     21    -11 (VIOLATED)
fanout273/X                              10     21    -11 (VIOLATED)
fanout274/X                              10     21    -11 (VIOLATED)
fanout276/X                              10     21    -11 (VIOLATED)
fanout277/X                              10     21    -11 (VIOLATED)
fanout279/X                              10     21    -11 (VIOLATED)
fanout280/X                              10     21    -11 (VIOLATED)
fanout282/X                              10     21    -11 (VIOLATED)
fanout284/X                              10     21    -11 (VIOLATED)
fanout285/X                              10     21    -11 (VIOLATED)
fanout288/X                              10     21    -11 (VIOLATED)
fanout291/X                              10     21    -11 (VIOLATED)
fanout295/X                              10     21    -11 (VIOLATED)
fanout296/X                              10     21    -11 (VIOLATED)
fanout297/X                              10     21    -11 (VIOLATED)
fanout299/X                              10     21    -11 (VIOLATED)
fanout300/X                              10     21    -11 (VIOLATED)
fanout302/X                              10     21    -11 (VIOLATED)
fanout303/X                              10     21    -11 (VIOLATED)
fanout305/X                              10     21    -11 (VIOLATED)
fanout307/X                              10     21    -11 (VIOLATED)
fanout309/X                              10     21    -11 (VIOLATED)
fanout310/X                              10     21    -11 (VIOLATED)
fanout312/X                              10     21    -11 (VIOLATED)
fanout316/X                              10     21    -11 (VIOLATED)
fanout318/X                              10     21    -11 (VIOLATED)
fanout320/X                              10     21    -11 (VIOLATED)
fanout322/X                              10     21    -11 (VIOLATED)
fanout324/X                              10     21    -11 (VIOLATED)
fanout325/X                              10     21    -11 (VIOLATED)
fanout327/X                              10     21    -11 (VIOLATED)
fanout329/X                              10     21    -11 (VIOLATED)
fanout331/X                              10     21    -11 (VIOLATED)
fanout334/X                              10     21    -11 (VIOLATED)
fanout336/X                              10     21    -11 (VIOLATED)
fanout337/X                              10     21    -11 (VIOLATED)
fanout341/X                              10     21    -11 (VIOLATED)
fanout342/X                              10     21    -11 (VIOLATED)
fanout344/X                              10     21    -11 (VIOLATED)
fanout345/X                              10     21    -11 (VIOLATED)
fanout348/X                              10     21    -11 (VIOLATED)
fanout349/X                              10     21    -11 (VIOLATED)
fanout350/X                              10     21    -11 (VIOLATED)
fanout367/X                              10     21    -11 (VIOLATED)
fanout368/X                              10     21    -11 (VIOLATED)
fanout370/X                              10     21    -11 (VIOLATED)
fanout371/X                              10     21    -11 (VIOLATED)
fanout378/X                              10     21    -11 (VIOLATED)
fanout382/X                              10     21    -11 (VIOLATED)
fanout383/X                              10     21    -11 (VIOLATED)
fanout385/X                              10     21    -11 (VIOLATED)
fanout388/X                              10     21    -11 (VIOLATED)
fanout390/X                              10     21    -11 (VIOLATED)
fanout397/X                              10     21    -11 (VIOLATED)
fanout399/X                              10     21    -11 (VIOLATED)
fanout401/X                              10     21    -11 (VIOLATED)
fanout402/X                              10     21    -11 (VIOLATED)
fanout403/X                              10     21    -11 (VIOLATED)
fanout405/X                              10     21    -11 (VIOLATED)
fanout407/X                              10     21    -11 (VIOLATED)
fanout409/X                              10     21    -11 (VIOLATED)
fanout410/X                              10     21    -11 (VIOLATED)
fanout411/X                              10     21    -11 (VIOLATED)
fanout413/X                              10     21    -11 (VIOLATED)
fanout414/X                              10     21    -11 (VIOLATED)
fanout415/X                              10     21    -11 (VIOLATED)
fanout417/X                              10     21    -11 (VIOLATED)
fanout418/X                              10     21    -11 (VIOLATED)
fanout421/X                              10     21    -11 (VIOLATED)
fanout423/X                              10     21    -11 (VIOLATED)
fanout424/X                              10     21    -11 (VIOLATED)
fanout426/X                              10     21    -11 (VIOLATED)
fanout427/X                              10     21    -11 (VIOLATED)
fanout430/X                              10     21    -11 (VIOLATED)
fanout432/X                              10     21    -11 (VIOLATED)
fanout435/X                              10     21    -11 (VIOLATED)
fanout437/X                              10     21    -11 (VIOLATED)
fanout438/X                              10     21    -11 (VIOLATED)
fanout441/X                              10     21    -11 (VIOLATED)
fanout443/X                              10     21    -11 (VIOLATED)
fanout444/X                              10     21    -11 (VIOLATED)
fanout447/X                              10     21    -11 (VIOLATED)
fanout449/X                              10     21    -11 (VIOLATED)
fanout451/X                              10     21    -11 (VIOLATED)
fanout452/X                              10     21    -11 (VIOLATED)
fanout454/X                              10     21    -11 (VIOLATED)
fanout455/X                              10     21    -11 (VIOLATED)
fanout458/X                              10     21    -11 (VIOLATED)
fanout460/X                              10     21    -11 (VIOLATED)
fanout461/X                              10     21    -11 (VIOLATED)
fanout463/X                              10     21    -11 (VIOLATED)
fanout464/X                              10     21    -11 (VIOLATED)
fanout467/X                              10     21    -11 (VIOLATED)
fanout469/X                              10     21    -11 (VIOLATED)
fanout470/X                              10     21    -11 (VIOLATED)
fanout473/X                              10     21    -11 (VIOLATED)
fanout474/X                              10     21    -11 (VIOLATED)
fanout477/X                              10     21    -11 (VIOLATED)
fanout479/X                              10     21    -11 (VIOLATED)
fanout481/X                              10     21    -11 (VIOLATED)
fanout482/X                              10     21    -11 (VIOLATED)
fanout483/X                              10     21    -11 (VIOLATED)
fanout485/X                              10     21    -11 (VIOLATED)
fanout486/X                              10     21    -11 (VIOLATED)
fanout489/X                              10     21    -11 (VIOLATED)
fanout493/X                              10     21    -11 (VIOLATED)
fanout494/X                              10     21    -11 (VIOLATED)
fanout495/X                              10     21    -11 (VIOLATED)
fanout496/X                              10     21    -11 (VIOLATED)
fanout498/X                              10     21    -11 (VIOLATED)
fanout503/X                              10     21    -11 (VIOLATED)
fanout505/X                              10     21    -11 (VIOLATED)
fanout508/X                              10     21    -11 (VIOLATED)
fanout509/X                              10     21    -11 (VIOLATED)
fanout512/X                              10     21    -11 (VIOLATED)
fanout514/X                              10     21    -11 (VIOLATED)
fanout515/X                              10     21    -11 (VIOLATED)
fanout517/X                              10     21    -11 (VIOLATED)
fanout518/X                              10     21    -11 (VIOLATED)
fanout534/X                              10     21    -11 (VIOLATED)
fanout535/X                              10     21    -11 (VIOLATED)
fanout536/X                              10     21    -11 (VIOLATED)
fanout539/X                              10     21    -11 (VIOLATED)
fanout541/X                              10     21    -11 (VIOLATED)
fanout542/X                              10     21    -11 (VIOLATED)
fanout543/X                              10     21    -11 (VIOLATED)
fanout547/X                              10     21    -11 (VIOLATED)
fanout551/X                              10     21    -11 (VIOLATED)
fanout552/X                              10     21    -11 (VIOLATED)
fanout553/X                              10     21    -11 (VIOLATED)
fanout557/X                              10     21    -11 (VIOLATED)
fanout558/X                              10     21    -11 (VIOLATED)
fanout559/X                              10     21    -11 (VIOLATED)
fanout560/X                              10     21    -11 (VIOLATED)
fanout561/X                              10     21    -11 (VIOLATED)
fanout562/X                              10     21    -11 (VIOLATED)
fanout563/X                              10     21    -11 (VIOLATED)
fanout565/X                              10     21    -11 (VIOLATED)
fanout566/X                              10     21    -11 (VIOLATED)
fanout568/X                              10     21    -11 (VIOLATED)
fanout569/X                              10     21    -11 (VIOLATED)
fanout571/X                              10     21    -11 (VIOLATED)
fanout572/X                              10     21    -11 (VIOLATED)
fanout574/X                              10     21    -11 (VIOLATED)
fanout577/X                              10     21    -11 (VIOLATED)
fanout578/X                              10     21    -11 (VIOLATED)
fanout580/X                              10     21    -11 (VIOLATED)
fanout583/X                              10     21    -11 (VIOLATED)
fanout588/X                              10     21    -11 (VIOLATED)
fanout589/X                              10     21    -11 (VIOLATED)
fanout590/X                              10     21    -11 (VIOLATED)
fanout591/X                              10     21    -11 (VIOLATED)
fanout593/X                              10     21    -11 (VIOLATED)
fanout594/X                              10     21    -11 (VIOLATED)
fanout595/X                              10     21    -11 (VIOLATED)
fanout597/X                              10     21    -11 (VIOLATED)
fanout602/X                              10     21    -11 (VIOLATED)
fanout607/X                              10     21    -11 (VIOLATED)
fanout609/X                              10     21    -11 (VIOLATED)
fanout610/X                              10     21    -11 (VIOLATED)
fanout611/X                              10     21    -11 (VIOLATED)
fanout612/X                              10     21    -11 (VIOLATED)
fanout615/X                              10     21    -11 (VIOLATED)
fanout617/X                              10     21    -11 (VIOLATED)
fanout620/X                              10     21    -11 (VIOLATED)
fanout622/X                              10     21    -11 (VIOLATED)
fanout624/X                              10     21    -11 (VIOLATED)
fanout626/X                              10     21    -11 (VIOLATED)
fanout628/X                              10     21    -11 (VIOLATED)
fanout629/X                              10     21    -11 (VIOLATED)
fanout630/X                              10     21    -11 (VIOLATED)
fanout633/X                              10     21    -11 (VIOLATED)
fanout635/X                              10     21    -11 (VIOLATED)
fanout637/X                              10     21    -11 (VIOLATED)
fanout640/X                              10     21    -11 (VIOLATED)
fanout675/X                              10     21    -11 (VIOLATED)
fanout676/X                              10     21    -11 (VIOLATED)
fanout693/X                              10     21    -11 (VIOLATED)
fanout694/X                              10     21    -11 (VIOLATED)
fanout695/X                              10     21    -11 (VIOLATED)
fanout700/X                              10     21    -11 (VIOLATED)
fanout702/X                              10     21    -11 (VIOLATED)
fanout703/X                              10     21    -11 (VIOLATED)
fanout705/X                              10     21    -11 (VIOLATED)
fanout707/X                              10     21    -11 (VIOLATED)
fanout708/X                              10     21    -11 (VIOLATED)
fanout709/X                              10     21    -11 (VIOLATED)
fanout710/X                              10     21    -11 (VIOLATED)
fanout714/X                              10     21    -11 (VIOLATED)
fanout716/X                              10     21    -11 (VIOLATED)
fanout718/X                              10     21    -11 (VIOLATED)
fanout720/X                              10     21    -11 (VIOLATED)
fanout723/X                              10     21    -11 (VIOLATED)
fanout724/X                              10     21    -11 (VIOLATED)
fanout725/X                              10     21    -11 (VIOLATED)
fanout727/X                              10     21    -11 (VIOLATED)
fanout728/X                              10     21    -11 (VIOLATED)
fanout730/X                              10     21    -11 (VIOLATED)
fanout732/X                              10     21    -11 (VIOLATED)
fanout733/X                              10     21    -11 (VIOLATED)
fanout735/X                              10     21    -11 (VIOLATED)
fanout736/X                              10     21    -11 (VIOLATED)
fanout737/X                              10     21    -11 (VIOLATED)
hold162/X                                10     21    -11 (VIOLATED)
hold244/X                                10     21    -11 (VIOLATED)
hold274/X                                10     21    -11 (VIOLATED)
hold35/X                                 10     21    -11 (VIOLATED)
hold552/X                                10     21    -11 (VIOLATED)
hold580/X                                10     21    -11 (VIOLATED)
fanout236/X                              10     20    -10 (VIOLATED)
_4324_/Y                                 10     19     -9 (VIOLATED)
_4841_/X                                 10     19     -9 (VIOLATED)
_5149_/X                                 10     19     -9 (VIOLATED)
_5156_/Y                                 10     19     -9 (VIOLATED)
_5227_/Y                                 10     19     -9 (VIOLATED)
_6030_/X                                 10     19     -9 (VIOLATED)
_8572_/Q                                 10     19     -9 (VIOLATED)
_8573_/Q                                 10     19     -9 (VIOLATED)
_8593_/Q                                 10     19     -9 (VIOLATED)
_8617_/Q                                 10     19     -9 (VIOLATED)
_8628_/Q                                 10     19     -9 (VIOLATED)
_8709_/Q                                 10     19     -9 (VIOLATED)
_8884_/Q                                 10     19     -9 (VIOLATED)
clkbuf_5_2_0_wb_clk_i_regs/X             10     19     -9 (VIOLATED)
fanout212/X                              10     19     -9 (VIOLATED)
fanout219/X                              10     19     -9 (VIOLATED)
fanout238/X                              10     19     -9 (VIOLATED)
fanout250/X                              10     19     -9 (VIOLATED)
fanout258/X                              10     19     -9 (VIOLATED)
fanout271/X                              10     19     -9 (VIOLATED)
fanout372/X                              10     19     -9 (VIOLATED)
fanout478/X                              10     19     -9 (VIOLATED)
fanout537/X                              10     19     -9 (VIOLATED)
fanout540/X                              10     19     -9 (VIOLATED)
fanout545/X                              10     19     -9 (VIOLATED)
fanout564/X                              10     19     -9 (VIOLATED)
fanout567/X                              10     19     -9 (VIOLATED)
fanout570/X                              10     19     -9 (VIOLATED)
fanout598/X                              10     19     -9 (VIOLATED)
fanout606/X                              10     19     -9 (VIOLATED)
fanout632/X                              10     19     -9 (VIOLATED)
fanout699/X                              10     19     -9 (VIOLATED)
fanout715/X                              10     19     -9 (VIOLATED)
hold315/X                                10     19     -9 (VIOLATED)
hold452/X                                10     19     -9 (VIOLATED)
hold726/X                                10     19     -9 (VIOLATED)
clkbuf_5_16_0_wb_clk_i_regs/X            10     18     -8 (VIOLATED)
hold348/X                                10     18     -8 (VIOLATED)
mprj.team_05_Wrapper.team_05_WB.instance_to_wrap/gpio_oeb[32]     10     18     -8 (VIOLATED)
_4048_/Y                                 10     17     -7 (VIOLATED)
_4325_/Y                                 10     17     -7 (VIOLATED)
_5138_/X                                 10     17     -7 (VIOLATED)
_5464_/Y                                 10     17     -7 (VIOLATED)
_6243_/X                                 10     17     -7 (VIOLATED)
_6249_/X                                 10     17     -7 (VIOLATED)
_6267_/X                                 10     17     -7 (VIOLATED)
_6270_/X                                 10     17     -7 (VIOLATED)
_6302_/X                                 10     17     -7 (VIOLATED)
_6303_/X                                 10     17     -7 (VIOLATED)
_6334_/X                                 10     17     -7 (VIOLATED)
_6340_/X                                 10     17     -7 (VIOLATED)
_6411_/X                                 10     17     -7 (VIOLATED)
_6414_/X                                 10     17     -7 (VIOLATED)
_6444_/X                                 10     17     -7 (VIOLATED)
_6447_/X                                 10     17     -7 (VIOLATED)
_6483_/X                                 10     17     -7 (VIOLATED)
_6516_/X                                 10     17     -7 (VIOLATED)
_6520_/X                                 10     17     -7 (VIOLATED)
_6553_/X                                 10     17     -7 (VIOLATED)
_6556_/X                                 10     17     -7 (VIOLATED)
_6590_/X                                 10     17     -7 (VIOLATED)
_6594_/X                                 10     17     -7 (VIOLATED)
_6626_/X                                 10     17     -7 (VIOLATED)
_6627_/X                                 10     17     -7 (VIOLATED)
_6663_/X                                 10     17     -7 (VIOLATED)
_6664_/X                                 10     17     -7 (VIOLATED)
_6700_/X                                 10     17     -7 (VIOLATED)
_6702_/X                                 10     17     -7 (VIOLATED)
_6738_/X                                 10     17     -7 (VIOLATED)
_6773_/X                                 10     17     -7 (VIOLATED)
_6776_/X                                 10     17     -7 (VIOLATED)
_6811_/X                                 10     17     -7 (VIOLATED)
_6843_/X                                 10     17     -7 (VIOLATED)
_6847_/X                                 10     17     -7 (VIOLATED)
_6878_/X                                 10     17     -7 (VIOLATED)
_6880_/X                                 10     17     -7 (VIOLATED)
_6912_/X                                 10     17     -7 (VIOLATED)
_6943_/X                                 10     17     -7 (VIOLATED)
_6951_/X                                 10     17     -7 (VIOLATED)
_6985_/Y                                 10     17     -7 (VIOLATED)
_7473_/Y                                 10     17     -7 (VIOLATED)
_7692_/X                                 10     17     -7 (VIOLATED)
_7729_/X                                 10     17     -7 (VIOLATED)
_7755_/X                                 10     17     -7 (VIOLATED)
_7762_/X                                 10     17     -7 (VIOLATED)
_7792_/X                                 10     17     -7 (VIOLATED)
_7793_/X                                 10     17     -7 (VIOLATED)
_7827_/X                                 10     17     -7 (VIOLATED)
_7829_/Y                                 10     17     -7 (VIOLATED)
_7860_/X                                 10     17     -7 (VIOLATED)
_7863_/X                                 10     17     -7 (VIOLATED)
_7894_/X                                 10     17     -7 (VIOLATED)
_7895_/X                                 10     17     -7 (VIOLATED)
_7930_/X                                 10     17     -7 (VIOLATED)
_7964_/X                                 10     17     -7 (VIOLATED)
_7997_/X                                 10     17     -7 (VIOLATED)
_7998_/X                                 10     17     -7 (VIOLATED)
_8031_/X                                 10     17     -7 (VIOLATED)
_8064_/X                                 10     17     -7 (VIOLATED)
_8066_/X                                 10     17     -7 (VIOLATED)
_8641_/Q                                 10     17     -7 (VIOLATED)
_8688_/Q                                 10     17     -7 (VIOLATED)
_8690_/Q                                 10     17     -7 (VIOLATED)
_8691_/Q                                 10     17     -7 (VIOLATED)
_8696_/Q                                 10     17     -7 (VIOLATED)
_8877_/Q                                 10     17     -7 (VIOLATED)
_8886_/Q                                 10     17     -7 (VIOLATED)
clkbuf_5_12_0_wb_clk_i_regs/X            10     17     -7 (VIOLATED)
clkbuf_5_14_0_wb_clk_i_regs/X            10     17     -7 (VIOLATED)
clkbuf_5_1_0_wb_clk_i_regs/X             10     17     -7 (VIOLATED)
clkbuf_5_22_0_wb_clk_i_regs/X            10     17     -7 (VIOLATED)
clkbuf_5_27_0_wb_clk_i_regs/X            10     17     -7 (VIOLATED)
clkbuf_5_28_0_wb_clk_i_regs/X            10     17     -7 (VIOLATED)
fanout225/X                              10     17     -7 (VIOLATED)
fanout246/X                              10     17     -7 (VIOLATED)
fanout259/X                              10     17     -7 (VIOLATED)
fanout268/X                              10     17     -7 (VIOLATED)
fanout289/X                              10     17     -7 (VIOLATED)
fanout290/X                              10     17     -7 (VIOLATED)
fanout292/X                              10     17     -7 (VIOLATED)
fanout293/X                              10     17     -7 (VIOLATED)
fanout301/X                              10     17     -7 (VIOLATED)
fanout306/X                              10     17     -7 (VIOLATED)
fanout313/X                              10     17     -7 (VIOLATED)
fanout326/X                              10     17     -7 (VIOLATED)
fanout346/X                              10     17     -7 (VIOLATED)
fanout369/X                              10     17     -7 (VIOLATED)
fanout375/X                              10     17     -7 (VIOLATED)
fanout377/X                              10     17     -7 (VIOLATED)
fanout379/X                              10     17     -7 (VIOLATED)
fanout387/X                              10     17     -7 (VIOLATED)
fanout389/X                              10     17     -7 (VIOLATED)
fanout398/X                              10     17     -7 (VIOLATED)
fanout416/X                              10     17     -7 (VIOLATED)
fanout420/X                              10     17     -7 (VIOLATED)
fanout442/X                              10     17     -7 (VIOLATED)
fanout459/X                              10     17     -7 (VIOLATED)
fanout491/X                              10     17     -7 (VIOLATED)
fanout548/X                              10     17     -7 (VIOLATED)
fanout582/X                              10     17     -7 (VIOLATED)
fanout584/X                              10     17     -7 (VIOLATED)
fanout599/X                              10     17     -7 (VIOLATED)
fanout608/X                              10     17     -7 (VIOLATED)
fanout616/X                              10     17     -7 (VIOLATED)
fanout639/X                              10     17     -7 (VIOLATED)
fanout696/X                              10     17     -7 (VIOLATED)
fanout711/X                              10     17     -7 (VIOLATED)
fanout731/X                              10     17     -7 (VIOLATED)
hold127/X                                10     17     -7 (VIOLATED)
hold198/X                                10     17     -7 (VIOLATED)
hold314/X                                10     17     -7 (VIOLATED)
hold326/X                                10     17     -7 (VIOLATED)
hold388/X                                10     17     -7 (VIOLATED)
hold52/X                                 10     17     -7 (VIOLATED)
hold530/X                                10     17     -7 (VIOLATED)
mprj.team_05_Wrapper.team_05_WB.instance_to_wrap/gpio_oeb[15]     10     17     -7 (VIOLATED)
mprj.team_08_Wrapper.team_08_WB.instance_to_wrap/gpio_oeb[15]     10     17     -7 (VIOLATED)
_8640_/Q                                 10     16     -6 (VIOLATED)
fanout519/X                              10     16     -6 (VIOLATED)
fanout550/X                              10     16     -6 (VIOLATED)
hold136/X                                10     16     -6 (VIOLATED)
input43/X                                10     16     -6 (VIOLATED)
input53/X                                10     16     -6 (VIOLATED)
input70/X                                10     16     -6 (VIOLATED)
input71/X                                10     16     -6 (VIOLATED)
_4057_/Y                                 10     15     -5 (VIOLATED)
_4063_/Y                                 10     15     -5 (VIOLATED)
_4065_/Y                                 10     15     -5 (VIOLATED)
_4066_/Y                                 10     15     -5 (VIOLATED)
_4073_/Y                                 10     15     -5 (VIOLATED)
_4150_/Y                                 10     15     -5 (VIOLATED)
_4151_/Y                                 10     15     -5 (VIOLATED)
_4163_/Y                                 10     15     -5 (VIOLATED)
_4187_/Y                                 10     15     -5 (VIOLATED)
_4312_/X                                 10     15     -5 (VIOLATED)
_4557_/Y                                 10     15     -5 (VIOLATED)
_5265_/Y                                 10     15     -5 (VIOLATED)
_6237_/Y                                 10     15     -5 (VIOLATED)
_6238_/Y                                 10     15     -5 (VIOLATED)
_6261_/Y                                 10     15     -5 (VIOLATED)
_6262_/Y                                 10     15     -5 (VIOLATED)
_6298_/Y                                 10     15     -5 (VIOLATED)
_6336_/Y                                 10     15     -5 (VIOLATED)
_6373_/X                                 10     15     -5 (VIOLATED)
_6374_/Y                                 10     15     -5 (VIOLATED)
_6378_/X                                 10     15     -5 (VIOLATED)
_6407_/Y                                 10     15     -5 (VIOLATED)
_6440_/Y                                 10     15     -5 (VIOLATED)
_6475_/Y                                 10     15     -5 (VIOLATED)
_6476_/Y                                 10     15     -5 (VIOLATED)
_6479_/X                                 10     15     -5 (VIOLATED)
_6513_/Y                                 10     15     -5 (VIOLATED)
_6548_/Y                                 10     15     -5 (VIOLATED)
_6549_/Y                                 10     15     -5 (VIOLATED)
_6584_/Y                                 10     15     -5 (VIOLATED)
_6585_/Y                                 10     15     -5 (VIOLATED)
_6621_/Y                                 10     15     -5 (VIOLATED)
_6622_/Y                                 10     15     -5 (VIOLATED)
_6657_/Y                                 10     15     -5 (VIOLATED)
_6658_/Y                                 10     15     -5 (VIOLATED)
_6693_/Y                                 10     15     -5 (VIOLATED)
_6694_/Y                                 10     15     -5 (VIOLATED)
_6730_/Y                                 10     15     -5 (VIOLATED)
_6734_/X                                 10     15     -5 (VIOLATED)
_6767_/Y                                 10     15     -5 (VIOLATED)
_6768_/Y                                 10     15     -5 (VIOLATED)
_6803_/Y                                 10     15     -5 (VIOLATED)
_6837_/Y                                 10     15     -5 (VIOLATED)
_6838_/Y                                 10     15     -5 (VIOLATED)
_6873_/Y                                 10     15     -5 (VIOLATED)
_6907_/Y                                 10     15     -5 (VIOLATED)
_6939_/Y                                 10     15     -5 (VIOLATED)
_7687_/Y                                 10     15     -5 (VIOLATED)
_7688_/Y                                 10     15     -5 (VIOLATED)
_7722_/Y                                 10     15     -5 (VIOLATED)
_7726_/X                                 10     15     -5 (VIOLATED)
_7758_/Y                                 10     15     -5 (VIOLATED)
_7822_/Y                                 10     15     -5 (VIOLATED)
_7856_/Y                                 10     15     -5 (VIOLATED)
_7857_/Y                                 10     15     -5 (VIOLATED)
_7889_/Y                                 10     15     -5 (VIOLATED)
_7924_/Y                                 10     15     -5 (VIOLATED)
_7932_/X                                 10     15     -5 (VIOLATED)
_7959_/Y                                 10     15     -5 (VIOLATED)
_7965_/X                                 10     15     -5 (VIOLATED)
_8027_/Y                                 10     15     -5 (VIOLATED)
_8033_/X                                 10     15     -5 (VIOLATED)
_8060_/Y                                 10     15     -5 (VIOLATED)
_8096_/Y                                 10     15     -5 (VIOLATED)
_8097_/Y                                 10     15     -5 (VIOLATED)
_8101_/X                                 10     15     -5 (VIOLATED)
_8104_/X                                 10     15     -5 (VIOLATED)
_8622_/Q                                 10     15     -5 (VIOLATED)
_8623_/Q                                 10     15     -5 (VIOLATED)
_8697_/Q                                 10     15     -5 (VIOLATED)
_8875_/Q                                 10     15     -5 (VIOLATED)
_8881_/Q                                 10     15     -5 (VIOLATED)
_8885_/Q                                 10     15     -5 (VIOLATED)
clkbuf_5_20_0_wb_clk_i_regs/X            10     15     -5 (VIOLATED)
clkbuf_5_29_0_wb_clk_i_regs/X            10     15     -5 (VIOLATED)
fanout209/X                              10     15     -5 (VIOLATED)
fanout243/X                              10     15     -5 (VIOLATED)
fanout251/X                              10     15     -5 (VIOLATED)
fanout275/X                              10     15     -5 (VIOLATED)
fanout283/X                              10     15     -5 (VIOLATED)
fanout286/X                              10     15     -5 (VIOLATED)
fanout332/X                              10     15     -5 (VIOLATED)
fanout335/X                              10     15     -5 (VIOLATED)
fanout343/X                              10     15     -5 (VIOLATED)
fanout391/X                              10     15     -5 (VIOLATED)
fanout394/X                              10     15     -5 (VIOLATED)
fanout395/X                              10     15     -5 (VIOLATED)
fanout404/X                              10     15     -5 (VIOLATED)
fanout412/X                              10     15     -5 (VIOLATED)
fanout419/X                              10     15     -5 (VIOLATED)
fanout433/X                              10     15     -5 (VIOLATED)
fanout448/X                              10     15     -5 (VIOLATED)
fanout450/X                              10     15     -5 (VIOLATED)
fanout465/X                              10     15     -5 (VIOLATED)
fanout475/X                              10     15     -5 (VIOLATED)
fanout484/X                              10     15     -5 (VIOLATED)
fanout490/X                              10     15     -5 (VIOLATED)
fanout506/X                              10     15     -5 (VIOLATED)
fanout510/X                              10     15     -5 (VIOLATED)
fanout554/X                              10     15     -5 (VIOLATED)
fanout576/X                              10     15     -5 (VIOLATED)
fanout604/X                              10     15     -5 (VIOLATED)
fanout605/X                              10     15     -5 (VIOLATED)
fanout619/X                              10     15     -5 (VIOLATED)
fanout636/X                              10     15     -5 (VIOLATED)
fanout638/X                              10     15     -5 (VIOLATED)
fanout717/X                              10     15     -5 (VIOLATED)
fanout738/X                              10     15     -5 (VIOLATED)
hold106/X                                10     15     -5 (VIOLATED)
hold528/X                                10     15     -5 (VIOLATED)
hold70/X                                 10     15     -5 (VIOLATED)
hold96/X                                 10     15     -5 (VIOLATED)
load_slew692/X                           10     15     -5 (VIOLATED)
mprj.team_08_Wrapper.team_08_WB.instance_to_wrap/gpio_oeb[6]     10     15     -5 (VIOLATED)
_5144_/Y                                 10     14     -4 (VIOLATED)
_7420_/Y                                 10     14     -4 (VIOLATED)
_8631_/Q                                 10     14     -4 (VIOLATED)
fanout254/X                              10     14     -4 (VIOLATED)
load_slew742/X                           10     14     -4 (VIOLATED)
mprj.team_07_Wrapper.team_07_WB.instance_to_wrap/gpio_out[10]     10     14     -4 (VIOLATED)
mprj.team_08_Wrapper.team_08_WB.instance_to_wrap/gpio_oeb[10]     10     14     -4 (VIOLATED)
mprj.team_08_Wrapper.team_08_WB.instance_to_wrap/gpio_oeb[12]     10     14     -4 (VIOLATED)
mprj.team_08_Wrapper.team_08_WB.instance_to_wrap/gpio_oeb[4]     10     14     -4 (VIOLATED)
mprj.team_08_Wrapper.team_08_WB.instance_to_wrap/gpio_out[10]     10     14     -4 (VIOLATED)
mprj.team_09_Wrapper.team_09_WB.instance_to_wrap/gpio_oeb[12]     10     14     -4 (VIOLATED)
mprj.team_09_Wrapper.team_09_WB.instance_to_wrap/gpio_oeb[13]     10     14     -4 (VIOLATED)
mprj.team_09_Wrapper.team_09_WB.instance_to_wrap/gpio_out[14]     10     14     -4 (VIOLATED)
mprj.team_12_Wrapper.team_12_WB.instance_to_wrap/gpio_out[13]     10     14     -4 (VIOLATED)
_4056_/Y                                 10     13     -3 (VIOLATED)
_4058_/Y                                 10     13     -3 (VIOLATED)
_4105_/Y                                 10     13     -3 (VIOLATED)
_4267_/X                                 10     13     -3 (VIOLATED)
_4797_/X                                 10     13     -3 (VIOLATED)
_4831_/X                                 10     13     -3 (VIOLATED)
_5151_/X                                 10     13     -3 (VIOLATED)
_5295_/Y                                 10     13     -3 (VIOLATED)
_5322_/Y                                 10     13     -3 (VIOLATED)
_5361_/Y                                 10     13     -3 (VIOLATED)
_5537_/Y                                 10     13     -3 (VIOLATED)
_5942_/Y                                 10     13     -3 (VIOLATED)
_6244_/X                                 10     13     -3 (VIOLATED)
_6248_/X                                 10     13     -3 (VIOLATED)
_6265_/X                                 10     13     -3 (VIOLATED)
_6266_/X                                 10     13     -3 (VIOLATED)
_6274_/X                                 10     13     -3 (VIOLATED)
_6299_/Y                                 10     13     -3 (VIOLATED)
_6305_/X                                 10     13     -3 (VIOLATED)
_6307_/X                                 10     13     -3 (VIOLATED)
_6333_/X                                 10     13     -3 (VIOLATED)
_6338_/Y                                 10     13     -3 (VIOLATED)
_6354_/X                                 10     13     -3 (VIOLATED)
_6370_/X                                 10     13     -3 (VIOLATED)
_6371_/Y                                 10     13     -3 (VIOLATED)
_6405_/Y                                 10     13     -3 (VIOLATED)
_6406_/X                                 10     13     -3 (VIOLATED)
_6480_/X                                 10     13     -3 (VIOLATED)
_6481_/Y                                 10     13     -3 (VIOLATED)
_6512_/Y                                 10     13     -3 (VIOLATED)
_6518_/X                                 10     13     -3 (VIOLATED)
_6521_/X                                 10     13     -3 (VIOLATED)
_6523_/X                                 10     13     -3 (VIOLATED)
_6552_/X                                 10     13     -3 (VIOLATED)
_6554_/X                                 10     13     -3 (VIOLATED)
_6561_/X                                 10     13     -3 (VIOLATED)
_6588_/X                                 10     13     -3 (VIOLATED)
_6591_/X                                 10     13     -3 (VIOLATED)
_6597_/X                                 10     13     -3 (VIOLATED)
_6625_/X                                 10     13     -3 (VIOLATED)
_6629_/X                                 10     13     -3 (VIOLATED)
_6661_/X                                 10     13     -3 (VIOLATED)
_6662_/X                                 10     13     -3 (VIOLATED)
_6697_/X                                 10     13     -3 (VIOLATED)
_6698_/X                                 10     13     -3 (VIOLATED)
_6705_/X                                 10     13     -3 (VIOLATED)
_6731_/Y                                 10     13     -3 (VIOLATED)
_6739_/Y                                 10     13     -3 (VIOLATED)
_6771_/X                                 10     13     -3 (VIOLATED)
_6774_/X                                 10     13     -3 (VIOLATED)
_6777_/X                                 10     13     -3 (VIOLATED)
_6804_/Y                                 10     13     -3 (VIOLATED)
_6808_/X                                 10     13     -3 (VIOLATED)
_6809_/X                                 10     13     -3 (VIOLATED)
_6841_/X                                 10     13     -3 (VIOLATED)
_6844_/X                                 10     13     -3 (VIOLATED)
_6846_/X                                 10     13     -3 (VIOLATED)
_6874_/Y                                 10     13     -3 (VIOLATED)
_6911_/X                                 10     13     -3 (VIOLATED)
_6946_/X                                 10     13     -3 (VIOLATED)
_6948_/X                                 10     13     -3 (VIOLATED)
_7695_/X                                 10     13     -3 (VIOLATED)
_7696_/X                                 10     13     -3 (VIOLATED)
_7723_/Y                                 10     13     -3 (VIOLATED)
_7727_/X                                 10     13     -3 (VIOLATED)
_7757_/Y                                 10     13     -3 (VIOLATED)
_7788_/Y                                 10     13     -3 (VIOLATED)
_7794_/X                                 10     13     -3 (VIOLATED)
_7799_/X                                 10     13     -3 (VIOLATED)
_7830_/X                                 10     13     -3 (VIOLATED)
_7832_/X                                 10     13     -3 (VIOLATED)
_7861_/X                                 10     13     -3 (VIOLATED)
_7890_/Y                                 10     13     -3 (VIOLATED)
_7893_/X                                 10     13     -3 (VIOLATED)
_7896_/X                                 10     13     -3 (VIOLATED)
_7925_/Y                                 10     13     -3 (VIOLATED)
_7928_/X                                 10     13     -3 (VIOLATED)
_7960_/Y                                 10     13     -3 (VIOLATED)
_7993_/Y                                 10     13     -3 (VIOLATED)
_7994_/Y                                 10     13     -3 (VIOLATED)
_8002_/X                                 10     13     -3 (VIOLATED)
_8032_/X                                 10     13     -3 (VIOLATED)
_8039_/X                                 10     13     -3 (VIOLATED)
_8061_/Y                                 10     13     -3 (VIOLATED)
_8067_/X                                 10     13     -3 (VIOLATED)
_8069_/X                                 10     13     -3 (VIOLATED)
_8103_/X                                 10     13     -3 (VIOLATED)
_8106_/Y                                 10     13     -3 (VIOLATED)
_8549_/Q                                 10     13     -3 (VIOLATED)
_8574_/Q                                 10     13     -3 (VIOLATED)
_8575_/Q                                 10     13     -3 (VIOLATED)
_8598_/Q                                 10     13     -3 (VIOLATED)
_8600_/Q                                 10     13     -3 (VIOLATED)
_8602_/Q                                 10     13     -3 (VIOLATED)
_8606_/Q                                 10     13     -3 (VIOLATED)
_8607_/Q                                 10     13     -3 (VIOLATED)
_8612_/Q                                 10     13     -3 (VIOLATED)
_8618_/Q                                 10     13     -3 (VIOLATED)
_8619_/Q                                 10     13     -3 (VIOLATED)
_8620_/Q                                 10     13     -3 (VIOLATED)
_8621_/Q                                 10     13     -3 (VIOLATED)
_8624_/Q                                 10     13     -3 (VIOLATED)
_8626_/Q                                 10     13     -3 (VIOLATED)
_8630_/Q                                 10     13     -3 (VIOLATED)
_8632_/Q                                 10     13     -3 (VIOLATED)
_8635_/Q                                 10     13     -3 (VIOLATED)
_8636_/Q                                 10     13     -3 (VIOLATED)
_8642_/Q                                 10     13     -3 (VIOLATED)
_8643_/Q                                 10     13     -3 (VIOLATED)
_8647_/Q                                 10     13     -3 (VIOLATED)
_8648_/Q                                 10     13     -3 (VIOLATED)
_8650_/Q                                 10     13     -3 (VIOLATED)
_8654_/Q                                 10     13     -3 (VIOLATED)
_8662_/Q                                 10     13     -3 (VIOLATED)
_8663_/Q                                 10     13     -3 (VIOLATED)
_8664_/Q                                 10     13     -3 (VIOLATED)
_8667_/Q                                 10     13     -3 (VIOLATED)
_8668_/Q                                 10     13     -3 (VIOLATED)
_8672_/Q                                 10     13     -3 (VIOLATED)
_8674_/Q                                 10     13     -3 (VIOLATED)
_8675_/Q                                 10     13     -3 (VIOLATED)
_8686_/Q                                 10     13     -3 (VIOLATED)
_8692_/Q                                 10     13     -3 (VIOLATED)
_8693_/Q                                 10     13     -3 (VIOLATED)
_8694_/Q                                 10     13     -3 (VIOLATED)
_8699_/Q                                 10     13     -3 (VIOLATED)
_8700_/Q                                 10     13     -3 (VIOLATED)
_8704_/Q                                 10     13     -3 (VIOLATED)
_8706_/Q                                 10     13     -3 (VIOLATED)
_8707_/Q                                 10     13     -3 (VIOLATED)
_8710_/Q                                 10     13     -3 (VIOLATED)
_8711_/Q                                 10     13     -3 (VIOLATED)
_8714_/Q                                 10     13     -3 (VIOLATED)
_8718_/Q                                 10     13     -3 (VIOLATED)
_8720_/Q                                 10     13     -3 (VIOLATED)
_8722_/Q                                 10     13     -3 (VIOLATED)
_8723_/Q                                 10     13     -3 (VIOLATED)
_8854_/Q                                 10     13     -3 (VIOLATED)
_8876_/Q                                 10     13     -3 (VIOLATED)
clkbuf_5_0_0_wb_clk_i_regs/X             10     13     -3 (VIOLATED)
clkbuf_5_13_0_wb_clk_i_regs/X            10     13     -3 (VIOLATED)
clkbuf_5_15_0_wb_clk_i_regs/X            10     13     -3 (VIOLATED)
clkbuf_5_21_0_wb_clk_i_regs/X            10     13     -3 (VIOLATED)
fanout220/X                              10     13     -3 (VIOLATED)
fanout231/X                              10     13     -3 (VIOLATED)
fanout233/X                              10     13     -3 (VIOLATED)
fanout240/X                              10     13     -3 (VIOLATED)
fanout272/X                              10     13     -3 (VIOLATED)
fanout278/X                              10     13     -3 (VIOLATED)
fanout308/X                              10     13     -3 (VIOLATED)
fanout311/X                              10     13     -3 (VIOLATED)
fanout319/X                              10     13     -3 (VIOLATED)
fanout321/X                              10     13     -3 (VIOLATED)
fanout328/X                              10     13     -3 (VIOLATED)
fanout333/X                              10     13     -3 (VIOLATED)
fanout347/X                              10     13     -3 (VIOLATED)
fanout376/X                              10     13     -3 (VIOLATED)
fanout384/X                              10     13     -3 (VIOLATED)
fanout406/X                              10     13     -3 (VIOLATED)
fanout431/X                              10     13     -3 (VIOLATED)
fanout436/X                              10     13     -3 (VIOLATED)
fanout453/X                              10     13     -3 (VIOLATED)
fanout457/X                              10     13     -3 (VIOLATED)
fanout462/X                              10     13     -3 (VIOLATED)
fanout468/X                              10     13     -3 (VIOLATED)
fanout476/X                              10     13     -3 (VIOLATED)
fanout488/X                              10     13     -3 (VIOLATED)
fanout497/X                              10     13     -3 (VIOLATED)
fanout500/X                              10     13     -3 (VIOLATED)
fanout501/X                              10     13     -3 (VIOLATED)
fanout513/X                              10     13     -3 (VIOLATED)
fanout516/X                              10     13     -3 (VIOLATED)
fanout546/X                              10     13     -3 (VIOLATED)
fanout575/X                              10     13     -3 (VIOLATED)
fanout581/X                              10     13     -3 (VIOLATED)
fanout623/X                              10     13     -3 (VIOLATED)
fanout625/X                              10     13     -3 (VIOLATED)
fanout631/X                              10     13     -3 (VIOLATED)
fanout701/X                              10     13     -3 (VIOLATED)
fanout712/X                              10     13     -3 (VIOLATED)
fanout721/X                              10     13     -3 (VIOLATED)
fanout722/X                              10     13     -3 (VIOLATED)
fanout734/X                              10     13     -3 (VIOLATED)
hold163/X                                10     13     -3 (VIOLATED)
hold207/X                                10     13     -3 (VIOLATED)
hold208/X                                10     13     -3 (VIOLATED)
hold218/X                                10     13     -3 (VIOLATED)
hold271/X                                10     13     -3 (VIOLATED)
hold34/X                                 10     13     -3 (VIOLATED)
hold347/X                                10     13     -3 (VIOLATED)
hold43/X                                 10     13     -3 (VIOLATED)
hold450/X                                10     13     -3 (VIOLATED)
hold46/X                                 10     13     -3 (VIOLATED)
hold471/X                                10     13     -3 (VIOLATED)
hold49/X                                 10     13     -3 (VIOLATED)
hold492/X                                10     13     -3 (VIOLATED)
hold54/X                                 10     13     -3 (VIOLATED)
hold57/X                                 10     13     -3 (VIOLATED)
hold654/X                                10     13     -3 (VIOLATED)
hold663/X                                10     13     -3 (VIOLATED)
hold664/X                                10     13     -3 (VIOLATED)
hold80/X                                 10     13     -3 (VIOLATED)
hold99/X                                 10     13     -3 (VIOLATED)
hold994/X                                10     13     -3 (VIOLATED)
load_slew688/X                           10     13     -3 (VIOLATED)
mprj.team_08_Wrapper.team_08_WB.instance_to_wrap/gpio_oeb[18]     10     13     -3 (VIOLATED)
mprj.team_08_Wrapper.team_08_WB.instance_to_wrap/gpio_oeb[9]     10     13     -3 (VIOLATED)
wire340/X                                10     13     -3 (VIOLATED)
wire532/X                                10     13     -3 (VIOLATED)
_7402_/Y                                 10     12     -2 (VIOLATED)
fanout287/X                              10     12     -2 (VIOLATED)
fanout698/X                              10     12     -2 (VIOLATED)
hold1165/X                               10     12     -2 (VIOLATED)
hold436/X                                10     12     -2 (VIOLATED)
hold736/X                                10     12     -2 (VIOLATED)
mprj.team_05_Wrapper.team_05_WB.instance_to_wrap/gpio_oeb[23]     10     12     -2 (VIOLATED)
mprj.team_05_Wrapper.team_05_WB.instance_to_wrap/gpio_oeb[30]     10     12     -2 (VIOLATED)
mprj.team_08_Wrapper.team_08_WB.instance_to_wrap/gpio_oeb[8]     10     12     -2 (VIOLATED)
mprj.team_08_Wrapper.team_08_WB.instance_to_wrap/gpio_out[2]     10     12     -2 (VIOLATED)
_4049_/Y                                 10     11        (VIOLATED)
_4055_/Y                                 10     11        (VIOLATED)
_4059_/Y                                 10     11        (VIOLATED)
_4122_/X                                 10     11        (VIOLATED)
_4131_/Y                                 10     11        (VIOLATED)
_4138_/X                                 10     11        (VIOLATED)
_4162_/X                                 10     11        (VIOLATED)
_4300_/X                                 10     11        (VIOLATED)
_4467_/X                                 10     11        (VIOLATED)
_4541_/X                                 10     11        (VIOLATED)
_4559_/Y                                 10     11        (VIOLATED)
_5280_/X                                 10     11        (VIOLATED)
_5378_/Y                                 10     11        (VIOLATED)
_5380_/Y                                 10     11        (VIOLATED)
_5397_/X                                 10     11        (VIOLATED)
_5421_/Y                                 10     11        (VIOLATED)
_5423_/Y                                 10     11        (VIOLATED)
_5425_/Y                                 10     11        (VIOLATED)
_5427_/Y                                 10     11        (VIOLATED)
_5429_/Y                                 10     11        (VIOLATED)
_5433_/Y                                 10     11        (VIOLATED)
_5435_/Y                                 10     11        (VIOLATED)
_5437_/Y                                 10     11        (VIOLATED)
_5439_/Y                                 10     11        (VIOLATED)
_5441_/Y                                 10     11        (VIOLATED)
_5443_/Y                                 10     11        (VIOLATED)
_5445_/Y                                 10     11        (VIOLATED)
_5447_/Y                                 10     11        (VIOLATED)
_5449_/Y                                 10     11        (VIOLATED)
_5451_/Y                                 10     11        (VIOLATED)
_5453_/Y                                 10     11        (VIOLATED)
_5455_/Y                                 10     11        (VIOLATED)
_5457_/Y                                 10     11        (VIOLATED)
_5459_/Y                                 10     11        (VIOLATED)
_5499_/Y                                 10     11        (VIOLATED)
_5601_/Y                                 10     11        (VIOLATED)
_5630_/X                                 10     11        (VIOLATED)
_5668_/X                                 10     11        (VIOLATED)
_5934_/X                                 10     11        (VIOLATED)
_5948_/Y                                 10     11        (VIOLATED)
_5957_/X                                 10     11        (VIOLATED)
_5961_/Y                                 10     11        (VIOLATED)
_5963_/Y                                 10     11        (VIOLATED)
_5967_/X                                 10     11        (VIOLATED)
_5971_/Y                                 10     11        (VIOLATED)
_6001_/Y                                 10     11        (VIOLATED)
_6004_/Y                                 10     11        (VIOLATED)
_6246_/X                                 10     11        (VIOLATED)
_6341_/X                                 10     11        (VIOLATED)
_6381_/X                                 10     11        (VIOLATED)
_6417_/X                                 10     11        (VIOLATED)
_6441_/Y                                 10     11        (VIOLATED)
_6445_/X                                 10     11        (VIOLATED)
_6449_/X                                 10     11        (VIOLATED)
_6453_/X                                 10     11        (VIOLATED)
_6735_/X                                 10     11        (VIOLATED)
_6736_/X                                 10     11        (VIOLATED)
_6915_/X                                 10     11        (VIOLATED)
_6940_/Y                                 10     11        (VIOLATED)
_7041_/X                                 10     11        (VIOLATED)
_7435_/X                                 10     11        (VIOLATED)
_7691_/X                                 10     11        (VIOLATED)
_7756_/X                                 10     11        (VIOLATED)
_7796_/X                                 10     11        (VIOLATED)
_7826_/X                                 10     11        (VIOLATED)
_7864_/X                                 10     11        (VIOLATED)
_7898_/X                                 10     11        (VIOLATED)
_7931_/X                                 10     11        (VIOLATED)
_7933_/X                                 10     11        (VIOLATED)
_7968_/X                                 10     11        (VIOLATED)
_8000_/X                                 10     11        (VIOLATED)
_8028_/Y                                 10     11        (VIOLATED)
_8036_/X                                 10     11        (VIOLATED)
_8065_/X                                 10     11        (VIOLATED)
_8594_/Q                                 10     11        (VIOLATED)
_8595_/Q                                 10     11        (VIOLATED)
_8599_/Q                                 10     11        (VIOLATED)
_8601_/Q                                 10     11        (VIOLATED)
_8603_/Q                                 10     11        (VIOLATED)
_8608_/Q                                 10     11        (VIOLATED)
_8614_/Q                                 10     11        (VIOLATED)
_8615_/Q                                 10     11        (VIOLATED)
_8627_/Q                                 10     11        (VIOLATED)
_8629_/Q                                 10     11        (VIOLATED)
_8633_/Q                                 10     11        (VIOLATED)
_8638_/Q                                 10     11        (VIOLATED)
_8639_/Q                                 10     11        (VIOLATED)
_8649_/Q                                 10     11        (VIOLATED)
_8655_/Q                                 10     11        (VIOLATED)
_8658_/Q                                 10     11        (VIOLATED)
_8659_/Q                                 10     11        (VIOLATED)
_8661_/Q                                 10     11        (VIOLATED)
_8670_/Q                                 10     11        (VIOLATED)
_8673_/Q                                 10     11        (VIOLATED)
_8678_/Q                                 10     11        (VIOLATED)
_8679_/Q                                 10     11        (VIOLATED)
_8683_/Q                                 10     11        (VIOLATED)
_8685_/Q                                 10     11        (VIOLATED)
_8689_/Q                                 10     11        (VIOLATED)
_8698_/Q                                 10     11        (VIOLATED)
_8701_/Q                                 10     11        (VIOLATED)
_8702_/Q                                 10     11        (VIOLATED)
_8703_/Q                                 10     11        (VIOLATED)
_8705_/Q                                 10     11        (VIOLATED)
_8715_/Q                                 10     11        (VIOLATED)
_8717_/Q                                 10     11        (VIOLATED)
_8719_/Q                                 10     11        (VIOLATED)
_8721_/Q                                 10     11        (VIOLATED)
fanout211/X                              10     11        (VIOLATED)
fanout223/X                              10     11        (VIOLATED)
fanout229/X                              10     11        (VIOLATED)
fanout244/X                              10     11        (VIOLATED)
fanout248/X                              10     11        (VIOLATED)
fanout264/X                              10     11        (VIOLATED)
fanout266/X                              10     11        (VIOLATED)
fanout281/X                              10     11        (VIOLATED)
fanout298/X                              10     11        (VIOLATED)
fanout315/X                              10     11        (VIOLATED)
fanout317/X                              10     11        (VIOLATED)
fanout330/X                              10     11        (VIOLATED)
fanout351/X                              10     11        (VIOLATED)
fanout374/X                              10     11        (VIOLATED)
fanout380/X                              10     11        (VIOLATED)
fanout386/X                              10     11        (VIOLATED)
fanout400/X                              10     11        (VIOLATED)
fanout408/X                              10     11        (VIOLATED)
fanout428/X                              10     11        (VIOLATED)
fanout439/X                              10     11        (VIOLATED)
fanout440/X                              10     11        (VIOLATED)
fanout445/X                              10     11        (VIOLATED)
fanout456/X                              10     11        (VIOLATED)
fanout466/X                              10     11        (VIOLATED)
fanout471/X                              10     11        (VIOLATED)
fanout472/X                              10     11        (VIOLATED)
fanout480/X                              10     11        (VIOLATED)
fanout487/X                              10     11        (VIOLATED)
fanout502/X                              10     11        (VIOLATED)
fanout507/X                              10     11        (VIOLATED)
fanout511/X                              10     11        (VIOLATED)
fanout520/X                              10     11        (VIOLATED)
fanout538/X                              10     11        (VIOLATED)
fanout544/X                              10     11        (VIOLATED)
fanout592/X                              10     11        (VIOLATED)
fanout596/X                              10     11        (VIOLATED)
fanout613/X                              10     11        (VIOLATED)
fanout621/X                              10     11        (VIOLATED)
fanout634/X                              10     11        (VIOLATED)
fanout678/X                              10     11        (VIOLATED)
fanout697/X                              10     11        (VIOLATED)
fanout704/X                              10     11        (VIOLATED)
fanout706/X                              10     11        (VIOLATED)
fanout713/X                              10     11        (VIOLATED)
fanout719/X                              10     11        (VIOLATED)
fanout726/X                              10     11        (VIOLATED)
fanout729/X                              10     11        (VIOLATED)
fanout739/X                              10     11        (VIOLATED)
fanout740/X                              10     11        (VIOLATED)
hold1044/X                               10     11        (VIOLATED)
hold11/X                                 10     11        (VIOLATED)
hold150/X                                10     11        (VIOLATED)
hold176/X                                10     11        (VIOLATED)
hold179/X                                10     11        (VIOLATED)
hold243/X                                10     11        (VIOLATED)
hold257/X                                10     11        (VIOLATED)
hold298/X                                10     11        (VIOLATED)
hold331/X                                10     11        (VIOLATED)
hold398/X                                10     11        (VIOLATED)
hold399/X                                10     11        (VIOLATED)
hold484/X                                10     11        (VIOLATED)
hold497/X                                10     11        (VIOLATED)
hold503/X                                10     11        (VIOLATED)
hold621/X                                10     11        (VIOLATED)
hold693/X                                10     11        (VIOLATED)
hold73/X                                 10     11        (VIOLATED)
hold740/X                                10     11        (VIOLATED)
hold868/X                                10     11        (VIOLATED)
input39/X                                10     11        (VIOLATED)
mprj.team_01_Wrapper.team_01_WB.instance_to_wrap/gpio_out[27]     10     11        (VIOLATED)
mprj.team_05_Wrapper.team_05_WB.instance_to_wrap/gpio_oeb[7]     10     11        (VIOLATED)
mprj.team_06_Wrapper.team_06_WB.instance_to_wrap/gpio_oeb[5]     10     11        (VIOLATED)
mprj.team_08_Wrapper.team_08_WB.instance_to_wrap/gpio_oeb[23]     10     11        (VIOLATED)

max capacitance

Pin                                        Limit         Cap       Slack
------------------------------------------------------------------------
clkbuf_1_0_1_wb_clk_i/X                 1.181955    1.284993   -0.103038 (VIOLATED)
clkbuf_1_1_1_wb_clk_i/X                 1.181955    1.231255   -0.049300 (VIOLATED)
hold218/X                               0.201426    0.243160   -0.041734 (VIOLATED)



===========================================================================
report_parasitic_annotation -report_unannotated
============================================================================
Found 497 unannotated drivers.
 analog_io[0]
 analog_io[10]
 analog_io[11]
 analog_io[12]
 analog_io[13]
 analog_io[14]
 analog_io[15]
 analog_io[16]
 analog_io[17]
 analog_io[18]
 analog_io[19]
 analog_io[1]
 analog_io[20]
 analog_io[21]
 analog_io[22]
 analog_io[23]
 analog_io[24]
 analog_io[25]
 analog_io[26]
 analog_io[27]
 analog_io[28]
 analog_io[2]
 analog_io[3]
 analog_io[4]
 analog_io[5]
 analog_io[6]
 analog_io[7]
 analog_io[8]
 analog_io[9]
 io_in[1]
 io_in[2]
 io_in[3]
 io_in[4]
 la_data_in[100]
 la_data_in[101]
 la_data_in[102]
 la_data_in[103]
 la_data_in[104]
 la_data_in[105]
 la_data_in[106]
 la_data_in[107]
 la_data_in[108]
 la_data_in[109]
 la_data_in[10]
 la_data_in[110]
 la_data_in[111]
 la_data_in[112]
 la_data_in[113]
 la_data_in[114]
 la_data_in[115]
 la_data_in[116]
 la_data_in[117]
 la_data_in[118]
 la_data_in[119]
 la_data_in[11]
 la_data_in[120]
 la_data_in[121]
 la_data_in[122]
 la_data_in[123]
 la_data_in[124]
 la_data_in[125]
 la_data_in[126]
 la_data_in[127]
 la_data_in[12]
 la_data_in[13]
 la_data_in[14]
 la_data_in[15]
 la_data_in[16]
 la_data_in[17]
 la_data_in[18]
 la_data_in[19]
 la_data_in[20]
 la_data_in[21]
 la_data_in[22]
 la_data_in[23]
 la_data_in[24]
 la_data_in[25]
 la_data_in[26]
 la_data_in[27]
 la_data_in[28]
 la_data_in[29]
 la_data_in[2]
 la_data_in[30]
 la_data_in[31]
 la_data_in[32]
 la_data_in[33]
 la_data_in[34]
 la_data_in[35]
 la_data_in[36]
 la_data_in[37]
 la_data_in[38]
 la_data_in[39]
 la_data_in[3]
 la_data_in[40]
 la_data_in[41]
 la_data_in[42]
 la_data_in[43]
 la_data_in[44]
 la_data_in[45]
 la_data_in[46]
 la_data_in[47]
 la_data_in[48]
 la_data_in[49]
 la_data_in[4]
 la_data_in[50]
 la_data_in[51]
 la_data_in[52]
 la_data_in[53]
 la_data_in[54]
 la_data_in[55]
 la_data_in[56]
 la_data_in[57]
 la_data_in[58]
 la_data_in[59]
 la_data_in[5]
 la_data_in[60]
 la_data_in[61]
 la_data_in[62]
 la_data_in[63]
 la_data_in[64]
 la_data_in[65]
 la_data_in[66]
 la_data_in[67]
 la_data_in[68]
 la_data_in[69]
 la_data_in[6]
 la_data_in[70]
 la_data_in[71]
 la_data_in[72]
 la_data_in[73]
 la_data_in[74]
 la_data_in[75]
 la_data_in[76]
 la_data_in[77]
 la_data_in[78]
 la_data_in[79]
 la_data_in[7]
 la_data_in[80]
 la_data_in[81]
 la_data_in[82]
 la_data_in[83]
 la_data_in[84]
 la_data_in[85]
 la_data_in[86]
 la_data_in[87]
 la_data_in[88]
 la_data_in[89]
 la_data_in[8]
 la_data_in[90]
 la_data_in[91]
 la_data_in[92]
 la_data_in[93]
 la_data_in[94]
 la_data_in[95]
 la_data_in[96]
 la_data_in[97]
 la_data_in[98]
 la_data_in[99]
 la_data_in[9]
 la_oenb[100]
 la_oenb[101]
 la_oenb[102]
 la_oenb[103]
 la_oenb[104]
 la_oenb[105]
 la_oenb[106]
 la_oenb[107]
 la_oenb[108]
 la_oenb[109]
 la_oenb[10]
 la_oenb[110]
 la_oenb[111]
 la_oenb[112]
 la_oenb[113]
 la_oenb[114]
 la_oenb[115]
 la_oenb[116]
 la_oenb[117]
 la_oenb[118]
 la_oenb[119]
 la_oenb[11]
 la_oenb[120]
 la_oenb[121]
 la_oenb[122]
 la_oenb[123]
 la_oenb[124]
 la_oenb[125]
 la_oenb[126]
 la_oenb[127]
 la_oenb[12]
 la_oenb[13]
 la_oenb[14]
 la_oenb[15]
 la_oenb[16]
 la_oenb[17]
 la_oenb[18]
 la_oenb[19]
 la_oenb[20]
 la_oenb[21]
 la_oenb[22]
 la_oenb[23]
 la_oenb[24]
 la_oenb[25]
 la_oenb[26]
 la_oenb[27]
 la_oenb[28]
 la_oenb[29]
 la_oenb[2]
 la_oenb[30]
 la_oenb[31]
 la_oenb[32]
 la_oenb[33]
 la_oenb[34]
 la_oenb[35]
 la_oenb[36]
 la_oenb[37]
 la_oenb[38]
 la_oenb[39]
 la_oenb[3]
 la_oenb[40]
 la_oenb[41]
 la_oenb[42]
 la_oenb[43]
 la_oenb[44]
 la_oenb[45]
 la_oenb[46]
 la_oenb[47]
 la_oenb[48]
 la_oenb[49]
 la_oenb[4]
 la_oenb[50]
 la_oenb[51]
 la_oenb[52]
 la_oenb[53]
 la_oenb[54]
 la_oenb[55]
 la_oenb[56]
 la_oenb[57]
 la_oenb[58]
 la_oenb[59]
 la_oenb[5]
 la_oenb[60]
 la_oenb[61]
 la_oenb[62]
 la_oenb[63]
 la_oenb[64]
 la_oenb[65]
 la_oenb[66]
 la_oenb[67]
 la_oenb[68]
 la_oenb[69]
 la_oenb[6]
 la_oenb[70]
 la_oenb[71]
 la_oenb[72]
 la_oenb[73]
 la_oenb[74]
 la_oenb[75]
 la_oenb[76]
 la_oenb[77]
 la_oenb[78]
 la_oenb[79]
 la_oenb[7]
 la_oenb[80]
 la_oenb[81]
 la_oenb[82]
 la_oenb[83]
 la_oenb[84]
 la_oenb[85]
 la_oenb[86]
 la_oenb[87]
 la_oenb[88]
 la_oenb[89]
 la_oenb[8]
 la_oenb[90]
 la_oenb[91]
 la_oenb[92]
 la_oenb[93]
 la_oenb[94]
 la_oenb[95]
 la_oenb[96]
 la_oenb[97]
 la_oenb[98]
 la_oenb[99]
 la_oenb[9]
 user_clock2
 wbs_sel_i[0]
 wbs_sel_i[1]
 wbs_sel_i[2]
 wbs_sel_i[3]
 _8505__933/LO
 clkload0/X
 clkload1/Y
 clkload10/X
 clkload11/Y
 clkload12/Y
 clkload13/Y
 clkload14/Y
 clkload15/X
 clkload16/X
 clkload17/X
 clkload18/X
 clkload19/X
 clkload2/X
 clkload20/X
 clkload21/X
 clkload22/X
 clkload23/X
 clkload24/X
 clkload25/X
 clkload26/X
 clkload27/X
 clkload28/X
 clkload29/X
 clkload3/Y
 clkload30/X
 clkload31/X
 clkload32/X
 clkload33/X
 clkload34/X
 clkload35/X
 clkload36/X
 clkload37/X
 clkload38/X
 clkload39/X
 clkload4/Y
 clkload40/X
 clkload41/X
 clkload42/X
 clkload43/X
 clkload44/X
 clkload45/X
 clkload46/X
 clkload5/Y
 clkload6/Y
 clkload7/Y
 clkload8/Y
 clkload9/Y
 mprj.team_01_Wrapper.team_01_WB.instance_to_wrap/SEL_O[0]
 mprj.team_01_Wrapper.team_01_WB.instance_to_wrap/SEL_O[1]
 mprj.team_01_Wrapper.team_01_WB.instance_to_wrap/SEL_O[2]
 mprj.team_01_Wrapper.team_01_WB.instance_to_wrap/SEL_O[3]
 mprj.team_02_Wrapper.team_02_WB.instance_to_wrap/SEL_O[0]
 mprj.team_02_Wrapper.team_02_WB.instance_to_wrap/SEL_O[1]
 mprj.team_02_Wrapper.team_02_WB.instance_to_wrap/SEL_O[2]
 mprj.team_02_Wrapper.team_02_WB.instance_to_wrap/SEL_O[3]
 mprj.team_03_Wrapper.team_03_WB.instance_to_wrap/SEL_O[0]
 mprj.team_03_Wrapper.team_03_WB.instance_to_wrap/SEL_O[1]
 mprj.team_03_Wrapper.team_03_WB.instance_to_wrap/SEL_O[2]
 mprj.team_03_Wrapper.team_03_WB.instance_to_wrap/SEL_O[3]
 mprj.team_04_Wrapper.team_04_WB.instance_to_wrap/SEL_O[0]
 mprj.team_04_Wrapper.team_04_WB.instance_to_wrap/SEL_O[1]
 mprj.team_04_Wrapper.team_04_WB.instance_to_wrap/SEL_O[2]
 mprj.team_04_Wrapper.team_04_WB.instance_to_wrap/SEL_O[3]
 mprj.team_05_Wrapper.team_05_WB.instance_to_wrap/SEL_O[0]
 mprj.team_05_Wrapper.team_05_WB.instance_to_wrap/SEL_O[1]
 mprj.team_05_Wrapper.team_05_WB.instance_to_wrap/SEL_O[2]
 mprj.team_05_Wrapper.team_05_WB.instance_to_wrap/SEL_O[3]
 user_project_wrapper_798/HI
 user_project_wrapper_799/HI
 user_project_wrapper_800/HI
 user_project_wrapper_801/HI
 user_project_wrapper_802/HI
 user_project_wrapper_803/HI
 user_project_wrapper_804/HI
 user_project_wrapper_805/HI
 user_project_wrapper_806/HI
 user_project_wrapper_807/HI
 user_project_wrapper_808/HI
 user_project_wrapper_809/HI
 user_project_wrapper_810/HI
 user_project_wrapper_811/HI
 user_project_wrapper_812/HI
 user_project_wrapper_813/HI
 user_project_wrapper_814/HI
 user_project_wrapper_815/HI
 user_project_wrapper_816/HI
 user_project_wrapper_817/HI
 user_project_wrapper_818/HI
 user_project_wrapper_819/HI
 user_project_wrapper_820/HI
 user_project_wrapper_821/HI
 user_project_wrapper_822/HI
 user_project_wrapper_823/HI
 user_project_wrapper_824/HI
 user_project_wrapper_825/HI
 user_project_wrapper_826/HI
 user_project_wrapper_827/HI
 user_project_wrapper_828/HI
 user_project_wrapper_829/HI
 user_project_wrapper_830/HI
 user_project_wrapper_831/HI
 user_project_wrapper_832/HI
 user_project_wrapper_833/HI
 user_project_wrapper_834/HI
 user_project_wrapper_835/HI
 user_project_wrapper_836/HI
 user_project_wrapper_837/HI
 user_project_wrapper_838/HI
 user_project_wrapper_839/HI
 user_project_wrapper_840/HI
 user_project_wrapper_841/HI
 user_project_wrapper_842/HI
 user_project_wrapper_843/HI
 user_project_wrapper_844/HI
 user_project_wrapper_845/HI
 user_project_wrapper_846/HI
 user_project_wrapper_847/HI
 user_project_wrapper_848/HI
 user_project_wrapper_849/HI
 user_project_wrapper_850/HI
 user_project_wrapper_851/HI
 user_project_wrapper_852/HI
 user_project_wrapper_853/HI
 user_project_wrapper_854/HI
 user_project_wrapper_855/HI
 user_project_wrapper_856/HI
 user_project_wrapper_857/HI
 user_project_wrapper_858/HI
 user_project_wrapper_859/HI
 user_project_wrapper_860/HI
 user_project_wrapper_861/HI
 user_project_wrapper_862/HI
 user_project_wrapper_863/HI
 user_project_wrapper_864/HI
 user_project_wrapper_865/HI
 user_project_wrapper_866/HI
 user_project_wrapper_867/HI
 user_project_wrapper_868/HI
 user_project_wrapper_869/HI
 user_project_wrapper_870/HI
 user_project_wrapper_871/HI
 user_project_wrapper_872/HI
 user_project_wrapper_873/HI
 user_project_wrapper_874/HI
 user_project_wrapper_875/HI
 user_project_wrapper_876/HI
 user_project_wrapper_877/HI
 user_project_wrapper_878/HI
 user_project_wrapper_879/HI
 user_project_wrapper_880/HI
 user_project_wrapper_881/HI
 user_project_wrapper_882/HI
 user_project_wrapper_883/HI
 user_project_wrapper_884/HI
 user_project_wrapper_885/HI
 user_project_wrapper_886/HI
 user_project_wrapper_887/HI
 user_project_wrapper_888/HI
 user_project_wrapper_889/HI
 user_project_wrapper_890/HI
 user_project_wrapper_891/HI
 user_project_wrapper_892/HI
 user_project_wrapper_893/HI
 user_project_wrapper_894/HI
 user_project_wrapper_895/HI
 user_project_wrapper_896/HI
 user_project_wrapper_897/HI
 user_project_wrapper_898/HI
 user_project_wrapper_899/HI
 user_project_wrapper_900/HI
 user_project_wrapper_901/HI
 user_project_wrapper_902/HI
 user_project_wrapper_903/HI
 user_project_wrapper_904/HI
 user_project_wrapper_905/HI
 user_project_wrapper_906/HI
 user_project_wrapper_907/HI
 user_project_wrapper_908/HI
 user_project_wrapper_909/HI
 user_project_wrapper_910/HI
 user_project_wrapper_911/HI
 user_project_wrapper_912/HI
 user_project_wrapper_913/HI
 user_project_wrapper_914/HI
 user_project_wrapper_915/HI
 user_project_wrapper_916/HI
 user_project_wrapper_917/HI
 user_project_wrapper_918/HI
 user_project_wrapper_919/HI
 user_project_wrapper_920/HI
 user_project_wrapper_921/HI
 user_project_wrapper_922/HI
 user_project_wrapper_923/HI
 user_project_wrapper_924/HI
 user_project_wrapper_925/HI
 user_project_wrapper_926/HI
 user_project_wrapper_927/HI
 user_project_wrapper_928/HI
 user_project_wrapper_929/HI
 user_project_wrapper_930/HI
 user_project_wrapper_931/HI
 user_project_wrapper_932/HI
 user_project_wrapper_934/LO
 user_project_wrapper_935/LO
 user_project_wrapper_936/LO
 user_project_wrapper_937/LO
Found 40 partially unannotated drivers.
 _7393_/X
  mprj.sram.sram_inst/din0[31]
 _7394_/Y
  mprj.sram.sram_inst/din0[30]
 _7395_/Y
  mprj.sram.sram_inst/din0[29]
 _7396_/Y
  mprj.sram.sram_inst/din0[28]
 _7397_/Y
  mprj.sram.sram_inst/din0[27]
 _7398_/Y
  mprj.sram.sram_inst/din0[26]
 _7399_/Y
  mprj.sram.sram_inst/din0[25]
 _7400_/Y
  mprj.sram.sram_inst/din0[24]
 _7401_/Y
  mprj.sram.sram_inst/din0[23]
 _7402_/Y
  mprj.sram.sram_inst/din0[22]
 _7403_/Y
  mprj.sram.sram_inst/din0[21]
 _7404_/Y
  mprj.sram.sram_inst/din0[20]
 _7405_/Y
  mprj.sram.sram_inst/din0[19]
 _7406_/Y
  mprj.sram.sram_inst/din0[18]
 _7407_/Y
  mprj.sram.sram_inst/din0[17]
 _7408_/Y
  mprj.sram.sram_inst/din0[16]
 _7409_/Y
  mprj.sram.sram_inst/din0[15]
 _7410_/Y
  mprj.sram.sram_inst/din0[14]
 _7411_/Y
  mprj.sram.sram_inst/din0[13]
 _7412_/Y
  mprj.sram.sram_inst/din0[12]
 _7413_/Y
  mprj.sram.sram_inst/din0[11]
 _7414_/Y
  mprj.sram.sram_inst/din0[10]
 _7415_/Y
  mprj.sram.sram_inst/din0[9]
 _7416_/Y
  mprj.sram.sram_inst/din0[8]
 _7417_/Y
  mprj.sram.sram_inst/din0[7]
 _7418_/Y
  mprj.sram.sram_inst/din0[6]
 _7419_/Y
  mprj.sram.sram_inst/din0[5]
 _7420_/Y
  mprj.sram.sram_inst/din0[4]
 _7421_/Y
  mprj.sram.sram_inst/din0[3]
 _7422_/Y
  mprj.sram.sram_inst/din0[2]
 _7423_/Y
  mprj.sram.sram_inst/din0[1]
 _7424_/Y
  mprj.sram.sram_inst/din0[0]
 _7425_/Y
  mprj.sram.sram_inst/addr0[7]
  mprj.sram.sram_inst/addr1[7]
 _7426_/Y
  mprj.sram.sram_inst/addr0[6]
  mprj.sram.sram_inst/addr1[6]
 _7427_/X
  mprj.sram.sram_inst/addr0[5]
  mprj.sram.sram_inst/addr1[5]
 _7428_/Y
  mprj.sram.sram_inst/addr0[4]
  mprj.sram.sram_inst/addr1[4]
 _7429_/Y
  mprj.sram.sram_inst/addr0[3]
  mprj.sram.sram_inst/addr1[3]
 _7430_/Y
  mprj.sram.sram_inst/addr0[2]
  mprj.sram.sram_inst/addr1[2]
 _7431_/Y
  mprj.sram.sram_inst/addr0[1]
  mprj.sram.sram_inst/addr1[1]
 _7432_/Y
  mprj.sram.sram_inst/addr0[0]
  mprj.sram.sram_inst/addr1[0]

===========================================================================
max slew violation count 946
max fanout violation count 980
max cap violation count 3
============================================================================

===========================================================================
check_setup -verbose -unconstrained_endpoints -multiple_clock -no_clock -no_input_delay -loops -generated_clocks
===========================================================================
Warning: There are 68 input ports missing set_input_delay.
  analog_io[0]
  analog_io[10]
  analog_io[11]
  analog_io[12]
  analog_io[13]
  analog_io[14]
  analog_io[15]
  analog_io[16]
  analog_io[17]
  analog_io[18]
  analog_io[19]
  analog_io[1]
  analog_io[20]
  analog_io[21]
  analog_io[22]
  analog_io[23]
  analog_io[24]
  analog_io[25]
  analog_io[26]
  analog_io[27]
  analog_io[28]
  analog_io[2]
  analog_io[3]
  analog_io[4]
  analog_io[5]
  analog_io[6]
  analog_io[7]
  analog_io[8]
  analog_io[9]
  io_in[0]
  io_in[10]
  io_in[11]
  io_in[12]
  io_in[13]
  io_in[14]
  io_in[15]
  io_in[16]
  io_in[17]
  io_in[18]
  io_in[19]
  io_in[1]
  io_in[20]
  io_in[21]
  io_in[22]
  io_in[23]
  io_in[24]
  io_in[25]
  io_in[26]
  io_in[27]
  io_in[28]
  io_in[29]
  io_in[2]
  io_in[30]
  io_in[31]
  io_in[32]
  io_in[33]
  io_in[34]
  io_in[35]
  io_in[36]
  io_in[37]
  io_in[3]
  io_in[4]
  io_in[5]
  io_in[6]
  io_in[7]
  io_in[8]
  io_in[9]
  user_clock2
Warning: There are 316 unconstrained endpoints.
  analog_io[0]
  analog_io[10]
  analog_io[11]
  analog_io[12]
  analog_io[13]
  analog_io[14]
  analog_io[15]
  analog_io[16]
  analog_io[17]
  analog_io[18]
  analog_io[19]
  analog_io[1]
  analog_io[20]
  analog_io[21]
  analog_io[22]
  analog_io[23]
  analog_io[24]
  analog_io[25]
  analog_io[26]
  analog_io[27]
  analog_io[28]
  analog_io[2]
  analog_io[3]
  analog_io[4]
  analog_io[5]
  analog_io[6]
  analog_io[7]
  analog_io[8]
  analog_io[9]
  io_oeb[0]
  io_oeb[10]
  io_oeb[11]
  io_oeb[12]
  io_oeb[13]
  io_oeb[14]
  io_oeb[15]
  io_oeb[16]
  io_oeb[17]
  io_oeb[18]
  io_oeb[19]
  io_oeb[1]
  io_oeb[20]
  io_oeb[21]
  io_oeb[22]
  io_oeb[23]
  io_oeb[24]
  io_oeb[25]
  io_oeb[26]
  io_oeb[27]
  io_oeb[28]
  io_oeb[29]
  io_oeb[2]
  io_oeb[30]
  io_oeb[31]
  io_oeb[32]
  io_oeb[33]
  io_oeb[34]
  io_oeb[35]
  io_oeb[36]
  io_oeb[37]
  io_oeb[3]
  io_oeb[4]
  io_oeb[5]
  io_oeb[6]
  io_oeb[7]
  io_oeb[8]
  io_oeb[9]
  io_out[0]
  io_out[10]
  io_out[11]
  io_out[12]
  io_out[13]
  io_out[14]
  io_out[15]
  io_out[16]
  io_out[17]
  io_out[18]
  io_out[19]
  io_out[1]
  io_out[20]
  io_out[21]
  io_out[22]
  io_out[23]
  io_out[24]
  io_out[25]
  io_out[26]
  io_out[27]
  io_out[28]
  io_out[29]
  io_out[2]
  io_out[30]
  io_out[31]
  io_out[32]
  io_out[33]
  io_out[34]
  io_out[35]
  io_out[36]
  io_out[37]
  io_out[3]
  io_out[4]
  io_out[5]
  io_out[6]
  io_out[7]
  io_out[8]
  io_out[9]
  la_data_out[0]
  la_data_out[100]
  la_data_out[101]
  la_data_out[102]
  la_data_out[103]
  la_data_out[104]
  la_data_out[105]
  la_data_out[106]
  la_data_out[107]
  la_data_out[108]
  la_data_out[109]
  la_data_out[10]
  la_data_out[110]
  la_data_out[111]
  la_data_out[112]
  la_data_out[113]
  la_data_out[114]
  la_data_out[115]
  la_data_out[116]
  la_data_out[117]
  la_data_out[118]
  la_data_out[119]
  la_data_out[11]
  la_data_out[120]
  la_data_out[121]
  la_data_out[122]
  la_data_out[123]
  la_data_out[124]
  la_data_out[125]
  la_data_out[126]
  la_data_out[127]
  la_data_out[12]
  la_data_out[13]
  la_data_out[14]
  la_data_out[15]
  la_data_out[16]
  la_data_out[17]
  la_data_out[18]
  la_data_out[19]
  la_data_out[1]
  la_data_out[20]
  la_data_out[21]
  la_data_out[22]
  la_data_out[23]
  la_data_out[24]
  la_data_out[25]
  la_data_out[26]
  la_data_out[27]
  la_data_out[28]
  la_data_out[29]
  la_data_out[2]
  la_data_out[30]
  la_data_out[31]
  la_data_out[32]
  la_data_out[33]
  la_data_out[34]
  la_data_out[35]
  la_data_out[36]
  la_data_out[37]
  la_data_out[38]
  la_data_out[39]
  la_data_out[3]
  la_data_out[40]
  la_data_out[41]
  la_data_out[42]
  la_data_out[43]
  la_data_out[44]
  la_data_out[45]
  la_data_out[46]
  la_data_out[47]
  la_data_out[48]
  la_data_out[49]
  la_data_out[4]
  la_data_out[50]
  la_data_out[51]
  la_data_out[52]
  la_data_out[53]
  la_data_out[54]
  la_data_out[55]
  la_data_out[56]
  la_data_out[57]
  la_data_out[58]
  la_data_out[59]
  la_data_out[5]
  la_data_out[60]
  la_data_out[61]
  la_data_out[62]
  la_data_out[63]
  la_data_out[64]
  la_data_out[65]
  la_data_out[66]
  la_data_out[67]
  la_data_out[68]
  la_data_out[69]
  la_data_out[6]
  la_data_out[70]
  la_data_out[71]
  la_data_out[72]
  la_data_out[73]
  la_data_out[74]
  la_data_out[75]
  la_data_out[76]
  la_data_out[77]
  la_data_out[78]
  la_data_out[79]
  la_data_out[7]
  la_data_out[80]
  la_data_out[81]
  la_data_out[82]
  la_data_out[83]
  la_data_out[84]
  la_data_out[85]
  la_data_out[86]
  la_data_out[87]
  la_data_out[88]
  la_data_out[89]
  la_data_out[8]
  la_data_out[90]
  la_data_out[91]
  la_data_out[92]
  la_data_out[93]
  la_data_out[94]
  la_data_out[95]
  la_data_out[96]
  la_data_out[97]
  la_data_out[98]
  la_data_out[99]
  la_data_out[9]
  user_irq[0]
  user_irq[1]
  user_irq[2]
  _8505_/D
  mprj.team_01_Wrapper.team_01_WB.instance_to_wrap/gpio_in[12]
  mprj.team_01_Wrapper.team_01_WB.instance_to_wrap/gpio_in[13]
  mprj.team_01_Wrapper.team_01_WB.instance_to_wrap/gpio_in[14]
  mprj.team_01_Wrapper.team_01_WB.instance_to_wrap/gpio_in[15]
  mprj.team_02_Wrapper.team_02_WB.instance_to_wrap/gpio_in[15]
  mprj.team_02_Wrapper.team_02_WB.instance_to_wrap/gpio_in[16]
  mprj.team_02_Wrapper.team_02_WB.instance_to_wrap/gpio_in[17]
  mprj.team_02_Wrapper.team_02_WB.instance_to_wrap/gpio_in[18]
  mprj.team_03_Wrapper.team_03_WB.instance_to_wrap/gpio_in[0]
  mprj.team_03_Wrapper.team_03_WB.instance_to_wrap/gpio_in[10]
  mprj.team_03_Wrapper.team_03_WB.instance_to_wrap/gpio_in[11]
  mprj.team_03_Wrapper.team_03_WB.instance_to_wrap/gpio_in[12]
  mprj.team_03_Wrapper.team_03_WB.instance_to_wrap/gpio_in[13]
  mprj.team_03_Wrapper.team_03_WB.instance_to_wrap/gpio_in[14]
  mprj.team_03_Wrapper.team_03_WB.instance_to_wrap/gpio_in[15]
  mprj.team_03_Wrapper.team_03_WB.instance_to_wrap/gpio_in[16]
  mprj.team_03_Wrapper.team_03_WB.instance_to_wrap/gpio_in[17]
  mprj.team_03_Wrapper.team_03_WB.instance_to_wrap/gpio_in[18]
  mprj.team_03_Wrapper.team_03_WB.instance_to_wrap/gpio_in[19]
  mprj.team_03_Wrapper.team_03_WB.instance_to_wrap/gpio_in[1]
  mprj.team_03_Wrapper.team_03_WB.instance_to_wrap/gpio_in[20]
  mprj.team_03_Wrapper.team_03_WB.instance_to_wrap/gpio_in[21]
  mprj.team_03_Wrapper.team_03_WB.instance_to_wrap/gpio_in[22]
  mprj.team_03_Wrapper.team_03_WB.instance_to_wrap/gpio_in[23]
  mprj.team_03_Wrapper.team_03_WB.instance_to_wrap/gpio_in[24]
  mprj.team_03_Wrapper.team_03_WB.instance_to_wrap/gpio_in[25]
  mprj.team_03_Wrapper.team_03_WB.instance_to_wrap/gpio_in[26]
  mprj.team_03_Wrapper.team_03_WB.instance_to_wrap/gpio_in[27]
  mprj.team_03_Wrapper.team_03_WB.instance_to_wrap/gpio_in[28]
  mprj.team_03_Wrapper.team_03_WB.instance_to_wrap/gpio_in[29]
  mprj.team_03_Wrapper.team_03_WB.instance_to_wrap/gpio_in[2]
  mprj.team_03_Wrapper.team_03_WB.instance_to_wrap/gpio_in[30]
  mprj.team_03_Wrapper.team_03_WB.instance_to_wrap/gpio_in[31]
  mprj.team_03_Wrapper.team_03_WB.instance_to_wrap/gpio_in[3]
  mprj.team_03_Wrapper.team_03_WB.instance_to_wrap/gpio_in[4]
  mprj.team_03_Wrapper.team_03_WB.instance_to_wrap/gpio_in[5]
  mprj.team_03_Wrapper.team_03_WB.instance_to_wrap/gpio_in[6]
  mprj.team_03_Wrapper.team_03_WB.instance_to_wrap/gpio_in[7]
  mprj.team_03_Wrapper.team_03_WB.instance_to_wrap/gpio_in[8]
  mprj.team_03_Wrapper.team_03_WB.instance_to_wrap/gpio_in[9]
  mprj.team_04_Wrapper.team_04_WB.instance_to_wrap/gpio_in[5]
  mprj.team_05_Wrapper.team_05_WB.instance_to_wrap/gpio_in[30]
  mprj.team_05_Wrapper.team_05_WB.instance_to_wrap/gpio_in[31]
  mprj.team_05_Wrapper.team_05_WB.instance_to_wrap/gpio_in[32]
  mprj.team_05_Wrapper.team_05_WB.instance_to_wrap/gpio_in[33]
  mprj.team_06_Wrapper.team_06_WB.instance_to_wrap/gpio_in[0]
  mprj.team_06_Wrapper.team_06_WB.instance_to_wrap/gpio_in[1]
  mprj.team_06_Wrapper.team_06_WB.instance_to_wrap/gpio_in[2]
  mprj.team_06_Wrapper.team_06_WB.instance_to_wrap/gpio_in[3]
  mprj.team_06_Wrapper.team_06_WB.instance_to_wrap/gpio_in[4]
  mprj.team_06_Wrapper.team_06_WB.instance_to_wrap/gpio_in[5]
  mprj.team_07_Wrapper.team_07_WB.instance_to_wrap/gpio_in[18]
  mprj.team_07_Wrapper.team_07_WB.instance_to_wrap/gpio_in[19]
  mprj.team_07_Wrapper.team_07_WB.instance_to_wrap/gpio_in[20]
  mprj.team_07_Wrapper.team_07_WB.instance_to_wrap/gpio_in[21]
  mprj.team_07_Wrapper.team_07_WB.instance_to_wrap/gpio_in[22]
  mprj.team_07_Wrapper.team_07_WB.instance_to_wrap/gpio_in[23]
  mprj.team_08_Wrapper.team_08_WB.instance_to_wrap/gpio_in[0]
  mprj.team_08_Wrapper.team_08_WB.instance_to_wrap/gpio_in[1]
  mprj.team_09_Wrapper.team_09_WB.instance_to_wrap/gpio_in[25]
  mprj.team_09_Wrapper.team_09_WB.instance_to_wrap/gpio_in[26]
  mprj.team_09_Wrapper.team_09_WB.instance_to_wrap/gpio_in[27]
  mprj.team_09_Wrapper.team_09_WB.instance_to_wrap/gpio_in[28]
  mprj.team_09_Wrapper.team_09_WB.instance_to_wrap/gpio_in[29]
  mprj.team_09_Wrapper.team_09_WB.instance_to_wrap/gpio_in[30]
  mprj.team_09_Wrapper.team_09_WB.instance_to_wrap/gpio_in[31]
  mprj.team_10_Wrapper.team_10_WB.instance_to_wrap/gpio_in[20]
  mprj.team_10_Wrapper.team_10_WB.instance_to_wrap/gpio_in[21]
  mprj.team_10_Wrapper.team_10_WB.instance_to_wrap/gpio_in[22]
  mprj.team_10_Wrapper.team_10_WB.instance_to_wrap/gpio_in[23]
  mprj.team_10_Wrapper.team_10_WB.instance_to_wrap/gpio_in[24]
  mprj.team_10_Wrapper.team_10_WB.instance_to_wrap/gpio_in[33]
  mprj.team_11_Wrapper.team_11_WB.instance_to_wrap/gpio_in[30]
  mprj.team_11_Wrapper.team_11_WB.instance_to_wrap/gpio_in[31]
  mprj.team_11_Wrapper.team_11_WB.instance_to_wrap/gpio_in[32]
  mprj.team_11_Wrapper.team_11_WB.instance_to_wrap/gpio_in[33]
  mprj.team_12_Wrapper.team_12_WB.instance_to_wrap/gpio_in[0]
  mprj.team_12_Wrapper.team_12_WB.instance_to_wrap/gpio_in[1]
  mprj.team_12_Wrapper.team_12_WB.instance_to_wrap/gpio_in[2]
