
===========================================================================
report_checks -unconstrained
===========================================================================
======================= max_ff_n40C_1v95 Corner ===================================

Startpoint: wb_rst_i (input port clocked by clk)
Endpoint: _8589_ (recovery check against rising-edge clock clk)
Path Group: asynchronous
Path Type: max

Fanout         Cap        Slew       Delay        Time   Description
---------------------------------------------------------------------------------------------
                                  0.000000    0.000000   clock clk (rise edge)
                                  5.570000    5.570000   clock network delay (propagated)
                                 50.000000   55.570000 v input external delay
     2    0.017015    0.000000    0.000000   55.570000 v wb_rst_i (in)
                                                         wb_rst_i (net)
                      0.001552    0.000774   55.570774 v input39/A (sky130_fd_sc_hd__buf_12)
     5    0.598385    0.041106    0.090523   55.661297 v input39/X (sky130_fd_sc_hd__buf_12)
                                                         net39 (net)
                      1.490034    0.745473   56.406769 v fanout742/A (sky130_fd_sc_hd__buf_12)
    15    0.405470    0.087745    0.493760   56.900532 v fanout742/X (sky130_fd_sc_hd__buf_12)
                                                         net742 (net)
                      0.694666    0.344023   57.244553 v fanout734/A (sky130_fd_sc_hd__clkbuf_8)
    11    0.126272    0.110644    0.361183   57.605736 v fanout734/X (sky130_fd_sc_hd__clkbuf_8)
                                                         net734 (net)
                      0.118955    0.023508   57.629246 v fanout733/A (sky130_fd_sc_hd__clkbuf_8)
    13    0.109153    0.086239    0.169777   57.799023 v fanout733/X (sky130_fd_sc_hd__clkbuf_8)
                                                         net733 (net)
                      0.096828    0.022364   57.821388 v fanout732/A (sky130_fd_sc_hd__buf_4)
    13    0.103963    0.097222    0.175213   57.996601 v fanout732/X (sky130_fd_sc_hd__buf_4)
                                                         net732 (net)
                      0.097313    0.002593   57.999191 v fanout731/A (sky130_fd_sc_hd__clkbuf_8)
    21    0.117885    0.093355    0.175149   58.174343 v fanout731/X (sky130_fd_sc_hd__clkbuf_8)
                                                         net731 (net)
                      0.096904    0.014289   58.188629 v _8240_/A (sky130_fd_sc_hd__inv_2)
     1    0.005453    0.036639    0.056588   58.245220 ^ _8240_/Y (sky130_fd_sc_hd__inv_2)
                                                         _0122_ (net)
                      0.036639    0.000306   58.245525 ^ _8589_/RESET_B (sky130_fd_sc_hd__dfrtp_2)
                                             58.245525   data arrival time

                                100.000000  100.000000   clock clk (rise edge)
                                  4.650000  104.649994   clock source latency
     4    0.471374    0.610000    0.000000  104.649994 ^ wb_clk_i (in)
                                                         wb_clk_i (net)
                      1.929794    0.659902  105.309898 ^ clkbuf_regs_0_clk/A (sky130_fd_sc_hd__clkbuf_16)
     1    0.016018    0.068558    0.090360  105.400253 ^ clkbuf_regs_0_clk/X (sky130_fd_sc_hd__clkbuf_16)
                                                         delaynet_0_clk (net)
                      0.068568    0.001691  105.401947 ^ delaybuf_0_clk/A (sky130_fd_sc_hd__clkbuf_16)
     1    0.016073    0.028978    0.091958  105.493904 ^ delaybuf_0_clk/X (sky130_fd_sc_hd__clkbuf_16)
                                                         delaynet_1_clk (net)
                      0.029008    0.001606  105.495514 ^ delaybuf_1_clk/A (sky130_fd_sc_hd__clkbuf_16)
     1    0.014060    0.027248    0.079588  105.575104 ^ delaybuf_1_clk/X (sky130_fd_sc_hd__clkbuf_16)
                                                         wb_clk_i_regs (net)
                      0.027270    0.001378  105.576477 ^ clkbuf_0_wb_clk_i_regs/A (sky130_fd_sc_hd__clkbuf_16)
     5    0.109284    0.096739    0.127415  105.703896 ^ clkbuf_0_wb_clk_i_regs/X (sky130_fd_sc_hd__clkbuf_16)
                                                         clknet_0_wb_clk_i_regs (net)
                      0.100206    0.014325  105.718216 ^ clkbuf_1_0_0_wb_clk_i_regs/A (sky130_fd_sc_hd__clkbuf_8)
     5    0.109931    0.145730    0.158863  105.877083 ^ clkbuf_1_0_0_wb_clk_i_regs/X (sky130_fd_sc_hd__clkbuf_8)
                                                         clknet_1_0_0_wb_clk_i_regs (net)
                      0.168683    0.043471  105.920555 ^ clkbuf_2_1_0_wb_clk_i_regs/A (sky130_fd_sc_hd__clkbuf_8)
     3    0.082189    0.115218    0.158906  106.079460 ^ clkbuf_2_1_0_wb_clk_i_regs/X (sky130_fd_sc_hd__clkbuf_8)
                                                         clknet_2_1_0_wb_clk_i_regs (net)
                      0.128765    0.030028  106.109482 ^ clkbuf_2_1_1_wb_clk_i_regs/A (sky130_fd_sc_hd__clkbuf_8)
     9    0.140116    0.186927    0.208615  106.318100 ^ clkbuf_2_1_1_wb_clk_i_regs/X (sky130_fd_sc_hd__clkbuf_8)
                                                         clknet_2_1_1_wb_clk_i_regs (net)
                      0.190869    0.021608  106.339706 ^ clkbuf_4_6_0_wb_clk_i_regs/A (sky130_fd_sc_hd__clkbuf_8)
     5    0.082083    0.115766    0.169429  106.509140 ^ clkbuf_4_6_0_wb_clk_i_regs/X (sky130_fd_sc_hd__clkbuf_8)
                                                         clknet_4_6_0_wb_clk_i_regs (net)
                      0.120965    0.019234  106.528374 ^ clkbuf_5_13_0_wb_clk_i_regs/A (sky130_fd_sc_hd__clkbuf_8)
    23    0.137320    0.182609    0.210385  106.738754 ^ clkbuf_5_13_0_wb_clk_i_regs/X (sky130_fd_sc_hd__clkbuf_8)
                                                         clknet_5_13_0_wb_clk_i_regs (net)
                      0.184619    0.015369  106.754128 ^ _8589_/CLK (sky130_fd_sc_hd__dfrtp_2)
                                 -0.200000  106.554131   clock uncertainty
                                  0.000000  106.554131   clock reconvergence pessimism
                                  0.155623  106.709755   library recovery time
                                            106.709755   data required time
---------------------------------------------------------------------------------------------
                                            106.709755   data required time
                                            -58.245525   data arrival time
---------------------------------------------------------------------------------------------
                                             48.464230   slack (MET)


Startpoint: _8695_ (rising edge-triggered flip-flop clocked by clk)
Endpoint: mprj.team_04_Wrapper.team_04_WB.instance_to_wrap
          (rising edge-triggered flip-flop clocked by clk)
Path Group: clk
Path Type: max

Fanout         Cap        Slew       Delay        Time   Description
---------------------------------------------------------------------------------------------
                                  0.000000    0.000000   clock clk (rise edge)
                                  5.570000    5.570000   clock source latency
     4    0.471374    0.610000    0.000000    5.570000 ^ wb_clk_i (in)
                                                         wb_clk_i (net)
                      1.929794    0.659897    6.229897 ^ clkbuf_regs_0_clk/A (sky130_fd_sc_hd__clkbuf_16)
     1    0.016018    0.068558    0.090366    6.320263 ^ clkbuf_regs_0_clk/X (sky130_fd_sc_hd__clkbuf_16)
                                                         delaynet_0_clk (net)
                      0.068568    0.001686    6.321949 ^ delaybuf_0_clk/A (sky130_fd_sc_hd__clkbuf_16)
     1    0.016073    0.028978    0.091958    6.413907 ^ delaybuf_0_clk/X (sky130_fd_sc_hd__clkbuf_16)
                                                         delaynet_1_clk (net)
                      0.029008    0.001608    6.415514 ^ delaybuf_1_clk/A (sky130_fd_sc_hd__clkbuf_16)
     1    0.014060    0.027248    0.079590    6.495104 ^ delaybuf_1_clk/X (sky130_fd_sc_hd__clkbuf_16)
                                                         wb_clk_i_regs (net)
                      0.027270    0.001380    6.496484 ^ clkbuf_0_wb_clk_i_regs/A (sky130_fd_sc_hd__clkbuf_16)
     5    0.109284    0.096739    0.127415    6.623899 ^ clkbuf_0_wb_clk_i_regs/X (sky130_fd_sc_hd__clkbuf_16)
                                                         clknet_0_wb_clk_i_regs (net)
                      0.100477    0.014875    6.638774 ^ clkbuf_1_1_0_wb_clk_i_regs/A (sky130_fd_sc_hd__clkbuf_8)
     5    0.104900    0.141628    0.163245    6.802019 ^ clkbuf_1_1_0_wb_clk_i_regs/X (sky130_fd_sc_hd__clkbuf_8)
                                                         clknet_1_1_0_wb_clk_i_regs (net)
                      0.152703    0.030420    6.832439 ^ clkbuf_2_3_0_wb_clk_i_regs/A (sky130_fd_sc_hd__clkbuf_8)
     3    0.097481    0.130064    0.163680    6.996119 ^ clkbuf_2_3_0_wb_clk_i_regs/X (sky130_fd_sc_hd__clkbuf_8)
                                                         clknet_2_3_0_wb_clk_i_regs (net)
                      0.152710    0.040739    7.036858 ^ clkbuf_2_3_1_wb_clk_i_regs/A (sky130_fd_sc_hd__clkbuf_8)
    10    0.223983    0.281859    0.237727    7.274585 ^ clkbuf_2_3_1_wb_clk_i_regs/X (sky130_fd_sc_hd__clkbuf_8)
                                                         clknet_2_3_1_wb_clk_i_regs (net)
                      0.362831    0.116473    7.391058 ^ clkbuf_4_12_0_wb_clk_i_regs/A (sky130_fd_sc_hd__clkbuf_8)
     5    0.079345    0.115163    0.183907    7.574965 ^ clkbuf_4_12_0_wb_clk_i_regs/X (sky130_fd_sc_hd__clkbuf_8)
                                                         clknet_4_12_0_wb_clk_i_regs (net)
                      0.119982    0.018405    7.593369 ^ clkbuf_5_24_0_wb_clk_i_regs/A (sky130_fd_sc_hd__clkbuf_8)
    15    0.305970    0.395050    0.309687    7.903056 ^ clkbuf_5_24_0_wb_clk_i_regs/X (sky130_fd_sc_hd__clkbuf_8)
                                                         clknet_5_24_0_wb_clk_i_regs (net)
                      0.414895    0.068836    7.971892 ^ _8695_/CLK (sky130_fd_sc_hd__dfrtp_4)
     2    0.018533    0.059621    0.324813    8.296705 ^ _8695_/Q (sky130_fd_sc_hd__dfrtp_4)
                                                         mprj.team_04_Wrapper.team_04_WB.EN_VAL_REG (net)
                      0.059700    0.001359    8.298064 ^ hold2005/A (sky130_fd_sc_hd__dlygate4sd3_1)
     1    0.004289    0.047452    0.385483    8.683547 ^ hold2005/X (sky130_fd_sc_hd__dlygate4sd3_1)
                                                         net2944 (net)
                      0.047452    0.000248    8.683794 ^ hold1739/A (sky130_fd_sc_hd__dlygate4sd3_1)
     6    0.043489    0.328728    0.578679    9.262474 ^ hold1739/X (sky130_fd_sc_hd__dlygate4sd3_1)
                                                         net2678 (net)
                      0.329302    0.009919    9.272393 ^ hold864/A (sky130_fd_sc_hd__dlygate4sd3_1)
     5    0.083867    0.620655    0.803523   10.075915 ^ hold864/X (sky130_fd_sc_hd__dlygate4sd3_1)
                                                         net1803 (net)
                      0.620750    0.006454   10.082369 ^ hold1740/A (sky130_fd_sc_hd__dlygate4sd3_1)
     3    0.032935    0.250548    0.552150   10.634520 ^ hold1740/X (sky130_fd_sc_hd__dlygate4sd3_1)
                                                         net2679 (net)
                      0.250665    0.005048   10.639566 ^ mprj.team_04_Wrapper.team_04_WB.instance_to_wrap/en (team_04)
                                             10.639566   data arrival time

                                 50.000000   50.000000   clock clk (fall edge)
                                  4.650000   54.650002   clock source latency
     4    0.469382    0.610000    0.000000   54.650002 v wb_clk_i (in)
                                                         wb_clk_i (net)
                      1.989529    0.689763   55.339764 v clkbuf_0_wb_clk_i/A (sky130_fd_sc_hd__clkbuf_16)
     5    0.107058    0.114479    0.617391   55.957153 v clkbuf_0_wb_clk_i/X (sky130_fd_sc_hd__clkbuf_16)
                                                         clknet_0_wb_clk_i (net)
                      0.118301    0.015881   55.973034 v clkbuf_1_0_0_wb_clk_i/A (sky130_fd_sc_hd__clkbuf_8)
     3    0.087161    0.076686    0.169567   56.142601 v clkbuf_1_0_0_wb_clk_i/X (sky130_fd_sc_hd__clkbuf_8)
                                                         clknet_1_0_0_wb_clk_i (net)
                      0.078908    0.010374   56.152977 v clkbuf_1_0_1_wb_clk_i/A (sky130_fd_sc_hd__clkbuf_8)
    13    1.374451    0.880408    0.416204   56.569180 v clkbuf_1_0_1_wb_clk_i/X (sky130_fd_sc_hd__clkbuf_8)
                                                         clknet_1_0_1_wb_clk_i (net)
                      1.512626    0.638636   57.207817 v mprj.team_04_Wrapper.team_04_WB.instance_to_wrap/clk (team_04)
                                 -0.200000   57.007816   clock uncertainty
                                  0.920000   57.927814   clock reconvergence pessimism
                                -11.255480   46.672337   library setup time
                                             46.672337   data required time
---------------------------------------------------------------------------------------------
                                             46.672337   data required time
                                            -10.639566   data arrival time
---------------------------------------------------------------------------------------------
                                             36.032768   slack (MET)




===========================================================================
report_checks --slack_max -0.01
============================================================================
======================= max_ff_n40C_1v95 Corner ===================================

No paths found.


===========================================================================
 report_check_types -max_slew -max_cap -max_fanout -violators
============================================================================
======================= max_ff_n40C_1v95 Corner ===================================

max slew

Pin                                        Limit        Slew       Slack
------------------------------------------------------------------------
ANTENNA_mprj.team_03_Wrapper.team_03_WB.instance_to_wrap_nrst/DIODE    1.500000    4.284951   -2.784951 (VIOLATED)
mprj.team_03_Wrapper.team_03_WB.instance_to_wrap/nrst    1.500000    4.284915   -2.784915 (VIOLATED)
mprj.team_04_Wrapper.team_04_WB.instance_to_wrap/nrst    1.500000    4.276898   -2.776899 (VIOLATED)
ANTENNA_mprj.team_04_Wrapper.team_04_WB.instance_to_wrap_nrst/DIODE    1.500000    4.276455   -2.776455 (VIOLATED)
mprj.team_08_Wrapper.team_08_WB.instance_to_wrap/gpio_in[12]    1.500000    4.231256   -2.731256 (VIOLATED)
ANTENNA_mprj.team_08_Wrapper.team_08_WB.instance_to_wrap_gpio_in[12]/DIODE    1.500000    4.231212   -2.731212 (VIOLATED)
mprj.team_05_Wrapper.team_05_WB.instance_to_wrap/nrst    1.500000    4.203820   -2.703820 (VIOLATED)
ANTENNA_mprj.team_05_Wrapper.team_05_WB.instance_to_wrap_nrst/DIODE    1.500000    4.180810   -2.680810 (VIOLATED)
ANTENNA_mprj.team_08_Wrapper.team_08_WB.instance_to_wrap_gpio_in[7]/DIODE    1.500000    4.095360   -2.595360 (VIOLATED)
mprj.team_08_Wrapper.team_08_WB.instance_to_wrap/gpio_in[7]    1.500000    4.095346   -2.595346 (VIOLATED)
mprj.team_06_Wrapper.team_06_WB.instance_to_wrap/gpio_in[12]    1.500000    4.051563   -2.551563 (VIOLATED)
ANTENNA_577/DIODE                       1.500000    4.045935   -2.545935 (VIOLATED)
ANTENNA_573/DIODE                       1.500000    4.045304   -2.545304 (VIOLATED)
ANTENNA_mprj.team_06_Wrapper.team_06_WB.instance_to_wrap_gpio_in[12]/DIODE    1.500000    4.045218   -2.545218 (VIOLATED)
ANTENNA_574/DIODE                       1.500000    4.037072   -2.537072 (VIOLATED)
ANTENNA_576/DIODE                       1.500000    4.031779   -2.531780 (VIOLATED)
ANTENNA_575/DIODE                       1.500000    4.027495   -2.527495 (VIOLATED)
ANTENNA_mprj.team_07_Wrapper.team_07_WB.instance_to_wrap_gpio_in[18]/DIODE    1.500000    4.009920   -2.509920 (VIOLATED)
mprj.team_07_Wrapper.team_07_WB.instance_to_wrap/gpio_in[18]    1.500000    4.009709   -2.509709 (VIOLATED)
ANTENNA_mprj.team_06_Wrapper.team_06_WB.instance_to_wrap_gpio_in[7]/DIODE    1.500000    3.892535   -2.392535 (VIOLATED)
mprj.team_06_Wrapper.team_06_WB.instance_to_wrap/gpio_in[7]    1.500000    3.892529   -2.392529 (VIOLATED)
mprj.team_08_Wrapper.team_08_WB.instance_to_wrap/gpio_in[13]    1.500000    3.872728   -2.372728 (VIOLATED)
ANTENNA_mprj.team_08_Wrapper.team_08_WB.instance_to_wrap_gpio_in[13]/DIODE    1.500000    3.872664   -2.372665 (VIOLATED)
ANTENNA_mprj.team_02_Wrapper.team_02_WB.instance_to_wrap_gpio_in[12]/DIODE    1.500000    3.813730   -2.313730 (VIOLATED)
mprj.team_02_Wrapper.team_02_WB.instance_to_wrap/gpio_in[12]    1.500000    3.813722   -2.313722 (VIOLATED)
ANTENNA_mprj.team_02_Wrapper.team_02_WB.instance_to_wrap_nrst/DIODE    1.500000    3.783962   -2.283962 (VIOLATED)
ANTENNA_mprj.team_09_Wrapper.team_09_WB.instance_to_wrap_gpio_in[5]/DIODE    1.500000    3.780699   -2.280699 (VIOLATED)
mprj.team_09_Wrapper.team_09_WB.instance_to_wrap/gpio_in[5]    1.500000    3.780597   -2.280597 (VIOLATED)
mprj.team_02_Wrapper.team_02_WB.instance_to_wrap/nrst    1.500000    3.764594   -2.264594 (VIOLATED)
ANTENNA_mprj.team_11_Wrapper.team_11_WB.instance_to_wrap_gpio_in[18]/DIODE    1.500000    3.743784   -2.243784 (VIOLATED)
mprj.team_11_Wrapper.team_11_WB.instance_to_wrap/gpio_in[18]    1.500000    3.743643   -2.243643 (VIOLATED)
ANTENNA_mprj.team_02_Wrapper.team_02_WB.instance_to_wrap_gpio_in[7]/DIODE    1.500000    3.686008   -2.186008 (VIOLATED)
ANTENNA_mprj.team_12_Wrapper.team_12_WB.instance_to_wrap_gpio_in[5]/DIODE    1.500000    3.674986   -2.174986 (VIOLATED)
mprj.team_12_Wrapper.team_12_WB.instance_to_wrap/gpio_in[5]    1.500000    3.674987   -2.174987 (VIOLATED)
mprj.team_06_Wrapper.team_06_WB.instance_to_wrap/gpio_in[13]    1.500000    3.671416   -2.171416 (VIOLATED)
mprj.team_02_Wrapper.team_02_WB.instance_to_wrap/gpio_in[7]    1.500000    3.671304   -2.171304 (VIOLATED)
ANTENNA_mprj.team_08_Wrapper.team_08_WB.instance_to_wrap_gpio_in[6]/DIODE    1.500000    3.669641   -2.169641 (VIOLATED)
mprj.team_08_Wrapper.team_08_WB.instance_to_wrap/gpio_in[6]    1.500000    3.669638   -2.169639 (VIOLATED)
ANTENNA_mprj.team_06_Wrapper.team_06_WB.instance_to_wrap_gpio_in[13]/DIODE    1.500000    3.667330   -2.167330 (VIOLATED)
load_slew788/A                          1.500000    3.612021   -2.112021 (VIOLATED)
ANTENNA_load_slew788_A/DIODE            1.500000    3.595778   -2.095778 (VIOLATED)
mprj.team_10_Wrapper.team_10_WB.instance_to_wrap/gpio_in[33]    1.500000    3.589984   -2.089984 (VIOLATED)
ANTENNA_mprj.team_10_Wrapper.team_10_WB.instance_to_wrap_gpio_in[33]/DIODE    1.500000    3.589952   -2.089952 (VIOLATED)
ANTENNA_mprj.team_05_Wrapper.team_05_WB.instance_to_wrap_gpio_in[7]/DIODE    1.500000    3.573559   -2.073559 (VIOLATED)
mprj.team_05_Wrapper.team_05_WB.instance_to_wrap/gpio_in[7]    1.500000    3.573353   -2.073353 (VIOLATED)
ANTENNA_mprj.team_06_Wrapper.team_06_WB.instance_to_wrap_gpio_in[6]/DIODE    1.500000    3.558768   -2.058768 (VIOLATED)
mprj.team_07_Wrapper.team_07_WB.instance_to_wrap/gpio_in[33]    1.500000    3.556631   -2.056631 (VIOLATED)
ANTENNA_mprj.team_07_Wrapper.team_07_WB.instance_to_wrap_gpio_in[33]/DIODE    1.500000    3.555042   -2.055042 (VIOLATED)
mprj.team_06_Wrapper.team_06_WB.instance_to_wrap/gpio_in[6]    1.500000    3.554685   -2.054685 (VIOLATED)
ANTENNA_mprj.team_02_Wrapper.team_02_WB.instance_to_wrap_gpio_in[13]/DIODE    1.500000    3.480255   -1.980255 (VIOLATED)
mprj.team_02_Wrapper.team_02_WB.instance_to_wrap/gpio_in[13]    1.500000    3.480225   -1.980225 (VIOLATED)
ANTENNA_mprj.team_08_Wrapper.team_08_WB.instance_to_wrap_gpio_in[4]/DIODE    1.500000    3.390842   -1.890842 (VIOLATED)
mprj.team_08_Wrapper.team_08_WB.instance_to_wrap/gpio_in[4]    1.500000    3.390754   -1.890754 (VIOLATED)
mprj.team_11_Wrapper.team_11_WB.instance_to_wrap/gpio_in[33]    1.500000    3.387358   -1.887358 (VIOLATED)
ANTENNA_mprj.team_02_Wrapper.team_02_WB.instance_to_wrap_gpio_in[6]/DIODE    1.500000    3.379970   -1.879970 (VIOLATED)
ANTENNA_mprj.team_11_Wrapper.team_11_WB.instance_to_wrap_gpio_in[33]/DIODE    1.500000    3.378626   -1.878626 (VIOLATED)
mprj.team_02_Wrapper.team_02_WB.instance_to_wrap/gpio_in[6]    1.500000    3.362364   -1.862364 (VIOLATED)
ANTENNA_268/DIODE                       1.500000    3.340496   -1.840496 (VIOLATED)
ANTENNA_270/DIODE                       1.500000    3.340405   -1.840405 (VIOLATED)
_7881_/A1                               1.500000    3.339458   -1.839458 (VIOLATED)
ANTENNA__7881__A1/DIODE                 1.500000    3.338523   -1.838523 (VIOLATED)
ANTENNA_mprj.team_05_Wrapper.team_05_WB.instance_to_wrap_gpio_in[12]/DIODE    1.500000    3.328452   -1.828452 (VIOLATED)
mprj.team_05_Wrapper.team_05_WB.instance_to_wrap/gpio_in[12]    1.500000    3.328419   -1.828419 (VIOLATED)
mprj.team_08_Wrapper.team_08_WB.instance_to_wrap/gpio_in[9]    1.500000    3.302998   -1.802998 (VIOLATED)
ANTENNA_mprj.team_08_Wrapper.team_08_WB.instance_to_wrap_gpio_in[9]/DIODE    1.500000    3.302963   -1.802963 (VIOLATED)
mprj.team_06_Wrapper.team_06_WB.instance_to_wrap/gpio_in[4]    1.500000    3.295373   -1.795373 (VIOLATED)
ANTENNA_mprj.team_06_Wrapper.team_06_WB.instance_to_wrap_gpio_in[4]/DIODE    1.500000    3.294962   -1.794962 (VIOLATED)
ANTENNA_mprj.team_10_Wrapper.team_10_WB.instance_to_wrap_gpio_in[18]/DIODE    1.500000    3.272843   -1.772843 (VIOLATED)
mprj.team_06_Wrapper.team_06_WB.instance_to_wrap/nrst    1.500000    3.259675   -1.759675 (VIOLATED)
ANTENNA_mprj.team_06_Wrapper.team_06_WB.instance_to_wrap_nrst/DIODE    1.500000    3.259408   -1.759408 (VIOLATED)
mprj.team_10_Wrapper.team_10_WB.instance_to_wrap/gpio_in[18]    1.500000    3.252059   -1.752059 (VIOLATED)
ANTENNA_mprj.team_06_Wrapper.team_06_WB.instance_to_wrap_gpio_in[9]/DIODE    1.500000    3.228571   -1.728571 (VIOLATED)
mprj.team_06_Wrapper.team_06_WB.instance_to_wrap/gpio_in[9]    1.500000    3.228463   -1.728463 (VIOLATED)
ANTENNA_mprj.team_01_Wrapper.team_01_WB.instance_to_wrap_gpio_in[30]/DIODE    1.500000    3.224180   -1.724180 (VIOLATED)
mprj.team_01_Wrapper.team_01_WB.instance_to_wrap/gpio_in[30]    1.500000    3.224148   -1.724148 (VIOLATED)
mprj.team_03_Wrapper.team_03_WB.instance_to_wrap/gpio_in[30]    1.500000    3.182633   -1.682633 (VIOLATED)
ANTENNA_mprj.team_03_Wrapper.team_03_WB.instance_to_wrap_gpio_in[30]/DIODE    1.500000    3.182433   -1.682433 (VIOLATED)
ANTENNA_mprj.team_05_Wrapper.team_05_WB.instance_to_wrap_gpio_in[21]/DIODE    1.500000    3.156300   -1.656300 (VIOLATED)
mprj.team_05_Wrapper.team_05_WB.instance_to_wrap/gpio_in[21]    1.500000    3.156210   -1.656210 (VIOLATED)
ANTENNA_mprj.team_08_Wrapper.team_08_WB.instance_to_wrap_gpio_in[14]/DIODE    1.500000    3.121611   -1.621611 (VIOLATED)
mprj.team_08_Wrapper.team_08_WB.instance_to_wrap/gpio_in[14]    1.500000    3.121478   -1.621478 (VIOLATED)
ANTENNA_mprj.team_05_Wrapper.team_05_WB.instance_to_wrap_gpio_in[6]/DIODE    1.500000    3.113060   -1.613060 (VIOLATED)
mprj.team_05_Wrapper.team_05_WB.instance_to_wrap/gpio_in[6]    1.500000    3.112906   -1.612906 (VIOLATED)
ANTENNA_mprj.team_05_Wrapper.team_05_WB.instance_to_wrap_gpio_in[24]/DIODE    1.500000    3.105362   -1.605362 (VIOLATED)
mprj.team_05_Wrapper.team_05_WB.instance_to_wrap/gpio_in[24]    1.500000    3.105216   -1.605216 (VIOLATED)
ANTENNA_mprj.team_02_Wrapper.team_02_WB.instance_to_wrap_gpio_in[21]/DIODE    1.500000    3.091598   -1.591598 (VIOLATED)
mprj.team_02_Wrapper.team_02_WB.instance_to_wrap/gpio_in[21]    1.500000    3.090821   -1.590821 (VIOLATED)
mprj.team_04_Wrapper.team_04_WB.instance_to_wrap/gpio_in[30]    1.500000    3.088796   -1.588796 (VIOLATED)
ANTENNA_mprj.team_04_Wrapper.team_04_WB.instance_to_wrap_gpio_in[30]/DIODE    1.500000    3.088668   -1.588668 (VIOLATED)
mprj.team_02_Wrapper.team_02_WB.instance_to_wrap/gpio_in[9]    1.500000    3.083354   -1.583354 (VIOLATED)
ANTENNA_mprj.team_02_Wrapper.team_02_WB.instance_to_wrap_gpio_in[9]/DIODE    1.500000    3.080688   -1.580688 (VIOLATED)
ANTENNA_mprj.team_02_Wrapper.team_02_WB.instance_to_wrap_gpio_in[24]/DIODE    1.500000    3.073039   -1.573039 (VIOLATED)
mprj.team_02_Wrapper.team_02_WB.instance_to_wrap/gpio_in[24]    1.500000    3.069977   -1.569977 (VIOLATED)
ANTENNA_mprj.team_05_Wrapper.team_05_WB.instance_to_wrap_gpio_in[13]/DIODE    1.500000    3.051288   -1.551288 (VIOLATED)
mprj.team_05_Wrapper.team_05_WB.instance_to_wrap/gpio_in[13]    1.500000    3.051177   -1.551177 (VIOLATED)
ANTENNA_mprj.team_05_Wrapper.team_05_WB.instance_to_wrap_gpio_in[9]/DIODE    1.500000    3.039850   -1.539850 (VIOLATED)
mprj.team_05_Wrapper.team_05_WB.instance_to_wrap/gpio_in[9]    1.500000    3.039576   -1.539576 (VIOLATED)
ANTENNA_mprj.team_06_Wrapper.team_06_WB.instance_to_wrap_gpio_in[24]/DIODE    1.500000    3.034063   -1.534063 (VIOLATED)
ANTENNA_mprj.team_05_Wrapper.team_05_WB.instance_to_wrap_gpio_in[23]/DIODE    1.500000    3.030886   -1.530886 (VIOLATED)
mprj.team_05_Wrapper.team_05_WB.instance_to_wrap/gpio_in[23]    1.500000    3.030813   -1.530813 (VIOLATED)
mprj.team_06_Wrapper.team_06_WB.instance_to_wrap/gpio_in[24]    1.500000    3.029403   -1.529403 (VIOLATED)
mprj.team_02_Wrapper.team_02_WB.instance_to_wrap/gpio_in[4]    1.500000    3.021614   -1.521614 (VIOLATED)
ANTENNA_mprj.team_02_Wrapper.team_02_WB.instance_to_wrap_gpio_in[4]/DIODE    1.500000    3.021494   -1.521494 (VIOLATED)
ANTENNA_mprj.team_09_Wrapper.team_09_WB.instance_to_wrap_gpio_in[3]/DIODE    1.500000    3.012269   -1.512269 (VIOLATED)
mprj.team_09_Wrapper.team_09_WB.instance_to_wrap/gpio_in[3]    1.500000    3.012109   -1.512109 (VIOLATED)
ANTENNA__4180__A0/DIODE                 1.500000    3.009332   -1.509332 (VIOLATED)
ANTENNA__4186__B1/DIODE                 1.500000    3.009302   -1.509302 (VIOLATED)
_4180_/A0                               1.500000    3.009287   -1.509287 (VIOLATED)
_4186_/B1                               1.500000    3.009269   -1.509269 (VIOLATED)
ANTENNA_mprj.team_02_Wrapper.team_02_WB.instance_to_wrap_gpio_in[23]/DIODE    1.500000    3.008381   -1.508381 (VIOLATED)
mprj.team_02_Wrapper.team_02_WB.instance_to_wrap/gpio_in[23]    1.500000    3.005770   -1.505770 (VIOLATED)
ANTENNA_mprj.team_06_Wrapper.team_06_WB.instance_to_wrap_gpio_in[23]/DIODE    1.500000    2.972525   -1.472525 (VIOLATED)
mprj.team_06_Wrapper.team_06_WB.instance_to_wrap/gpio_in[23]    1.500000    2.972381   -1.472381 (VIOLATED)
_6813_/A1                               1.500000    2.960944   -1.460945 (VIOLATED)
ANTENNA__6813__A1/DIODE                 1.500000    2.960737   -1.460737 (VIOLATED)
ANTENNA_mprj.team_08_Wrapper.team_08_WB.instance_to_wrap_gpio_in[3]/DIODE    1.500000    2.957620   -1.457620 (VIOLATED)
mprj.team_08_Wrapper.team_08_WB.instance_to_wrap/gpio_in[3]    1.500000    2.957541   -1.457541 (VIOLATED)
ANTENNA_mprj.team_03_Wrapper.team_03_WB.instance_to_wrap_gpio_in[27]/DIODE    1.500000    2.952334   -1.452335 (VIOLATED)
mprj.team_03_Wrapper.team_03_WB.instance_to_wrap/gpio_in[27]    1.500000    2.951440   -1.451440 (VIOLATED)
mprj.team_01_Wrapper.team_01_WB.instance_to_wrap/gpio_in[27]    1.500000    2.950599   -1.450599 (VIOLATED)
ANTENNA_mprj.team_01_Wrapper.team_01_WB.instance_to_wrap_gpio_in[27]/DIODE    1.500000    2.950545   -1.450545 (VIOLATED)
mprj.team_06_Wrapper.team_06_WB.instance_to_wrap/gpio_in[21]    1.500000    2.934945   -1.434945 (VIOLATED)
ANTENNA_mprj.team_06_Wrapper.team_06_WB.instance_to_wrap_gpio_in[21]/DIODE    1.500000    2.934487   -1.434487 (VIOLATED)
_6701_/B2                               1.500000    2.921463   -1.421463 (VIOLATED)
ANTENNA__6701__B2/DIODE                 1.500000    2.921322   -1.421322 (VIOLATED)
ANTENNA_mprj.team_06_Wrapper.team_06_WB.instance_to_wrap_gpio_in[14]/DIODE    1.500000    2.915496   -1.415496 (VIOLATED)
mprj.team_06_Wrapper.team_06_WB.instance_to_wrap/gpio_in[14]    1.500000    2.915306   -1.415306 (VIOLATED)
mprj.team_12_Wrapper.team_12_WB.instance_to_wrap/gpio_in[3]    1.500000    2.906734   -1.406734 (VIOLATED)
ANTENNA_mprj.team_12_Wrapper.team_12_WB.instance_to_wrap_gpio_in[3]/DIODE    1.500000    2.906699   -1.406699 (VIOLATED)
ANTENNA_mprj.team_08_Wrapper.team_08_WB.instance_to_wrap_gpio_in[24]/DIODE    1.500000    2.904634   -1.404634 (VIOLATED)
_4900_/A0                               1.500000    2.903326   -1.403326 (VIOLATED)
ANTENNA__4900__A0/DIODE                 1.500000    2.903228   -1.403228 (VIOLATED)
ANTENNA__4906__A2/DIODE                 1.500000    2.902909   -1.402909 (VIOLATED)
_4906_/A2                               1.500000    2.902684   -1.402684 (VIOLATED)
mprj.team_08_Wrapper.team_08_WB.instance_to_wrap/gpio_in[24]    1.500000    2.894779   -1.394779 (VIOLATED)
mprj.team_01_Wrapper.team_01_WB.instance_to_wrap/gpio_in[32]    1.500000    2.892936   -1.392936 (VIOLATED)
ANTENNA_mprj.team_01_Wrapper.team_01_WB.instance_to_wrap_gpio_in[32]/DIODE    1.500000    2.892934   -1.392934 (VIOLATED)
ANTENNA_759/DIODE                       1.500000    2.883401   -1.383401 (VIOLATED)
ANTENNA_757/DIODE                       1.500000    2.883384   -1.383384 (VIOLATED)
ANTENNA_756/DIODE                       1.500000    2.883375   -1.383375 (VIOLATED)
ANTENNA_758/DIODE                       1.500000    2.883355   -1.383355 (VIOLATED)
ANTENNA_762/DIODE                       1.500000    2.883271   -1.383272 (VIOLATED)
ANTENNA_763/DIODE                       1.500000    2.883096   -1.383096 (VIOLATED)
ANTENNA_761/DIODE                       1.500000    2.883094   -1.383094 (VIOLATED)
ANTENNA_760/DIODE                       1.500000    2.882792   -1.382792 (VIOLATED)
ANTENNA__6579__B2/DIODE                 1.500000    2.882590   -1.382590 (VIOLATED)
_6579_/B2                               1.500000    2.882416   -1.382416 (VIOLATED)
mprj.team_04_Wrapper.team_04_WB.instance_to_wrap/gpio_in[27]    1.500000    2.861912   -1.361912 (VIOLATED)
ANTENNA_mprj.team_04_Wrapper.team_04_WB.instance_to_wrap_gpio_in[27]/DIODE    1.500000    2.861896   -1.361896 (VIOLATED)
ANTENNA_mprj.team_08_Wrapper.team_08_WB.instance_to_wrap_gpio_in[23]/DIODE    1.500000    2.844758   -1.344758 (VIOLATED)
_4129_/A0                               1.500000    2.835905   -1.335904 (VIOLATED)
_4135_/A2                               1.500000    2.835885   -1.335885 (VIOLATED)
ANTENNA__4129__A0/DIODE                 1.500000    2.835823   -1.335823 (VIOLATED)
ANTENNA__4135__A2/DIODE                 1.500000    2.835452   -1.335452 (VIOLATED)
mprj.team_05_Wrapper.team_05_WB.instance_to_wrap/gpio_in[30]    1.500000    2.832092   -1.332092 (VIOLATED)
ANTENNA_mprj.team_05_Wrapper.team_05_WB.instance_to_wrap_gpio_in[30]/DIODE    1.500000    2.831773   -1.331773 (VIOLATED)
mprj.team_08_Wrapper.team_08_WB.instance_to_wrap/gpio_in[23]    1.500000    2.824715   -1.324715 (VIOLATED)
ANTENNA_mprj.team_05_Wrapper.team_05_WB.instance_to_wrap_gpio_in[22]/DIODE    1.500000    2.817719   -1.317719 (VIOLATED)
mprj.team_05_Wrapper.team_05_WB.instance_to_wrap/gpio_in[22]    1.500000    2.817625   -1.317625 (VIOLATED)
mprj.team_06_Wrapper.team_06_WB.instance_to_wrap/gpio_in[3]    1.500000    2.807217   -1.307217 (VIOLATED)
ANTENNA_mprj.team_06_Wrapper.team_06_WB.instance_to_wrap_gpio_in[3]/DIODE    1.500000    2.806694   -1.306694 (VIOLATED)
ANTENNA_mprj.team_04_Wrapper.team_04_WB.instance_to_wrap_gpio_in[7]/DIODE    1.500000    2.790950   -1.290950 (VIOLATED)
mprj.team_04_Wrapper.team_04_WB.instance_to_wrap/gpio_in[7]    1.500000    2.764660   -1.264660 (VIOLATED)
_4749_/A0                               1.500000    2.740066   -1.240066 (VIOLATED)
ANTENNA__4749__A0/DIODE                 1.500000    2.739990   -1.239990 (VIOLATED)
_4755_/A2                               1.500000    2.739799   -1.239800 (VIOLATED)
ANTENNA__4755__A2/DIODE                 1.500000    2.739624   -1.239624 (VIOLATED)
_6522_/A1                               1.500000    2.739186   -1.239186 (VIOLATED)
ANTENNA__6522__A1/DIODE                 1.500000    2.739026   -1.239026 (VIOLATED)
mprj.team_03_Wrapper.team_03_WB.instance_to_wrap/gpio_in[32]    1.500000    2.737075   -1.237075 (VIOLATED)
ANTENNA_mprj.team_03_Wrapper.team_03_WB.instance_to_wrap_gpio_in[32]/DIODE    1.500000    2.737037   -1.237037 (VIOLATED)
mprj.team_10_Wrapper.team_10_WB.instance_to_wrap/gpio_in[3]    1.500000    2.721169   -1.221169 (VIOLATED)
ANTENNA_mprj.team_10_Wrapper.team_10_WB.instance_to_wrap_gpio_in[3]/DIODE    1.500000    2.720853   -1.220853 (VIOLATED)
ANTENNA__4243__A0/DIODE                 1.500000    2.720759   -1.220759 (VIOLATED)
_4243_/A0                               1.500000    2.720745   -1.220745 (VIOLATED)
_4250_/A2                               1.500000    2.720701   -1.220701 (VIOLATED)
ANTENNA__4250__A2/DIODE                 1.500000    2.720579   -1.220579 (VIOLATED)
ANTENNA_mprj.team_02_Wrapper.team_02_WB.instance_to_wrap_gpio_in[14]/DIODE    1.500000    2.715319   -1.215319 (VIOLATED)
ANTENNA_mprj.team_05_Wrapper.team_05_WB.instance_to_wrap_gpio_in[19]/DIODE    1.500000    2.711607   -1.211607 (VIOLATED)
mprj.team_05_Wrapper.team_05_WB.instance_to_wrap/gpio_in[19]    1.500000    2.711568   -1.211568 (VIOLATED)
_7872_/A1                               1.500000    2.708167   -1.208167 (VIOLATED)
ANTENNA__7872__A1/DIODE                 1.500000    2.708049   -1.208049 (VIOLATED)
mprj.team_02_Wrapper.team_02_WB.instance_to_wrap/gpio_in[14]    1.500000    2.701459   -1.201459 (VIOLATED)
ANTENNA_mprj.team_02_Wrapper.team_02_WB.instance_to_wrap_gpio_in[22]/DIODE    1.500000    2.698171   -1.198171 (VIOLATED)
mprj.team_02_Wrapper.team_02_WB.instance_to_wrap/gpio_in[22]    1.500000    2.693326   -1.193326 (VIOLATED)
mprj.team_04_Wrapper.team_04_WB.instance_to_wrap/gpio_in[32]    1.500000    2.675857   -1.175857 (VIOLATED)
ANTENNA_mprj.team_04_Wrapper.team_04_WB.instance_to_wrap_gpio_in[32]/DIODE    1.500000    2.666677   -1.166677 (VIOLATED)
_4965_/A0                               1.500000    2.662454   -1.162454 (VIOLATED)
_4971_/B1                               1.500000    2.662454   -1.162454 (VIOLATED)
ANTENNA__4965__A0/DIODE                 1.500000    2.662390   -1.162390 (VIOLATED)
ANTENNA__4971__B1/DIODE                 1.500000    2.662367   -1.162367 (VIOLATED)
ANTENNA_882/DIODE                       1.500000    2.661958   -1.161959 (VIOLATED)
ANTENNA_47/DIODE                        1.500000    2.661672   -1.161672 (VIOLATED)
ANTENNA_680/DIODE                       1.500000    2.661375   -1.161375 (VIOLATED)
mprj.team_06_Wrapper.team_06_WB.instance_to_wrap/gpio_in[22]    1.500000    2.660142   -1.160142 (VIOLATED)
ANTENNA_mprj.team_06_Wrapper.team_06_WB.instance_to_wrap_gpio_in[22]/DIODE    1.500000    2.659673   -1.159673 (VIOLATED)
mprj.team_12_Wrapper.team_12_WB.instance_to_wrap/clk    1.500000    2.651235   -1.151235 (VIOLATED)
ANTENNA_mprj.team_05_Wrapper.team_05_WB.instance_to_wrap_gpio_in[4]/DIODE    1.500000    2.649937   -1.149938 (VIOLATED)
mprj.team_05_Wrapper.team_05_WB.instance_to_wrap/gpio_in[4]    1.500000    2.649678   -1.149678 (VIOLATED)
ANTENNA_mprj.team_12_Wrapper.team_12_WB.instance_to_wrap_clk/DIODE    1.500000    2.649138   -1.149138 (VIOLATED)
ANTENNA_mprj.team_01_Wrapper.team_01_WB.instance_to_wrap_ADR_O[28]/DIODE    1.500000    2.647524   -1.147524 (VIOLATED)
mprj.team_01_Wrapper.team_01_WB.instance_to_wrap/ADR_O[28]    1.500000    2.647138   -1.147138 (VIOLATED)
ANTENNA_mprj.team_05_Wrapper.team_05_WB.instance_to_wrap_gpio_in[14]/DIODE    1.500000    2.634960   -1.134960 (VIOLATED)
mprj.team_05_Wrapper.team_05_WB.instance_to_wrap/gpio_in[14]    1.500000    2.634634   -1.134634 (VIOLATED)
ANTENNA__4389__A0/DIODE                 1.500000    2.632071   -1.132072 (VIOLATED)
_4389_/A0                               1.500000    2.631999   -1.131999 (VIOLATED)
_4395_/A2                               1.500000    2.631781   -1.131781 (VIOLATED)
ANTENNA__4395__A2/DIODE                 1.500000    2.631499   -1.131499 (VIOLATED)
_8105_/A1                               1.500000    2.631045   -1.131045 (VIOLATED)
ANTENNA__8105__A1/DIODE                 1.500000    2.630887   -1.130887 (VIOLATED)
mprj.team_07_Wrapper.team_07_WB.instance_to_wrap/gpio_in[3]    1.500000    2.623666   -1.123666 (VIOLATED)
ANTENNA_mprj.team_07_Wrapper.team_07_WB.instance_to_wrap_gpio_in[3]/DIODE    1.500000    2.623577   -1.123577 (VIOLATED)
mprj.team_08_Wrapper.team_08_WB.instance_to_wrap/gpio_in[16]    1.500000    2.614157   -1.114157 (VIOLATED)
ANTENNA_mprj.team_08_Wrapper.team_08_WB.instance_to_wrap_gpio_in[16]/DIODE    1.500000    2.614085   -1.114085 (VIOLATED)
mprj.team_05_Wrapper.team_05_WB.instance_to_wrap/gpio_in[32]    1.500000    2.613311   -1.113311 (VIOLATED)
ANTENNA_mprj.team_05_Wrapper.team_05_WB.instance_to_wrap_gpio_in[32]/DIODE    1.500000    2.612939   -1.112939 (VIOLATED)
ANTENNA_269/DIODE                       1.500000    2.612607   -1.112607 (VIOLATED)
ANTENNA_mprj.team_05_Wrapper.team_05_WB.instance_to_wrap_gpio_out[6]/DIODE    1.500000    2.611642   -1.111642 (VIOLATED)
mprj.team_05_Wrapper.team_05_WB.instance_to_wrap/gpio_out[6]    1.500000    2.611622   -1.111622 (VIOLATED)
mprj.team_02_Wrapper.team_02_WB.instance_to_wrap/gpio_in[19]    1.500000    2.609150   -1.109151 (VIOLATED)
ANTENNA_mprj.team_02_Wrapper.team_02_WB.instance_to_wrap_gpio_in[19]/DIODE    1.500000    2.609112   -1.109112 (VIOLATED)
ANTENNA_mprj.team_01_Wrapper.team_01_WB.instance_to_wrap_gpio_in[33]/DIODE    1.500000    2.607055   -1.107056 (VIOLATED)
mprj.team_01_Wrapper.team_01_WB.instance_to_wrap/gpio_in[33]    1.500000    2.601837   -1.101837 (VIOLATED)
ANTENNA_mprj.team_01_Wrapper.team_01_WB.instance_to_wrap_ADR_O[27]/DIODE    1.500000    2.601326   -1.101327 (VIOLATED)
mprj.team_01_Wrapper.team_01_WB.instance_to_wrap/ADR_O[27]    1.500000    2.601221   -1.101221 (VIOLATED)
ANTENNA_mprj.team_01_Wrapper.team_01_WB.instance_to_wrap_gpio_in[28]/DIODE    1.500000    2.586340   -1.086340 (VIOLATED)
mprj.team_01_Wrapper.team_01_WB.instance_to_wrap/gpio_in[28]    1.500000    2.586302   -1.086302 (VIOLATED)
ANTENNA_mprj.team_05_Wrapper.team_05_WB.instance_to_wrap_gpio_in[20]/DIODE    1.500000    2.581894   -1.081894 (VIOLATED)
mprj.team_05_Wrapper.team_05_WB.instance_to_wrap/gpio_in[20]    1.500000    2.581843   -1.081843 (VIOLATED)
mprj.team_03_Wrapper.team_03_WB.instance_to_wrap/gpio_in[28]    1.500000    2.581260   -1.081260 (VIOLATED)
ANTENNA_mprj.team_03_Wrapper.team_03_WB.instance_to_wrap_gpio_in[28]/DIODE    1.500000    2.580646   -1.080646 (VIOLATED)
mprj.team_03_Wrapper.team_03_WB.instance_to_wrap/gpio_in[22]    1.500000    2.576976   -1.076976 (VIOLATED)
ANTENNA_mprj.team_03_Wrapper.team_03_WB.instance_to_wrap_gpio_in[22]/DIODE    1.500000    2.576872   -1.076872 (VIOLATED)
ANTENNA_mprj.team_04_Wrapper.team_04_WB.instance_to_wrap_gpio_in[22]/DIODE    1.500000    2.570188   -1.070188 (VIOLATED)
mprj.team_04_Wrapper.team_04_WB.instance_to_wrap/gpio_in[22]    1.500000    2.570042   -1.070042 (VIOLATED)
ANTENNA__4857__A0/DIODE                 1.500000    2.569469   -1.069469 (VIOLATED)
ANTENNA__4863__B1/DIODE                 1.500000    2.569446   -1.069446 (VIOLATED)
_4863_/B1                               1.500000    2.569378   -1.069378 (VIOLATED)
_4857_/A0                               1.500000    2.569331   -1.069331 (VIOLATED)
mprj.team_10_Wrapper.team_10_WB.instance_to_wrap/gpio_in[5]    1.500000    2.565303   -1.065303 (VIOLATED)
ANTENNA_mprj.team_09_Wrapper.team_09_WB.instance_to_wrap_gpio_in[6]/DIODE    1.500000    2.560842   -1.060842 (VIOLATED)
mprj.team_09_Wrapper.team_09_WB.instance_to_wrap/gpio_in[6]    1.500000    2.560701   -1.060701 (VIOLATED)
ANTENNA_mprj.team_01_Wrapper.team_01_WB.instance_to_wrap_gpio_in[31]/DIODE    1.500000    2.560618   -1.060618 (VIOLATED)
mprj.team_01_Wrapper.team_01_WB.instance_to_wrap/gpio_in[31]    1.500000    2.560572   -1.060572 (VIOLATED)
_4209_/B1                               1.500000    2.554770   -1.054770 (VIOLATED)
ANTENNA__4203__A0/DIODE                 1.500000    2.554656   -1.054656 (VIOLATED)
ANTENNA__4209__B1/DIODE                 1.500000    2.554579   -1.054579 (VIOLATED)
_4203_/A0                               1.500000    2.554512   -1.054512 (VIOLATED)
ANTENNA_mprj.team_11_Wrapper.team_11_WB.instance_to_wrap_gpio_in[32]/DIODE    1.500000    2.552598   -1.052598 (VIOLATED)
mprj.team_11_Wrapper.team_11_WB.instance_to_wrap/gpio_in[32]    1.500000    2.552497   -1.052498 (VIOLATED)
_4078_/A                                1.500000    2.550536   -1.050536 (VIOLATED)
ANTENNA__4078__A/DIODE                  1.500000    2.550435   -1.050435 (VIOLATED)
_4416_/A1                               1.500000    2.550339   -1.050339 (VIOLATED)
ANTENNA__4416__A1/DIODE                 1.500000    2.550231   -1.050231 (VIOLATED)
_6793_/A1                               1.500000    2.543831   -1.043831 (VIOLATED)
ANTENNA__6793__A1/DIODE                 1.500000    2.543765   -1.043765 (VIOLATED)
_5051_/B1                               1.500000    2.541828   -1.041828 (VIOLATED)
ANTENNA__5051__B1/DIODE                 1.500000    2.541822   -1.041822 (VIOLATED)
ANTENNA__5045__A0/DIODE                 1.500000    2.541818   -1.041818 (VIOLATED)
ANTENNA_46/DIODE                        1.500000    2.541805   -1.041805 (VIOLATED)
_5045_/A0                               1.500000    2.541717   -1.041717 (VIOLATED)
ANTENNA_126/DIODE                       1.500000    2.540380   -1.040380 (VIOLATED)
_7908_/A                                1.500000    2.540361   -1.040361 (VIOLATED)
ANTENNA__7908__A/DIODE                  1.500000    2.540276   -1.040276 (VIOLATED)
ANTENNA_128/DIODE                       1.500000    2.540250   -1.040250 (VIOLATED)
_4344_/A0                               1.500000    2.540062   -1.040063 (VIOLATED)
_4350_/A2                               1.500000    2.540051   -1.040051 (VIOLATED)
ANTENNA__4350__A2/DIODE                 1.500000    2.540050   -1.040050 (VIOLATED)
ANTENNA__4344__A0/DIODE                 1.500000    2.540030   -1.040030 (VIOLATED)
_6590_/A                                1.500000    2.534710   -1.034710 (VIOLATED)
ANTENNA__6590__A/DIODE                  1.500000    2.534609   -1.034609 (VIOLATED)
ANTENNA_mprj.team_10_Wrapper.team_10_WB.instance_to_wrap_gpio_in[5]/DIODE    1.500000    2.525992   -1.025992 (VIOLATED)
ANTENNA_mprj.team_05_Wrapper.team_05_WB.instance_to_wrap_gpio_in[26]/DIODE    1.500000    2.517337   -1.017337 (VIOLATED)
mprj.team_05_Wrapper.team_05_WB.instance_to_wrap/gpio_in[26]    1.500000    2.517247   -1.017247 (VIOLATED)
ANTENNA_mprj.team_01_Wrapper.team_01_WB.instance_to_wrap_DAT_O[14]/DIODE    1.500000    2.515487   -1.015487 (VIOLATED)
mprj.team_01_Wrapper.team_01_WB.instance_to_wrap/DAT_O[14]    1.500000    2.515410   -1.015410 (VIOLATED)
ANTENNA__4420__B1/DIODE                 1.500000    2.511634   -1.011634 (VIOLATED)
_4420_/B1                               1.500000    2.511575   -1.011575 (VIOLATED)
ANTENNA__4414__A0/DIODE                 1.500000    2.511249   -1.011249 (VIOLATED)
_4414_/A0                               1.500000    2.511167   -1.011167 (VIOLATED)
_4485_/A0                               1.500000    2.510356   -1.010356 (VIOLATED)
_4491_/A2                               1.500000    2.510265   -1.010265 (VIOLATED)
ANTENNA__4485__A0/DIODE                 1.500000    2.510217   -1.010217 (VIOLATED)
ANTENNA__4491__A2/DIODE                 1.500000    2.509899   -1.009899 (VIOLATED)
ANTENNA__4400__A0/DIODE                 1.500000    2.507268   -1.007268 (VIOLATED)
_4400_/A0                               1.500000    2.507260   -1.007260 (VIOLATED)
ANTENNA__4406__A2/DIODE                 1.500000    2.506944   -1.006944 (VIOLATED)
_4406_/A2                               1.500000    2.506837   -1.006837 (VIOLATED)
ANTENNA__4545__B1/DIODE                 1.500000    2.504169   -1.004169 (VIOLATED)
_4545_/B1                               1.500000    2.504169   -1.004169 (VIOLATED)
ANTENNA__4539__A0/DIODE                 1.500000    2.503989   -1.003989 (VIOLATED)
_4539_/A0                               1.500000    2.503970   -1.003970 (VIOLATED)
ANTENNA_mprj.team_08_Wrapper.team_08_WB.instance_to_wrap_gpio_in[21]/DIODE    1.500000    2.500261   -1.000261 (VIOLATED)
ANTENNA__4638__A0/DIODE                 1.500000    2.497305   -0.997305 (VIOLATED)
_4638_/A0                               1.500000    2.497280   -0.997280 (VIOLATED)
_4644_/A2                               1.500000    2.496605   -0.996605 (VIOLATED)
ANTENNA__4644__A2/DIODE                 1.500000    2.496195   -0.996195 (VIOLATED)
mprj.team_04_Wrapper.team_04_WB.instance_to_wrap/gpio_in[25]    1.500000    2.495095   -0.995095 (VIOLATED)
ANTENNA_mprj.team_04_Wrapper.team_04_WB.instance_to_wrap_gpio_in[28]/DIODE    1.500000    2.495008   -0.995009 (VIOLATED)
ANTENNA_mprj.team_04_Wrapper.team_04_WB.instance_to_wrap_gpio_in[25]/DIODE    1.500000    2.494951   -0.994951 (VIOLATED)
mprj.team_04_Wrapper.team_04_WB.instance_to_wrap/gpio_in[28]    1.500000    2.491047   -0.991048 (VIOLATED)
ANTENNA_mprj.team_08_Wrapper.team_08_WB.instance_to_wrap_gpio_in[11]/DIODE    1.500000    2.490791   -0.990791 (VIOLATED)
mprj.team_08_Wrapper.team_08_WB.instance_to_wrap/gpio_in[11]    1.500000    2.490587   -0.990587 (VIOLATED)
mprj.team_08_Wrapper.team_08_WB.instance_to_wrap/gpio_in[21]    1.500000    2.485742   -0.985742 (VIOLATED)
ANTENNA_mprj.team_02_Wrapper.team_02_WB.instance_to_wrap_gpio_in[20]/DIODE    1.500000    2.484648   -0.984648 (VIOLATED)
ANTENNA_mprj.team_02_Wrapper.team_02_WB.instance_to_wrap_gpio_in[26]/DIODE    1.500000    2.483371   -0.983372 (VIOLATED)
ANTENNA_mprj.team_01_Wrapper.team_01_WB.instance_to_wrap_DAT_O[25]/DIODE    1.500000    2.483153   -0.983153 (VIOLATED)
mprj.team_02_Wrapper.team_02_WB.instance_to_wrap/gpio_in[26]    1.500000    2.483150   -0.983150 (VIOLATED)
mprj.team_01_Wrapper.team_01_WB.instance_to_wrap/DAT_O[25]    1.500000    2.483109   -0.983109 (VIOLATED)
mprj.team_02_Wrapper.team_02_WB.instance_to_wrap/gpio_in[20]    1.500000    2.479456   -0.979457 (VIOLATED)
mprj.team_06_Wrapper.team_06_WB.instance_to_wrap/gpio_in[16]    1.500000    2.477990   -0.977990 (VIOLATED)
ANTENNA_mprj.team_06_Wrapper.team_06_WB.instance_to_wrap_gpio_in[16]/DIODE    1.500000    2.473313   -0.973313 (VIOLATED)
_7846_/A1                               1.500000    2.471229   -0.971229 (VIOLATED)
ANTENNA__7846__A1/DIODE                 1.500000    2.471124   -0.971124 (VIOLATED)
ANTENNA_mprj.team_01_Wrapper.team_01_WB.instance_to_wrap_ADR_O[14]/DIODE    1.500000    2.469898   -0.969899 (VIOLATED)
mprj.team_01_Wrapper.team_01_WB.instance_to_wrap/ADR_O[14]    1.500000    2.469837   -0.969837 (VIOLATED)
mprj.team_04_Wrapper.team_04_WB.instance_to_wrap/gpio_in[9]    1.500000    2.469501   -0.969501 (VIOLATED)
ANTENNA_mprj.team_04_Wrapper.team_04_WB.instance_to_wrap_gpio_in[9]/DIODE    1.500000    2.469007   -0.969007 (VIOLATED)
ANTENNA_mprj.team_02_Wrapper.team_02_WB.instance_to_wrap_gpio_in[3]/DIODE    1.500000    2.467415   -0.967415 (VIOLATED)
mprj.team_02_Wrapper.team_02_WB.instance_to_wrap/gpio_in[3]    1.500000    2.467408   -0.967408 (VIOLATED)
mprj.team_07_Wrapper.team_07_WB.instance_to_wrap/gpio_in[32]    1.500000    2.462532   -0.962532 (VIOLATED)
ANTENNA_mprj.team_07_Wrapper.team_07_WB.instance_to_wrap_gpio_in[32]/DIODE    1.500000    2.462410   -0.962410 (VIOLATED)
_4513_/A2                               1.500000    2.461277   -0.961277 (VIOLATED)
ANTENNA__4513__A2/DIODE                 1.500000    2.461207   -0.961207 (VIOLATED)
ANTENNA__4507__A0/DIODE                 1.500000    2.461190   -0.961190 (VIOLATED)
_4507_/A0                               1.500000    2.460990   -0.960990 (VIOLATED)
mprj.team_03_Wrapper.team_03_WB.instance_to_wrap/gpio_in[31]    1.500000    2.460445   -0.960445 (VIOLATED)
ANTENNA_mprj.team_03_Wrapper.team_03_WB.instance_to_wrap_gpio_in[31]/DIODE    1.500000    2.459921   -0.959921 (VIOLATED)
ANTENNA_mprj.team_12_Wrapper.team_12_WB.instance_to_wrap_gpio_in[6]/DIODE    1.500000    2.458706   -0.958706 (VIOLATED)
mprj.team_12_Wrapper.team_12_WB.instance_to_wrap/gpio_in[6]    1.500000    2.458672   -0.958672 (VIOLATED)
_7771_/A1                               1.500000    2.455269   -0.955269 (VIOLATED)
ANTENNA__7771__A1/DIODE                 1.500000    2.455230   -0.955229 (VIOLATED)
ANTENNA_mprj.team_06_Wrapper.team_06_WB.instance_to_wrap_gpio_in[19]/DIODE    1.500000    2.445323   -0.945324 (VIOLATED)
mprj.team_06_Wrapper.team_06_WB.instance_to_wrap/gpio_in[19]    1.500000    2.443175   -0.943175 (VIOLATED)
ANTENNA_mprj.team_11_Wrapper.team_11_WB.instance_to_wrap_gpio_in[28]/DIODE    1.500000    2.431511   -0.931511 (VIOLATED)
mprj.team_11_Wrapper.team_11_WB.instance_to_wrap/gpio_in[28]    1.500000    2.431260   -0.931260 (VIOLATED)
mprj.team_06_Wrapper.team_06_WB.instance_to_wrap/gpio_in[26]    1.500000    2.428618   -0.928619 (VIOLATED)
ANTENNA_mprj.team_06_Wrapper.team_06_WB.instance_to_wrap_gpio_in[26]/DIODE    1.500000    2.428205   -0.928205 (VIOLATED)
_4322_/A0                               1.500000    2.426898   -0.926897 (VIOLATED)
ANTENNA__4322__A0/DIODE                 1.500000    2.426820   -0.926820 (VIOLATED)
ANTENNA__4328__A2/DIODE                 1.500000    2.426120   -0.926120 (VIOLATED)
_4328_/A2                               1.500000    2.425977   -0.925978 (VIOLATED)
ANTENNA_mprj.team_10_Wrapper.team_10_WB.instance_to_wrap_gpio_in[32]/DIODE    1.500000    2.423388   -0.923388 (VIOLATED)
ANTENNA_mprj.team_04_Wrapper.team_04_WB.instance_to_wrap_gpio_in[6]/DIODE    1.500000    2.423150   -0.923150 (VIOLATED)
mprj.team_09_Wrapper.team_09_WB.instance_to_wrap/clk    1.500000    2.422926   -0.922926 (VIOLATED)
mprj.team_10_Wrapper.team_10_WB.instance_to_wrap/gpio_in[32]    1.500000    2.422579   -0.922579 (VIOLATED)
ANTENNA_mprj.team_09_Wrapper.team_09_WB.instance_to_wrap_clk/DIODE    1.500000    2.421989   -0.921989 (VIOLATED)
ANTENNA__4103__A1/DIODE                 1.500000    2.414913   -0.914913 (VIOLATED)
_4103_/A1                               1.500000    2.414874   -0.914874 (VIOLATED)
_4088_/B                                1.500000    2.414688   -0.914688 (VIOLATED)
mprj.team_08_Wrapper.team_08_WB.instance_to_wrap/nrst    1.500000    2.413921   -0.913921 (VIOLATED)
ANTENNA__4088__B/DIODE                  1.500000    2.413760   -0.913760 (VIOLATED)
ANTENNA_mprj.team_08_Wrapper.team_08_WB.instance_to_wrap_nrst/DIODE    1.500000    2.413718   -0.913718 (VIOLATED)
_8074_/A1                               1.500000    2.413650   -0.913650 (VIOLATED)
ANTENNA__8074__A1/DIODE                 1.500000    2.413527   -0.913527 (VIOLATED)
_6273_/A1                               1.500000    2.413008   -0.913008 (VIOLATED)
ANTENNA__6273__A1/DIODE                 1.500000    2.412893   -0.912893 (VIOLATED)
_4284_/A0                               1.500000    2.407597   -0.907597 (VIOLATED)
ANTENNA__4284__A0/DIODE                 1.500000    2.407545   -0.907545 (VIOLATED)
ANTENNA__4290__A2/DIODE                 1.500000    2.407311   -0.907311 (VIOLATED)
_4290_/A2                               1.500000    2.407003   -0.907003 (VIOLATED)
ANTENNA_mprj.team_11_Wrapper.team_11_WB.instance_to_wrap_gpio_in[31]/DIODE    1.500000    2.402115   -0.902116 (VIOLATED)
mprj.team_11_Wrapper.team_11_WB.instance_to_wrap/gpio_in[31]    1.500000    2.402040   -0.902040 (VIOLATED)
mprj.team_07_Wrapper.team_07_WB.instance_to_wrap/gpio_in[28]    1.500000    2.401018   -0.901018 (VIOLATED)
ANTENNA_mprj.team_07_Wrapper.team_07_WB.instance_to_wrap_gpio_in[28]/DIODE    1.500000    2.400934   -0.900934 (VIOLATED)
ANTENNA_mprj.team_05_Wrapper.team_05_WB.instance_to_wrap_gpio_in[28]/DIODE    1.500000    2.400494   -0.900494 (VIOLATED)
mprj.team_05_Wrapper.team_05_WB.instance_to_wrap/gpio_in[28]    1.500000    2.400359   -0.900359 (VIOLATED)
mprj.team_04_Wrapper.team_04_WB.instance_to_wrap/gpio_in[6]    1.500000    2.391823   -0.891823 (VIOLATED)
mprj.team_03_Wrapper.team_03_WB.instance_to_wrap/gpio_in[25]    1.500000    2.385334   -0.885334 (VIOLATED)
ANTENNA_mprj.team_03_Wrapper.team_03_WB.instance_to_wrap_gpio_in[25]/DIODE    1.500000    2.385302   -0.885302 (VIOLATED)
_8090_/A1                               1.500000    2.384551   -0.884551 (VIOLATED)
ANTENNA__8090__A1/DIODE                 1.500000    2.384416   -0.884416 (VIOLATED)
ANTENNA_417/DIODE                       1.500000    2.382637   -0.882637 (VIOLATED)
ANTENNA_416/DIODE                       1.500000    2.382556   -0.882556 (VIOLATED)
_7953_/A1                               1.500000    2.382265   -0.882265 (VIOLATED)
ANTENNA__7953__A1/DIODE                 1.500000    2.382131   -0.882131 (VIOLATED)
_7978_/A                                1.500000    2.374335   -0.874335 (VIOLATED)
ANTENNA_271/DIODE                       1.500000    2.374230   -0.874230 (VIOLATED)
ANTENNA__7978__A/DIODE                  1.500000    2.374210   -0.874210 (VIOLATED)
ANTENNA_272/DIODE                       1.500000    2.374163   -0.874163 (VIOLATED)
ANTENNA_mprj.team_06_Wrapper.team_06_WB.instance_to_wrap_gpio_in[18]/DIODE    1.500000    2.373739   -0.873739 (VIOLATED)
mprj.team_06_Wrapper.team_06_WB.instance_to_wrap/gpio_in[18]    1.500000    2.373591   -0.873591 (VIOLATED)
ANTENNA__4252__A0/DIODE                 1.500000    2.372926   -0.872926 (VIOLATED)
ANTENNA__4259__A2/DIODE                 1.500000    2.372909   -0.872909 (VIOLATED)
_4259_/A2                               1.500000    2.372850   -0.872850 (VIOLATED)
_4252_/A0                               1.500000    2.372692   -0.872692 (VIOLATED)
ANTENNA_mprj.team_11_Wrapper.team_11_WB.instance_to_wrap_gpio_in[30]/DIODE    1.500000    2.372633   -0.872633 (VIOLATED)
mprj.team_11_Wrapper.team_11_WB.instance_to_wrap/gpio_in[30]    1.500000    2.372578   -0.872578 (VIOLATED)
_4472_/A0                               1.500000    2.361364   -0.861364 (VIOLATED)
_4478_/A2                               1.500000    2.361337   -0.861337 (VIOLATED)
ANTENNA__4478__A2/DIODE                 1.500000    2.361319   -0.861319 (VIOLATED)
ANTENNA__4472__A0/DIODE                 1.500000    2.361299   -0.861299 (VIOLATED)
ANTENNA_mprj.team_01_Wrapper.team_01_WB.instance_to_wrap_ADR_O[18]/DIODE    1.500000    2.358392   -0.858392 (VIOLATED)
mprj.team_01_Wrapper.team_01_WB.instance_to_wrap/ADR_O[18]    1.500000    2.358300   -0.858300 (VIOLATED)
ANTENNA_mprj.team_05_Wrapper.team_05_WB.instance_to_wrap_gpio_in[3]/DIODE    1.500000    2.354896   -0.854896 (VIOLATED)
_6499_/A1                               1.500000    2.354674   -0.854674 (VIOLATED)
mprj.team_05_Wrapper.team_05_WB.instance_to_wrap/gpio_in[3]    1.500000    2.354622   -0.854622 (VIOLATED)
ANTENNA_336/DIODE                       1.500000    2.354611   -0.854611 (VIOLATED)
ANTENNA_335/DIODE                       1.500000    2.354548   -0.854548 (VIOLATED)
ANTENNA__6499__A1/DIODE                 1.500000    2.354440   -0.854440 (VIOLATED)
_4426_/A0                               1.500000    2.353666   -0.853666 (VIOLATED)
ANTENNA__4426__A0/DIODE                 1.500000    2.353662   -0.853662 (VIOLATED)
_4432_/A2                               1.500000    2.353538   -0.853538 (VIOLATED)
ANTENNA__4432__A2/DIODE                 1.500000    2.353165   -0.853165 (VIOLATED)
_5037_/B1                               1.500000    2.352131   -0.852131 (VIOLATED)
ANTENNA__5037__B1/DIODE                 1.500000    2.352086   -0.852086 (VIOLATED)
ANTENNA__5031__A0/DIODE                 1.500000    2.351907   -0.851907 (VIOLATED)
_5031_/A0                               1.500000    2.351893   -0.851893 (VIOLATED)
_4308_/A0                               1.500000    2.351751   -0.851751 (VIOLATED)
ANTENNA__4308__A0/DIODE                 1.500000    2.351725   -0.851725 (VIOLATED)
_4314_/B1                               1.500000    2.351620   -0.851620 (VIOLATED)
ANTENNA__4314__B1/DIODE                 1.500000    2.351300   -0.851300 (VIOLATED)
mprj.team_08_Wrapper.team_08_WB.instance_to_wrap/gpio_in[18]    1.500000    2.347645   -0.847645 (VIOLATED)
ANTENNA_mprj.team_01_Wrapper.team_01_WB.instance_to_wrap_gpio_in[22]/DIODE    1.500000    2.346739   -0.846739 (VIOLATED)
mprj.team_01_Wrapper.team_01_WB.instance_to_wrap/gpio_in[22]    1.500000    2.346687   -0.846687 (VIOLATED)
ANTENNA_mprj.team_08_Wrapper.team_08_WB.instance_to_wrap_gpio_in[18]/DIODE    1.500000    2.342468   -0.842468 (VIOLATED)
ANTENNA_mprj.team_08_Wrapper.team_08_WB.instance_to_wrap_gpio_in[19]/DIODE    1.500000    2.341949   -0.841949 (VIOLATED)
mprj.team_07_Wrapper.team_07_WB.instance_to_wrap/gpio_in[31]    1.500000    2.341795   -0.841795 (VIOLATED)
ANTENNA_mprj.team_07_Wrapper.team_07_WB.instance_to_wrap_gpio_in[31]/DIODE    1.500000    2.341709   -0.841709 (VIOLATED)
_7949_/A1                               1.500000    2.341104   -0.841104 (VIOLATED)
ANTENNA__7949__A1/DIODE                 1.500000    2.341081   -0.841081 (VIOLATED)
ANTENNA_mprj.team_01_Wrapper.team_01_WB.instance_to_wrap_WE_O/DIODE    1.500000    2.340003   -0.840003 (VIOLATED)
mprj.team_01_Wrapper.team_01_WB.instance_to_wrap/WE_O    1.500000    2.339957   -0.839957 (VIOLATED)
ANTENNA_391/DIODE                       1.500000    2.338595   -0.838595 (VIOLATED)
ANTENNA_mprj.team_03_Wrapper.team_03_WB.instance_to_wrap_ADR_O[5]/DIODE    1.500000    2.338563   -0.838563 (VIOLATED)
ANTENNA_390/DIODE                       1.500000    2.338546   -0.838546 (VIOLATED)
ANTENNA_386/DIODE                       1.500000    2.338530   -0.838530 (VIOLATED)
mprj.team_03_Wrapper.team_03_WB.instance_to_wrap/ADR_O[5]    1.500000    2.338519   -0.838519 (VIOLATED)
ANTENNA_389/DIODE                       1.500000    2.338512   -0.838512 (VIOLATED)
ANTENNA_387/DIODE                       1.500000    2.338500   -0.838500 (VIOLATED)
ANTENNA_396/DIODE                       1.500000    2.338456   -0.838456 (VIOLATED)
ANTENNA_388/DIODE                       1.500000    2.338285   -0.838285 (VIOLATED)
ANTENNA_395/DIODE                       1.500000    2.338176   -0.838176 (VIOLATED)
_7935_/A1                               1.500000    2.337809   -0.837809 (VIOLATED)
ANTENNA_393/DIODE                       1.500000    2.337766   -0.837766 (VIOLATED)
ANTENNA_392/DIODE                       1.500000    2.337533   -0.837533 (VIOLATED)
ANTENNA_394/DIODE                       1.500000    2.337195   -0.837195 (VIOLATED)
ANTENNA__7935__A1/DIODE                 1.500000    2.337063   -0.837063 (VIOLATED)
ANTENNA_397/DIODE                       1.500000    2.336036   -0.836036 (VIOLATED)
ANTENNA_mprj.team_06_Wrapper.team_06_WB.instance_to_wrap_gpio_in[11]/DIODE    1.500000    2.328513   -0.828513 (VIOLATED)
ANTENNA_806/DIODE                       1.500000    2.327490   -0.827490 (VIOLATED)
ANTENNA_804/DIODE                       1.500000    2.327470   -0.827470 (VIOLATED)
ANTENNA_803/DIODE                       1.500000    2.327185   -0.827185 (VIOLATED)
ANTENNA_mprj.team_08_Wrapper.team_08_WB.instance_to_wrap_gpio_out[27]/DIODE    1.500000    2.327032   -0.827032 (VIOLATED)
ANTENNA_799/DIODE                       1.500000    2.326864   -0.826865 (VIOLATED)
ANTENNA_797/DIODE                       1.500000    2.326864   -0.826864 (VIOLATED)
ANTENNA_798/DIODE                       1.500000    2.326864   -0.826864 (VIOLATED)
ANTENNA_800/DIODE                       1.500000    2.326864   -0.826864 (VIOLATED)
ANTENNA_801/DIODE                       1.500000    2.326864   -0.826865 (VIOLATED)
ANTENNA_802/DIODE                       1.500000    2.326865   -0.826865 (VIOLATED)
ANTENNA_805/DIODE                       1.500000    2.326864   -0.826864 (VIOLATED)
ANTENNA_796/DIODE                       1.500000    2.326855   -0.826855 (VIOLATED)
mprj.team_08_Wrapper.team_08_WB.instance_to_wrap/gpio_out[27]    1.500000    2.326814   -0.826814 (VIOLATED)
_4182_/A1                               1.500000    2.325537   -0.825537 (VIOLATED)
ANTENNA__4182__A1/DIODE                 1.500000    2.325519   -0.825519 (VIOLATED)
ANTENNA__4189__A2/DIODE                 1.500000    2.325423   -0.825423 (VIOLATED)
_4189_/A2                               1.500000    2.325402   -0.825402 (VIOLATED)
ANTENNA_mprj.team_05_Wrapper.team_05_WB.instance_to_wrap_gpio_out[8]/DIODE    1.500000    2.325200   -0.825200 (VIOLATED)
mprj.team_05_Wrapper.team_05_WB.instance_to_wrap/gpio_out[8]    1.500000    2.325200   -0.825200 (VIOLATED)
mprj.team_06_Wrapper.team_06_WB.instance_to_wrap/gpio_in[11]    1.500000    2.323001   -0.823001 (VIOLATED)
_6235_/A1                               1.500000    2.322765   -0.822765 (VIOLATED)
ANTENNA__6235__A1/DIODE                 1.500000    2.322551   -0.822551 (VIOLATED)
ANTENNA_mprj.team_01_Wrapper.team_01_WB.instance_to_wrap_ADR_O[5]/DIODE    1.500000    2.321386   -0.821386 (VIOLATED)
mprj.team_01_Wrapper.team_01_WB.instance_to_wrap/ADR_O[5]    1.500000    2.321356   -0.821356 (VIOLATED)
mprj.team_08_Wrapper.team_08_WB.instance_to_wrap/gpio_in[19]    1.500000    2.321276   -0.821276 (VIOLATED)
ANTENNA_mprj.team_05_Wrapper.team_05_WB.instance_to_wrap_gpio_in[27]/DIODE    1.500000    2.319968   -0.819968 (VIOLATED)
mprj.team_05_Wrapper.team_05_WB.instance_to_wrap/gpio_in[27]    1.500000    2.319863   -0.819863 (VIOLATED)
ANTENNA_284/DIODE                       1.500000    2.318305   -0.818305 (VIOLATED)
_6561_/A1                               1.500000    2.318280   -0.818279 (VIOLATED)
ANTENNA__6561__A1/DIODE                 1.500000    2.318218   -0.818218 (VIOLATED)
ANTENNA_mprj.team_06_Wrapper.team_06_WB.instance_to_wrap_gpio_in[20]/DIODE    1.500000    2.315087   -0.815087 (VIOLATED)
mprj.team_06_Wrapper.team_06_WB.instance_to_wrap/gpio_in[20]    1.500000    2.314934   -0.814933 (VIOLATED)
mprj.team_07_Wrapper.team_07_WB.instance_to_wrap/gpio_in[30]    1.500000    2.312838   -0.812838 (VIOLATED)
ANTENNA_mprj.team_07_Wrapper.team_07_WB.instance_to_wrap_gpio_in[30]/DIODE    1.500000    2.312818   -0.812818 (VIOLATED)
ANTENNA_mprj.team_08_Wrapper.team_08_WB.instance_to_wrap_gpio_in[17]/DIODE    1.500000    2.310576   -0.810576 (VIOLATED)
mprj.team_08_Wrapper.team_08_WB.instance_to_wrap/gpio_in[17]    1.500000    2.310569   -0.810569 (VIOLATED)
ANTENNA_mprj.team_10_Wrapper.team_10_WB.instance_to_wrap_gpio_in[31]/DIODE    1.500000    2.309224   -0.809224 (VIOLATED)
mprj.team_04_Wrapper.team_04_WB.instance_to_wrap/gpio_in[31]    1.500000    2.308800   -0.808800 (VIOLATED)
_4352_/A2                               1.500000    2.304035   -0.804035 (VIOLATED)
_4346_/A1                               1.500000    2.304003   -0.804003 (VIOLATED)
ANTENNA__4352__A2/DIODE                 1.500000    2.303999   -0.803999 (VIOLATED)
ANTENNA__4346__A1/DIODE                 1.500000    2.303888   -0.803888 (VIOLATED)
mprj.team_10_Wrapper.team_10_WB.instance_to_wrap/gpio_in[31]    1.500000    2.303870   -0.803870 (VIOLATED)
_4097_/A1                               1.500000    2.298764   -0.798764 (VIOLATED)
ANTENNA__4097__A1/DIODE                 1.500000    2.298677   -0.798677 (VIOLATED)
ANTENNA__4088__A/DIODE                  1.500000    2.298002   -0.798002 (VIOLATED)
_4088_/A                                1.500000    2.297837   -0.797837 (VIOLATED)
ANTENNA__4467__A2/DIODE                 1.500000    2.297262   -0.797262 (VIOLATED)
ANTENNA__4461__A0/DIODE                 1.500000    2.297219   -0.797219 (VIOLATED)
_4467_/A2                               1.500000    2.297219   -0.797219 (VIOLATED)
_4461_/A0                               1.500000    2.297032   -0.797032 (VIOLATED)
_4618_/A2                               1.500000    2.295419   -0.795419 (VIOLATED)
ANTENNA__4618__A2/DIODE                 1.500000    2.295414   -0.795414 (VIOLATED)
ANTENNA__4612__A0/DIODE                 1.500000    2.295379   -0.795379 (VIOLATED)
_4612_/A0                               1.500000    2.295327   -0.795327 (VIOLATED)
_7883_/A1                               1.500000    2.293656   -0.793656 (VIOLATED)
ANTENNA__7883__A1/DIODE                 1.500000    2.293529   -0.793529 (VIOLATED)
ANTENNA_600/DIODE                       1.500000    2.289722   -0.789722 (VIOLATED)
ANTENNA_mprj.team_01_Wrapper.team_01_WB.instance_to_wrap_gpio_in[25]/DIODE    1.500000    2.289345   -0.789345 (VIOLATED)
mprj.team_01_Wrapper.team_01_WB.instance_to_wrap/gpio_in[25]    1.500000    2.289207   -0.789207 (VIOLATED)
ANTENNA__4339__A2/DIODE                 1.500000    2.287322   -0.787322 (VIOLATED)
_4339_/A2                               1.500000    2.287215   -0.787215 (VIOLATED)
_4437_/A0                               1.500000    2.287091   -0.787091 (VIOLATED)
ANTENNA__4437__A0/DIODE                 1.500000    2.286997   -0.786997 (VIOLATED)
_4333_/A0                               1.500000    2.286912   -0.786913 (VIOLATED)
ANTENNA__4443__A2/DIODE                 1.500000    2.286796   -0.786796 (VIOLATED)
ANTENNA__4333__A0/DIODE                 1.500000    2.286642   -0.786642 (VIOLATED)
_4443_/A2                               1.500000    2.286628   -0.786628 (VIOLATED)
ANTENNA_mprj.team_10_Wrapper.team_10_WB.instance_to_wrap_gpio_in[28]/DIODE    1.500000    2.282833   -0.782833 (VIOLATED)
ANTENNA_mprj.team_01_Wrapper.team_01_WB.instance_to_wrap_DAT_O[10]/DIODE    1.500000    2.282422   -0.782422 (VIOLATED)
mprj.team_01_Wrapper.team_01_WB.instance_to_wrap/DAT_O[10]    1.500000    2.282364   -0.782364 (VIOLATED)
ANTENNA_mprj.team_02_Wrapper.team_02_WB.instance_to_wrap_gpio_in[11]/DIODE    1.500000    2.280092   -0.780092 (VIOLATED)
mprj.team_02_Wrapper.team_02_WB.instance_to_wrap/gpio_in[11]    1.500000    2.280026   -0.780026 (VIOLATED)
ANTENNA_mprj.team_05_Wrapper.team_05_WB.instance_to_wrap_gpio_in[25]/DIODE    1.500000    2.277976   -0.777976 (VIOLATED)
mprj.team_05_Wrapper.team_05_WB.instance_to_wrap/gpio_in[25]    1.500000    2.277774   -0.777774 (VIOLATED)
wire763/A                               1.500000    2.276200   -0.776200 (VIOLATED)
ANTENNA_wire763_A/DIODE                 1.500000    2.275756   -0.775756 (VIOLATED)
ANTENNA__4850__A2/DIODE                 1.500000    2.275132   -0.775132 (VIOLATED)
_4850_/A2                               1.500000    2.275131   -0.775131 (VIOLATED)
ANTENNA__4844__A0/DIODE                 1.500000    2.275095   -0.775095 (VIOLATED)
_4844_/A0                               1.500000    2.275078   -0.775078 (VIOLATED)
ANTENNA__7917__A/DIODE                  1.500000    2.274252   -0.774252 (VIOLATED)
_7917_/A                                1.500000    2.274246   -0.774246 (VIOLATED)
ANTENNA_45/DIODE                        1.500000    2.274012   -0.774012 (VIOLATED)
ANTENNA_mprj.team_01_Wrapper.team_01_WB.instance_to_wrap_DAT_O[0]/DIODE    1.500000    2.273817   -0.773817 (VIOLATED)
mprj.team_01_Wrapper.team_01_WB.instance_to_wrap/DAT_O[0]    1.500000    2.273360   -0.773360 (VIOLATED)
_6200_/A1                               1.500000    2.272942   -0.772942 (VIOLATED)
ANTENNA__4355__A0/DIODE                 1.500000    2.272905   -0.772905 (VIOLATED)
_4355_/A0                               1.500000    2.272871   -0.772871 (VIOLATED)
ANTENNA__6200__A1/DIODE                 1.500000    2.272854   -0.772854 (VIOLATED)
_4361_/A2                               1.500000    2.272781   -0.772781 (VIOLATED)
ANTENNA__4361__A2/DIODE                 1.500000    2.272769   -0.772769 (VIOLATED)
mprj.team_10_Wrapper.team_10_WB.instance_to_wrap/gpio_in[28]    1.500000    2.269794   -0.769794 (VIOLATED)
ANTENNA_mprj.team_08_Wrapper.team_08_WB.instance_to_wrap_gpio_in[5]/DIODE    1.500000    2.268581   -0.768581 (VIOLATED)
mprj.team_08_Wrapper.team_08_WB.instance_to_wrap/gpio_in[5]    1.500000    2.268479   -0.768479 (VIOLATED)
ANTENNA_mprj.team_01_Wrapper.team_01_WB.instance_to_wrap_ADR_O[8]/DIODE    1.500000    2.265865   -0.765865 (VIOLATED)
mprj.team_01_Wrapper.team_01_WB.instance_to_wrap/ADR_O[8]    1.500000    2.265854   -0.765854 (VIOLATED)
ANTENNA_mprj.team_01_Wrapper.team_01_WB.instance_to_wrap_DAT_O[29]/DIODE    1.500000    2.262568   -0.762568 (VIOLATED)
mprj.team_01_Wrapper.team_01_WB.instance_to_wrap/DAT_O[29]    1.500000    2.262532   -0.762532 (VIOLATED)
ANTENNA__4985__A2/DIODE                 1.500000    2.262112   -0.762112 (VIOLATED)
_4985_/A2                               1.500000    2.262105   -0.762105 (VIOLATED)
ANTENNA__4979__A0/DIODE                 1.500000    2.261993   -0.761993 (VIOLATED)
_4979_/A0                               1.500000    2.261977   -0.761977 (VIOLATED)
ANTENNA_mprj.team_04_Wrapper.team_04_WB.instance_to_wrap_gpio_in[31]/DIODE    1.500000    2.261087   -0.761087 (VIOLATED)
ANTENNA_mprj.team_05_Wrapper.team_05_WB.instance_to_wrap_gpio_in[29]/DIODE    1.500000    2.259603   -0.759603 (VIOLATED)
mprj.team_05_Wrapper.team_05_WB.instance_to_wrap/gpio_in[29]    1.500000    2.259575   -0.759575 (VIOLATED)
_4723_/A0                               1.500000    2.258031   -0.758031 (VIOLATED)
ANTENNA__4723__A0/DIODE                 1.500000    2.257871   -0.757871 (VIOLATED)
ANTENNA__4729__A2/DIODE                 1.500000    2.257654   -0.757654 (VIOLATED)
_4729_/A2                               1.500000    2.257469   -0.757469 (VIOLATED)
ANTENNA_49/DIODE                        1.500000    2.257264   -0.757264 (VIOLATED)
mprj.team_04_Wrapper.team_04_WB.instance_to_wrap/gpio_in[12]    1.500000    2.254876   -0.754876 (VIOLATED)
mprj.team_06_Wrapper.team_06_WB.instance_to_wrap/gpio_in[5]    1.500000    2.253844   -0.753844 (VIOLATED)
ANTENNA_mprj.team_06_Wrapper.team_06_WB.instance_to_wrap_gpio_in[5]/DIODE    1.500000    2.253665   -0.753665 (VIOLATED)
ANTENNA_mprj.team_04_Wrapper.team_04_WB.instance_to_wrap_gpio_in[12]/DIODE    1.500000    2.252204   -0.752204 (VIOLATED)
_7812_/A1                               1.500000    2.250670   -0.750670 (VIOLATED)
_4373_/A2                               1.500000    2.250588   -0.750588 (VIOLATED)
ANTENNA__4367__A0/DIODE                 1.500000    2.250581   -0.750581 (VIOLATED)
ANTENNA__7812__A1/DIODE                 1.500000    2.250568   -0.750568 (VIOLATED)
ANTENNA__4373__A2/DIODE                 1.500000    2.250565   -0.750565 (VIOLATED)
ANTENNA_mprj.team_01_Wrapper.team_01_WB.instance_to_wrap_DAT_O[28]/DIODE    1.500000    2.250503   -0.750503 (VIOLATED)
_4367_/A0                               1.500000    2.250468   -0.750468 (VIOLATED)
mprj.team_01_Wrapper.team_01_WB.instance_to_wrap/DAT_O[28]    1.500000    2.250306   -0.750306 (VIOLATED)
ANTENNA_mprj.team_11_Wrapper.team_11_WB.instance_to_wrap_gpio_in[27]/DIODE    1.500000    2.245432   -0.745432 (VIOLATED)
mprj.team_11_Wrapper.team_11_WB.instance_to_wrap/gpio_in[27]    1.500000    2.245169   -0.745170 (VIOLATED)
ANTENNA_mprj.team_04_Wrapper.team_04_WB.instance_to_wrap_gpio_in[26]/DIODE    1.500000    2.244559   -0.744559 (VIOLATED)
mprj.team_04_Wrapper.team_04_WB.instance_to_wrap/gpio_in[26]    1.500000    2.244145   -0.744145 (VIOLATED)
ANTENNA_127/DIODE                       1.500000    2.241086   -0.741086 (VIOLATED)
ANTENNA_mprj.team_01_Wrapper.team_01_WB.instance_to_wrap_DAT_O[20]/DIODE    1.500000    2.240743   -0.740743 (VIOLATED)
_7867_/A1                               1.500000    2.240727   -0.740727 (VIOLATED)
ANTENNA__7867__A1/DIODE                 1.500000    2.240621   -0.740621 (VIOLATED)
mprj.team_01_Wrapper.team_01_WB.instance_to_wrap/DAT_O[20]    1.500000    2.240614   -0.740614 (VIOLATED)
ANTENNA_mprj.team_05_Wrapper.team_05_WB.instance_to_wrap_gpio_in[11]/DIODE    1.500000    2.240371   -0.740371 (VIOLATED)
mprj.team_05_Wrapper.team_05_WB.instance_to_wrap/gpio_in[11]    1.500000    2.240247   -0.740247 (VIOLATED)
ANTENNA_mprj.team_02_Wrapper.team_02_WB.instance_to_wrap_gpio_out[7]/DIODE    1.500000    2.240083   -0.740083 (VIOLATED)
mprj.team_02_Wrapper.team_02_WB.instance_to_wrap/gpio_out[7]    1.500000    2.240081   -0.740081 (VIOLATED)
_4517_/A0                               1.500000    2.240036   -0.740036 (VIOLATED)
ANTENNA__4517__A0/DIODE                 1.500000    2.240034   -0.740034 (VIOLATED)
_4523_/A2                               1.500000    2.239862   -0.739862 (VIOLATED)
ANTENNA__4523__A2/DIODE                 1.500000    2.239709   -0.739709 (VIOLATED)
ANTENNA_mprj.team_01_Wrapper.team_01_WB.instance_to_wrap_DAT_O[8]/DIODE    1.500000    2.236957   -0.736957 (VIOLATED)
mprj.team_01_Wrapper.team_01_WB.instance_to_wrap/DAT_O[8]    1.500000    2.236920   -0.736920 (VIOLATED)
ANTENNA_mprj.team_08_Wrapper.team_08_WB.instance_to_wrap_gpio_in[10]/DIODE    1.500000    2.232103   -0.732104 (VIOLATED)
mprj.team_08_Wrapper.team_08_WB.instance_to_wrap/gpio_in[10]    1.500000    2.232032   -0.732032 (VIOLATED)
mprj.team_02_Wrapper.team_02_WB.instance_to_wrap/gpio_in[25]    1.500000    2.228645   -0.728645 (VIOLATED)
ANTENNA_278/DIODE                       1.500000    2.228191   -0.728192 (VIOLATED)
ANTENNA_277/DIODE                       1.500000    2.228181   -0.728181 (VIOLATED)
ANTENNA__6540__A/DIODE                  1.500000    2.227969   -0.727969 (VIOLATED)
_6540_/A                                1.500000    2.227942   -0.727942 (VIOLATED)
ANTENNA_mprj.team_03_Wrapper.team_03_WB.instance_to_wrap_ADR_O[27]/DIODE    1.500000    2.226977   -0.726977 (VIOLATED)
mprj.team_03_Wrapper.team_03_WB.instance_to_wrap/ADR_O[27]    1.500000    2.226977   -0.726977 (VIOLATED)
ANTENNA_mprj.team_01_Wrapper.team_01_WB.instance_to_wrap_ADR_O[29]/DIODE    1.500000    2.226745   -0.726745 (VIOLATED)
mprj.team_01_Wrapper.team_01_WB.instance_to_wrap/ADR_O[29]    1.500000    2.226727   -0.726727 (VIOLATED)
ANTENNA_mprj.team_02_Wrapper.team_02_WB.instance_to_wrap_gpio_in[25]/DIODE    1.500000    2.225101   -0.725101 (VIOLATED)
ANTENNA_122/DIODE                       1.500000    2.224768   -0.724768 (VIOLATED)
_6232_/A                                1.500000    2.224298   -0.724298 (VIOLATED)
ANTENNA_120/DIODE                       1.500000    2.224088   -0.724088 (VIOLATED)
ANTENNA__6232__A/DIODE                  1.500000    2.223815   -0.723816 (VIOLATED)
ANTENNA_mprj.team_01_Wrapper.team_01_WB.instance_to_wrap_ADR_O[25]/DIODE    1.500000    2.223125   -0.723125 (VIOLATED)
mprj.team_01_Wrapper.team_01_WB.instance_to_wrap/ADR_O[25]    1.500000    2.223070   -0.723070 (VIOLATED)
_6339_/A                                1.500000    2.219555   -0.719555 (VIOLATED)
ANTENNA__6339__A/DIODE                  1.500000    2.219456   -0.719456 (VIOLATED)
ANTENNA_mprj.team_03_Wrapper.team_03_WB.instance_to_wrap_ADR_O[14]/DIODE    1.500000    2.218126   -0.718126 (VIOLATED)
mprj.team_03_Wrapper.team_03_WB.instance_to_wrap/ADR_O[14]    1.500000    2.218103   -0.718103 (VIOLATED)
ANTENNA_mprj.team_09_Wrapper.team_09_WB.instance_to_wrap_gpio_in[7]/DIODE    1.500000    2.214193   -0.714193 (VIOLATED)
mprj.team_09_Wrapper.team_09_WB.instance_to_wrap/gpio_in[7]    1.500000    2.214100   -0.714100 (VIOLATED)
_4317_/A2                               1.500000    2.211867   -0.711867 (VIOLATED)
ANTENNA__4317__A2/DIODE                 1.500000    2.211774   -0.711774 (VIOLATED)
_4310_/A1                               1.500000    2.211759   -0.711759 (VIOLATED)
ANTENNA__4310__A1/DIODE                 1.500000    2.211725   -0.711725 (VIOLATED)
mprj.team_08_Wrapper.team_08_WB.instance_to_wrap/clk    1.500000    2.211168   -0.711168 (VIOLATED)
ANTENNA_mprj.team_08_Wrapper.team_08_WB.instance_to_wrap_clk/DIODE    1.500000    2.210924   -0.710924 (VIOLATED)
_4384_/A2                               1.500000    2.209700   -0.709700 (VIOLATED)
ANTENNA__4384__A2/DIODE                 1.500000    2.209592   -0.709592 (VIOLATED)
_4378_/A0                               1.500000    2.209412   -0.709412 (VIOLATED)
ANTENNA__4378__A0/DIODE                 1.500000    2.209307   -0.709307 (VIOLATED)
ANTENNA_mprj.team_11_Wrapper.team_11_WB.instance_to_wrap_gpio_in[21]/DIODE    1.500000    2.205110   -0.705110 (VIOLATED)
mprj.team_11_Wrapper.team_11_WB.instance_to_wrap/gpio_in[21]    1.500000    2.204908   -0.704908 (VIOLATED)
ANTENNA_mprj.team_05_Wrapper.team_05_WB.instance_to_wrap_gpio_out[5]/DIODE    1.500000    2.198908   -0.698908 (VIOLATED)
mprj.team_05_Wrapper.team_05_WB.instance_to_wrap/gpio_out[5]    1.500000    2.198888   -0.698888 (VIOLATED)
mprj.team_07_Wrapper.team_07_WB.instance_to_wrap/gpio_in[27]    1.500000    2.195041   -0.695041 (VIOLATED)
ANTENNA_mprj.team_07_Wrapper.team_07_WB.instance_to_wrap_gpio_in[27]/DIODE    1.500000    2.194993   -0.694994 (VIOLATED)
ANTENNA_mprj.team_01_Wrapper.team_01_WB.instance_to_wrap_ADR_O[23]/DIODE    1.500000    2.188737   -0.688738 (VIOLATED)
mprj.team_01_Wrapper.team_01_WB.instance_to_wrap/ADR_O[23]    1.500000    2.188668   -0.688668 (VIOLATED)
ANTENNA_273/DIODE                       1.500000    2.182417   -0.682417 (VIOLATED)
_8008_/A1                               1.500000    2.182390   -0.682390 (VIOLATED)
ANTENNA__8008__A1/DIODE                 1.500000    2.182318   -0.682318 (VIOLATED)
mprj.team_10_Wrapper.team_10_WB.instance_to_wrap/gpio_in[30]    1.500000    2.182271   -0.682271 (VIOLATED)
mprj.team_06_Wrapper.team_06_WB.instance_to_wrap/gpio_in[25]    1.500000    2.181902   -0.681902 (VIOLATED)
mprj.team_02_Wrapper.team_02_WB.instance_to_wrap/gpio_in[5]    1.500000    2.180806   -0.680807 (VIOLATED)
ANTENNA_mprj.team_02_Wrapper.team_02_WB.instance_to_wrap_gpio_in[5]/DIODE    1.500000    2.180701   -0.680701 (VIOLATED)
ANTENNA_mprj.team_06_Wrapper.team_06_WB.instance_to_wrap_gpio_in[25]/DIODE    1.500000    2.179312   -0.679313 (VIOLATED)
_6472_/A1                               1.500000    2.176483   -0.676483 (VIOLATED)
ANTENNA_334/DIODE                       1.500000    2.176450   -0.676450 (VIOLATED)
ANTENNA__6472__A1/DIODE                 1.500000    2.176385   -0.676385 (VIOLATED)
ANTENNA_mprj.team_10_Wrapper.team_10_WB.instance_to_wrap_gpio_in[30]/DIODE    1.500000    2.175559   -0.675559 (VIOLATED)
_4678_/A0                               1.500000    2.175339   -0.675339 (VIOLATED)
ANTENNA__4678__A0/DIODE                 1.500000    2.175317   -0.675317 (VIOLATED)
_4684_/A2                               1.500000    2.175315   -0.675315 (VIOLATED)
ANTENNA__4684__A2/DIODE                 1.500000    2.175287   -0.675287 (VIOLATED)
mprj.team_06_Wrapper.team_06_WB.instance_to_wrap/gpio_in[17]    1.500000    2.172763   -0.672763 (VIOLATED)
ANTENNA_mprj.team_06_Wrapper.team_06_WB.instance_to_wrap_gpio_oeb[13]/DIODE    1.500000    2.171760   -0.671760 (VIOLATED)
mprj.team_06_Wrapper.team_06_WB.instance_to_wrap/gpio_oeb[13]    1.500000    2.171749   -0.671749 (VIOLATED)
ANTENNA_mprj.team_01_Wrapper.team_01_WB.instance_to_wrap_ADR_O[20]/DIODE    1.500000    2.171066   -0.671066 (VIOLATED)
mprj.team_01_Wrapper.team_01_WB.instance_to_wrap/ADR_O[20]    1.500000    2.171010   -0.671010 (VIOLATED)
_4197_/A2                               1.500000    2.170571   -0.670571 (VIOLATED)
ANTENNA__4197__A2/DIODE                 1.500000    2.170534   -0.670534 (VIOLATED)
ANTENNA__4191__A0/DIODE                 1.500000    2.170507   -0.670507 (VIOLATED)
_4191_/A0                               1.500000    2.170463   -0.670463 (VIOLATED)
ANTENNA_mprj.team_02_Wrapper.team_02_WB.instance_to_wrap_gpio_in[29]/DIODE    1.500000    2.169902   -0.669902 (VIOLATED)
_7905_/A1                               1.500000    2.169684   -0.669685 (VIOLATED)
ANTENNA__7905__A1/DIODE                 1.500000    2.169601   -0.669601 (VIOLATED)
ANTENNA_mprj.team_06_Wrapper.team_06_WB.instance_to_wrap_gpio_oeb[6]/DIODE    1.500000    2.166777   -0.666777 (VIOLATED)
mprj.team_06_Wrapper.team_06_WB.instance_to_wrap/gpio_oeb[6]    1.500000    2.166765   -0.666766 (VIOLATED)
ANTENNA_mprj.team_06_Wrapper.team_06_WB.instance_to_wrap_gpio_in[17]/DIODE    1.500000    2.165782   -0.665783 (VIOLATED)
mprj.team_02_Wrapper.team_02_WB.instance_to_wrap/gpio_in[29]    1.500000    2.165530   -0.665530 (VIOLATED)
ANTENNA_mprj.team_12_Wrapper.team_12_WB.instance_to_wrap_gpio_in[32]/DIODE    1.500000    2.165243   -0.665243 (VIOLATED)
mprj.team_12_Wrapper.team_12_WB.instance_to_wrap/gpio_in[32]    1.500000    2.165205   -0.665205 (VIOLATED)
ANTENNA_276/DIODE                       1.500000    2.163908   -0.663908 (VIOLATED)
ANTENNA_mprj.team_01_Wrapper.team_01_WB.instance_to_wrap_DAT_O[5]/DIODE    1.500000    2.163714   -0.663714 (VIOLATED)
mprj.team_01_Wrapper.team_01_WB.instance_to_wrap/DAT_O[5]    1.500000    2.163714   -0.663714 (VIOLATED)
ANTENNA__6504__A/DIODE                  1.500000    2.163568   -0.663568 (VIOLATED)
_6504_/A                                1.500000    2.163425   -0.663425 (VIOLATED)
ANTENNA_274/DIODE                       1.500000    2.163318   -0.663319 (VIOLATED)
ANTENNA_mprj.team_09_Wrapper.team_09_WB.instance_to_wrap_gpio_in[1]/DIODE    1.500000    2.160916   -0.660916 (VIOLATED)
mprj.team_09_Wrapper.team_09_WB.instance_to_wrap/gpio_in[1]    1.500000    2.160484   -0.660484 (VIOLATED)
ANTENNA_mprj.team_01_Wrapper.team_01_WB.instance_to_wrap_ADR_O[2]/DIODE    1.500000    2.159464   -0.659464 (VIOLATED)
mprj.team_01_Wrapper.team_01_WB.instance_to_wrap/ADR_O[2]    1.500000    2.159428   -0.659428 (VIOLATED)
_8089_/A1                               1.500000    2.155360   -0.655360 (VIOLATED)
ANTENNA__8089__A1/DIODE                 1.500000    2.155300   -0.655300 (VIOLATED)
ANTENNA_mprj.team_01_Wrapper.team_01_WB.instance_to_wrap_ADR_O[11]/DIODE    1.500000    2.152864   -0.652864 (VIOLATED)
mprj.team_01_Wrapper.team_01_WB.instance_to_wrap/ADR_O[11]    1.500000    2.152584   -0.652584 (VIOLATED)
ANTENNA_mprj.team_04_Wrapper.team_04_WB.instance_to_wrap_gpio_in[13]/DIODE    1.500000    2.151087   -0.651087 (VIOLATED)
ANTENNA_402/DIODE                       1.500000    2.150969   -0.650969 (VIOLATED)
ANTENNA_403/DIODE                       1.500000    2.150938   -0.650938 (VIOLATED)
ANTENNA_404/DIODE                       1.500000    2.150755   -0.650755 (VIOLATED)
_6201_/A1                               1.500000    2.150631   -0.650632 (VIOLATED)
_4101_/A1                               1.500000    2.150212   -0.650212 (VIOLATED)
ANTENNA__4101__A1/DIODE                 1.500000    2.150123   -0.650124 (VIOLATED)
ANTENNA__6201__A1/DIODE                 1.500000    2.150058   -0.650058 (VIOLATED)
_4092_/A                                1.500000    2.149604   -0.649604 (VIOLATED)
ANTENNA__4092__A/DIODE                  1.500000    2.149601   -0.649601 (VIOLATED)
_4091_/A                                1.500000    2.149314   -0.649314 (VIOLATED)
ANTENNA__4091__A/DIODE                  1.500000    2.149247   -0.649247 (VIOLATED)
ANTENNA_mprj.team_01_Wrapper.team_01_WB.instance_to_wrap_ADR_O[0]/DIODE    1.500000    2.149163   -0.649163 (VIOLATED)
mprj.team_01_Wrapper.team_01_WB.instance_to_wrap/ADR_O[0]    1.500000    2.149163   -0.649163 (VIOLATED)
_4193_/A1                               1.500000    2.148357   -0.648357 (VIOLATED)
ANTENNA__4193__A1/DIODE                 1.500000    2.148288   -0.648288 (VIOLATED)
ANTENNA__4199__A2/DIODE                 1.500000    2.148238   -0.648238 (VIOLATED)
_4199_/A2                               1.500000    2.148156   -0.648156 (VIOLATED)
ANTENNA__4751__A1/DIODE                 1.500000    2.147906   -0.647906 (VIOLATED)
_4751_/A1                               1.500000    2.147871   -0.647871 (VIOLATED)
_4757_/A2                               1.500000    2.147779   -0.647779 (VIOLATED)
ANTENNA__4757__A2/DIODE                 1.500000    2.147697   -0.647697 (VIOLATED)
ANTENNA_mprj.team_01_Wrapper.team_01_WB.instance_to_wrap_ADR_O[26]/DIODE    1.500000    2.146717   -0.646717 (VIOLATED)
mprj.team_01_Wrapper.team_01_WB.instance_to_wrap/ADR_O[26]    1.500000    2.146683   -0.646683 (VIOLATED)
_4225_/A0                               1.500000    2.145873   -0.645873 (VIOLATED)
ANTENNA__4225__A0/DIODE                 1.500000    2.145862   -0.645862 (VIOLATED)
ANTENNA__4231__A2/DIODE                 1.500000    2.145784   -0.645784 (VIOLATED)
_4231_/A2                               1.500000    2.145679   -0.645679 (VIOLATED)
ANTENNA_312/DIODE                       1.500000    2.145623   -0.645623 (VIOLATED)
ANTENNA__8079__A1/DIODE                 1.500000    2.144683   -0.644683 (VIOLATED)
ANTENNA_mprj.team_05_Wrapper.team_05_WB.instance_to_wrap_gpio_in[5]/DIODE    1.500000    2.144667   -0.644667 (VIOLATED)
ANTENNA_301/DIODE                       1.500000    2.144427   -0.644427 (VIOLATED)
ANTENNA_297/DIODE                       1.500000    2.144378   -0.644378 (VIOLATED)
mprj.team_05_Wrapper.team_05_WB.instance_to_wrap/gpio_in[5]    1.500000    2.144360   -0.644360 (VIOLATED)
ANTENNA_302/DIODE                       1.500000    2.144355   -0.644355 (VIOLATED)
_8079_/A1                               1.500000    2.144330   -0.644329 (VIOLATED)
ANTENNA_310/DIODE                       1.500000    2.144302   -0.644302 (VIOLATED)
ANTENNA_298/DIODE                       1.500000    2.144201   -0.644201 (VIOLATED)
ANTENNA_299/DIODE                       1.500000    2.144184   -0.644184 (VIOLATED)
ANTENNA_300/DIODE                       1.500000    2.144112   -0.644112 (VIOLATED)
ANTENNA_308/DIODE                       1.500000    2.144100   -0.644100 (VIOLATED)
ANTENNA_309/DIODE                       1.500000    2.144029   -0.644029 (VIOLATED)
ANTENNA_305/DIODE                       1.500000    2.143948   -0.643948 (VIOLATED)
ANTENNA_307/DIODE                       1.500000    2.143849   -0.643849 (VIOLATED)
ANTENNA_306/DIODE                       1.500000    2.142666   -0.642666 (VIOLATED)
_5047_/A1                               1.500000    2.139294   -0.639294 (VIOLATED)
ANTENNA__5047__A1/DIODE                 1.500000    2.139282   -0.639282 (VIOLATED)
_5054_/A2                               1.500000    2.139168   -0.639168 (VIOLATED)
ANTENNA__5054__A2/DIODE                 1.500000    2.139152   -0.639152 (VIOLATED)
ANTENNA_303/DIODE                       1.500000    2.136800   -0.636800 (VIOLATED)
mprj.team_08_Wrapper.team_08_WB.instance_to_wrap/gpio_in[22]    1.500000    2.136491   -0.636491 (VIOLATED)
_8093_/A1                               1.500000    2.135690   -0.635690 (VIOLATED)
ANTENNA_401/DIODE                       1.500000    2.135643   -0.635643 (VIOLATED)
ANTENNA__8093__A1/DIODE                 1.500000    2.135496   -0.635496 (VIOLATED)
ANTENNA_304/DIODE                       1.500000    2.134007   -0.634007 (VIOLATED)
ANTENNA_311/DIODE                       1.500000    2.132513   -0.632513 (VIOLATED)
ANTENNA_mprj.team_06_Wrapper.team_06_WB.instance_to_wrap_gpio_out[22]/DIODE    1.500000    2.130948   -0.630948 (VIOLATED)
mprj.team_06_Wrapper.team_06_WB.instance_to_wrap/gpio_out[22]    1.500000    2.130937   -0.630937 (VIOLATED)
ANTENNA__4692__A0/DIODE                 1.500000    2.130764   -0.630764 (VIOLATED)
_4692_/A0                               1.500000    2.130714   -0.630714 (VIOLATED)
ANTENNA_319/DIODE                       1.500000    2.130682   -0.630682 (VIOLATED)
ANTENNA_322/DIODE                       1.500000    2.130639   -0.630639 (VIOLATED)
ANTENNA_328/DIODE                       1.500000    2.130594   -0.630594 (VIOLATED)
ANTENNA_mprj.team_04_Wrapper.team_04_WB.instance_to_wrap_gpio_in[19]/DIODE    1.500000    2.130573   -0.630573 (VIOLATED)
ANTENNA_329/DIODE                       1.500000    2.130488   -0.630488 (VIOLATED)
ANTENNA__4698__A2/DIODE                 1.500000    2.130437   -0.630437 (VIOLATED)
_4698_/A2                               1.500000    2.130362   -0.630362 (VIOLATED)
ANTENNA_326/DIODE                       1.500000    2.130290   -0.630290 (VIOLATED)
mprj.team_04_Wrapper.team_04_WB.instance_to_wrap/gpio_in[19]    1.500000    2.130266   -0.630266 (VIOLATED)
ANTENNA_51/DIODE                        1.500000    2.130077   -0.630077 (VIOLATED)
ANTENNA_321/DIODE                       1.500000    2.130073   -0.630073 (VIOLATED)
ANTENNA_320/DIODE                       1.500000    2.130023   -0.630023 (VIOLATED)
ANTENNA_318/DIODE                       1.500000    2.130018   -0.630018 (VIOLATED)
ANTENNA_327/DIODE                       1.500000    2.129413   -0.629413 (VIOLATED)
ANTENNA_324/DIODE                       1.500000    2.128704   -0.628704 (VIOLATED)
_6220_/A1                               1.500000    2.128631   -0.628631 (VIOLATED)
ANTENNA_325/DIODE                       1.500000    2.128551   -0.628551 (VIOLATED)
ANTENNA__6220__A1/DIODE                 1.500000    2.128490   -0.628491 (VIOLATED)
ANTENNA_323/DIODE                       1.500000    2.128357   -0.628357 (VIOLATED)
ANTENNA_330/DIODE                       1.500000    2.127241   -0.627241 (VIOLATED)
ANTENNA_mprj.team_05_Wrapper.team_05_WB.instance_to_wrap_gpio_in[16]/DIODE    1.500000    2.126470   -0.626470 (VIOLATED)
_8018_/A1                               1.500000    2.126459   -0.626459 (VIOLATED)
ANTENNA__8018__A1/DIODE                 1.500000    2.126326   -0.626326 (VIOLATED)
mprj.team_05_Wrapper.team_05_WB.instance_to_wrap/gpio_in[16]    1.500000    2.126272   -0.626272 (VIOLATED)
ANTENNA_331/DIODE                       1.500000    2.126040   -0.626041 (VIOLATED)
ANTENNA_mprj.team_07_Wrapper.team_07_WB.instance_to_wrap_clk/DIODE    1.500000    2.122635   -0.622635 (VIOLATED)
mprj.team_07_Wrapper.team_07_WB.instance_to_wrap/clk    1.500000    2.122540   -0.622540 (VIOLATED)
_6576_/A1                               1.500000    2.116070   -0.616070 (VIOLATED)
ANTENNA__6576__A1/DIODE                 1.500000    2.115925   -0.615925 (VIOLATED)
ANTENNA__6481__A/DIODE                  1.500000    2.112818   -0.612818 (VIOLATED)
_6481_/A                                1.500000    2.112799   -0.612799 (VIOLATED)
_7743_/A1                               1.500000    2.110675   -0.610675 (VIOLATED)
ANTENNA__7743__A1/DIODE                 1.500000    2.110662   -0.610662 (VIOLATED)
_4992_/A0                               1.500000    2.109995   -0.609995 (VIOLATED)
ANTENNA__4992__A0/DIODE                 1.500000    2.109985   -0.609985 (VIOLATED)
ANTENNA__4998__A2/DIODE                 1.500000    2.109938   -0.609938 (VIOLATED)
_4998_/A2                               1.500000    2.109877   -0.609877 (VIOLATED)
mprj.team_12_Wrapper.team_12_WB.instance_to_wrap/gpio_in[7]    1.500000    2.108534   -0.608534 (VIOLATED)
ANTENNA_mprj.team_12_Wrapper.team_12_WB.instance_to_wrap_gpio_in[7]/DIODE    1.500000    2.108490   -0.608490 (VIOLATED)
ANTENNA_mprj.team_08_Wrapper.team_08_WB.instance_to_wrap_gpio_in[22]/DIODE    1.500000    2.107404   -0.607405 (VIOLATED)
mprj.team_07_Wrapper.team_07_WB.instance_to_wrap/gpio_in[5]    1.500000    2.106735   -0.606734 (VIOLATED)
ANTENNA_mprj.team_07_Wrapper.team_07_WB.instance_to_wrap_gpio_in[5]/DIODE    1.500000    2.106686   -0.606686 (VIOLATED)
mprj.team_03_Wrapper.team_03_WB.instance_to_wrap/gpio_in[26]    1.500000    2.100915   -0.600915 (VIOLATED)
ANTENNA_mprj.team_03_Wrapper.team_03_WB.instance_to_wrap_gpio_in[26]/DIODE    1.500000    2.100409   -0.600409 (VIOLATED)
ANTENNA_mprj.team_09_Wrapper.team_09_WB.instance_to_wrap_gpio_in[14]/DIODE    1.500000    2.099637   -0.599637 (VIOLATED)
mprj.team_09_Wrapper.team_09_WB.instance_to_wrap/gpio_in[14]    1.500000    2.099431   -0.599431 (VIOLATED)
ANTENNA_max_length789_A/DIODE           1.500000    2.096744   -0.596744 (VIOLATED)
ANTENNA_mprj.team_02_Wrapper.team_02_WB.instance_to_wrap_gpio_out[12]/DIODE    1.500000    2.096401   -0.596401 (VIOLATED)
mprj.team_02_Wrapper.team_02_WB.instance_to_wrap/gpio_out[12]    1.500000    2.096314   -0.596314 (VIOLATED)
ANTENNA_mprj.team_05_Wrapper.team_05_WB.instance_to_wrap_gpio_out[9]/DIODE    1.500000    2.095419   -0.595419 (VIOLATED)
mprj.team_05_Wrapper.team_05_WB.instance_to_wrap/gpio_out[9]    1.500000    2.095300   -0.595300 (VIOLATED)
mprj.team_11_Wrapper.team_11_WB.instance_to_wrap/clk    1.500000    2.093953   -0.593953 (VIOLATED)
ANTENNA_mprj.team_11_Wrapper.team_11_WB.instance_to_wrap_clk/DIODE    1.500000    2.093568   -0.593568 (VIOLATED)
ANTENNA_mprj.team_01_Wrapper.team_01_WB.instance_to_wrap_DAT_O[15]/DIODE    1.500000    2.088802   -0.588802 (VIOLATED)
mprj.team_01_Wrapper.team_01_WB.instance_to_wrap/DAT_O[15]    1.500000    2.088801   -0.588801 (VIOLATED)
ANTENNA__4711__B1/DIODE                 1.500000    2.088270   -0.588270 (VIOLATED)
_4705_/A0                               1.500000    2.088268   -0.588268 (VIOLATED)
_4711_/B1                               1.500000    2.088265   -0.588265 (VIOLATED)
ANTENNA__4705__A0/DIODE                 1.500000    2.088253   -0.588253 (VIOLATED)
mprj.team_04_Wrapper.team_04_WB.instance_to_wrap/gpio_in[13]    1.500000    2.088125   -0.588125 (VIOLATED)
ANTENNA__4116__A0/DIODE                 1.500000    2.084791   -0.584792 (VIOLATED)
_4116_/A0                               1.500000    2.084747   -0.584747 (VIOLATED)
_4124_/A2                               1.500000    2.084590   -0.584590 (VIOLATED)
ANTENNA__4124__A2/DIODE                 1.500000    2.084293   -0.584293 (VIOLATED)
mprj.team_04_Wrapper.team_04_WB.instance_to_wrap/clk    1.500000    2.082305   -0.582305 (VIOLATED)
ANTENNA_mprj.team_04_Wrapper.team_04_WB.instance_to_wrap_clk/DIODE    1.500000    2.082026   -0.582026 (VIOLATED)
_4215_/A0                               1.500000    2.079879   -0.579879 (VIOLATED)
ANTENNA__4215__A0/DIODE                 1.500000    2.079859   -0.579859 (VIOLATED)
ANTENNA__4221__A2/DIODE                 1.500000    2.079803   -0.579803 (VIOLATED)
_4221_/A2                               1.500000    2.079736   -0.579736 (VIOLATED)
ANTENNA_946/DIODE                       1.500000    2.078771   -0.578771 (VIOLATED)
ANTENNA_mprj.team_01_Wrapper.team_01_WB.instance_to_wrap_ADR_O[3]/DIODE    1.500000    2.078501   -0.578501 (VIOLATED)
ANTENNA_mprj.team_01_Wrapper.team_01_WB.instance_to_wrap_CYC_O/DIODE    1.500000    2.078445   -0.578445 (VIOLATED)
mprj.team_01_Wrapper.team_01_WB.instance_to_wrap/CYC_O    1.500000    2.078444   -0.578444 (VIOLATED)
mprj.team_01_Wrapper.team_01_WB.instance_to_wrap/ADR_O[3]    1.500000    2.078315   -0.578315 (VIOLATED)
max_length789/A                         1.500000    2.077085   -0.577085 (VIOLATED)
ANTENNA__4525__A2/DIODE                 1.500000    2.076970   -0.576970 (VIOLATED)
ANTENNA__4519__A1/DIODE                 1.500000    2.076938   -0.576938 (VIOLATED)
_4525_/A2                               1.500000    2.076928   -0.576928 (VIOLATED)
ANTENNA_mprj.team_01_Wrapper.team_01_WB.instance_to_wrap_DAT_O[3]/DIODE    1.500000    2.076919   -0.576919 (VIOLATED)
_4519_/A1                               1.500000    2.076910   -0.576910 (VIOLATED)
mprj.team_01_Wrapper.team_01_WB.instance_to_wrap/DAT_O[3]    1.500000    2.076871   -0.576871 (VIOLATED)
ANTENNA_852/DIODE                       1.500000    2.075089   -0.575088 (VIOLATED)
ANTENNA__4586__A0/DIODE                 1.500000    2.074297   -0.574297 (VIOLATED)
_4586_/A0                               1.500000    2.074265   -0.574265 (VIOLATED)
_4592_/A2                               1.500000    2.074035   -0.574035 (VIOLATED)
ANTENNA__4592__A2/DIODE                 1.500000    2.073835   -0.573835 (VIOLATED)
ANTENNA_851/DIODE                       1.500000    2.070541   -0.570541 (VIOLATED)
ANTENNA_mprj.team_01_Wrapper.team_01_WB.instance_to_wrap_ADR_O[15]/DIODE    1.500000    2.069833   -0.569833 (VIOLATED)
mprj.team_01_Wrapper.team_01_WB.instance_to_wrap/ADR_O[15]    1.500000    2.069824   -0.569824 (VIOLATED)
ANTENNA_mprj.team_01_Wrapper.team_01_WB.instance_to_wrap_STB_O/DIODE    1.500000    2.067436   -0.567436 (VIOLATED)
mprj.team_01_Wrapper.team_01_WB.instance_to_wrap/STB_O    1.500000    2.067311   -0.567311 (VIOLATED)
_6801_/A                                1.500000    2.066122   -0.566122 (VIOLATED)
ANTENNA__6801__A/DIODE                  1.500000    2.066106   -0.566106 (VIOLATED)
ANTENNA_mprj.team_07_Wrapper.team_07_WB.instance_to_wrap_gpio_in[21]/DIODE    1.500000    2.064284   -0.564284 (VIOLATED)
mprj.team_07_Wrapper.team_07_WB.instance_to_wrap/gpio_in[21]    1.500000    2.064207   -0.564207 (VIOLATED)
ANTENNA__4245__A1/DIODE                 1.500000    2.064048   -0.564048 (VIOLATED)
_4245_/A1                               1.500000    2.064018   -0.564018 (VIOLATED)
ANTENNA_mprj.team_06_Wrapper.team_06_WB.instance_to_wrap_gpio_in[10]/DIODE    1.500000    2.063952   -0.563952 (VIOLATED)
ANTENNA__4274__A2/DIODE                 1.500000    2.063663   -0.563664 (VIOLATED)
_4274_/A2                               1.500000    2.063496   -0.563496 (VIOLATED)
ANTENNA__4265__A2/DIODE                 1.500000    2.062714   -0.562714 (VIOLATED)
_4265_/A2                               1.500000    2.062581   -0.562581 (VIOLATED)
mprj.team_10_Wrapper.team_10_WB.instance_to_wrap/gpio_in[27]    1.500000    2.062406   -0.562406 (VIOLATED)
ANTENNA_mprj.team_10_Wrapper.team_10_WB.instance_to_wrap_gpio_in[27]/DIODE    1.500000    2.062322   -0.562322 (VIOLATED)
ANTENNA_mprj.team_05_Wrapper.team_05_WB.instance_to_wrap_gpio_in[18]/DIODE    1.500000    2.062214   -0.562214 (VIOLATED)
mprj.team_05_Wrapper.team_05_WB.instance_to_wrap/gpio_in[18]    1.500000    2.061783   -0.561783 (VIOLATED)
mprj.team_05_Wrapper.team_05_WB.instance_to_wrap/clk    1.500000    2.061779   -0.561779 (VIOLATED)
ANTENNA_mprj.team_05_Wrapper.team_05_WB.instance_to_wrap_clk/DIODE    1.500000    2.060955   -0.560955 (VIOLATED)
mprj.team_06_Wrapper.team_06_WB.instance_to_wrap/gpio_in[10]    1.500000    2.055476   -0.555476 (VIOLATED)
_4131_/A1                               1.500000    2.054955   -0.554955 (VIOLATED)
ANTENNA__4131__A1/DIODE                 1.500000    2.054940   -0.554940 (VIOLATED)
ANTENNA__4137__A2/DIODE                 1.500000    2.054830   -0.554830 (VIOLATED)
_4137_/A2                               1.500000    2.054812   -0.554812 (VIOLATED)
ANTENNA_mprj.team_01_Wrapper.team_01_WB.instance_to_wrap_ADR_O[10]/DIODE    1.500000    2.054768   -0.554768 (VIOLATED)
mprj.team_01_Wrapper.team_01_WB.instance_to_wrap/ADR_O[10]    1.500000    2.054766   -0.554766 (VIOLATED)
ANTENNA_mprj.team_05_Wrapper.team_05_WB.instance_to_wrap_gpio_out[30]/DIODE    1.500000    2.054148   -0.554148 (VIOLATED)
mprj.team_05_Wrapper.team_05_WB.instance_to_wrap/gpio_out[30]    1.500000    2.054129   -0.554129 (VIOLATED)
ANTENNA__4926__A0/DIODE                 1.500000    2.053190   -0.553190 (VIOLATED)
_4926_/A0                               1.500000    2.053173   -0.553173 (VIOLATED)
ANTENNA__4932__A2/DIODE                 1.500000    2.052909   -0.552909 (VIOLATED)
_4932_/A2                               1.500000    2.052890   -0.552890 (VIOLATED)
ANTENNA_mprj.team_03_Wrapper.team_03_WB.instance_to_wrap_ADR_O[26]/DIODE    1.500000    2.049554   -0.549554 (VIOLATED)
mprj.team_03_Wrapper.team_03_WB.instance_to_wrap/ADR_O[26]    1.500000    2.049534   -0.549534 (VIOLATED)
mprj.team_02_Wrapper.team_02_WB.instance_to_wrap/gpio_in[30]    1.500000    2.048910   -0.548910 (VIOLATED)
ANTENNA_mprj.team_01_Wrapper.team_01_WB.instance_to_wrap_ADR_O[1]/DIODE    1.500000    2.048224   -0.548224 (VIOLATED)
mprj.team_01_Wrapper.team_01_WB.instance_to_wrap/ADR_O[1]    1.500000    2.048223   -0.548223 (VIOLATED)
ANTENNA_mprj.team_02_Wrapper.team_02_WB.instance_to_wrap_gpio_in[30]/DIODE    1.500000    2.047587   -0.547587 (VIOLATED)
mprj.team_03_Wrapper.team_03_WB.instance_to_wrap/gpio_in[19]    1.500000    2.045303   -0.545303 (VIOLATED)
_4142_/A0                               1.500000    2.044854   -0.544854 (VIOLATED)
ANTENNA__4142__A0/DIODE                 1.500000    2.044832   -0.544832 (VIOLATED)
_4148_/A2                               1.500000    2.044816   -0.544816 (VIOLATED)
ANTENNA__4148__A2/DIODE                 1.500000    2.044670   -0.544670 (VIOLATED)
ANTENNA_mprj.team_03_Wrapper.team_03_WB.instance_to_wrap_gpio_in[19]/DIODE    1.500000    2.044411   -0.544411 (VIOLATED)
ANTENNA_mprj.team_01_Wrapper.team_01_WB.instance_to_wrap_ADR_O[12]/DIODE    1.500000    2.033170   -0.533170 (VIOLATED)
mprj.team_01_Wrapper.team_01_WB.instance_to_wrap/ADR_O[12]    1.500000    2.033164   -0.533164 (VIOLATED)
ANTENNA_mprj.team_01_Wrapper.team_01_WB.instance_to_wrap_ADR_O[6]/DIODE    1.500000    2.028705   -0.528705 (VIOLATED)
mprj.team_01_Wrapper.team_01_WB.instance_to_wrap/ADR_O[6]    1.500000    2.028665   -0.528665 (VIOLATED)
load_slew782/A                          1.500000    2.027427   -0.527427 (VIOLATED)
ANTENNA_mprj.team_01_Wrapper.team_01_WB.instance_to_wrap_ADR_O[9]/DIODE    1.500000    2.025036   -0.525036 (VIOLATED)
mprj.team_01_Wrapper.team_01_WB.instance_to_wrap/ADR_O[9]    1.500000    2.025035   -0.525035 (VIOLATED)
ANTENNA_mprj.team_01_Wrapper.team_01_WB.instance_to_wrap_ADR_O[7]/DIODE    1.500000    2.022456   -0.522456 (VIOLATED)
mprj.team_01_Wrapper.team_01_WB.instance_to_wrap/ADR_O[7]    1.500000    2.022451   -0.522451 (VIOLATED)
ANTENNA_load_slew782_A/DIODE            1.500000    2.021466   -0.521466 (VIOLATED)
_6842_/A1                               1.500000    2.019827   -0.519827 (VIOLATED)
ANTENNA__6842__A1/DIODE                 1.500000    2.019758   -0.519758 (VIOLATED)
ANTENNA__6467__A1/DIODE                 1.500000    2.017452   -0.517453 (VIOLATED)
_6467_/A1                               1.500000    2.017424   -0.517424 (VIOLATED)
mprj.team_06_Wrapper.team_06_WB.instance_to_wrap/gpio_in[29]    1.500000    2.016745   -0.516745 (VIOLATED)
ANTENNA_mprj.team_01_Wrapper.team_01_WB.instance_to_wrap_ADR_O[22]/DIODE    1.500000    2.012719   -0.512719 (VIOLATED)
mprj.team_01_Wrapper.team_01_WB.instance_to_wrap/ADR_O[22]    1.500000    2.012634   -0.512634 (VIOLATED)
ANTENNA_mprj.team_01_Wrapper.team_01_WB.instance_to_wrap_ADR_O[13]/DIODE    1.500000    2.012463   -0.512463 (VIOLATED)
mprj.team_01_Wrapper.team_01_WB.instance_to_wrap/ADR_O[13]    1.500000    2.012463   -0.512463 (VIOLATED)
ANTENNA__5011__A2/DIODE                 1.500000    2.011717   -0.511717 (VIOLATED)
_5011_/A2                               1.500000    2.011696   -0.511696 (VIOLATED)
_5005_/A0                               1.500000    2.011268   -0.511268 (VIOLATED)
ANTENNA__5005__A0/DIODE                 1.500000    2.011114   -0.511114 (VIOLATED)
ANTENNA_mprj.team_01_Wrapper.team_01_WB.instance_to_wrap_gpio_in[26]/DIODE    1.500000    2.009934   -0.509934 (VIOLATED)
ANTENNA_mprj.team_06_Wrapper.team_06_WB.instance_to_wrap_gpio_in[29]/DIODE    1.500000    2.006297   -0.506297 (VIOLATED)
_4736_/A0                               1.500000    2.006044   -0.506044 (VIOLATED)
_4742_/A2                               1.500000    2.006043   -0.506043 (VIOLATED)
ANTENNA__4742__A2/DIODE                 1.500000    2.005989   -0.505989 (VIOLATED)
ANTENNA__4736__A0/DIODE                 1.500000    2.005976   -0.505976 (VIOLATED)
ANTENNA_mprj.team_08_Wrapper.team_08_WB.instance_to_wrap_gpio_in[25]/DIODE    1.500000    2.004602   -0.504602 (VIOLATED)
_6222_/B2                               1.500000    2.004290   -0.504290 (VIOLATED)
ANTENNA__6222__B2/DIODE                 1.500000    2.004271   -0.504271 (VIOLATED)
ANTENNA_mprj.team_06_Wrapper.team_06_WB.instance_to_wrap_gpio_out[24]/DIODE    1.500000    2.000464   -0.500464 (VIOLATED)
mprj.team_06_Wrapper.team_06_WB.instance_to_wrap/gpio_out[24]    1.500000    2.000401   -0.500401 (VIOLATED)
clkbuf_0_wb_clk_i/A                     1.500000    1.998370   -0.498370 (VIOLATED)
ANTENNA_mprj.team_03_Wrapper.team_03_WB.instance_to_wrap_DAT_O[14]/DIODE    1.500000    1.998084   -0.498084 (VIOLATED)
mprj.team_03_Wrapper.team_03_WB.instance_to_wrap/DAT_O[14]    1.500000    1.998075   -0.498076 (VIOLATED)
ANTENNA_clkbuf_0_wb_clk_i_A/DIODE       1.500000    1.997991   -0.497991 (VIOLATED)
mprj.team_01_Wrapper.team_01_WB.instance_to_wrap/gpio_in[26]    1.500000    1.995174   -0.495174 (VIOLATED)
mprj.team_12_Wrapper.team_12_WB.instance_to_wrap/gpio_in[1]    1.500000    1.993723   -0.493723 (VIOLATED)
ANTENNA_mprj.team_12_Wrapper.team_12_WB.instance_to_wrap_gpio_in[1]/DIODE    1.500000    1.993633   -0.493633 (VIOLATED)
ANTENNA_mprj.team_01_Wrapper.team_01_WB.instance_to_wrap_ADR_O[30]/DIODE    1.500000    1.993027   -0.493027 (VIOLATED)
mprj.team_01_Wrapper.team_01_WB.instance_to_wrap/ADR_O[30]    1.500000    1.992996   -0.492997 (VIOLATED)
mprj.team_12_Wrapper.team_12_WB.instance_to_wrap/gpio_in[14]    1.500000    1.992320   -0.492320 (VIOLATED)
ANTENNA_mprj.team_12_Wrapper.team_12_WB.instance_to_wrap_gpio_in[14]/DIODE    1.500000    1.992217   -0.492217 (VIOLATED)
_6882_/A1                               1.500000    1.991755   -0.491755 (VIOLATED)
ANTENNA__6882__A1/DIODE                 1.500000    1.991724   -0.491724 (VIOLATED)
ANTENNA_mprj.team_01_Wrapper.team_01_WB.instance_to_wrap_DAT_O[1]/DIODE    1.500000    1.991700   -0.491700 (VIOLATED)
mprj.team_01_Wrapper.team_01_WB.instance_to_wrap/DAT_O[1]    1.500000    1.991354   -0.491355 (VIOLATED)
ANTENNA_mprj.team_01_Wrapper.team_01_WB.instance_to_wrap_DAT_O[19]/DIODE    1.500000    1.989332   -0.489332 (VIOLATED)
mprj.team_01_Wrapper.team_01_WB.instance_to_wrap/DAT_O[19]    1.500000    1.989332   -0.489332 (VIOLATED)
mprj.team_08_Wrapper.team_08_WB.instance_to_wrap/gpio_in[25]    1.500000    1.988817   -0.488817 (VIOLATED)
ANTENNA__4599__A0/DIODE                 1.500000    1.984666   -0.484666 (VIOLATED)
_4599_/A0                               1.500000    1.984658   -0.484658 (VIOLATED)
_4605_/A2                               1.500000    1.984608   -0.484608 (VIOLATED)
ANTENNA__4605__A2/DIODE                 1.500000    1.984592   -0.484592 (VIOLATED)
mprj.team_02_Wrapper.team_02_WB.instance_to_wrap/gpio_in[18]    1.500000    1.982308   -0.482308 (VIOLATED)
ANTENNA_mprj.team_02_Wrapper.team_02_WB.instance_to_wrap_gpio_in[18]/DIODE    1.500000    1.982076   -0.482076 (VIOLATED)
_7844_/A1                               1.500000    1.979843   -0.479843 (VIOLATED)
ANTENNA__7844__A1/DIODE                 1.500000    1.979821   -0.479821 (VIOLATED)
ANTENNA_mprj.team_03_Wrapper.team_03_WB.instance_to_wrap_ADR_O[22]/DIODE    1.500000    1.976588   -0.476588 (VIOLATED)
mprj.team_03_Wrapper.team_03_WB.instance_to_wrap/ADR_O[22]    1.500000    1.976577   -0.476577 (VIOLATED)
ANTENNA_mprj.team_01_Wrapper.team_01_WB.instance_to_wrap_DAT_O[11]/DIODE    1.500000    1.973976   -0.473976 (VIOLATED)
mprj.team_01_Wrapper.team_01_WB.instance_to_wrap/DAT_O[11]    1.500000    1.973856   -0.473856 (VIOLATED)
mprj.team_11_Wrapper.team_11_WB.instance_to_wrap/gpio_in[3]    1.500000    1.969250   -0.469250 (VIOLATED)
ANTENNA_mprj.team_03_Wrapper.team_03_WB.instance_to_wrap_ADR_O[28]/DIODE    1.500000    1.969225   -0.469225 (VIOLATED)
mprj.team_03_Wrapper.team_03_WB.instance_to_wrap/ADR_O[28]    1.500000    1.969225   -0.469225 (VIOLATED)
mprj.team_05_Wrapper.team_05_WB.instance_to_wrap/gpio_in[31]    1.500000    1.965641   -0.465642 (VIOLATED)
ANTENNA_mprj.team_05_Wrapper.team_05_WB.instance_to_wrap_gpio_in[31]/DIODE    1.500000    1.965397   -0.465397 (VIOLATED)
ANTENNA_mprj.team_03_Wrapper.team_03_WB.instance_to_wrap_ADR_O[3]/DIODE    1.500000    1.964694   -0.464694 (VIOLATED)
mprj.team_03_Wrapper.team_03_WB.instance_to_wrap/ADR_O[3]    1.500000    1.964693   -0.464693 (VIOLATED)
_7700_/A                                1.500000    1.964582   -0.464582 (VIOLATED)
ANTENNA__7700__A/DIODE                  1.500000    1.964566   -0.464566 (VIOLATED)
_7914_/A1                               1.500000    1.963700   -0.463700 (VIOLATED)
ANTENNA__7914__A1/DIODE                 1.500000    1.963469   -0.463470 (VIOLATED)
_6542_/A1                               1.500000    1.957826   -0.457826 (VIOLATED)
ANTENNA__6542__A1/DIODE                 1.500000    1.957527   -0.457527 (VIOLATED)
ANTENNA_mprj.team_01_Wrapper.team_01_WB.instance_to_wrap_ADR_O[31]/DIODE    1.500000    1.955778   -0.455778 (VIOLATED)
mprj.team_01_Wrapper.team_01_WB.instance_to_wrap/ADR_O[31]    1.500000    1.955761   -0.455761 (VIOLATED)
ANTENNA_mprj.team_05_Wrapper.team_05_WB.instance_to_wrap_gpio_out[32]/DIODE    1.500000    1.953975   -0.453975 (VIOLATED)
mprj.team_05_Wrapper.team_05_WB.instance_to_wrap/gpio_out[32]    1.500000    1.953975   -0.453975 (VIOLATED)
ANTENNA_mprj.team_05_Wrapper.team_05_WB.instance_to_wrap_gpio_out[1]/DIODE    1.500000    1.953924   -0.453924 (VIOLATED)
mprj.team_05_Wrapper.team_05_WB.instance_to_wrap/gpio_out[1]    1.500000    1.953924   -0.453924 (VIOLATED)
ANTENNA_mprj.team_06_Wrapper.team_06_WB.instance_to_wrap_gpio_oeb[23]/DIODE    1.500000    1.953775   -0.453775 (VIOLATED)
mprj.team_06_Wrapper.team_06_WB.instance_to_wrap/gpio_oeb[23]    1.500000    1.953775   -0.453775 (VIOLATED)
ANTENNA_mprj.team_07_Wrapper.team_07_WB.instance_to_wrap_gpio_in[0]/DIODE    1.500000    1.953050   -0.453050 (VIOLATED)
mprj.team_07_Wrapper.team_07_WB.instance_to_wrap/gpio_in[0]    1.500000    1.952916   -0.452916 (VIOLATED)
ANTENNA__6255__A/DIODE                  1.500000    1.949657   -0.449657 (VIOLATED)
_6255_/A                                1.500000    1.949646   -0.449646 (VIOLATED)
ANTENNA_mprj.team_01_Wrapper.team_01_WB.instance_to_wrap_DAT_O[12]/DIODE    1.500000    1.948501   -0.448501 (VIOLATED)
mprj.team_01_Wrapper.team_01_WB.instance_to_wrap/DAT_O[12]    1.500000    1.948244   -0.448244 (VIOLATED)
ANTENNA__4153__A0/DIODE                 1.500000    1.943686   -0.443686 (VIOLATED)
ANTENNA__4159__A2/DIODE                 1.500000    1.943661   -0.443661 (VIOLATED)
_4159_/A2                               1.500000    1.943655   -0.443655 (VIOLATED)
_4153_/A0                               1.500000    1.943642   -0.443642 (VIOLATED)
ANTENNA_mprj.team_05_Wrapper.team_05_WB.instance_to_wrap_gpio_out[31]/DIODE    1.500000    1.943349   -0.443349 (VIOLATED)
mprj.team_05_Wrapper.team_05_WB.instance_to_wrap/gpio_out[31]    1.500000    1.943349   -0.443349 (VIOLATED)
_4457_/A2                               1.500000    1.942225   -0.442225 (VIOLATED)
ANTENNA__4457__A2/DIODE                 1.500000    1.942105   -0.442105 (VIOLATED)
_4451_/A1                               1.500000    1.942048   -0.442048 (VIOLATED)
_7884_/A1                               1.500000    1.941895   -0.441895 (VIOLATED)
ANTENNA__4451__A1/DIODE                 1.500000    1.941842   -0.441842 (VIOLATED)
ANTENNA__7884__A1/DIODE                 1.500000    1.941819   -0.441819 (VIOLATED)
ANTENNA_37/DIODE                        1.500000    1.941694   -0.441694 (VIOLATED)
ANTENNA__5020__A1/DIODE                 1.500000    1.940950   -0.440950 (VIOLATED)
_5020_/A1                               1.500000    1.940950   -0.440950 (VIOLATED)
ANTENNA__5026__A2/DIODE                 1.500000    1.940946   -0.440946 (VIOLATED)
_5026_/A2                               1.500000    1.940891   -0.440891 (VIOLATED)
ANTENNA_mprj.team_03_Wrapper.team_03_WB.instance_to_wrap_CYC_O/DIODE    1.500000    1.938683   -0.438683 (VIOLATED)
mprj.team_03_Wrapper.team_03_WB.instance_to_wrap/CYC_O    1.500000    1.938598   -0.438599 (VIOLATED)
ANTENNA_mprj.team_01_Wrapper.team_01_WB.instance_to_wrap_ADR_O[17]/DIODE    1.500000    1.934456   -0.434456 (VIOLATED)
mprj.team_01_Wrapper.team_01_WB.instance_to_wrap/ADR_O[17]    1.500000    1.934456   -0.434456 (VIOLATED)
ANTENNA_55/DIODE                        1.500000    1.933247   -0.433247 (VIOLATED)
ANTENNA_56/DIODE                        1.500000    1.933247   -0.433247 (VIOLATED)
ANTENNA_57/DIODE                        1.500000    1.933247   -0.433247 (VIOLATED)
ANTENNA_mprj.team_03_Wrapper.team_03_WB.instance_to_wrap_DAT_O[16]/DIODE    1.500000    1.933245   -0.433245 (VIOLATED)
mprj.team_03_Wrapper.team_03_WB.instance_to_wrap/DAT_O[16]    1.500000    1.933224   -0.433224 (VIOLATED)
_6306_/B2                               1.500000    1.933091   -0.433091 (VIOLATED)
ANTENNA_mprj.team_09_Wrapper.team_09_WB.instance_to_wrap_gpio_in[8]/DIODE    1.500000    1.933083   -0.433083 (VIOLATED)
mprj.team_09_Wrapper.team_09_WB.instance_to_wrap/gpio_in[8]    1.500000    1.932980   -0.432980 (VIOLATED)
ANTENNA__6306__B2/DIODE                 1.500000    1.932965   -0.432965 (VIOLATED)
ANTENNA_mprj.team_05_Wrapper.team_05_WB.instance_to_wrap_gpio_out[4]/DIODE    1.500000    1.932814   -0.432814 (VIOLATED)
mprj.team_05_Wrapper.team_05_WB.instance_to_wrap/gpio_out[4]    1.500000    1.932710   -0.432710 (VIOLATED)
output154/A                             1.500000    1.932569   -0.432569 (VIOLATED)
ANTENNA_output154_A/DIODE               1.500000    1.932051   -0.432051 (VIOLATED)
ANTENNA_mprj.team_12_Wrapper.team_12_WB.instance_to_wrap_gpio_in[31]/DIODE    1.500000    1.931978   -0.431978 (VIOLATED)
mprj.team_12_Wrapper.team_12_WB.instance_to_wrap/gpio_in[31]    1.500000    1.931970   -0.431970 (VIOLATED)
clkbuf_regs_0_clk/A                     1.500000    1.929794   -0.429794 (VIOLATED)
ANTENNA_mprj.team_06_Wrapper.team_06_WB.instance_to_wrap_gpio_oeb[10]/DIODE    1.500000    1.929213   -0.429213 (VIOLATED)
mprj.team_06_Wrapper.team_06_WB.instance_to_wrap/gpio_oeb[10]    1.500000    1.929213   -0.429213 (VIOLATED)
_4651_/A0                               1.500000    1.927114   -0.427115 (VIOLATED)
ANTENNA__4651__A0/DIODE                 1.500000    1.927105   -0.427105 (VIOLATED)
_4657_/A2                               1.500000    1.926973   -0.426973 (VIOLATED)
ANTENNA__4657__A2/DIODE                 1.500000    1.926960   -0.426960 (VIOLATED)
ANTENNA_clkbuf_regs_0_clk_A/DIODE       1.500000    1.926160   -0.426160 (VIOLATED)
ANTENNA__4871__A0/DIODE                 1.500000    1.925974   -0.425974 (VIOLATED)
_4871_/A0                               1.500000    1.925932   -0.425932 (VIOLATED)
ANTENNA__4877__A2/DIODE                 1.500000    1.925603   -0.425603 (VIOLATED)
_4877_/A2                               1.500000    1.925490   -0.425490 (VIOLATED)
_4515_/A2                               1.500000    1.924789   -0.424789 (VIOLATED)
ANTENNA__4515__A2/DIODE                 1.500000    1.924749   -0.424749 (VIOLATED)
_4509_/A1                               1.500000    1.924746   -0.424746 (VIOLATED)
ANTENNA__4509__A1/DIODE                 1.500000    1.924632   -0.424632 (VIOLATED)
ANTENNA_mprj.team_03_Wrapper.team_03_WB.instance_to_wrap_DAT_O[0]/DIODE    1.500000    1.923201   -0.423201 (VIOLATED)
mprj.team_03_Wrapper.team_03_WB.instance_to_wrap/DAT_O[0]    1.500000    1.923143   -0.423143 (VIOLATED)
mprj.team_03_Wrapper.team_03_WB.instance_to_wrap/gpio_in[33]    1.500000    1.921120   -0.421120 (VIOLATED)
ANTENNA_mprj.team_03_Wrapper.team_03_WB.instance_to_wrap_gpio_in[33]/DIODE    1.500000    1.920971   -0.420971 (VIOLATED)
mprj.team_11_Wrapper.team_11_WB.instance_to_wrap/gpio_in[0]    1.500000    1.920605   -0.420605 (VIOLATED)
ANTENNA_mprj.team_11_Wrapper.team_11_WB.instance_to_wrap_gpio_in[0]/DIODE    1.500000    1.920552   -0.420552 (VIOLATED)
ANTENNA_mprj.team_06_Wrapper.team_06_WB.instance_to_wrap_gpio_oeb[12]/DIODE    1.500000    1.919828   -0.419828 (VIOLATED)
ANTENNA__4502__A2/DIODE                 1.500000    1.919814   -0.419814 (VIOLATED)
_4502_/A2                               1.500000    1.919809   -0.419809 (VIOLATED)
ANTENNA__4496__A0/DIODE                 1.500000    1.919794   -0.419794 (VIOLATED)
mprj.team_06_Wrapper.team_06_WB.instance_to_wrap/gpio_oeb[12]    1.500000    1.919772   -0.419772 (VIOLATED)
_4496_/A0                               1.500000    1.919761   -0.419761 (VIOLATED)
_4664_/A0                               1.500000    1.919478   -0.419478 (VIOLATED)
ANTENNA__4664__A0/DIODE                 1.500000    1.919367   -0.419367 (VIOLATED)
_4670_/A2                               1.500000    1.919314   -0.419314 (VIOLATED)
ANTENNA__4670__A2/DIODE                 1.500000    1.919166   -0.419166 (VIOLATED)
ANTENNA_mprj.team_02_Wrapper.team_02_WB.instance_to_wrap_gpio_in[28]/DIODE    1.500000    1.915432   -0.415432 (VIOLATED)
ANTENNA_mprj.team_01_Wrapper.team_01_WB.instance_to_wrap_DAT_O[2]/DIODE    1.500000    1.915268   -0.415268 (VIOLATED)
mprj.team_01_Wrapper.team_01_WB.instance_to_wrap/DAT_O[2]    1.500000    1.915172   -0.415172 (VIOLATED)
_7948_/A1                               1.500000    1.914258   -0.414258 (VIOLATED)
ANTENNA__7948__A1/DIODE                 1.500000    1.914252   -0.414252 (VIOLATED)
ANTENNA_mprj.team_11_Wrapper.team_11_WB.instance_to_wrap_gpio_in[3]/DIODE    1.500000    1.913900   -0.413900 (VIOLATED)
_6628_/A1                               1.500000    1.913451   -0.413451 (VIOLATED)
ANTENNA__6628__A1/DIODE                 1.500000    1.913395   -0.413395 (VIOLATED)
mprj.team_02_Wrapper.team_02_WB.instance_to_wrap/gpio_in[28]    1.500000    1.911615   -0.411615 (VIOLATED)
ANTENNA_mprj.team_01_Wrapper.team_01_WB.instance_to_wrap_ADR_O[21]/DIODE    1.500000    1.909747   -0.409747 (VIOLATED)
mprj.team_01_Wrapper.team_01_WB.instance_to_wrap/ADR_O[21]    1.500000    1.909732   -0.409732 (VIOLATED)
ANTENNA__4640__A1/DIODE                 1.500000    1.906215   -0.406215 (VIOLATED)
ANTENNA__4646__A2/DIODE                 1.500000    1.906162   -0.406162 (VIOLATED)
_4640_/A1                               1.500000    1.906128   -0.406128 (VIOLATED)
_4646_/A2                               1.500000    1.906018   -0.406018 (VIOLATED)
ANTENNA_mprj.team_08_Wrapper.team_08_WB.instance_to_wrap_gpio_in[20]/DIODE    1.500000    1.898595   -0.398595 (VIOLATED)
ANTENNA_mprj.team_06_Wrapper.team_06_WB.instance_to_wrap_gpio_out[12]/DIODE    1.500000    1.897846   -0.397846 (VIOLATED)
ANTENNA_mprj.team_02_Wrapper.team_02_WB.instance_to_wrap_gpio_in[27]/DIODE    1.500000    1.897838   -0.397838 (VIOLATED)
mprj.team_06_Wrapper.team_06_WB.instance_to_wrap/gpio_out[12]    1.500000    1.897778   -0.397778 (VIOLATED)
ANTENNA_523/DIODE                       1.500000    1.896905   -0.396905 (VIOLATED)
ANTENNA_520/DIODE                       1.500000    1.896894   -0.396894 (VIOLATED)
ANTENNA_517/DIODE                       1.500000    1.896884   -0.396884 (VIOLATED)
ANTENNA_519/DIODE                       1.500000    1.896757   -0.396757 (VIOLATED)
_4378_/A1                               1.500000    1.896643   -0.396643 (VIOLATED)
ANTENNA_522/DIODE                       1.500000    1.896608   -0.396609 (VIOLATED)
ANTENNA__4378__A1/DIODE                 1.500000    1.896582   -0.396583 (VIOLATED)
ANTENNA_525/DIODE                       1.500000    1.896428   -0.396428 (VIOLATED)
ANTENNA_518/DIODE                       1.500000    1.896256   -0.396256 (VIOLATED)
ANTENNA_515/DIODE                       1.500000    1.896249   -0.396249 (VIOLATED)
ANTENNA_516/DIODE                       1.500000    1.896062   -0.396062 (VIOLATED)
ANTENNA_521/DIODE                       1.500000    1.895934   -0.395934 (VIOLATED)
ANTENNA_524/DIODE                       1.500000    1.895840   -0.395840 (VIOLATED)
_7944_/A1                               1.500000    1.894092   -0.394092 (VIOLATED)
ANTENNA__7944__A1/DIODE                 1.500000    1.893973   -0.393973 (VIOLATED)
_4945_/A2                               1.500000    1.892612   -0.392612 (VIOLATED)
ANTENNA__4945__A2/DIODE                 1.500000    1.892568   -0.392568 (VIOLATED)
ANTENNA__4939__A0/DIODE                 1.500000    1.892523   -0.392523 (VIOLATED)
_4939_/A0                               1.500000    1.892295   -0.392295 (VIOLATED)
ANTENNA_mprj.team_08_Wrapper.team_08_WB.instance_to_wrap_gpio_in[26]/DIODE    1.500000    1.891717   -0.391717 (VIOLATED)
_6291_/B2                               1.500000    1.891075   -0.391075 (VIOLATED)
ANTENNA__6291__B2/DIODE                 1.500000    1.890915   -0.390915 (VIOLATED)
_4631_/A2                               1.500000    1.890617   -0.390617 (VIOLATED)
ANTENNA__4631__A2/DIODE                 1.500000    1.890574   -0.390574 (VIOLATED)
_6293_/B2                               1.500000    1.890402   -0.390402 (VIOLATED)
ANTENNA__4625__A0/DIODE                 1.500000    1.890365   -0.390365 (VIOLATED)
ANTENNA__6293__B2/DIODE                 1.500000    1.890313   -0.390313 (VIOLATED)
_4625_/A0                               1.500000    1.890169   -0.390169 (VIOLATED)
ANTENNA_mprj.team_06_Wrapper.team_06_WB.instance_to_wrap_gpio_out[13]/DIODE    1.500000    1.889527   -0.389527 (VIOLATED)
mprj.team_06_Wrapper.team_06_WB.instance_to_wrap/gpio_out[13]    1.500000    1.889527   -0.389527 (VIOLATED)
mprj.team_04_Wrapper.team_04_WB.instance_to_wrap/gpio_in[20]    1.500000    1.889394   -0.389394 (VIOLATED)
ANTENNA_mprj.team_04_Wrapper.team_04_WB.instance_to_wrap_gpio_in[20]/DIODE    1.500000    1.889361   -0.389361 (VIOLATED)
ANTENNA_mprj.team_09_Wrapper.team_09_WB.instance_to_wrap_gpio_out[2]/DIODE    1.500000    1.885030   -0.385030 (VIOLATED)
mprj.team_09_Wrapper.team_09_WB.instance_to_wrap/gpio_out[2]    1.500000    1.884999   -0.384999 (VIOLATED)
mprj.team_08_Wrapper.team_08_WB.instance_to_wrap/gpio_in[20]    1.500000    1.879966   -0.379967 (VIOLATED)
ANTENNA_mprj.team_06_Wrapper.team_06_WB.instance_to_wrap_gpio_out[7]/DIODE    1.500000    1.878048   -0.378048 (VIOLATED)
mprj.team_06_Wrapper.team_06_WB.instance_to_wrap/gpio_out[7]    1.500000    1.878048   -0.378048 (VIOLATED)
_6238_/B2                               1.500000    1.876895   -0.376895 (VIOLATED)
ANTENNA__6238__B2/DIODE                 1.500000    1.876866   -0.376866 (VIOLATED)
mprj.team_08_Wrapper.team_08_WB.instance_to_wrap/gpio_in[26]    1.500000    1.874682   -0.374682 (VIOLATED)
ANTENNA__6308__B2/DIODE                 1.500000    1.874224   -0.374224 (VIOLATED)
_6308_/B2                               1.500000    1.874217   -0.374217 (VIOLATED)
ANTENNA_283/DIODE                       1.500000    1.874032   -0.374032 (VIOLATED)
_7967_/A1                               1.500000    1.873968   -0.373968 (VIOLATED)
ANTENNA__7967__A1/DIODE                 1.500000    1.873833   -0.373833 (VIOLATED)
mprj.team_02_Wrapper.team_02_WB.instance_to_wrap/gpio_in[27]    1.500000    1.872425   -0.372425 (VIOLATED)
ANTENNA_mprj.team_02_Wrapper.team_02_WB.instance_to_wrap_gpio_in[10]/DIODE    1.500000    1.866961   -0.366961 (VIOLATED)
mprj.team_04_Wrapper.team_04_WB.instance_to_wrap/gpio_in[18]    1.500000    1.866522   -0.366522 (VIOLATED)
ANTENNA_mprj.team_04_Wrapper.team_04_WB.instance_to_wrap_gpio_in[18]/DIODE    1.500000    1.866417   -0.366417 (VIOLATED)
mprj.team_06_Wrapper.team_06_WB.instance_to_wrap/clk    1.500000    1.865137   -0.365137 (VIOLATED)
ANTENNA_mprj.team_06_Wrapper.team_06_WB.instance_to_wrap_clk/DIODE    1.500000    1.864739   -0.364739 (VIOLATED)
ANTENNA__4913__A0/DIODE                 1.500000    1.864599   -0.364599 (VIOLATED)
ANTENNA__4919__A2/DIODE                 1.500000    1.864598   -0.364598 (VIOLATED)
_4913_/A0                               1.500000    1.864591   -0.364591 (VIOLATED)
_4919_/A2                               1.500000    1.864563   -0.364563 (VIOLATED)
_4493_/A2                               1.500000    1.862497   -0.362497 (VIOLATED)
ANTENNA__4493__A2/DIODE                 1.500000    1.862396   -0.362396 (VIOLATED)
ANTENNA_36/DIODE                        1.500000    1.862364   -0.362364 (VIOLATED)
_4487_/A1                               1.500000    1.862329   -0.362329 (VIOLATED)
ANTENNA__4487__A1/DIODE                 1.500000    1.862269   -0.362269 (VIOLATED)
mprj.team_03_Wrapper.team_03_WB.instance_to_wrap/gpio_in[20]    1.500000    1.861158   -0.361158 (VIOLATED)
ANTENNA_mprj.team_03_Wrapper.team_03_WB.instance_to_wrap_gpio_in[20]/DIODE    1.500000    1.861131   -0.361131 (VIOLATED)
ANTENNA_mprj.team_03_Wrapper.team_03_WB.instance_to_wrap_ADR_O[18]/DIODE    1.500000    1.860296   -0.360296 (VIOLATED)
mprj.team_03_Wrapper.team_03_WB.instance_to_wrap/ADR_O[18]    1.500000    1.860287   -0.360287 (VIOLATED)
ANTENNA_mprj.team_06_Wrapper.team_06_WB.instance_to_wrap_gpio_out[17]/DIODE    1.500000    1.857600   -0.357601 (VIOLATED)
mprj.team_06_Wrapper.team_06_WB.instance_to_wrap/gpio_out[17]    1.500000    1.857569   -0.357569 (VIOLATED)
ANTENNA_mprj.team_01_Wrapper.team_01_WB.instance_to_wrap_DAT_O[4]/DIODE    1.500000    1.857482   -0.357482 (VIOLATED)
mprj.team_01_Wrapper.team_01_WB.instance_to_wrap/DAT_O[4]    1.500000    1.857475   -0.357475 (VIOLATED)
ANTENNA__4952__A0/DIODE                 1.500000    1.856110   -0.356110 (VIOLATED)
_4952_/A0                               1.500000    1.856079   -0.356079 (VIOLATED)
_4958_/A2                               1.500000    1.855881   -0.355881 (VIOLATED)
ANTENNA__4958__A2/DIODE                 1.500000    1.855793   -0.355793 (VIOLATED)
ANTENNA_48/DIODE                        1.500000    1.855605   -0.355605 (VIOLATED)
ANTENNA_mprj.team_06_Wrapper.team_06_WB.instance_to_wrap_gpio_out[14]/DIODE    1.500000    1.853920   -0.353920 (VIOLATED)
mprj.team_06_Wrapper.team_06_WB.instance_to_wrap/gpio_out[14]    1.500000    1.853920   -0.353920 (VIOLATED)
ANTENNA_mprj.team_03_Wrapper.team_03_WB.instance_to_wrap_ADR_O[23]/DIODE    1.500000    1.853000   -0.353000 (VIOLATED)
mprj.team_03_Wrapper.team_03_WB.instance_to_wrap/ADR_O[23]    1.500000    1.852998   -0.352998 (VIOLATED)
mprj.team_02_Wrapper.team_02_WB.instance_to_wrap/gpio_in[10]    1.500000    1.851810   -0.351810 (VIOLATED)
ANTENNA_mprj.team_01_Wrapper.team_01_WB.instance_to_wrap_DAT_O[24]/DIODE    1.500000    1.849959   -0.349959 (VIOLATED)
mprj.team_01_Wrapper.team_01_WB.instance_to_wrap/DAT_O[24]    1.500000    1.849493   -0.349493 (VIOLATED)
_7628_/B                                1.500000    1.848903   -0.348903 (VIOLATED)
ANTENNA__7628__B/DIODE                  1.500000    1.848788   -0.348788 (VIOLATED)
_7774_/A                                1.500000    1.848255   -0.348255 (VIOLATED)
ANTENNA__7774__A/DIODE                  1.500000    1.848201   -0.348201 (VIOLATED)
ANTENNA_267/DIODE                       1.500000    1.848188   -0.348188 (VIOLATED)
ANTENNA_266/DIODE                       1.500000    1.848090   -0.348090 (VIOLATED)
ANTENNA__7916__A/DIODE                  1.500000    1.846969   -0.346969 (VIOLATED)
_7916_/A                                1.500000    1.846943   -0.346943 (VIOLATED)
_7677_/A1                               1.500000    1.845661   -0.345661 (VIOLATED)
ANTENNA__7677__A1/DIODE                 1.500000    1.845535   -0.345535 (VIOLATED)
ANTENNA_mprj.team_06_Wrapper.team_06_WB.instance_to_wrap_gpio_out[23]/DIODE    1.500000    1.841053   -0.341053 (VIOLATED)
mprj.team_06_Wrapper.team_06_WB.instance_to_wrap/gpio_out[23]    1.500000    1.840878   -0.340878 (VIOLATED)
ANTENNA_121/DIODE                       1.500000    1.840457   -0.340457 (VIOLATED)
ANTENNA_mprj.team_01_Wrapper.team_01_WB.instance_to_wrap_DAT_O[18]/DIODE    1.500000    1.840199   -0.340199 (VIOLATED)
mprj.team_01_Wrapper.team_01_WB.instance_to_wrap/DAT_O[18]    1.500000    1.840033   -0.340033 (VIOLATED)
ANTENNA_mprj.team_02_Wrapper.team_02_WB.instance_to_wrap_gpio_out[14]/DIODE    1.500000    1.839437   -0.339438 (VIOLATED)
mprj.team_02_Wrapper.team_02_WB.instance_to_wrap/gpio_out[14]    1.500000    1.839307   -0.339307 (VIOLATED)
_5033_/A1                               1.500000    1.839003   -0.339003 (VIOLATED)
ANTENNA__5033__A1/DIODE                 1.500000    1.838961   -0.338962 (VIOLATED)
_5040_/A2                               1.500000    1.838877   -0.338877 (VIOLATED)
ANTENNA__4873__A1/DIODE                 1.500000    1.838876   -0.338876 (VIOLATED)
ANTENNA__4879__A2/DIODE                 1.500000    1.838855   -0.338855 (VIOLATED)
_4873_/A1                               1.500000    1.838767   -0.338767 (VIOLATED)
_4879_/A2                               1.500000    1.838748   -0.338748 (VIOLATED)
ANTENNA__5040__A2/DIODE                 1.500000    1.838739   -0.338739 (VIOLATED)
ANTENNA_54/DIODE                        1.500000    1.838543   -0.338543 (VIOLATED)
mprj.team_10_Wrapper.team_10_WB.instance_to_wrap/gpio_in[21]    1.500000    1.835267   -0.335267 (VIOLATED)
ANTENNA__7564__B/DIODE                  1.500000    1.832975   -0.332975 (VIOLATED)
_7564_/B                                1.500000    1.831883   -0.331883 (VIOLATED)
mprj.team_10_Wrapper.team_10_WB.instance_to_wrap/clk    1.500000    1.831401   -0.331401 (VIOLATED)
ANTENNA_mprj.team_10_Wrapper.team_10_WB.instance_to_wrap_clk/DIODE    1.500000    1.830982   -0.330982 (VIOLATED)
mprj.team_02_Wrapper.team_02_WB.instance_to_wrap/gpio_in[16]    1.500000    1.830554   -0.330555 (VIOLATED)
ANTENNA_mprj.team_02_Wrapper.team_02_WB.instance_to_wrap_gpio_in[16]/DIODE    1.500000    1.830153   -0.330153 (VIOLATED)
ANTENNA_mprj.team_01_Wrapper.team_01_WB.instance_to_wrap_ADR_O[16]/DIODE    1.500000    1.829971   -0.329971 (VIOLATED)
mprj.team_01_Wrapper.team_01_WB.instance_to_wrap/ADR_O[16]    1.500000    1.829971   -0.329971 (VIOLATED)
ANTENNA_mprj.team_10_Wrapper.team_10_WB.instance_to_wrap_gpio_in[21]/DIODE    1.500000    1.825281   -0.325281 (VIOLATED)
ANTENNA__4449__A0/DIODE                 1.500000    1.822721   -0.322722 (VIOLATED)
_4449_/A0                               1.500000    1.822705   -0.322705 (VIOLATED)
ANTENNA__4455__A2/DIODE                 1.500000    1.822616   -0.322616 (VIOLATED)
_4455_/A2                               1.500000    1.822457   -0.322457 (VIOLATED)
_4474_/A1                               1.500000    1.822373   -0.322373 (VIOLATED)
ANTENNA__4474__A1/DIODE                 1.500000    1.822268   -0.322268 (VIOLATED)
ANTENNA__4480__A2/DIODE                 1.500000    1.822150   -0.322150 (VIOLATED)
_4480_/A2                               1.500000    1.821910   -0.321910 (VIOLATED)
ANTENNA_275/DIODE                       1.500000    1.819953   -0.319953 (VIOLATED)
ANTENNA_mprj.team_06_Wrapper.team_06_WB.instance_to_wrap_gpio_oeb[22]/DIODE    1.500000    1.819187   -0.319187 (VIOLATED)
mprj.team_06_Wrapper.team_06_WB.instance_to_wrap/gpio_oeb[22]    1.500000    1.819163   -0.319163 (VIOLATED)
ANTENNA_mprj.team_01_Wrapper.team_01_WB.instance_to_wrap_DAT_O[23]/DIODE    1.500000    1.818528   -0.318528 (VIOLATED)
mprj.team_01_Wrapper.team_01_WB.instance_to_wrap/DAT_O[23]    1.500000    1.818436   -0.318436 (VIOLATED)
ANTENNA_mprj.team_07_Wrapper.team_07_WB.instance_to_wrap_nrst/DIODE    1.500000    1.817523   -0.317523 (VIOLATED)
mprj.team_07_Wrapper.team_07_WB.instance_to_wrap/nrst    1.500000    1.817464   -0.317464 (VIOLATED)
ANTENNA_mprj.team_01_Wrapper.team_01_WB.instance_to_wrap_ADR_O[19]/DIODE    1.500000    1.817320   -0.317320 (VIOLATED)
mprj.team_01_Wrapper.team_01_WB.instance_to_wrap/ADR_O[19]    1.500000    1.817320   -0.317320 (VIOLATED)
ANTENNA_mprj.team_08_Wrapper.team_08_WB.instance_to_wrap_gpio_in[8]/DIODE    1.500000    1.816909   -0.316910 (VIOLATED)
mprj.team_08_Wrapper.team_08_WB.instance_to_wrap/gpio_in[8]    1.500000    1.816848   -0.316848 (VIOLATED)
mprj.team_05_Wrapper.team_05_WB.instance_to_wrap/gpio_in[10]    1.500000    1.815875   -0.315875 (VIOLATED)
ANTENNA_mprj.team_05_Wrapper.team_05_WB.instance_to_wrap_gpio_in[10]/DIODE    1.500000    1.815771   -0.315771 (VIOLATED)
ANTENNA_mprj.team_01_Wrapper.team_01_WB.instance_to_wrap_DAT_O[17]/DIODE    1.500000    1.815370   -0.315370 (VIOLATED)
mprj.team_01_Wrapper.team_01_WB.instance_to_wrap/DAT_O[17]    1.500000    1.815324   -0.315324 (VIOLATED)
mprj.team_04_Wrapper.team_04_WB.instance_to_wrap/gpio_in[4]    1.500000    1.813749   -0.313749 (VIOLATED)
ANTENNA_mprj.team_06_Wrapper.team_06_WB.instance_to_wrap_gpio_oeb[7]/DIODE    1.500000    1.812408   -0.312408 (VIOLATED)
mprj.team_06_Wrapper.team_06_WB.instance_to_wrap/gpio_oeb[7]    1.500000    1.812311   -0.312311 (VIOLATED)
_4254_/A1                               1.500000    1.811250   -0.311250 (VIOLATED)
ANTENNA__4254__A1/DIODE                 1.500000    1.811181   -0.311181 (VIOLATED)
_4278_/A2                               1.500000    1.811170   -0.311170 (VIOLATED)
ANTENNA__4278__A2/DIODE                 1.500000    1.811027   -0.311027 (VIOLATED)
_4265_/A3                               1.500000    1.810393   -0.310393 (VIOLATED)
ANTENNA__4265__A3/DIODE                 1.500000    1.810034   -0.310034 (VIOLATED)
_4823_/A2                               1.500000    1.808927   -0.308927 (VIOLATED)
ANTENNA__4817__A0/DIODE                 1.500000    1.808907   -0.308907 (VIOLATED)
ANTENNA__4823__A2/DIODE                 1.500000    1.808881   -0.308881 (VIOLATED)
ANTENNA_50/DIODE                        1.500000    1.808877   -0.308877 (VIOLATED)
_4817_/A0                               1.500000    1.808532   -0.308532 (VIOLATED)
mprj.team_07_Wrapper.team_07_WB.instance_to_wrap/gpio_in[29]    1.500000    1.807535   -0.307535 (VIOLATED)
ANTENNA_mprj.team_07_Wrapper.team_07_WB.instance_to_wrap_gpio_in[29]/DIODE    1.500000    1.807457   -0.307457 (VIOLATED)
ANTENNA_mprj.team_06_Wrapper.team_06_WB.instance_to_wrap_gpio_oeb[24]/DIODE    1.500000    1.807037   -0.307038 (VIOLATED)
mprj.team_06_Wrapper.team_06_WB.instance_to_wrap/gpio_oeb[24]    1.500000    1.806940   -0.306940 (VIOLATED)
ANTENNA_mprj.team_09_Wrapper.team_09_WB.instance_to_wrap_gpio_in[9]/DIODE    1.500000    1.805859   -0.305859 (VIOLATED)
mprj.team_09_Wrapper.team_09_WB.instance_to_wrap/gpio_in[9]    1.500000    1.805754   -0.305754 (VIOLATED)
_7779_/A1                               1.500000    1.802971   -0.302971 (VIOLATED)
ANTENNA__7779__A1/DIODE                 1.500000    1.802903   -0.302903 (VIOLATED)
ANTENNA_mprj.team_12_Wrapper.team_12_WB.instance_to_wrap_gpio_in[8]/DIODE    1.500000    1.802022   -0.302022 (VIOLATED)
mprj.team_12_Wrapper.team_12_WB.instance_to_wrap/gpio_in[8]    1.500000    1.801993   -0.301993 (VIOLATED)
ANTENNA_mprj.team_02_Wrapper.team_02_WB.instance_to_wrap_gpio_out[8]/DIODE    1.500000    1.801935   -0.301935 (VIOLATED)
mprj.team_02_Wrapper.team_02_WB.instance_to_wrap/gpio_out[8]    1.500000    1.801924   -0.301924 (VIOLATED)
ANTENNA__4941__A1/DIODE                 1.500000    1.801770   -0.301770 (VIOLATED)
ANTENNA_59/DIODE                        1.500000    1.801754   -0.301754 (VIOLATED)
ANTENNA__4947__A2/DIODE                 1.500000    1.801640   -0.301640 (VIOLATED)
_4941_/A1                               1.500000    1.801631   -0.301631 (VIOLATED)
_4947_/A2                               1.500000    1.801490   -0.301490 (VIOLATED)
_4567_/A0                               1.500000    1.801351   -0.301352 (VIOLATED)
ANTENNA__4567__A0/DIODE                 1.500000    1.801350   -0.301350 (VIOLATED)
ANTENNA__4573__A2/DIODE                 1.500000    1.800800   -0.300800 (VIOLATED)
_4573_/A2                               1.500000    1.800658   -0.300658 (VIOLATED)
ANTENNA__4144__A1/DIODE                 1.500000    1.796400   -0.296400 (VIOLATED)
_4144_/A1                               1.500000    1.796359   -0.296360 (VIOLATED)
mprj.team_09_Wrapper.team_09_WB.instance_to_wrap/gpio_in[11]    1.500000    1.796244   -0.296244 (VIOLATED)
_4150_/A2                               1.500000    1.796211   -0.296211 (VIOLATED)
ANTENNA__4150__A2/DIODE                 1.500000    1.796188   -0.296188 (VIOLATED)
ANTENNA_mprj.team_09_Wrapper.team_09_WB.instance_to_wrap_gpio_in[11]/DIODE    1.500000    1.796170   -0.296170 (VIOLATED)
ANTENNA_mprj.team_05_Wrapper.team_05_WB.instance_to_wrap_gpio_in[17]/DIODE    1.500000    1.794048   -0.294048 (VIOLATED)
mprj.team_05_Wrapper.team_05_WB.instance_to_wrap/gpio_in[17]    1.500000    1.793714   -0.293714 (VIOLATED)
_4893_/A2                               1.500000    1.792906   -0.292906 (VIOLATED)
ANTENNA__4893__A2/DIODE                 1.500000    1.792893   -0.292893 (VIOLATED)
ANTENNA_60/DIODE                        1.500000    1.792702   -0.292702 (VIOLATED)
ANTENNA__4886__A1/DIODE                 1.500000    1.792549   -0.292549 (VIOLATED)
_4886_/A1                               1.500000    1.792548   -0.292548 (VIOLATED)
ANTENNA_mprj.team_11_Wrapper.team_11_WB.instance_to_wrap_gpio_in[22]/DIODE    1.500000    1.788388   -0.288388 (VIOLATED)
mprj.team_11_Wrapper.team_11_WB.instance_to_wrap/gpio_in[22]    1.500000    1.788255   -0.288256 (VIOLATED)
_4686_/A2                               1.500000    1.788095   -0.288095 (VIOLATED)
_4680_/A1                               1.500000    1.788010   -0.288010 (VIOLATED)
ANTENNA__4680__A1/DIODE                 1.500000    1.787937   -0.287937 (VIOLATED)
ANTENNA__4686__A2/DIODE                 1.500000    1.787651   -0.287651 (VIOLATED)
ANTENNA__5007__A1/DIODE                 1.500000    1.787169   -0.287169 (VIOLATED)
_5007_/A1                               1.500000    1.787156   -0.287157 (VIOLATED)
_5013_/A2                               1.500000    1.787091   -0.287091 (VIOLATED)
ANTENNA__5013__A2/DIODE                 1.500000    1.786971   -0.286971 (VIOLATED)
ANTENNA_mprj.team_11_Wrapper.team_11_WB.instance_to_wrap_gpio_in[29]/DIODE    1.500000    1.786370   -0.286370 (VIOLATED)
mprj.team_11_Wrapper.team_11_WB.instance_to_wrap/gpio_in[29]    1.500000    1.786331   -0.286331 (VIOLATED)
ANTENNA__6374__C/DIODE                  1.500000    1.784338   -0.284338 (VIOLATED)
_6374_/C                                1.500000    1.784321   -0.284321 (VIOLATED)
_7936_/A1                               1.500000    1.783457   -0.283457 (VIOLATED)
ANTENNA__7936__A1/DIODE                 1.500000    1.783338   -0.283338 (VIOLATED)
ANTENNA_mprj.team_06_Wrapper.team_06_WB.instance_to_wrap_gpio_out[21]/DIODE    1.500000    1.781913   -0.281913 (VIOLATED)
ANTENNA_mprj.team_04_Wrapper.team_04_WB.instance_to_wrap_gpio_in[4]/DIODE    1.500000    1.781891   -0.281891 (VIOLATED)
mprj.team_06_Wrapper.team_06_WB.instance_to_wrap/gpio_out[21]    1.500000    1.781742   -0.281742 (VIOLATED)
ANTENNA_119/DIODE                       1.500000    1.781558   -0.281558 (VIOLATED)
ANTENNA__6191__A/DIODE                  1.500000    1.781477   -0.281477 (VIOLATED)
_6191_/A                                1.500000    1.781466   -0.281466 (VIOLATED)
ANTENNA_mprj.team_06_Wrapper.team_06_WB.instance_to_wrap_gpio_oeb[21]/DIODE    1.500000    1.781197   -0.281197 (VIOLATED)
mprj.team_06_Wrapper.team_06_WB.instance_to_wrap/gpio_oeb[21]    1.500000    1.781186   -0.281186 (VIOLATED)
_8056_/B2                               1.500000    1.780790   -0.280790 (VIOLATED)
ANTENNA__8056__B2/DIODE                 1.500000    1.780671   -0.280672 (VIOLATED)
mprj.team_02_Wrapper.team_02_WB.instance_to_wrap/clk    1.500000    1.780495   -0.280495 (VIOLATED)
ANTENNA_mprj.team_02_Wrapper.team_02_WB.instance_to_wrap_clk/DIODE    1.500000    1.779970   -0.279970 (VIOLATED)
_7769_/A1                               1.500000    1.779569   -0.279569 (VIOLATED)
ANTENNA__7769__A1/DIODE                 1.500000    1.779506   -0.279506 (VIOLATED)
ANTENNA__4575__A2/DIODE                 1.500000    1.778310   -0.278310 (VIOLATED)
_4575_/A2                               1.500000    1.778283   -0.278283 (VIOLATED)
ANTENNA__4569__A1/DIODE                 1.500000    1.778239   -0.278239 (VIOLATED)
ANTENNA_53/DIODE                        1.500000    1.778116   -0.278116 (VIOLATED)
_4569_/A1                               1.500000    1.778040   -0.278040 (VIOLATED)
_6917_/A1                               1.500000    1.776013   -0.276013 (VIOLATED)
ANTENNA__6917__A1/DIODE                 1.500000    1.775949   -0.275949 (VIOLATED)
ANTENNA_mprj.team_01_Wrapper.team_01_WB.instance_to_wrap_gpio_in[19]/DIODE    1.500000    1.774676   -0.274676 (VIOLATED)
_4363_/A2                               1.500000    1.774452   -0.274452 (VIOLATED)
_4357_/A1                               1.500000    1.774445   -0.274445 (VIOLATED)
ANTENNA__4357__A1/DIODE                 1.500000    1.774389   -0.274389 (VIOLATED)
ANTENNA__4363__A2/DIODE                 1.500000    1.774377   -0.274378 (VIOLATED)
ANTENNA_653/DIODE                       1.500000    1.772360   -0.272360 (VIOLATED)
ANTENNA_mprj.team_01_Wrapper.team_01_WB.instance_to_wrap_DAT_O[27]/DIODE    1.500000    1.772349   -0.272349 (VIOLATED)
mprj.team_01_Wrapper.team_01_WB.instance_to_wrap/DAT_O[27]    1.500000    1.772349   -0.272349 (VIOLATED)
hold1694/A                              1.500000    1.772309   -0.272309 (VIOLATED)
ANTENNA_hold1694_A/DIODE                1.500000    1.772183   -0.272183 (VIOLATED)
ANTENNA_893/DIODE                       1.500000    1.768953   -0.268953 (VIOLATED)
ANTENNA_892/DIODE                       1.500000    1.768909   -0.268909 (VIOLATED)
ANTENNA_895/DIODE                       1.500000    1.768905   -0.268905 (VIOLATED)
_6252_/B2                               1.500000    1.768897   -0.268897 (VIOLATED)
ANTENNA__6252__B2/DIODE                 1.500000    1.768693   -0.268693 (VIOLATED)
ANTENNA_894/DIODE                       1.500000    1.768529   -0.268529 (VIOLATED)
ANTENNA_mprj.team_03_Wrapper.team_03_WB.instance_to_wrap_DAT_O[27]/DIODE    1.500000    1.768490   -0.268490 (VIOLATED)
mprj.team_03_Wrapper.team_03_WB.instance_to_wrap/DAT_O[27]    1.500000    1.768455   -0.268455 (VIOLATED)
ANTENNA_mprj.team_03_Wrapper.team_03_WB.instance_to_wrap_ADR_O[4]/DIODE    1.500000    1.765822   -0.265822 (VIOLATED)
mprj.team_03_Wrapper.team_03_WB.instance_to_wrap/ADR_O[4]    1.500000    1.765797   -0.265797 (VIOLATED)
_7902_/A1                               1.500000    1.762304   -0.262305 (VIOLATED)
ANTENNA__7902__A1/DIODE                 1.500000    1.762064   -0.262064 (VIOLATED)
mprj.team_08_Wrapper.team_08_WB.instance_to_wrap/gpio_in[1]    1.500000    1.760494   -0.260494 (VIOLATED)
ANTENNA_mprj.team_08_Wrapper.team_08_WB.instance_to_wrap_gpio_in[1]/DIODE    1.500000    1.760157   -0.260157 (VIOLATED)
ANTENNA_mprj.team_11_Wrapper.team_11_WB.instance_to_wrap_gpio_in[25]/DIODE    1.500000    1.757267   -0.257267 (VIOLATED)
mprj.team_11_Wrapper.team_11_WB.instance_to_wrap/gpio_in[25]    1.500000    1.757097   -0.257097 (VIOLATED)
mprj.team_01_Wrapper.team_01_WB.instance_to_wrap/gpio_in[19]    1.500000    1.755159   -0.255159 (VIOLATED)
mprj.team_01_Wrapper.team_01_WB.instance_to_wrap/clk    1.500000    1.752813   -0.252813 (VIOLATED)
ANTENNA__4205__A1/DIODE                 1.500000    1.751802   -0.251802 (VIOLATED)
_4205_/A1                               1.500000    1.751789   -0.251789 (VIOLATED)
ANTENNA__4212__A2/DIODE                 1.500000    1.751601   -0.251601 (VIOLATED)
_4212_/A2                               1.500000    1.751544   -0.251544 (VIOLATED)
ANTENNA_mprj.team_03_Wrapper.team_03_WB.instance_to_wrap_DAT_O[15]/DIODE    1.500000    1.750044   -0.250044 (VIOLATED)
mprj.team_03_Wrapper.team_03_WB.instance_to_wrap/DAT_O[15]    1.500000    1.750034   -0.250034 (VIOLATED)
_7630_/B                                1.500000    1.749517   -0.249517 (VIOLATED)
ANTENNA__7630__B/DIODE                  1.500000    1.749274   -0.249274 (VIOLATED)
ANTENNA_mprj.team_01_Wrapper.team_01_WB.instance_to_wrap_clk/DIODE    1.500000    1.747788   -0.247788 (VIOLATED)
_4230_/A2                               1.500000    1.746565   -0.246565 (VIOLATED)
mprj.team_10_Wrapper.team_10_WB.instance_to_wrap/gpio_in[29]    1.500000    1.746536   -0.246536 (VIOLATED)
ANTENNA__4230__A2/DIODE                 1.500000    1.746529   -0.246529 (VIOLATED)
ANTENNA_mprj.team_10_Wrapper.team_10_WB.instance_to_wrap_gpio_in[29]/DIODE    1.500000    1.746340   -0.246340 (VIOLATED)
ANTENNA_mprj.team_06_Wrapper.team_06_WB.instance_to_wrap_gpio_out[16]/DIODE    1.500000    1.744735   -0.244735 (VIOLATED)
mprj.team_06_Wrapper.team_06_WB.instance_to_wrap/gpio_out[16]    1.500000    1.744681   -0.244681 (VIOLATED)
mprj.team_09_Wrapper.team_09_WB.instance_to_wrap/gpio_in[10]    1.500000    1.744503   -0.244503 (VIOLATED)
hold1744/X                              1.499524    1.743947   -0.244423 (VIOLATED)
ANTENNA_mprj.team_09_Wrapper.team_09_WB.instance_to_wrap_gpio_in[10]/DIODE    1.500000    1.744295   -0.244295 (VIOLATED)
ANTENNA_hold1744_X/DIODE                1.500000    1.743969   -0.243969 (VIOLATED)
fanout717/A                             1.500000    1.742795   -0.242795 (VIOLATED)
_4375_/A2                               1.500000    1.742733   -0.242733 (VIOLATED)
ANTENNA__4375__A2/DIODE                 1.500000    1.742622   -0.242622 (VIOLATED)
_4369_/A1                               1.500000    1.742602   -0.242602 (VIOLATED)
ANTENNA__4369__A1/DIODE                 1.500000    1.742485   -0.242485 (VIOLATED)
ANTENNA_fanout717_A/DIODE               1.500000    1.742364   -0.242364 (VIOLATED)
ANTENNA__7566__B/DIODE                  1.500000    1.742337   -0.242337 (VIOLATED)
_7566_/B                                1.500000    1.741278   -0.241278 (VIOLATED)
ANTENNA_567/DIODE                       1.500000    1.740680   -0.240680 (VIOLATED)
ANTENNA_565/DIODE                       1.500000    1.740668   -0.240668 (VIOLATED)
ANTENNA_564/DIODE                       1.500000    1.740666   -0.240666 (VIOLATED)
ANTENNA_562/DIODE                       1.500000    1.740656   -0.240656 (VIOLATED)
ANTENNA_563/DIODE                       1.500000    1.740651   -0.240652 (VIOLATED)
ANTENNA_mprj.team_06_Wrapper.team_06_WB.instance_to_wrap_gpio_oeb[14]/DIODE    1.500000    1.740561   -0.240561 (VIOLATED)
mprj.team_06_Wrapper.team_06_WB.instance_to_wrap/gpio_oeb[14]    1.500000    1.740518   -0.240518 (VIOLATED)
ANTENNA_mprj.team_01_Wrapper.team_01_WB.instance_to_wrap_gpio_in[20]/DIODE    1.500000    1.740509   -0.240509 (VIOLATED)
mprj.team_01_Wrapper.team_01_WB.instance_to_wrap/gpio_in[20]    1.500000    1.740388   -0.240388 (VIOLATED)
mprj.team_04_Wrapper.team_04_WB.instance_to_wrap/gpio_in[14]    1.500000    1.740329   -0.240329 (VIOLATED)
ANTENNA_566/DIODE                       1.500000    1.739772   -0.239772 (VIOLATED)
ANTENNA_mprj.team_03_Wrapper.team_03_WB.instance_to_wrap_ADR_O[16]/DIODE    1.500000    1.738371   -0.238371 (VIOLATED)
_5018_/A0                               1.500000    1.738061   -0.238061 (VIOLATED)
mprj.team_03_Wrapper.team_03_WB.instance_to_wrap/ADR_O[16]    1.500000    1.738059   -0.238059 (VIOLATED)
ANTENNA__5018__A0/DIODE                 1.500000    1.738049   -0.238049 (VIOLATED)
ANTENNA__5024__A2/DIODE                 1.500000    1.738024   -0.238024 (VIOLATED)
_5024_/A2                               1.500000    1.738014   -0.238014 (VIOLATED)
_8016_/A1                               1.500000    1.736479   -0.236479 (VIOLATED)
ANTENNA__8016__A1/DIODE                 1.500000    1.736455   -0.236455 (VIOLATED)
ANTENNA_35/DIODE                        1.500000    1.736436   -0.236436 (VIOLATED)
ANTENNA__4380__A1/DIODE                 1.500000    1.736424   -0.236424 (VIOLATED)
_4380_/A1                               1.500000    1.736411   -0.236411 (VIOLATED)
_4386_/A2                               1.500000    1.736254   -0.236254 (VIOLATED)
ANTENNA__4386__A2/DIODE                 1.500000    1.736239   -0.236239 (VIOLATED)
ANTENNA_mprj.team_06_Wrapper.team_06_WB.instance_to_wrap_gpio_oeb[15]/DIODE    1.500000    1.735898   -0.235898 (VIOLATED)
mprj.team_06_Wrapper.team_06_WB.instance_to_wrap/gpio_oeb[15]    1.500000    1.735818   -0.235818 (VIOLATED)
_6480_/A                                1.500000    1.734787   -0.234787 (VIOLATED)
ANTENNA__6480__A/DIODE                  1.500000    1.734773   -0.234773 (VIOLATED)
ANTENNA_mprj.team_03_Wrapper.team_03_WB.instance_to_wrap_DAT_O[8]/DIODE    1.500000    1.734731   -0.234731 (VIOLATED)
mprj.team_03_Wrapper.team_03_WB.instance_to_wrap/DAT_O[8]    1.500000    1.734731   -0.234731 (VIOLATED)
hold982/X                               1.499524    1.734018   -0.234494 (VIOLATED)
ANTENNA_hold982_X/DIODE                 1.500000    1.734040   -0.234040 (VIOLATED)
mprj.team_03_Wrapper.team_03_WB.instance_to_wrap/clk    1.500000    1.730609   -0.230609 (VIOLATED)
ANTENNA_mprj.team_03_Wrapper.team_03_WB.instance_to_wrap_clk/DIODE    1.500000    1.730241   -0.230241 (VIOLATED)
ANTENNA_mprj.team_02_Wrapper.team_02_WB.instance_to_wrap_gpio_out[21]/DIODE    1.500000    1.727790   -0.227790 (VIOLATED)
mprj.team_02_Wrapper.team_02_WB.instance_to_wrap/gpio_out[21]    1.500000    1.727790   -0.227790 (VIOLATED)
_6736_/A1                               1.500000    1.724557   -0.224557 (VIOLATED)
ANTENNA__6736__A1/DIODE                 1.500000    1.724498   -0.224498 (VIOLATED)
_8011_/A                                1.500000    1.723517   -0.223517 (VIOLATED)
ANTENNA__8011__A/DIODE                  1.500000    1.723492   -0.223492 (VIOLATED)
ANTENNA_mprj.team_01_Wrapper.team_01_WB.instance_to_wrap_DAT_O[6]/DIODE    1.500000    1.723074   -0.223074 (VIOLATED)
mprj.team_01_Wrapper.team_01_WB.instance_to_wrap/DAT_O[6]    1.500000    1.723055   -0.223055 (VIOLATED)
_8055_/A1                               1.500000    1.722069   -0.222069 (VIOLATED)
ANTENNA__8055__A1/DIODE                 1.500000    1.721944   -0.221944 (VIOLATED)
_4118_/A1                               1.500000    1.721257   -0.221257 (VIOLATED)
ANTENNA__4169__A0/DIODE                 1.500000    1.721194   -0.221194 (VIOLATED)
_4169_/A0                               1.500000    1.721190   -0.221191 (VIOLATED)
ANTENNA__4118__A1/DIODE                 1.500000    1.721184   -0.221184 (VIOLATED)
_4175_/A2                               1.500000    1.721182   -0.221182 (VIOLATED)
ANTENNA__4175__A2/DIODE                 1.500000    1.721164   -0.221164 (VIOLATED)
ANTENNA__4126__A2/DIODE                 1.500000    1.721135   -0.221135 (VIOLATED)
_4126_/A2                               1.500000    1.720952   -0.220952 (VIOLATED)
_7983_/A1                               1.500000    1.720819   -0.220819 (VIOLATED)
ANTENNA__7983__A1/DIODE                 1.500000    1.720773   -0.220774 (VIOLATED)
_7980_/A1                               1.500000    1.719888   -0.219888 (VIOLATED)
ANTENNA__7980__A1/DIODE                 1.500000    1.719817   -0.219817 (VIOLATED)
ANTENNA_mprj.team_01_Wrapper.team_01_WB.instance_to_wrap_ADR_O[24]/DIODE    1.500000    1.714724   -0.214724 (VIOLATED)
mprj.team_01_Wrapper.team_01_WB.instance_to_wrap/ADR_O[24]    1.500000    1.714724   -0.214724 (VIOLATED)
ANTENNA_mprj.team_03_Wrapper.team_03_WB.instance_to_wrap_ADR_O[20]/DIODE    1.500000    1.712097   -0.212097 (VIOLATED)
mprj.team_03_Wrapper.team_03_WB.instance_to_wrap/ADR_O[20]    1.500000    1.712097   -0.212097 (VIOLATED)
ANTENNA_mprj.team_01_Wrapper.team_01_WB.instance_to_wrap_DAT_O[9]/DIODE    1.500000    1.711127   -0.211127 (VIOLATED)
mprj.team_01_Wrapper.team_01_WB.instance_to_wrap/DAT_O[9]    1.500000    1.711127   -0.211127 (VIOLATED)
mprj.team_07_Wrapper.team_07_WB.instance_to_wrap/gpio_in[25]    1.500000    1.708624   -0.208625 (VIOLATED)
ANTENNA_mprj.team_07_Wrapper.team_07_WB.instance_to_wrap_gpio_in[25]/DIODE    1.500000    1.708489   -0.208489 (VIOLATED)
_4908_/A2                               1.500000    1.706718   -0.206718 (VIOLATED)
ANTENNA__4902__A1/DIODE                 1.500000    1.706716   -0.206716 (VIOLATED)
ANTENNA__4908__A2/DIODE                 1.500000    1.706700   -0.206701 (VIOLATED)
_4902_/A1                               1.500000    1.706685   -0.206685 (VIOLATED)
ANTENNA_mprj.team_12_Wrapper.team_12_WB.instance_to_wrap_gpio_in[10]/DIODE    1.500000    1.704445   -0.204445 (VIOLATED)
mprj.team_12_Wrapper.team_12_WB.instance_to_wrap/gpio_in[10]    1.500000    1.704272   -0.204272 (VIOLATED)
_4397_/A2                               1.500000    1.704228   -0.204228 (VIOLATED)
_4391_/A1                               1.500000    1.704195   -0.204196 (VIOLATED)
ANTENNA__4397__A2/DIODE                 1.500000    1.704131   -0.204131 (VIOLATED)
ANTENNA__4391__A1/DIODE                 1.500000    1.703952   -0.203952 (VIOLATED)
_7562_/B                                1.500000    1.703224   -0.203224 (VIOLATED)
ANTENNA_mprj.team_04_Wrapper.team_04_WB.instance_to_wrap_gpio_in[14]/DIODE    1.500000    1.703220   -0.203220 (VIOLATED)
ANTENNA__7562__B/DIODE                  1.500000    1.703086   -0.203086 (VIOLATED)
ANTENNA_clkbuf_1_0_1_wb_clk_i_X/DIODE    1.500000    1.702717   -0.202717 (VIOLATED)
clkbuf_1_0_1_wb_clk_i/X                 1.500000    1.702135   -0.202135 (VIOLATED)
_4330_/A2                               1.500000    1.700299   -0.200299 (VIOLATED)
ANTENNA__4330__A2/DIODE                 1.500000    1.700295   -0.200295 (VIOLATED)
_4324_/A1                               1.500000    1.700150   -0.200150 (VIOLATED)
ANTENNA__4324__A1/DIODE                 1.500000    1.700116   -0.200116 (VIOLATED)
_7466_/B                                1.500000    1.699824   -0.199824 (VIOLATED)
ANTENNA__7466__B/DIODE                  1.500000    1.699667   -0.199667 (VIOLATED)
ANTENNA_mprj.team_01_Wrapper.team_01_WB.instance_to_wrap_DAT_O[7]/DIODE    1.500000    1.699514   -0.199514 (VIOLATED)
mprj.team_01_Wrapper.team_01_WB.instance_to_wrap/DAT_O[7]    1.500000    1.699510   -0.199510 (VIOLATED)
ANTENNA_mprj.team_12_Wrapper.team_12_WB.instance_to_wrap_gpio_in[11]/DIODE    1.500000    1.697084   -0.197084 (VIOLATED)
ANTENNA_mprj.team_06_Wrapper.team_06_WB.instance_to_wrap_gpio_oeb[16]/DIODE    1.500000    1.697067   -0.197067 (VIOLATED)
mprj.team_06_Wrapper.team_06_WB.instance_to_wrap/gpio_oeb[16]    1.500000    1.697064   -0.197064 (VIOLATED)
mprj.team_12_Wrapper.team_12_WB.instance_to_wrap/gpio_in[11]    1.500000    1.696873   -0.196874 (VIOLATED)
ANTENNA_mprj.team_07_Wrapper.team_07_WB.instance_to_wrap_gpio_out[16]/DIODE    1.500000    1.696684   -0.196684 (VIOLATED)
mprj.team_07_Wrapper.team_07_WB.instance_to_wrap/gpio_out[16]    1.500000    1.696684   -0.196684 (VIOLATED)
ANTENNA_mprj.team_10_Wrapper.team_10_WB.instance_to_wrap_gpio_in[0]/DIODE    1.500000    1.693998   -0.193998 (VIOLATED)
mprj.team_10_Wrapper.team_10_WB.instance_to_wrap/gpio_in[0]    1.500000    1.693790   -0.193790 (VIOLATED)
_4408_/A2                               1.500000    1.691273   -0.191273 (VIOLATED)
_4402_/A1                               1.500000    1.691248   -0.191248 (VIOLATED)
ANTENNA__4402__A1/DIODE                 1.500000    1.691165   -0.191165 (VIOLATED)
ANTENNA__4408__A2/DIODE                 1.500000    1.691058   -0.191058 (VIOLATED)
ANTENNA_225/DIODE                       1.500000    1.687959   -0.187959 (VIOLATED)
ANTENNA_233/DIODE                       1.500000    1.687914   -0.187914 (VIOLATED)
_6857_/A                                1.500000    1.687673   -0.187673 (VIOLATED)
ANTENNA__6857__A/DIODE                  1.500000    1.687622   -0.187622 (VIOLATED)
ANTENNA_222/DIODE                       1.500000    1.687486   -0.187486 (VIOLATED)
_6700_/A                                1.500000    1.687086   -0.187086 (VIOLATED)
mprj.team_08_Wrapper.team_08_WB.instance_to_wrap/gpio_in[2]    1.500000    1.687056   -0.187056 (VIOLATED)
ANTENNA__6700__A/DIODE                  1.500000    1.687004   -0.187004 (VIOLATED)
ANTENNA_mprj.team_08_Wrapper.team_08_WB.instance_to_wrap_gpio_in[2]/DIODE    1.500000    1.686881   -0.186881 (VIOLATED)
ANTENNA_219/DIODE                       1.500000    1.686858   -0.186858 (VIOLATED)
_4836_/B1                               1.500000    1.686764   -0.186764 (VIOLATED)
ANTENNA__4836__B1/DIODE                 1.500000    1.686695   -0.186695 (VIOLATED)
ANTENNA__4830__A0/DIODE                 1.500000    1.686671   -0.186671 (VIOLATED)
_4830_/A0                               1.500000    1.686559   -0.186559 (VIOLATED)
ANTENNA_mprj.team_02_Wrapper.team_02_WB.instance_to_wrap_gpio_out[9]/DIODE    1.500000    1.686539   -0.186539 (VIOLATED)
mprj.team_02_Wrapper.team_02_WB.instance_to_wrap/gpio_out[9]    1.500000    1.686539   -0.186539 (VIOLATED)
ANTENNA_221/DIODE                       1.500000    1.686532   -0.186532 (VIOLATED)
ANTENNA_mprj.team_02_Wrapper.team_02_WB.instance_to_wrap_gpio_out[10]/DIODE    1.500000    1.686403   -0.186403 (VIOLATED)
mprj.team_02_Wrapper.team_02_WB.instance_to_wrap/gpio_out[10]    1.500000    1.686333   -0.186333 (VIOLATED)
ANTENNA_224/DIODE                       1.500000    1.686211   -0.186211 (VIOLATED)
ANTENNA_230/DIODE                       1.500000    1.686180   -0.186181 (VIOLATED)
ANTENNA_228/DIODE                       1.500000    1.686170   -0.186170 (VIOLATED)
ANTENNA_227/DIODE                       1.500000    1.686155   -0.186155 (VIOLATED)
ANTENNA_229/DIODE                       1.500000    1.686135   -0.186135 (VIOLATED)
ANTENNA_231/DIODE                       1.500000    1.685987   -0.185987 (VIOLATED)
ANTENNA_223/DIODE                       1.500000    1.685564   -0.185564 (VIOLATED)
_7980_/B2                               1.500000    1.685079   -0.185079 (VIOLATED)
ANTENNA__7980__B2/DIODE                 1.500000    1.685045   -0.185045 (VIOLATED)
ANTENNA_220/DIODE                       1.500000    1.684846   -0.184846 (VIOLATED)
ANTENNA_232/DIODE                       1.500000    1.684718   -0.184719 (VIOLATED)
ANTENNA_mprj.team_06_Wrapper.team_06_WB.instance_to_wrap_gpio_oeb[9]/DIODE    1.500000    1.683457   -0.183457 (VIOLATED)
mprj.team_06_Wrapper.team_06_WB.instance_to_wrap/gpio_oeb[9]    1.500000    1.683448   -0.183448 (VIOLATED)
ANTENNA_mprj.team_07_Wrapper.team_07_WB.instance_to_wrap_gpio_in[19]/DIODE    1.500000    1.683071   -0.183071 (VIOLATED)
mprj.team_07_Wrapper.team_07_WB.instance_to_wrap/gpio_in[19]    1.500000    1.682957   -0.182957 (VIOLATED)
ANTENNA_clkbuf_1_1_1_wb_clk_i_X/DIODE    1.500000    1.679757   -0.179757 (VIOLATED)
_4707_/A1                               1.500000    1.679529   -0.179529 (VIOLATED)
ANTENNA__4707__A1/DIODE                 1.500000    1.679468   -0.179468 (VIOLATED)
_4714_/B                                1.500000    1.679172   -0.179172 (VIOLATED)
ANTENNA__4714__B/DIODE                  1.500000    1.679134   -0.179134 (VIOLATED)
ANTENNA_mprj.team_01_Wrapper.team_01_WB.instance_to_wrap_DAT_O[22]/DIODE    1.500000    1.678685   -0.178685 (VIOLATED)
mprj.team_01_Wrapper.team_01_WB.instance_to_wrap/DAT_O[22]    1.500000    1.678678   -0.178678 (VIOLATED)
clkbuf_1_1_1_wb_clk_i/X                 1.500000    1.678559   -0.178559 (VIOLATED)
ANTENNA__7468__B/DIODE                  1.500000    1.677104   -0.177104 (VIOLATED)
_7468_/B                                1.500000    1.677090   -0.177090 (VIOLATED)
_6326_/A                                1.500000    1.676220   -0.176220 (VIOLATED)
ANTENNA__6326__A/DIODE                  1.500000    1.676140   -0.176140 (VIOLATED)
_7760_/B2                               1.500000    1.673511   -0.173511 (VIOLATED)
ANTENNA__7760__B2/DIODE                 1.500000    1.673371   -0.173371 (VIOLATED)
_6519_/A1                               1.500000    1.673140   -0.173140 (VIOLATED)
ANTENNA__6519__A1/DIODE                 1.500000    1.673089   -0.173089 (VIOLATED)
_4981_/A1                               1.500000    1.672470   -0.172470 (VIOLATED)
ANTENNA__4981__A1/DIODE                 1.500000    1.672378   -0.172378 (VIOLATED)
fanout742/A                             1.500000    1.672297   -0.172297 (VIOLATED)
ANTENNA__4987__A2/DIODE                 1.500000    1.672233   -0.172233 (VIOLATED)
ANTENNA_fanout742_A/DIODE               1.500000    1.672063   -0.172063 (VIOLATED)
_4987_/A2                               1.500000    1.672054   -0.172054 (VIOLATED)
mprj.team_06_Wrapper.team_06_WB.instance_to_wrap/gpio_in[2]    1.500000    1.671804   -0.171804 (VIOLATED)
ANTENNA_mprj.team_06_Wrapper.team_06_WB.instance_to_wrap_gpio_in[2]/DIODE    1.500000    1.671441   -0.171441 (VIOLATED)
ANTENNA_mprj.team_07_Wrapper.team_07_WB.instance_to_wrap_gpio_out[9]/DIODE    1.500000    1.670613   -0.170613 (VIOLATED)
mprj.team_07_Wrapper.team_07_WB.instance_to_wrap/gpio_out[9]    1.500000    1.670606   -0.170606 (VIOLATED)
ANTENNA_mprj.team_04_Wrapper.team_04_WB.instance_to_wrap_gpio_out[3]/DIODE    1.500000    1.668743   -0.168743 (VIOLATED)
mprj.team_04_Wrapper.team_04_WB.instance_to_wrap/gpio_out[3]    1.500000    1.668743   -0.168743 (VIOLATED)
ANTENNA_mprj.team_06_Wrapper.team_06_WB.instance_to_wrap_gpio_out[6]/DIODE    1.500000    1.667865   -0.167865 (VIOLATED)
mprj.team_06_Wrapper.team_06_WB.instance_to_wrap/gpio_out[6]    1.500000    1.667854   -0.167854 (VIOLATED)
ANTENNA_mprj.team_03_Wrapper.team_03_WB.instance_to_wrap_DAT_O[22]/DIODE    1.500000    1.667845   -0.167845 (VIOLATED)
mprj.team_03_Wrapper.team_03_WB.instance_to_wrap/DAT_O[22]    1.500000    1.667845   -0.167845 (VIOLATED)
ANTENNA_mprj.team_12_Wrapper.team_12_WB.instance_to_wrap_gpio_in[9]/DIODE    1.500000    1.665807   -0.165807 (VIOLATED)
mprj.team_12_Wrapper.team_12_WB.instance_to_wrap/gpio_in[9]    1.500000    1.665784   -0.165785 (VIOLATED)
_4292_/A2                               1.500000    1.664919   -0.164919 (VIOLATED)
ANTENNA__4292__A2/DIODE                 1.500000    1.664892   -0.164892 (VIOLATED)
_4286_/A1                               1.500000    1.664829   -0.164829 (VIOLATED)
ANTENNA__4286__A1/DIODE                 1.500000    1.664685   -0.164685 (VIOLATED)
wire683/A                               1.500000    1.664319   -0.164319 (VIOLATED)
ANTENNA_wire683_A/DIODE                 1.500000    1.663762   -0.163762 (VIOLATED)
mprj.team_04_Wrapper.team_04_WB.instance_to_wrap/gpio_in[10]    1.500000    1.662211   -0.162211 (VIOLATED)
mprj.team_01_Wrapper.team_01_WB.instance_to_wrap/gpio_in[0]    1.500000    1.662036   -0.162036 (VIOLATED)
ANTENNA_mprj.team_01_Wrapper.team_01_WB.instance_to_wrap_gpio_in[0]/DIODE    1.500000    1.661991   -0.161991 (VIOLATED)
mprj.team_06_Wrapper.team_06_WB.instance_to_wrap/gpio_in[8]    1.500000    1.661250   -0.161250 (VIOLATED)
ANTENNA_mprj.team_03_Wrapper.team_03_WB.instance_to_wrap_ADR_O[29]/DIODE    1.500000    1.661245   -0.161246 (VIOLATED)
mprj.team_03_Wrapper.team_03_WB.instance_to_wrap/ADR_O[29]    1.500000    1.661041   -0.161041 (VIOLATED)
ANTENNA_mprj.team_03_Wrapper.team_03_WB.instance_to_wrap_DAT_O[26]/DIODE    1.500000    1.660608   -0.160608 (VIOLATED)
mprj.team_03_Wrapper.team_03_WB.instance_to_wrap/DAT_O[26]    1.500000    1.660514   -0.160514 (VIOLATED)
ANTENNA_mprj.team_06_Wrapper.team_06_WB.instance_to_wrap_gpio_in[8]/DIODE    1.500000    1.659132   -0.159132 (VIOLATED)
ANTENNA_mprj.team_09_Wrapper.team_09_WB.instance_to_wrap_gpio_out[0]/DIODE    1.500000    1.659106   -0.159106 (VIOLATED)
mprj.team_09_Wrapper.team_09_WB.instance_to_wrap/gpio_out[0]    1.500000    1.659106   -0.159106 (VIOLATED)
ANTENNA_mprj.team_06_Wrapper.team_06_WB.instance_to_wrap_gpio_out[25]/DIODE    1.500000    1.657836   -0.157836 (VIOLATED)
mprj.team_06_Wrapper.team_06_WB.instance_to_wrap/gpio_out[25]    1.500000    1.657836   -0.157836 (VIOLATED)
ANTENNA_mprj.team_02_Wrapper.team_02_WB.instance_to_wrap_gpio_out[22]/DIODE    1.500000    1.656051   -0.156051 (VIOLATED)
mprj.team_02_Wrapper.team_02_WB.instance_to_wrap/gpio_out[22]    1.500000    1.656043   -0.156043 (VIOLATED)
_4341_/A2                               1.500000    1.655975   -0.155975 (VIOLATED)
ANTENNA__4341__A2/DIODE                 1.500000    1.655888   -0.155888 (VIOLATED)
_4335_/A1                               1.500000    1.655867   -0.155867 (VIOLATED)
ANTENNA__4335__A1/DIODE                 1.500000    1.655549   -0.155549 (VIOLATED)
mprj.team_12_Wrapper.team_12_WB.instance_to_wrap/gpio_in[4]    1.500000    1.654283   -0.154283 (VIOLATED)
ANTENNA_mprj.team_12_Wrapper.team_12_WB.instance_to_wrap_gpio_in[4]/DIODE    1.500000    1.654261   -0.154261 (VIOLATED)
ANTENNA_mprj.team_03_Wrapper.team_03_WB.instance_to_wrap_ADR_O[0]/DIODE    1.500000    1.652986   -0.152986 (VIOLATED)
mprj.team_03_Wrapper.team_03_WB.instance_to_wrap/ADR_O[0]    1.500000    1.652986   -0.152986 (VIOLATED)
mprj.team_03_Wrapper.team_03_WB.instance_to_wrap/gpio_in[6]    1.500000    1.651972   -0.151972 (VIOLATED)
ANTENNA_mprj.team_03_Wrapper.team_03_WB.instance_to_wrap_gpio_in[6]/DIODE    1.500000    1.651522   -0.151522 (VIOLATED)
ANTENNA_mprj.team_01_Wrapper.team_01_WB.instance_to_wrap_ADR_O[4]/DIODE    1.500000    1.650977   -0.150977 (VIOLATED)
mprj.team_01_Wrapper.team_01_WB.instance_to_wrap/ADR_O[4]    1.500000    1.650977   -0.150977 (VIOLATED)
ANTENNA_mprj.team_08_Wrapper.team_08_WB.instance_to_wrap_gpio_out[28]/DIODE    1.500000    1.649245   -0.149245 (VIOLATED)
mprj.team_08_Wrapper.team_08_WB.instance_to_wrap/gpio_out[28]    1.500000    1.649245   -0.149245 (VIOLATED)
ANTENNA_mprj.team_06_Wrapper.team_06_WB.instance_to_wrap_gpio_out[8]/DIODE    1.500000    1.648406   -0.148406 (VIOLATED)
mprj.team_06_Wrapper.team_06_WB.instance_to_wrap/gpio_out[8]    1.500000    1.648359   -0.148359 (VIOLATED)
_5000_/A2                               1.500000    1.647604   -0.147604 (VIOLATED)
ANTENNA__5000__A2/DIODE                 1.500000    1.647535   -0.147535 (VIOLATED)
_4994_/A1                               1.500000    1.647406   -0.147407 (VIOLATED)
ANTENNA__4994__A1/DIODE                 1.500000    1.647058   -0.147058 (VIOLATED)
ANTENNA_mprj.team_03_Wrapper.team_03_WB.instance_to_wrap_DAT_O[5]/DIODE    1.500000    1.646809   -0.146809 (VIOLATED)
mprj.team_03_Wrapper.team_03_WB.instance_to_wrap/DAT_O[5]    1.500000    1.646809   -0.146809 (VIOLATED)
_4445_/A2                               1.500000    1.644129   -0.144129 (VIOLATED)
ANTENNA__4445__A2/DIODE                 1.500000    1.644059   -0.144059 (VIOLATED)
_4439_/A1                               1.500000    1.643994   -0.143994 (VIOLATED)
ANTENNA__4439__A1/DIODE                 1.500000    1.643813   -0.143813 (VIOLATED)
ANTENNA_38/DIODE                        1.500000    1.643662   -0.143662 (VIOLATED)
ANTENNA_mprj.team_01_Wrapper.team_01_WB.instance_to_wrap_DAT_O[21]/DIODE    1.500000    1.643448   -0.143448 (VIOLATED)
mprj.team_01_Wrapper.team_01_WB.instance_to_wrap/DAT_O[21]    1.500000    1.643448   -0.143448 (VIOLATED)
_6396_/A1                               1.500000    1.643026   -0.143026 (VIOLATED)
ANTENNA__6396__A1/DIODE                 1.500000    1.642889   -0.142889 (VIOLATED)
_6617_/A1                               1.500000    1.641886   -0.141886 (VIOLATED)
ANTENNA__6617__A1/DIODE                 1.500000    1.641778   -0.141778 (VIOLATED)
ANTENNA_mprj.team_05_Wrapper.team_05_WB.instance_to_wrap_gpio_out[3]/DIODE    1.500000    1.640815   -0.140815 (VIOLATED)
mprj.team_05_Wrapper.team_05_WB.instance_to_wrap/gpio_out[3]    1.500000    1.640730   -0.140730 (VIOLATED)
mprj.team_10_Wrapper.team_10_WB.instance_to_wrap/gpio_in[6]    1.500000    1.640264   -0.140264 (VIOLATED)
ANTENNA_mprj.team_10_Wrapper.team_10_WB.instance_to_wrap_gpio_in[6]/DIODE    1.500000    1.639913   -0.139914 (VIOLATED)
ANTENNA_mprj.team_01_Wrapper.team_01_WB.instance_to_wrap_DAT_O[16]/DIODE    1.500000    1.639257   -0.139257 (VIOLATED)
mprj.team_01_Wrapper.team_01_WB.instance_to_wrap/DAT_O[16]    1.500000    1.639257   -0.139257 (VIOLATED)
ANTENNA_mprj.team_01_Wrapper.team_01_WB.instance_to_wrap_DAT_O[31]/DIODE    1.500000    1.638709   -0.138709 (VIOLATED)
mprj.team_01_Wrapper.team_01_WB.instance_to_wrap/DAT_O[31]    1.500000    1.638705   -0.138705 (VIOLATED)
ANTENNA_mprj.team_03_Wrapper.team_03_WB.instance_to_wrap_DAT_O[25]/DIODE    1.500000    1.638085   -0.138085 (VIOLATED)
mprj.team_03_Wrapper.team_03_WB.instance_to_wrap/DAT_O[25]    1.500000    1.638079   -0.138079 (VIOLATED)
ANTENNA_mprj.team_03_Wrapper.team_03_WB.instance_to_wrap_DAT_O[17]/DIODE    1.500000    1.637599   -0.137599 (VIOLATED)
mprj.team_03_Wrapper.team_03_WB.instance_to_wrap/DAT_O[17]    1.500000    1.637595   -0.137595 (VIOLATED)
ANTENNA_mprj.team_03_Wrapper.team_03_WB.instance_to_wrap_DAT_O[13]/DIODE    1.500000    1.634990   -0.134990 (VIOLATED)
mprj.team_03_Wrapper.team_03_WB.instance_to_wrap/DAT_O[13]    1.500000    1.634982   -0.134982 (VIOLATED)
ANTENNA__8012__A/DIODE                  1.500000    1.631384   -0.131384 (VIOLATED)
_8012_/A                                1.500000    1.631378   -0.131378 (VIOLATED)
_6345_/A3                               1.500000    1.630931   -0.130931 (VIOLATED)
ANTENNA__6345__A3/DIODE                 1.500000    1.630903   -0.130904 (VIOLATED)
ANTENNA_mprj.team_07_Wrapper.team_07_WB.instance_to_wrap_en/DIODE    1.500000    1.629250   -0.129250 (VIOLATED)
mprj.team_07_Wrapper.team_07_WB.instance_to_wrap/en    1.500000    1.629178   -0.129178 (VIOLATED)
mprj.team_03_Wrapper.team_03_WB.instance_to_wrap/gpio_in[18]    1.500000    1.628875   -0.128875 (VIOLATED)
ANTENNA_mprj.team_03_Wrapper.team_03_WB.instance_to_wrap_gpio_in[18]/DIODE    1.500000    1.628866   -0.128866 (VIOLATED)
ANTENNA_mprj.team_02_Wrapper.team_02_WB.instance_to_wrap_gpio_out[13]/DIODE    1.500000    1.627139   -0.127139 (VIOLATED)
mprj.team_02_Wrapper.team_02_WB.instance_to_wrap/gpio_out[13]    1.500000    1.627139   -0.127139 (VIOLATED)
mprj.team_02_Wrapper.team_02_WB.instance_to_wrap/gpio_in[8]    1.500000    1.625858   -0.125858 (VIOLATED)
ANTENNA_mprj.team_02_Wrapper.team_02_WB.instance_to_wrap_gpio_in[8]/DIODE    1.500000    1.625823   -0.125823 (VIOLATED)
_4081_/A                                1.500000    1.624737   -0.124737 (VIOLATED)
_4541_/A1                               1.500000    1.624704   -0.124704 (VIOLATED)
ANTENNA__4081__A/DIODE                  1.500000    1.624579   -0.124579 (VIOLATED)
ANTENNA__4541__A1/DIODE                 1.500000    1.624541   -0.124541 (VIOLATED)
ANTENNA_mprj.team_11_Wrapper.team_11_WB.instance_to_wrap_gpio_out[18]/DIODE    1.500000    1.624540   -0.124540 (VIOLATED)
mprj.team_11_Wrapper.team_11_WB.instance_to_wrap/gpio_out[18]    1.500000    1.624540   -0.124540 (VIOLATED)
_7988_/A1                               1.500000    1.621968   -0.121968 (VIOLATED)
_7813_/A1                               1.500000    1.621831   -0.121831 (VIOLATED)
ANTENNA__7988__A1/DIODE                 1.500000    1.621785   -0.121785 (VIOLATED)
ANTENNA__7813__A1/DIODE                 1.500000    1.621645   -0.121645 (VIOLATED)
ANTENNA_mprj.team_05_Wrapper.team_05_WB.instance_to_wrap_gpio_out[33]/DIODE    1.500000    1.617149   -0.117149 (VIOLATED)
mprj.team_05_Wrapper.team_05_WB.instance_to_wrap/gpio_out[33]    1.500000    1.616981   -0.116981 (VIOLATED)
ANTENNA_mprj.team_07_Wrapper.team_07_WB.instance_to_wrap_gpio_out[17]/DIODE    1.500000    1.614962   -0.114962 (VIOLATED)
mprj.team_07_Wrapper.team_07_WB.instance_to_wrap/gpio_out[17]    1.500000    1.614962   -0.114962 (VIOLATED)
ANTENNA_mprj.team_03_Wrapper.team_03_WB.instance_to_wrap_ADR_O[9]/DIODE    1.500000    1.614464   -0.114464 (VIOLATED)
mprj.team_03_Wrapper.team_03_WB.instance_to_wrap/ADR_O[9]    1.500000    1.614464   -0.114464 (VIOLATED)
ANTENNA_mprj.team_01_Wrapper.team_01_WB.instance_to_wrap_DAT_O[13]/DIODE    1.500000    1.613352   -0.113352 (VIOLATED)
mprj.team_01_Wrapper.team_01_WB.instance_to_wrap/DAT_O[13]    1.500000    1.613339   -0.113339 (VIOLATED)
ANTENNA__4227__A1/DIODE                 1.500000    1.610898   -0.110898 (VIOLATED)
_4227_/A1                               1.500000    1.610816   -0.110816 (VIOLATED)
_4233_/A2                               1.500000    1.610736   -0.110736 (VIOLATED)
ANTENNA_415/DIODE                       1.500000    1.610559   -0.110559 (VIOLATED)
ANTENNA_795/DIODE                       1.500000    1.610503   -0.110503 (VIOLATED)
ANTENNA_414/DIODE                       1.500000    1.610502   -0.110502 (VIOLATED)
ANTENNA_409/DIODE                       1.500000    1.610488   -0.110488 (VIOLATED)
ANTENNA_410/DIODE                       1.500000    1.610486   -0.110486 (VIOLATED)
ANTENNA_408/DIODE                       1.500000    1.610476   -0.110476 (VIOLATED)
ANTENNA_406/DIODE                       1.500000    1.610445   -0.110445 (VIOLATED)
ANTENNA_405/DIODE                       1.500000    1.610427   -0.110427 (VIOLATED)
ANTENNA_413/DIODE                       1.500000    1.610399   -0.110400 (VIOLATED)
ANTENNA__4233__A2/DIODE                 1.500000    1.610388   -0.110388 (VIOLATED)
ANTENNA_411/DIODE                       1.500000    1.610373   -0.110373 (VIOLATED)
ANTENNA_407/DIODE                       1.500000    1.609906   -0.109906 (VIOLATED)
ANTENNA_412/DIODE                       1.500000    1.609390   -0.109390 (VIOLATED)
ANTENNA_794/DIODE                       1.500000    1.609267   -0.109267 (VIOLATED)
ANTENNA_793/DIODE                       1.500000    1.608733   -0.108733 (VIOLATED)
_7706_/A1                               1.500000    1.608588   -0.108588 (VIOLATED)
ANTENNA_mprj.team_03_Wrapper.team_03_WB.instance_to_wrap_ADR_O[12]/DIODE    1.500000    1.608556   -0.108556 (VIOLATED)
mprj.team_03_Wrapper.team_03_WB.instance_to_wrap/ADR_O[12]    1.500000    1.608543   -0.108543 (VIOLATED)
ANTENNA__7706__A1/DIODE                 1.500000    1.608430   -0.108430 (VIOLATED)
ANTENNA_mprj.team_06_Wrapper.team_06_WB.instance_to_wrap_gpio_out[11]/DIODE    1.500000    1.608396   -0.108396 (VIOLATED)
mprj.team_06_Wrapper.team_06_WB.instance_to_wrap/gpio_out[11]    1.500000    1.608396   -0.108396 (VIOLATED)
_6259_/A1                               1.500000    1.606203   -0.106203 (VIOLATED)
ANTENNA__6259__A1/DIODE                 1.500000    1.606041   -0.106041 (VIOLATED)
ANTENNA_773/DIODE                       1.500000    1.604632   -0.104632 (VIOLATED)
ANTENNA_904/DIODE                       1.500000    1.604568   -0.104568 (VIOLATED)
ANTENNA_906/DIODE                       1.500000    1.604541   -0.104541 (VIOLATED)
ANTENNA_905/DIODE                       1.500000    1.604504   -0.104504 (VIOLATED)
ANTENNA_767/DIODE                       1.500000    1.604394   -0.104394 (VIOLATED)
ANTENNA_769/DIODE                       1.500000    1.604353   -0.104353 (VIOLATED)
ANTENNA_776/DIODE                       1.500000    1.604311   -0.104312 (VIOLATED)
ANTENNA_765/DIODE                       1.500000    1.604307   -0.104307 (VIOLATED)
ANTENNA_770/DIODE                       1.500000    1.604268   -0.104268 (VIOLATED)
ANTENNA_mprj.team_05_Wrapper.team_05_WB.instance_to_wrap_gpio_out[7]/DIODE    1.500000    1.604121   -0.104121 (VIOLATED)
mprj.team_05_Wrapper.team_05_WB.instance_to_wrap/gpio_out[7]    1.500000    1.604100   -0.104100 (VIOLATED)
ANTENNA_768/DIODE                       1.500000    1.603855   -0.103855 (VIOLATED)
ANTENNA_775/DIODE                       1.500000    1.603386   -0.103386 (VIOLATED)
ANTENNA_774/DIODE                       1.500000    1.603362   -0.103362 (VIOLATED)
ANTENNA_772/DIODE                       1.500000    1.603345   -0.103345 (VIOLATED)
ANTENNA_mprj.team_03_Wrapper.team_03_WB.instance_to_wrap_ADR_O[10]/DIODE    1.500000    1.603340   -0.103340 (VIOLATED)
ANTENNA_766/DIODE                       1.500000    1.603262   -0.103262 (VIOLATED)
_6562_/A1                               1.500000    1.603168   -0.103168 (VIOLATED)
mprj.team_03_Wrapper.team_03_WB.instance_to_wrap/ADR_O[10]    1.500000    1.603086   -0.103086 (VIOLATED)
ANTENNA__6562__A1/DIODE                 1.500000    1.603062   -0.103062 (VIOLATED)
ANTENNA_771/DIODE                       1.500000    1.602425   -0.102425 (VIOLATED)
_7833_/A1                               1.500000    1.602185   -0.102185 (VIOLATED)
ANTENNA__7833__A1/DIODE                 1.500000    1.601990   -0.101990 (VIOLATED)
ANTENNA_mprj.team_03_Wrapper.team_03_WB.instance_to_wrap_ADR_O[25]/DIODE    1.500000    1.601224   -0.101224 (VIOLATED)
mprj.team_03_Wrapper.team_03_WB.instance_to_wrap/ADR_O[25]    1.500000    1.601024   -0.101024 (VIOLATED)
ANTENNA_823/DIODE                       1.500000    1.599868   -0.099868 (VIOLATED)
_7777_/A1                               1.500000    1.599844   -0.099844 (VIOLATED)
ANTENNA_503/DIODE                       1.500000    1.599840   -0.099840 (VIOLATED)
ANTENNA__7777__A1/DIODE                 1.500000    1.599659   -0.099660 (VIOLATED)
_6309_/A1                               1.500000    1.599192   -0.099192 (VIOLATED)
ANTENNA__6309__A1/DIODE                 1.500000    1.599008   -0.099008 (VIOLATED)
ANTENNA_mprj.team_04_Wrapper.team_04_WB.instance_to_wrap_gpio_in[10]/DIODE    1.500000    1.598021   -0.098021 (VIOLATED)
ANTENNA_mprj.team_03_Wrapper.team_03_WB.instance_to_wrap_ADR_O[19]/DIODE    1.500000    1.592223   -0.092223 (VIOLATED)
mprj.team_03_Wrapper.team_03_WB.instance_to_wrap/ADR_O[19]    1.500000    1.592223   -0.092223 (VIOLATED)
mprj.team_08_Wrapper.team_08_WB.instance_to_wrap/gpio_in[15]    1.500000    1.589783   -0.089783 (VIOLATED)
ANTENNA_mprj.team_08_Wrapper.team_08_WB.instance_to_wrap_gpio_in[15]/DIODE    1.500000    1.589768   -0.089768 (VIOLATED)
mprj.team_11_Wrapper.team_11_WB.instance_to_wrap/nrst    1.500000    1.588960   -0.088960 (VIOLATED)
ANTENNA_mprj.team_11_Wrapper.team_11_WB.instance_to_wrap_nrst/DIODE    1.500000    1.588697   -0.088697 (VIOLATED)
_7740_/A1                               1.500000    1.586522   -0.086522 (VIOLATED)
ANTENNA__7740__A1/DIODE                 1.500000    1.586495   -0.086495 (VIOLATED)
_4394_/A2                               1.500000    1.584637   -0.084637 (VIOLATED)
_4389_/A1                               1.500000    1.584625   -0.084625 (VIOLATED)
ANTENNA__4389__A1/DIODE                 1.500000    1.584604   -0.084604 (VIOLATED)
ANTENNA__4394__A2/DIODE                 1.500000    1.584225   -0.084225 (VIOLATED)
ANTENNA_457/DIODE                       1.500000    1.584182   -0.084182 (VIOLATED)
ANTENNA_mprj.team_09_Wrapper.team_09_WB.instance_to_wrap_gpio_out[3]/DIODE    1.500000    1.584182   -0.084182 (VIOLATED)
mprj.team_09_Wrapper.team_09_WB.instance_to_wrap/gpio_out[3]    1.500000    1.584182   -0.084182 (VIOLATED)
ANTENNA_mprj.team_06_Wrapper.team_06_WB.instance_to_wrap_gpio_in[1]/DIODE    1.500000    1.583001   -0.083001 (VIOLATED)
ANTENNA_mprj.team_03_Wrapper.team_03_WB.instance_to_wrap_ADR_O[8]/DIODE    1.500000    1.582763   -0.082763 (VIOLATED)
mprj.team_03_Wrapper.team_03_WB.instance_to_wrap/ADR_O[8]    1.500000    1.582763   -0.082763 (VIOLATED)
ANTENNA__4428__A1/DIODE                 1.500000    1.582070   -0.082070 (VIOLATED)
_4428_/A1                               1.500000    1.582062   -0.082062 (VIOLATED)
_4434_/A2                               1.500000    1.581962   -0.081962 (VIOLATED)
ANTENNA__4434__A2/DIODE                 1.500000    1.581840   -0.081840 (VIOLATED)
ANTENNA_mprj.team_01_Wrapper.team_01_WB.instance_to_wrap_gpio_out[2]/DIODE    1.500000    1.581142   -0.081142 (VIOLATED)
mprj.team_01_Wrapper.team_01_WB.instance_to_wrap/gpio_out[2]    1.500000    1.581142   -0.081142 (VIOLATED)
ANTENNA_mprj.team_03_Wrapper.team_03_WB.instance_to_wrap_ADR_O[11]/DIODE    1.500000    1.580726   -0.080726 (VIOLATED)
mprj.team_03_Wrapper.team_03_WB.instance_to_wrap/ADR_O[11]    1.500000    1.580726   -0.080726 (VIOLATED)
_4091_/B                                1.500000    1.579721   -0.079721 (VIOLATED)
ANTENNA__4091__B/DIODE                  1.500000    1.579712   -0.079712 (VIOLATED)
ANTENNA__4092__B/DIODE                  1.500000    1.579692   -0.079692 (VIOLATED)
_4092_/B                                1.500000    1.579619   -0.079619 (VIOLATED)
_4105_/A1                               1.500000    1.579610   -0.079610 (VIOLATED)
ANTENNA__4105__A1/DIODE                 1.500000    1.579555   -0.079555 (VIOLATED)
_7470_/B                                1.500000    1.576690   -0.076690 (VIOLATED)
ANTENNA__7470__B/DIODE                  1.500000    1.576585   -0.076585 (VIOLATED)
mprj.team_06_Wrapper.team_06_WB.instance_to_wrap/gpio_in[1]    1.500000    1.575280   -0.075280 (VIOLATED)
ANTENNA_739/DIODE                       1.500000    1.573929   -0.073930 (VIOLATED)
ANTENNA_738/DIODE                       1.500000    1.573849   -0.073849 (VIOLATED)
ANTENNA_742/DIODE                       1.500000    1.573796   -0.073796 (VIOLATED)
ANTENNA_740/DIODE                       1.500000    1.573784   -0.073784 (VIOLATED)
ANTENNA_737/DIODE                       1.500000    1.573760   -0.073760 (VIOLATED)
ANTENNA_744/DIODE                       1.500000    1.573709   -0.073710 (VIOLATED)
ANTENNA_743/DIODE                       1.500000    1.573687   -0.073687 (VIOLATED)
ANTENNA_741/DIODE                       1.500000    1.573321   -0.073321 (VIOLATED)
ANTENNA__6329__B2/DIODE                 1.500000    1.573099   -0.073099 (VIOLATED)
_6329_/B2                               1.500000    1.572930   -0.072930 (VIOLATED)
ANTENNA_mprj.team_03_Wrapper.team_03_WB.instance_to_wrap_WE_O/DIODE    1.500000    1.569147   -0.069147 (VIOLATED)
ANTENNA_mprj.team_03_Wrapper.team_03_WB.instance_to_wrap_DAT_O[19]/DIODE    1.500000    1.569110   -0.069110 (VIOLATED)
mprj.team_03_Wrapper.team_03_WB.instance_to_wrap/DAT_O[19]    1.500000    1.569110   -0.069110 (VIOLATED)
mprj.team_03_Wrapper.team_03_WB.instance_to_wrap/WE_O    1.500000    1.569046   -0.069046 (VIOLATED)
ANTENNA_mprj.team_04_Wrapper.team_04_WB.instance_to_wrap_gpio_in[3]/DIODE    1.500000    1.568302   -0.068302 (VIOLATED)
_6300_/A                                1.500000    1.562778   -0.062778 (VIOLATED)
ANTENNA__6300__A/DIODE                  1.500000    1.562704   -0.062704 (VIOLATED)
mprj.team_06_Wrapper.team_06_WB.instance_to_wrap/gpio_in[15]    1.500000    1.559726   -0.059726 (VIOLATED)
ANTENNA_63/DIODE                        1.500000    1.558457   -0.058457 (VIOLATED)
ANTENNA_66/DIODE                        1.500000    1.558456   -0.058456 (VIOLATED)
ANTENNA_64/DIODE                        1.500000    1.558029   -0.058029 (VIOLATED)
ANTENNA_67/DIODE                        1.500000    1.558028   -0.058028 (VIOLATED)
ANTENNA_65/DIODE                        1.500000    1.558028   -0.058028 (VIOLATED)
ANTENNA_62/DIODE                        1.500000    1.558027   -0.058027 (VIOLATED)
ANTENNA_mprj.team_03_Wrapper.team_03_WB.instance_to_wrap_DAT_O[3]/DIODE    1.500000    1.557985   -0.057985 (VIOLATED)
mprj.team_11_Wrapper.team_11_WB.instance_to_wrap/gpio_in[26]    1.500000    1.557885   -0.057885 (VIOLATED)
mprj.team_03_Wrapper.team_03_WB.instance_to_wrap/DAT_O[3]    1.500000    1.557850   -0.057850 (VIOLATED)
ANTENNA_mprj.team_11_Wrapper.team_11_WB.instance_to_wrap_gpio_in[26]/DIODE    1.500000    1.557555   -0.057555 (VIOLATED)
ANTENNA_mprj.team_06_Wrapper.team_06_WB.instance_to_wrap_gpio_in[15]/DIODE    1.500000    1.556885   -0.056885 (VIOLATED)
ANTENNA_mprj.team_03_Wrapper.team_03_WB.instance_to_wrap_ADR_O[15]/DIODE    1.500000    1.556584   -0.056584 (VIOLATED)
mprj.team_03_Wrapper.team_03_WB.instance_to_wrap/ADR_O[15]    1.500000    1.556584   -0.056584 (VIOLATED)
_8053_/A1                               1.500000    1.554227   -0.054227 (VIOLATED)
ANTENNA__8053__A1/DIODE                 1.500000    1.554124   -0.054124 (VIOLATED)
mprj.team_04_Wrapper.team_04_WB.instance_to_wrap/gpio_in[3]    1.500000    1.551664   -0.051665 (VIOLATED)
ANTENNA_mprj.team_06_Wrapper.team_06_WB.instance_to_wrap_gpio_oeb[8]/DIODE    1.500000    1.551036   -0.051036 (VIOLATED)
mprj.team_06_Wrapper.team_06_WB.instance_to_wrap/gpio_oeb[8]    1.500000    1.551008   -0.051008 (VIOLATED)
ANTENNA_mprj.team_09_Wrapper.team_09_WB.instance_to_wrap_gpio_in[30]/DIODE    1.500000    1.550922   -0.050922 (VIOLATED)
ANTENNA_mprj.team_08_Wrapper.team_08_WB.instance_to_wrap_gpio_out[7]/DIODE    1.500000    1.550820   -0.050821 (VIOLATED)
mprj.team_08_Wrapper.team_08_WB.instance_to_wrap/gpio_out[7]    1.500000    1.550606   -0.050606 (VIOLATED)
ANTENNA__4967__A1/DIODE                 1.500000    1.550369   -0.050369 (VIOLATED)
_4967_/A1                               1.500000    1.550368   -0.050368 (VIOLATED)
_4974_/A2                               1.500000    1.550307   -0.050307 (VIOLATED)
ANTENNA__4974__A2/DIODE                 1.500000    1.550235   -0.050235 (VIOLATED)
ANTENNA_58/DIODE                        1.500000    1.549916   -0.049916 (VIOLATED)
ANTENNA_mprj.team_03_Wrapper.team_03_WB.instance_to_wrap_ADR_O[2]/DIODE    1.500000    1.549536   -0.049536 (VIOLATED)
mprj.team_03_Wrapper.team_03_WB.instance_to_wrap/ADR_O[2]    1.500000    1.549536   -0.049536 (VIOLATED)
ANTENNA_mprj.team_05_Wrapper.team_05_WB.instance_to_wrap_gpio_out[10]/DIODE    1.500000    1.548458   -0.048458 (VIOLATED)
mprj.team_05_Wrapper.team_05_WB.instance_to_wrap/gpio_out[10]    1.500000    1.548402   -0.048402 (VIOLATED)
mprj.team_11_Wrapper.team_11_WB.instance_to_wrap/en    1.500000    1.548234   -0.048234 (VIOLATED)
ANTENNA_mprj.team_11_Wrapper.team_11_WB.instance_to_wrap_en/DIODE    1.500000    1.548147   -0.048147 (VIOLATED)
_6372_/A                                1.500000    1.547888   -0.047888 (VIOLATED)
_4934_/A2                               1.500000    1.547835   -0.047835 (VIOLATED)
ANTENNA__6372__A/DIODE                  1.500000    1.547820   -0.047820 (VIOLATED)
ANTENNA__4928__A1/DIODE                 1.500000    1.547744   -0.047744 (VIOLATED)
ANTENNA__4934__A2/DIODE                 1.500000    1.547732   -0.047732 (VIOLATED)
_4928_/A1                               1.500000    1.547652   -0.047652 (VIOLATED)
output123/A                             1.500000    1.547382   -0.047382 (VIOLATED)
ANTENNA_output123_A/DIODE               1.500000    1.546770   -0.046770 (VIOLATED)
wire790/A                               1.500000    1.546449   -0.046450 (VIOLATED)
ANTENNA_mprj.team_06_Wrapper.team_06_WB.instance_to_wrap_gpio_out[9]/DIODE    1.500000    1.545946   -0.045946 (VIOLATED)
mprj.team_06_Wrapper.team_06_WB.instance_to_wrap/gpio_out[9]    1.500000    1.545942   -0.045942 (VIOLATED)
ANTENNA_wire790_A/DIODE                 1.500000    1.545646   -0.045646 (VIOLATED)
_8038_/B2                               1.500000    1.544999   -0.044999 (VIOLATED)
ANTENNA_mprj.team_09_Wrapper.team_09_WB.instance_to_wrap_gpio_in[4]/DIODE    1.500000    1.544931   -0.044931 (VIOLATED)
ANTENNA__8038__B2/DIODE                 1.500000    1.544896   -0.044896 (VIOLATED)
ANTENNA_mprj.team_05_Wrapper.team_05_WB.instance_to_wrap_gpio_in[8]/DIODE    1.500000    1.542377   -0.042377 (VIOLATED)
mprj.team_05_Wrapper.team_05_WB.instance_to_wrap/gpio_in[8]    1.500000    1.542068   -0.042068 (VIOLATED)
mprj.team_09_Wrapper.team_09_WB.instance_to_wrap/gpio_in[30]    1.500000    1.538820   -0.038820 (VIOLATED)
output122/A                             1.500000    1.537582   -0.037582 (VIOLATED)
ANTENNA_output122_A/DIODE               1.500000    1.537343   -0.037343 (VIOLATED)
mprj.team_09_Wrapper.team_09_WB.instance_to_wrap/gpio_in[4]    1.500000    1.535476   -0.035476 (VIOLATED)
mprj.team_03_Wrapper.team_03_WB.instance_to_wrap/gpio_in[9]    1.500000    1.531239   -0.031239 (VIOLATED)
ANTENNA_mprj.team_04_Wrapper.team_04_WB.instance_to_wrap_gpio_in[16]/DIODE    1.500000    1.531225   -0.031225 (VIOLATED)
ANTENNA_mprj.team_03_Wrapper.team_03_WB.instance_to_wrap_gpio_in[9]/DIODE    1.500000    1.531131   -0.031131 (VIOLATED)
mprj.team_04_Wrapper.team_04_WB.instance_to_wrap/gpio_in[16]    1.500000    1.531112   -0.031112 (VIOLATED)
_6658_/A                                1.500000    1.530800   -0.030800 (VIOLATED)
ANTENNA__6658__A/DIODE                  1.500000    1.530713   -0.030713 (VIOLATED)
ANTENNA_mprj.team_03_Wrapper.team_03_WB.instance_to_wrap_DAT_O[18]/DIODE    1.500000    1.530053   -0.030053 (VIOLATED)
mprj.team_03_Wrapper.team_03_WB.instance_to_wrap/DAT_O[18]    1.500000    1.530053   -0.030053 (VIOLATED)
ANTENNA_mprj.team_03_Wrapper.team_03_WB.instance_to_wrap_ADR_O[6]/DIODE    1.500000    1.528867   -0.028867 (VIOLATED)
mprj.team_03_Wrapper.team_03_WB.instance_to_wrap/ADR_O[6]    1.500000    1.528867   -0.028867 (VIOLATED)
ANTENNA_mprj.team_06_Wrapper.team_06_WB.instance_to_wrap_gpio_oeb[19]/DIODE    1.500000    1.524803   -0.024803 (VIOLATED)
mprj.team_06_Wrapper.team_06_WB.instance_to_wrap/gpio_oeb[19]    1.500000    1.524726   -0.024726 (VIOLATED)
_6261_/A3                               1.500000    1.523291   -0.023291 (VIOLATED)
ANTENNA__6261__A3/DIODE                 1.500000    1.523232   -0.023232 (VIOLATED)
ANTENNA_129/DIODE                       1.500000    1.523135   -0.023135 (VIOLATED)
_4859_/A1                               1.500000    1.522408   -0.022408 (VIOLATED)
ANTENNA__4859__A1/DIODE                 1.500000    1.522385   -0.022385 (VIOLATED)
_4866_/A2                               1.500000    1.522281   -0.022281 (VIOLATED)
ANTENNA__4866__A2/DIODE                 1.500000    1.522186   -0.022186 (VIOLATED)
ANTENNA_mprj.team_03_Wrapper.team_03_WB.instance_to_wrap_ADR_O[30]/DIODE    1.500000    1.521553   -0.021553 (VIOLATED)
mprj.team_03_Wrapper.team_03_WB.instance_to_wrap/ADR_O[30]    1.500000    1.521547   -0.021548 (VIOLATED)
hold1745/X                              1.499524    1.520330   -0.020806 (VIOLATED)
ANTENNA_mprj.team_07_Wrapper.team_07_WB.instance_to_wrap_gpio_in[20]/DIODE    1.500000    1.520723   -0.020723 (VIOLATED)
mprj.team_07_Wrapper.team_07_WB.instance_to_wrap/gpio_in[20]    1.500000    1.520689   -0.020689 (VIOLATED)
ANTENNA_hold1745_X/DIODE                1.500000    1.520352   -0.020352 (VIOLATED)
ANTENNA_mprj.team_03_Wrapper.team_03_WB.instance_to_wrap_ADR_O[13]/DIODE    1.500000    1.519901   -0.019901 (VIOLATED)
mprj.team_03_Wrapper.team_03_WB.instance_to_wrap/ADR_O[13]    1.500000    1.519901   -0.019901 (VIOLATED)
_4223_/A2                               1.500000    1.519662   -0.019663 (VIOLATED)
mprj.team_11_Wrapper.team_11_WB.instance_to_wrap/gpio_in[5]    1.500000    1.519635   -0.019635 (VIOLATED)
_4217_/A1                               1.500000    1.519608   -0.019608 (VIOLATED)
ANTENNA__4223__A2/DIODE                 1.500000    1.519587   -0.019587 (VIOLATED)
ANTENNA__4217__A1/DIODE                 1.500000    1.519491   -0.019491 (VIOLATED)
ANTENNA__4155__A1/DIODE                 1.500000    1.519370   -0.019370 (VIOLATED)
_4155_/A1                               1.500000    1.519369   -0.019369 (VIOLATED)
ANTENNA__4161__A2/DIODE                 1.500000    1.519324   -0.019324 (VIOLATED)
_4161_/A2                               1.500000    1.519230   -0.019230 (VIOLATED)
ANTENNA_mprj.team_06_Wrapper.team_06_WB.instance_to_wrap_gpio_out[27]/DIODE    1.500000    1.518143   -0.018143 (VIOLATED)
mprj.team_06_Wrapper.team_06_WB.instance_to_wrap/gpio_out[27]    1.500000    1.518037   -0.018037 (VIOLATED)
ANTENNA_mprj.team_07_Wrapper.team_07_WB.instance_to_wrap_gpio_in[26]/DIODE    1.500000    1.517525   -0.017526 (VIOLATED)
mprj.team_07_Wrapper.team_07_WB.instance_to_wrap/gpio_in[26]    1.500000    1.517511   -0.017511 (VIOLATED)
ANTENNA_mprj.team_06_Wrapper.team_06_WB.instance_to_wrap_gpio_oeb[17]/DIODE    1.500000    1.517390   -0.017390 (VIOLATED)
mprj.team_06_Wrapper.team_06_WB.instance_to_wrap/gpio_oeb[17]    1.500000    1.517307   -0.017307 (VIOLATED)
mprj.team_02_Wrapper.team_02_WB.instance_to_wrap/gpio_in[17]    1.500000    1.516604   -0.016604 (VIOLATED)
ANTENNA_mprj.team_09_Wrapper.team_09_WB.instance_to_wrap_gpio_in[12]/DIODE    1.500000    1.516413   -0.016413 (VIOLATED)
ANTENNA_mprj.team_02_Wrapper.team_02_WB.instance_to_wrap_gpio_in[17]/DIODE    1.500000    1.516266   -0.016266 (VIOLATED)
mprj.team_09_Wrapper.team_09_WB.instance_to_wrap/gpio_in[12]    1.500000    1.516203   -0.016203 (VIOLATED)
_6451_/A1                               1.500000    1.515852   -0.015852 (VIOLATED)
ANTENNA__6451__A1/DIODE                 1.500000    1.515805   -0.015805 (VIOLATED)
output165/A                             1.500000    1.514825   -0.014825 (VIOLATED)
_4672_/A2                               1.500000    1.514628   -0.014628 (VIOLATED)
ANTENNA_output165_A/DIODE               1.500000    1.514599   -0.014599 (VIOLATED)
ANTENNA__4672__A2/DIODE                 1.500000    1.514533   -0.014533 (VIOLATED)
ANTENNA__4666__A1/DIODE                 1.500000    1.514472   -0.014472 (VIOLATED)
_4666_/A1                               1.500000    1.514448   -0.014448 (VIOLATED)
ANTENNA_mprj.team_09_Wrapper.team_09_WB.instance_to_wrap_gpio_in[17]/DIODE    1.500000    1.510605   -0.010606 (VIOLATED)
mprj.team_09_Wrapper.team_09_WB.instance_to_wrap/gpio_in[17]    1.500000    1.510297   -0.010297 (VIOLATED)
ANTENNA_mprj.team_01_Wrapper.team_01_WB.instance_to_wrap_DAT_O[30]/DIODE    1.500000    1.507944   -0.007945 (VIOLATED)
mprj.team_01_Wrapper.team_01_WB.instance_to_wrap/DAT_O[30]    1.500000    1.507893   -0.007893 (VIOLATED)
ANTENNA__4658__A2/DIODE                 1.500000    1.507498   -0.007498 (VIOLATED)
_4658_/A2                               1.500000    1.507494   -0.007494 (VIOLATED)
ANTENNA__4652__A1/DIODE                 1.500000    1.507490   -0.007490 (VIOLATED)
_4652_/A1                               1.500000    1.507462   -0.007462 (VIOLATED)
ANTENNA__4614__A1/DIODE                 1.500000    1.506030   -0.006030 (VIOLATED)
_4614_/A1                               1.500000    1.505990   -0.005990 (VIOLATED)
_4620_/A2                               1.500000    1.505939   -0.005939 (VIOLATED)
ANTENNA__4620__A2/DIODE                 1.500000    1.505844   -0.005844 (VIOLATED)
_7952_/A1                               1.500000    1.505646   -0.005646 (VIOLATED)
ANTENNA__7952__A1/DIODE                 1.500000    1.505633   -0.005633 (VIOLATED)
_4659_/A2                               1.500000    1.504413   -0.004413 (VIOLATED)
_4653_/A1                               1.500000    1.504332   -0.004332 (VIOLATED)
ANTENNA__4659__A2/DIODE                 1.500000    1.504286   -0.004286 (VIOLATED)
ANTENNA__4653__A1/DIODE                 1.500000    1.504236   -0.004236 (VIOLATED)
_6268_/C                                1.500000    1.503320   -0.003320 (VIOLATED)
ANTENNA__6268__C/DIODE                  1.500000    1.503273   -0.003273 (VIOLATED)
_8052_/A                                1.500000    1.503105   -0.003105 (VIOLATED)
ANTENNA__8052__A/DIODE                  1.500000    1.503101   -0.003101 (VIOLATED)
mprj.team_03_Wrapper.team_03_WB.instance_to_wrap/gpio_in[12]    1.500000    1.502524   -0.002524 (VIOLATED)
ANTENNA_mprj.team_03_Wrapper.team_03_WB.instance_to_wrap_gpio_in[12]/DIODE    1.500000    1.502064   -0.002064 (VIOLATED)
ANTENNA_mprj.team_11_Wrapper.team_11_WB.instance_to_wrap_gpio_out[20]/DIODE    1.500000    1.501281   -0.001281 (VIOLATED)
mprj.team_11_Wrapper.team_11_WB.instance_to_wrap/gpio_out[20]    1.500000    1.501275   -0.001275 (VIOLATED)

max fanout

Pin                                   Limit Fanout  Slack
---------------------------------------------------------
clkbuf_5_22_0_wb_clk_i_regs/X            10     31    -21 (VIOLATED)
clkbuf_5_12_0_wb_clk_i_regs/X            10     29    -19 (VIOLATED)
clkbuf_5_17_0_wb_clk_i_regs/X            10     29    -19 (VIOLATED)
clkbuf_5_23_0_wb_clk_i_regs/X            10     29    -19 (VIOLATED)
clkbuf_5_20_0_wb_clk_i_regs/X            10     25    -15 (VIOLATED)
hold29/X                                 10     25    -15 (VIOLATED)
mprj.team_09_Wrapper.team_09_WB.instance_to_wrap/gpio_oeb[12]     10     25    -15 (VIOLATED)
clkbuf_5_13_0_wb_clk_i_regs/X            10     23    -13 (VIOLATED)
clkbuf_5_16_0_wb_clk_i_regs/X            10     23    -13 (VIOLATED)
clkbuf_5_26_0_wb_clk_i_regs/X            10     23    -13 (VIOLATED)
clkbuf_5_4_0_wb_clk_i_regs/X             10     23    -13 (VIOLATED)
clkbuf_5_5_0_wb_clk_i_regs/X             10     23    -13 (VIOLATED)
clkbuf_5_6_0_wb_clk_i_regs/X             10     23    -13 (VIOLATED)
clkbuf_5_7_0_wb_clk_i_regs/X             10     23    -13 (VIOLATED)
fanout539/X                              10     23    -13 (VIOLATED)
hold8/X                                  10     23    -13 (VIOLATED)
fanout248/X                              10     22    -12 (VIOLATED)
fanout252/X                              10     22    -12 (VIOLATED)
fanout266/X                              10     22    -12 (VIOLATED)
fanout320/X                              10     22    -12 (VIOLATED)
fanout362/X                              10     22    -12 (VIOLATED)
fanout399/X                              10     22    -12 (VIOLATED)
fanout564/X                              10     22    -12 (VIOLATED)
fanout572/X                              10     22    -12 (VIOLATED)
fanout573/X                              10     22    -12 (VIOLATED)
fanout625/X                              10     22    -12 (VIOLATED)
_4075_/Y                                 10     21    -11 (VIOLATED)
_4168_/Y                                 10     21    -11 (VIOLATED)
_4270_/Y                                 10     21    -11 (VIOLATED)
_4305_/Y                                 10     21    -11 (VIOLATED)
_8561_/Q                                 10     21    -11 (VIOLATED)
_8580_/Q                                 10     21    -11 (VIOLATED)
_8622_/Q                                 10     21    -11 (VIOLATED)
_8652_/Q                                 10     21    -11 (VIOLATED)
_8664_/Q                                 10     21    -11 (VIOLATED)
_8847_/Q                                 10     21    -11 (VIOLATED)
_8848_/Q                                 10     21    -11 (VIOLATED)
fanout208/X                              10     21    -11 (VIOLATED)
fanout211/X                              10     21    -11 (VIOLATED)
fanout212/X                              10     21    -11 (VIOLATED)
fanout213/X                              10     21    -11 (VIOLATED)
fanout215/X                              10     21    -11 (VIOLATED)
fanout217/X                              10     21    -11 (VIOLATED)
fanout219/X                              10     21    -11 (VIOLATED)
fanout221/X                              10     21    -11 (VIOLATED)
fanout223/X                              10     21    -11 (VIOLATED)
fanout225/X                              10     21    -11 (VIOLATED)
fanout227/X                              10     21    -11 (VIOLATED)
fanout229/X                              10     21    -11 (VIOLATED)
fanout230/X                              10     21    -11 (VIOLATED)
fanout231/X                              10     21    -11 (VIOLATED)
fanout232/X                              10     21    -11 (VIOLATED)
fanout235/X                              10     21    -11 (VIOLATED)
fanout236/X                              10     21    -11 (VIOLATED)
fanout239/X                              10     21    -11 (VIOLATED)
fanout240/X                              10     21    -11 (VIOLATED)
fanout241/X                              10     21    -11 (VIOLATED)
fanout242/X                              10     21    -11 (VIOLATED)
fanout245/X                              10     21    -11 (VIOLATED)
fanout247/X                              10     21    -11 (VIOLATED)
fanout250/X                              10     21    -11 (VIOLATED)
fanout253/X                              10     21    -11 (VIOLATED)
fanout255/X                              10     21    -11 (VIOLATED)
fanout256/X                              10     21    -11 (VIOLATED)
fanout257/X                              10     21    -11 (VIOLATED)
fanout259/X                              10     21    -11 (VIOLATED)
fanout263/X                              10     21    -11 (VIOLATED)
fanout268/X                              10     21    -11 (VIOLATED)
fanout272/X                              10     21    -11 (VIOLATED)
fanout275/X                              10     21    -11 (VIOLATED)
fanout277/X                              10     21    -11 (VIOLATED)
fanout279/X                              10     21    -11 (VIOLATED)
fanout280/X                              10     21    -11 (VIOLATED)
fanout282/X                              10     21    -11 (VIOLATED)
fanout283/X                              10     21    -11 (VIOLATED)
fanout286/X                              10     21    -11 (VIOLATED)
fanout287/X                              10     21    -11 (VIOLATED)
fanout289/X                              10     21    -11 (VIOLATED)
fanout290/X                              10     21    -11 (VIOLATED)
fanout292/X                              10     21    -11 (VIOLATED)
fanout294/X                              10     21    -11 (VIOLATED)
fanout296/X                              10     21    -11 (VIOLATED)
fanout297/X                              10     21    -11 (VIOLATED)
fanout299/X                              10     21    -11 (VIOLATED)
fanout300/X                              10     21    -11 (VIOLATED)
fanout302/X                              10     21    -11 (VIOLATED)
fanout303/X                              10     21    -11 (VIOLATED)
fanout305/X                              10     21    -11 (VIOLATED)
fanout306/X                              10     21    -11 (VIOLATED)
fanout308/X                              10     21    -11 (VIOLATED)
fanout311/X                              10     21    -11 (VIOLATED)
fanout312/X                              10     21    -11 (VIOLATED)
fanout316/X                              10     21    -11 (VIOLATED)
fanout325/X                              10     21    -11 (VIOLATED)
fanout326/X                              10     21    -11 (VIOLATED)
fanout329/X                              10     21    -11 (VIOLATED)
fanout330/X                              10     21    -11 (VIOLATED)
fanout334/X                              10     21    -11 (VIOLATED)
fanout335/X                              10     21    -11 (VIOLATED)
fanout342/X                              10     21    -11 (VIOLATED)
fanout343/X                              10     21    -11 (VIOLATED)
fanout344/X                              10     21    -11 (VIOLATED)
fanout345/X                              10     21    -11 (VIOLATED)
fanout347/X                              10     21    -11 (VIOLATED)
fanout349/X                              10     21    -11 (VIOLATED)
fanout363/X                              10     21    -11 (VIOLATED)
fanout364/X                              10     21    -11 (VIOLATED)
fanout365/X                              10     21    -11 (VIOLATED)
fanout367/X                              10     21    -11 (VIOLATED)
fanout371/X                              10     21    -11 (VIOLATED)
fanout372/X                              10     21    -11 (VIOLATED)
fanout373/X                              10     21    -11 (VIOLATED)
fanout377/X                              10     21    -11 (VIOLATED)
fanout378/X                              10     21    -11 (VIOLATED)
fanout379/X                              10     21    -11 (VIOLATED)
fanout381/X                              10     21    -11 (VIOLATED)
fanout383/X                              10     21    -11 (VIOLATED)
fanout384/X                              10     21    -11 (VIOLATED)
fanout386/X                              10     21    -11 (VIOLATED)
fanout387/X                              10     21    -11 (VIOLATED)
fanout390/X                              10     21    -11 (VIOLATED)
fanout391/X                              10     21    -11 (VIOLATED)
fanout392/X                              10     21    -11 (VIOLATED)
fanout395/X                              10     21    -11 (VIOLATED)
fanout396/X                              10     21    -11 (VIOLATED)
fanout400/X                              10     21    -11 (VIOLATED)
fanout402/X                              10     21    -11 (VIOLATED)
fanout404/X                              10     21    -11 (VIOLATED)
fanout405/X                              10     21    -11 (VIOLATED)
fanout407/X                              10     21    -11 (VIOLATED)
fanout409/X                              10     21    -11 (VIOLATED)
fanout410/X                              10     21    -11 (VIOLATED)
fanout412/X                              10     21    -11 (VIOLATED)
fanout413/X                              10     21    -11 (VIOLATED)
fanout414/X                              10     21    -11 (VIOLATED)
fanout415/X                              10     21    -11 (VIOLATED)
fanout416/X                              10     21    -11 (VIOLATED)
fanout417/X                              10     21    -11 (VIOLATED)
fanout423/X                              10     21    -11 (VIOLATED)
fanout425/X                              10     21    -11 (VIOLATED)
fanout426/X                              10     21    -11 (VIOLATED)
fanout427/X                              10     21    -11 (VIOLATED)
fanout429/X                              10     21    -11 (VIOLATED)
fanout430/X                              10     21    -11 (VIOLATED)
fanout432/X                              10     21    -11 (VIOLATED)
fanout434/X                              10     21    -11 (VIOLATED)
fanout435/X                              10     21    -11 (VIOLATED)
fanout437/X                              10     21    -11 (VIOLATED)
fanout438/X                              10     21    -11 (VIOLATED)
fanout441/X                              10     21    -11 (VIOLATED)
fanout442/X                              10     21    -11 (VIOLATED)
fanout444/X                              10     21    -11 (VIOLATED)
fanout446/X                              10     21    -11 (VIOLATED)
fanout447/X                              10     21    -11 (VIOLATED)
fanout449/X                              10     21    -11 (VIOLATED)
fanout450/X                              10     21    -11 (VIOLATED)
fanout452/X                              10     21    -11 (VIOLATED)
fanout455/X                              10     21    -11 (VIOLATED)
fanout456/X                              10     21    -11 (VIOLATED)
fanout458/X                              10     21    -11 (VIOLATED)
fanout460/X                              10     21    -11 (VIOLATED)
fanout462/X                              10     21    -11 (VIOLATED)
fanout464/X                              10     21    -11 (VIOLATED)
fanout465/X                              10     21    -11 (VIOLATED)
fanout467/X                              10     21    -11 (VIOLATED)
fanout468/X                              10     21    -11 (VIOLATED)
fanout469/X                              10     21    -11 (VIOLATED)
fanout470/X                              10     21    -11 (VIOLATED)
fanout472/X                              10     21    -11 (VIOLATED)
fanout473/X                              10     21    -11 (VIOLATED)
fanout475/X                              10     21    -11 (VIOLATED)
fanout477/X                              10     21    -11 (VIOLATED)
fanout478/X                              10     21    -11 (VIOLATED)
fanout480/X                              10     21    -11 (VIOLATED)
fanout481/X                              10     21    -11 (VIOLATED)
fanout484/X                              10     21    -11 (VIOLATED)
fanout486/X                              10     21    -11 (VIOLATED)
fanout487/X                              10     21    -11 (VIOLATED)
fanout489/X                              10     21    -11 (VIOLATED)
fanout491/X                              10     21    -11 (VIOLATED)
fanout492/X                              10     21    -11 (VIOLATED)
fanout494/X                              10     21    -11 (VIOLATED)
fanout495/X                              10     21    -11 (VIOLATED)
fanout497/X                              10     21    -11 (VIOLATED)
fanout498/X                              10     21    -11 (VIOLATED)
fanout500/X                              10     21    -11 (VIOLATED)
fanout502/X                              10     21    -11 (VIOLATED)
fanout504/X                              10     21    -11 (VIOLATED)
fanout505/X                              10     21    -11 (VIOLATED)
fanout507/X                              10     21    -11 (VIOLATED)
fanout509/X                              10     21    -11 (VIOLATED)
fanout511/X                              10     21    -11 (VIOLATED)
fanout512/X                              10     21    -11 (VIOLATED)
fanout513/X                              10     21    -11 (VIOLATED)
fanout514/X                              10     21    -11 (VIOLATED)
fanout516/X                              10     21    -11 (VIOLATED)
fanout529/X                              10     21    -11 (VIOLATED)
fanout530/X                              10     21    -11 (VIOLATED)
fanout531/X                              10     21    -11 (VIOLATED)
fanout532/X                              10     21    -11 (VIOLATED)
fanout533/X                              10     21    -11 (VIOLATED)
fanout534/X                              10     21    -11 (VIOLATED)
fanout535/X                              10     21    -11 (VIOLATED)
fanout536/X                              10     21    -11 (VIOLATED)
fanout537/X                              10     21    -11 (VIOLATED)
fanout538/X                              10     21    -11 (VIOLATED)
fanout540/X                              10     21    -11 (VIOLATED)
fanout541/X                              10     21    -11 (VIOLATED)
fanout542/X                              10     21    -11 (VIOLATED)
fanout543/X                              10     21    -11 (VIOLATED)
fanout545/X                              10     21    -11 (VIOLATED)
fanout546/X                              10     21    -11 (VIOLATED)
fanout551/X                              10     21    -11 (VIOLATED)
fanout552/X                              10     21    -11 (VIOLATED)
fanout553/X                              10     21    -11 (VIOLATED)
fanout554/X                              10     21    -11 (VIOLATED)
fanout555/X                              10     21    -11 (VIOLATED)
fanout556/X                              10     21    -11 (VIOLATED)
fanout558/X                              10     21    -11 (VIOLATED)
fanout560/X                              10     21    -11 (VIOLATED)
fanout561/X                              10     21    -11 (VIOLATED)
fanout562/X                              10     21    -11 (VIOLATED)
fanout563/X                              10     21    -11 (VIOLATED)
fanout565/X                              10     21    -11 (VIOLATED)
fanout566/X                              10     21    -11 (VIOLATED)
fanout567/X                              10     21    -11 (VIOLATED)
fanout568/X                              10     21    -11 (VIOLATED)
fanout569/X                              10     21    -11 (VIOLATED)
fanout570/X                              10     21    -11 (VIOLATED)
fanout571/X                              10     21    -11 (VIOLATED)
fanout574/X                              10     21    -11 (VIOLATED)
fanout575/X                              10     21    -11 (VIOLATED)
fanout576/X                              10     21    -11 (VIOLATED)
fanout578/X                              10     21    -11 (VIOLATED)
fanout579/X                              10     21    -11 (VIOLATED)
fanout582/X                              10     21    -11 (VIOLATED)
fanout583/X                              10     21    -11 (VIOLATED)
fanout584/X                              10     21    -11 (VIOLATED)
fanout588/X                              10     21    -11 (VIOLATED)
fanout590/X                              10     21    -11 (VIOLATED)
fanout591/X                              10     21    -11 (VIOLATED)
fanout593/X                              10     21    -11 (VIOLATED)
fanout595/X                              10     21    -11 (VIOLATED)
fanout596/X                              10     21    -11 (VIOLATED)
fanout597/X                              10     21    -11 (VIOLATED)
fanout598/X                              10     21    -11 (VIOLATED)
fanout602/X                              10     21    -11 (VIOLATED)
fanout603/X                              10     21    -11 (VIOLATED)
fanout604/X                              10     21    -11 (VIOLATED)
fanout607/X                              10     21    -11 (VIOLATED)
fanout608/X                              10     21    -11 (VIOLATED)
fanout609/X                              10     21    -11 (VIOLATED)
fanout610/X                              10     21    -11 (VIOLATED)
fanout612/X                              10     21    -11 (VIOLATED)
fanout615/X                              10     21    -11 (VIOLATED)
fanout616/X                              10     21    -11 (VIOLATED)
fanout617/X                              10     21    -11 (VIOLATED)
fanout619/X                              10     21    -11 (VIOLATED)
fanout623/X                              10     21    -11 (VIOLATED)
fanout624/X                              10     21    -11 (VIOLATED)
fanout628/X                              10     21    -11 (VIOLATED)
fanout630/X                              10     21    -11 (VIOLATED)
fanout632/X                              10     21    -11 (VIOLATED)
fanout633/X                              10     21    -11 (VIOLATED)
fanout634/X                              10     21    -11 (VIOLATED)
fanout635/X                              10     21    -11 (VIOLATED)
fanout638/X                              10     21    -11 (VIOLATED)
fanout674/X                              10     21    -11 (VIOLATED)
fanout677/X                              10     21    -11 (VIOLATED)
fanout693/X                              10     21    -11 (VIOLATED)
fanout694/X                              10     21    -11 (VIOLATED)
fanout696/X                              10     21    -11 (VIOLATED)
fanout700/X                              10     21    -11 (VIOLATED)
fanout703/X                              10     21    -11 (VIOLATED)
fanout705/X                              10     21    -11 (VIOLATED)
fanout706/X                              10     21    -11 (VIOLATED)
fanout708/X                              10     21    -11 (VIOLATED)
fanout711/X                              10     21    -11 (VIOLATED)
fanout713/X                              10     21    -11 (VIOLATED)
fanout715/X                              10     21    -11 (VIOLATED)
fanout718/X                              10     21    -11 (VIOLATED)
fanout721/X                              10     21    -11 (VIOLATED)
fanout723/X                              10     21    -11 (VIOLATED)
fanout725/X                              10     21    -11 (VIOLATED)
fanout727/X                              10     21    -11 (VIOLATED)
fanout729/X                              10     21    -11 (VIOLATED)
fanout731/X                              10     21    -11 (VIOLATED)
fanout735/X                              10     21    -11 (VIOLATED)
fanout737/X                              10     21    -11 (VIOLATED)
fanout739/X                              10     21    -11 (VIOLATED)
fanout740/X                              10     21    -11 (VIOLATED)
hold175/X                                10     21    -11 (VIOLATED)
hold275/X                                10     21    -11 (VIOLATED)
hold28/X                                 10     21    -11 (VIOLATED)
hold453/X                                10     21    -11 (VIOLATED)
mprj.team_08_Wrapper.team_08_WB.instance_to_wrap/gpio_oeb[12]     10     21    -11 (VIOLATED)
fanout678/X                              10     20    -10 (VIOLATED)
_5114_/X                                 10     19     -9 (VIOLATED)
_8560_/Q                                 10     19     -9 (VIOLATED)
_8581_/Q                                 10     19     -9 (VIOLATED)
_8604_/Q                                 10     19     -9 (VIOLATED)
_8605_/Q                                 10     19     -9 (VIOLATED)
_8620_/Q                                 10     19     -9 (VIOLATED)
_8623_/Q                                 10     19     -9 (VIOLATED)
_8653_/Q                                 10     19     -9 (VIOLATED)
_8827_/Q                                 10     19     -9 (VIOLATED)
clkbuf_5_10_0_wb_clk_i_regs/X            10     19     -9 (VIOLATED)
clkbuf_5_15_0_wb_clk_i_regs/X            10     19     -9 (VIOLATED)
clkbuf_5_19_0_wb_clk_i_regs/X            10     19     -9 (VIOLATED)
clkbuf_5_3_0_wb_clk_i_regs/X             10     19     -9 (VIOLATED)
clkbuf_5_8_0_wb_clk_i_regs/X             10     19     -9 (VIOLATED)
fanout214/X                              10     19     -9 (VIOLATED)
fanout216/X                              10     19     -9 (VIOLATED)
fanout218/X                              10     19     -9 (VIOLATED)
fanout220/X                              10     19     -9 (VIOLATED)
fanout254/X                              10     19     -9 (VIOLATED)
fanout317/X                              10     19     -9 (VIOLATED)
fanout336/X                              10     19     -9 (VIOLATED)
fanout374/X                              10     19     -9 (VIOLATED)
fanout408/X                              10     19     -9 (VIOLATED)
fanout445/X                              10     19     -9 (VIOLATED)
fanout482/X                              10     19     -9 (VIOLATED)
fanout510/X                              10     19     -9 (VIOLATED)
fanout589/X                              10     19     -9 (VIOLATED)
fanout600/X                              10     19     -9 (VIOLATED)
fanout620/X                              10     19     -9 (VIOLATED)
fanout631/X                              10     19     -9 (VIOLATED)
fanout695/X                              10     19     -9 (VIOLATED)
fanout709/X                              10     19     -9 (VIOLATED)
fanout741/X                              10     19     -9 (VIOLATED)
hold13/X                                 10     19     -9 (VIOLATED)
hold150/X                                10     19     -9 (VIOLATED)
hold337/X                                10     19     -9 (VIOLATED)
hold550/X                                10     19     -9 (VIOLATED)
mprj.team_08_Wrapper.team_08_WB.instance_to_wrap/gpio_oeb[14]     10     19     -9 (VIOLATED)
mprj.team_08_Wrapper.team_08_WB.instance_to_wrap/gpio_oeb[7]     10     19     -9 (VIOLATED)
_4583_/Y                                 10     18     -8 (VIOLATED)
clkbuf_5_27_0_wb_clk_i_regs/X            10     18     -8 (VIOLATED)
fanout304/X                              10     18     -8 (VIOLATED)
hold800/X                                10     18     -8 (VIOLATED)
input41/X                                10     18     -8 (VIOLATED)
mprj.team_05_Wrapper.team_05_WB.instance_to_wrap/gpio_oeb[32]     10     18     -8 (VIOLATED)
mprj.team_08_Wrapper.team_08_WB.instance_to_wrap/gpio_oeb[5]     10     18     -8 (VIOLATED)
wire653/X                                10     18     -8 (VIOLATED)
_4108_/X                                 10     17     -7 (VIOLATED)
_4304_/X                                 10     17     -7 (VIOLATED)
_4812_/Y                                 10     17     -7 (VIOLATED)
_5077_/Y                                 10     17     -7 (VIOLATED)
_5080_/Y                                 10     17     -7 (VIOLATED)
_5154_/Y                                 10     17     -7 (VIOLATED)
_5191_/Y                                 10     17     -7 (VIOLATED)
_5287_/X                                 10     17     -7 (VIOLATED)
_5376_/Y                                 10     17     -7 (VIOLATED)
_5937_/Y                                 10     17     -7 (VIOLATED)
_6192_/X                                 10     17     -7 (VIOLATED)
_6214_/X                                 10     17     -7 (VIOLATED)
_6251_/X                                 10     17     -7 (VIOLATED)
_6317_/X                                 10     17     -7 (VIOLATED)
_6324_/X                                 10     17     -7 (VIOLATED)
_6349_/X                                 10     17     -7 (VIOLATED)
_6353_/X                                 10     17     -7 (VIOLATED)
_6421_/X                                 10     17     -7 (VIOLATED)
_6422_/X                                 10     17     -7 (VIOLATED)
_6460_/X                                 10     17     -7 (VIOLATED)
_6462_/X                                 10     17     -7 (VIOLATED)
_6496_/X                                 10     17     -7 (VIOLATED)
_6498_/X                                 10     17     -7 (VIOLATED)
_6536_/X                                 10     17     -7 (VIOLATED)
_6572_/X                                 10     17     -7 (VIOLATED)
_6606_/X                                 10     17     -7 (VIOLATED)
_6647_/X                                 10     17     -7 (VIOLATED)
_6679_/X                                 10     17     -7 (VIOLATED)
_6712_/X                                 10     17     -7 (VIOLATED)
_6717_/X                                 10     17     -7 (VIOLATED)
_6749_/X                                 10     17     -7 (VIOLATED)
_6753_/X                                 10     17     -7 (VIOLATED)
_6784_/X                                 10     17     -7 (VIOLATED)
_6787_/X                                 10     17     -7 (VIOLATED)
_6823_/X                                 10     17     -7 (VIOLATED)
_6824_/X                                 10     17     -7 (VIOLATED)
_6854_/X                                 10     17     -7 (VIOLATED)
_6855_/X                                 10     17     -7 (VIOLATED)
_6889_/X                                 10     17     -7 (VIOLATED)
_6891_/X                                 10     17     -7 (VIOLATED)
_6937_/Y                                 10     17     -7 (VIOLATED)
_6964_/X                                 10     17     -7 (VIOLATED)
_7427_/X                                 10     17     -7 (VIOLATED)
_7653_/X                                 10     17     -7 (VIOLATED)
_7683_/X                                 10     17     -7 (VIOLATED)
_7686_/X                                 10     17     -7 (VIOLATED)
_7722_/X                                 10     17     -7 (VIOLATED)
_7753_/X                                 10     17     -7 (VIOLATED)
_7754_/X                                 10     17     -7 (VIOLATED)
_7790_/X                                 10     17     -7 (VIOLATED)
_7829_/X                                 10     17     -7 (VIOLATED)
_7892_/X                                 10     17     -7 (VIOLATED)
_7894_/X                                 10     17     -7 (VIOLATED)
_7926_/X                                 10     17     -7 (VIOLATED)
_7930_/X                                 10     17     -7 (VIOLATED)
_7963_/X                                 10     17     -7 (VIOLATED)
_7997_/X                                 10     17     -7 (VIOLATED)
_7999_/X                                 10     17     -7 (VIOLATED)
_8028_/X                                 10     17     -7 (VIOLATED)
_8069_/X                                 10     17     -7 (VIOLATED)
_8071_/X                                 10     17     -7 (VIOLATED)
_8602_/Q                                 10     17     -7 (VIOLATED)
_8659_/Q                                 10     17     -7 (VIOLATED)
_8686_/Q                                 10     17     -7 (VIOLATED)
_8687_/Q                                 10     17     -7 (VIOLATED)
_8845_/Q                                 10     17     -7 (VIOLATED)
_8849_/Q                                 10     17     -7 (VIOLATED)
clkbuf_5_0_0_wb_clk_i_regs/X             10     17     -7 (VIOLATED)
clkbuf_5_11_0_wb_clk_i_regs/X            10     17     -7 (VIOLATED)
clkbuf_5_21_0_wb_clk_i_regs/X            10     17     -7 (VIOLATED)
clkbuf_5_29_0_wb_clk_i_regs/X            10     17     -7 (VIOLATED)
clkbuf_5_31_0_wb_clk_i_regs/X            10     17     -7 (VIOLATED)
clkbuf_5_9_0_wb_clk_i_regs/X             10     17     -7 (VIOLATED)
fanout233/X                              10     17     -7 (VIOLATED)
fanout234/X                              10     17     -7 (VIOLATED)
fanout249/X                              10     17     -7 (VIOLATED)
fanout284/X                              10     17     -7 (VIOLATED)
fanout301/X                              10     17     -7 (VIOLATED)
fanout314/X                              10     17     -7 (VIOLATED)
fanout321/X                              10     17     -7 (VIOLATED)
fanout327/X                              10     17     -7 (VIOLATED)
fanout337/X                              10     17     -7 (VIOLATED)
fanout382/X                              10     17     -7 (VIOLATED)
fanout403/X                              10     17     -7 (VIOLATED)
fanout436/X                              10     17     -7 (VIOLATED)
fanout471/X                              10     17     -7 (VIOLATED)
fanout493/X                              10     17     -7 (VIOLATED)
fanout496/X                              10     17     -7 (VIOLATED)
fanout501/X                              10     17     -7 (VIOLATED)
fanout699/X                              10     17     -7 (VIOLATED)
fanout722/X                              10     17     -7 (VIOLATED)
fanout728/X                              10     17     -7 (VIOLATED)
hold231/X                                10     17     -7 (VIOLATED)
mprj.team_08_Wrapper.team_08_WB.instance_to_wrap/gpio_out[1]     10     17     -7 (VIOLATED)
wire315/X                                10     17     -7 (VIOLATED)
wire319/X                                10     17     -7 (VIOLATED)
_6311_/X                                 10     16     -6 (VIOLATED)
_7860_/X                                 10     16     -6 (VIOLATED)
fanout457/X                              10     16     -6 (VIOLATED)
hold201/X                                10     16     -6 (VIOLATED)
input42/X                                10     16     -6 (VIOLATED)
input70/X                                10     16     -6 (VIOLATED)
_4029_/Y                                 10     15     -5 (VIOLATED)
_4071_/Y                                 10     15     -5 (VIOLATED)
_4141_/X                                 10     15     -5 (VIOLATED)
_4281_/X                                 10     15     -5 (VIOLATED)
_5082_/Y                                 10     15     -5 (VIOLATED)
_5097_/X                                 10     15     -5 (VIOLATED)
_5192_/Y                                 10     15     -5 (VIOLATED)
_5289_/Y                                 10     15     -5 (VIOLATED)
_5481_/X                                 10     15     -5 (VIOLATED)
_6184_/Y                                 10     15     -5 (VIOLATED)
_6185_/Y                                 10     15     -5 (VIOLATED)
_6196_/X                                 10     15     -5 (VIOLATED)
_6209_/Y                                 10     15     -5 (VIOLATED)
_6210_/Y                                 10     15     -5 (VIOLATED)
_6246_/Y                                 10     15     -5 (VIOLATED)
_6250_/X                                 10     15     -5 (VIOLATED)
_6282_/Y                                 10     15     -5 (VIOLATED)
_6285_/X                                 10     15     -5 (VIOLATED)
_6355_/Y                                 10     15     -5 (VIOLATED)
_6384_/Y                                 10     15     -5 (VIOLATED)
_6388_/X                                 10     15     -5 (VIOLATED)
_6418_/Y                                 10     15     -5 (VIOLATED)
_6454_/Y                                 10     15     -5 (VIOLATED)
_6455_/Y                                 10     15     -5 (VIOLATED)
_6491_/Y                                 10     15     -5 (VIOLATED)
_6492_/Y                                 10     15     -5 (VIOLATED)
_6526_/Y                                 10     15     -5 (VIOLATED)
_6527_/Y                                 10     15     -5 (VIOLATED)
_6533_/X                                 10     15     -5 (VIOLATED)
_6565_/Y                                 10     15     -5 (VIOLATED)
_6573_/X                                 10     15     -5 (VIOLATED)
_6600_/Y                                 10     15     -5 (VIOLATED)
_6601_/Y                                 10     15     -5 (VIOLATED)
_6635_/Y                                 10     15     -5 (VIOLATED)
_6636_/Y                                 10     15     -5 (VIOLATED)
_6639_/X                                 10     15     -5 (VIOLATED)
_6673_/Y                                 10     15     -5 (VIOLATED)
_6676_/X                                 10     15     -5 (VIOLATED)
_6707_/Y                                 10     15     -5 (VIOLATED)
_6708_/Y                                 10     15     -5 (VIOLATED)
_6743_/Y                                 10     15     -5 (VIOLATED)
_6744_/Y                                 10     15     -5 (VIOLATED)
_6779_/Y                                 10     15     -5 (VIOLATED)
_6780_/Y                                 10     15     -5 (VIOLATED)
_6815_/Y                                 10     15     -5 (VIOLATED)
_6850_/Y                                 10     15     -5 (VIOLATED)
_6884_/Y                                 10     15     -5 (VIOLATED)
_7642_/Y                                 10     15     -5 (VIOLATED)
_7643_/Y                                 10     15     -5 (VIOLATED)
_7679_/Y                                 10     15     -5 (VIOLATED)
_7716_/Y                                 10     15     -5 (VIOLATED)
_7720_/X                                 10     15     -5 (VIOLATED)
_7783_/Y                                 10     15     -5 (VIOLATED)
_7788_/X                                 10     15     -5 (VIOLATED)
_7819_/Y                                 10     15     -5 (VIOLATED)
_7823_/X                                 10     15     -5 (VIOLATED)
_7887_/Y                                 10     15     -5 (VIOLATED)
_7922_/Y                                 10     15     -5 (VIOLATED)
_7956_/Y                                 10     15     -5 (VIOLATED)
_7990_/Y                                 10     15     -5 (VIOLATED)
_8023_/Y                                 10     15     -5 (VIOLATED)
_8032_/X                                 10     15     -5 (VIOLATED)
_8061_/Y                                 10     15     -5 (VIOLATED)
_8566_/Q                                 10     15     -5 (VIOLATED)
_8567_/Q                                 10     15     -5 (VIOLATED)
_8600_/Q                                 10     15     -5 (VIOLATED)
_8601_/Q                                 10     15     -5 (VIOLATED)
_8603_/Q                                 10     15     -5 (VIOLATED)
_8642_/Q                                 10     15     -5 (VIOLATED)
_8643_/Q                                 10     15     -5 (VIOLATED)
_8658_/Q                                 10     15     -5 (VIOLATED)
_8668_/Q                                 10     15     -5 (VIOLATED)
_8684_/Q                                 10     15     -5 (VIOLATED)
_8850_/Q                                 10     15     -5 (VIOLATED)
clkbuf_5_14_0_wb_clk_i_regs/X            10     15     -5 (VIOLATED)
clkbuf_5_18_0_wb_clk_i_regs/X            10     15     -5 (VIOLATED)
clkbuf_5_24_0_wb_clk_i_regs/X            10     15     -5 (VIOLATED)
clkbuf_5_25_0_wb_clk_i_regs/X            10     15     -5 (VIOLATED)
clkbuf_5_2_0_wb_clk_i_regs/X             10     15     -5 (VIOLATED)
clkbuf_5_30_0_wb_clk_i_regs/X            10     15     -5 (VIOLATED)
fanout209/X                              10     15     -5 (VIOLATED)
fanout243/X                              10     15     -5 (VIOLATED)
fanout251/X                              10     15     -5 (VIOLATED)
fanout258/X                              10     15     -5 (VIOLATED)
fanout265/X                              10     15     -5 (VIOLATED)
fanout273/X                              10     15     -5 (VIOLATED)
fanout278/X                              10     15     -5 (VIOLATED)
fanout288/X                              10     15     -5 (VIOLATED)
fanout291/X                              10     15     -5 (VIOLATED)
fanout318/X                              10     15     -5 (VIOLATED)
fanout348/X                              10     15     -5 (VIOLATED)
fanout370/X                              10     15     -5 (VIOLATED)
fanout385/X                              10     15     -5 (VIOLATED)
fanout393/X                              10     15     -5 (VIOLATED)
fanout406/X                              10     15     -5 (VIOLATED)
fanout424/X                              10     15     -5 (VIOLATED)
fanout428/X                              10     15     -5 (VIOLATED)
fanout448/X                              10     15     -5 (VIOLATED)
fanout466/X                              10     15     -5 (VIOLATED)
fanout479/X                              10     15     -5 (VIOLATED)
fanout499/X                              10     15     -5 (VIOLATED)
fanout503/X                              10     15     -5 (VIOLATED)
fanout508/X                              10     15     -5 (VIOLATED)
fanout544/X                              10     15     -5 (VIOLATED)
fanout548/X                              10     15     -5 (VIOLATED)
fanout559/X                              10     15     -5 (VIOLATED)
fanout611/X                              10     15     -5 (VIOLATED)
fanout639/X                              10     15     -5 (VIOLATED)
fanout675/X                              10     15     -5 (VIOLATED)
fanout704/X                              10     15     -5 (VIOLATED)
fanout719/X                              10     15     -5 (VIOLATED)
fanout720/X                              10     15     -5 (VIOLATED)
fanout742/X                              10     15     -5 (VIOLATED)
hold148/X                                10     15     -5 (VIOLATED)
hold202/X                                10     15     -5 (VIOLATED)
hold223/X                                10     15     -5 (VIOLATED)
hold411/X                                10     15     -5 (VIOLATED)
hold414/X                                10     15     -5 (VIOLATED)
hold436/X                                10     15     -5 (VIOLATED)
hold514/X                                10     15     -5 (VIOLATED)
hold778/X                                10     15     -5 (VIOLATED)
hold999/X                                10     15     -5 (VIOLATED)
load_slew692/X                           10     15     -5 (VIOLATED)
mprj.team_05_Wrapper.team_05_WB.instance_to_wrap/gpio_oeb[20]     10     15     -5 (VIOLATED)
mprj.team_08_Wrapper.team_08_WB.instance_to_wrap/gpio_oeb[8]     10     15     -5 (VIOLATED)
_5233_/Y                                 10     14     -4 (VIOLATED)
_6548_/X                                 10     14     -4 (VIOLATED)
_7335_/X                                 10     14     -4 (VIOLATED)
_8592_/Q                                 10     14     -4 (VIOLATED)
hold222/X                                10     14     -4 (VIOLATED)
hold296/X                                10     14     -4 (VIOLATED)
mprj.team_05_Wrapper.team_05_WB.instance_to_wrap/gpio_oeb[15]     10     14     -4 (VIOLATED)
mprj.team_05_Wrapper.team_05_WB.instance_to_wrap/gpio_oeb[25]     10     14     -4 (VIOLATED)
mprj.team_05_Wrapper.team_05_WB.instance_to_wrap/gpio_oeb[31]     10     14     -4 (VIOLATED)
mprj.team_08_Wrapper.team_08_WB.instance_to_wrap/gpio_oeb[18]     10     14     -4 (VIOLATED)
mprj.team_08_Wrapper.team_08_WB.instance_to_wrap/gpio_oeb[26]     10     14     -4 (VIOLATED)
mprj.team_08_Wrapper.team_08_WB.instance_to_wrap/gpio_oeb[3]     10     14     -4 (VIOLATED)
mprj.team_08_Wrapper.team_08_WB.instance_to_wrap/gpio_oeb[4]     10     14     -4 (VIOLATED)
mprj.team_08_Wrapper.team_08_WB.instance_to_wrap/gpio_out[0]     10     14     -4 (VIOLATED)
mprj.team_08_Wrapper.team_08_WB.instance_to_wrap/gpio_out[27]     10     14     -4 (VIOLATED)
mprj.team_09_Wrapper.team_09_WB.instance_to_wrap/gpio_oeb[9]     10     14     -4 (VIOLATED)
mprj.team_11_Wrapper.team_11_WB.instance_to_wrap/gpio_oeb[30]     10     14     -4 (VIOLATED)
_4140_/Y                                 10     13     -3 (VIOLATED)
_4166_/X                                 10     13     -3 (VIOLATED)
_4179_/Y                                 10     13     -3 (VIOLATED)
_4307_/X                                 10     13     -3 (VIOLATED)
_4534_/X                                 10     13     -3 (VIOLATED)
_4761_/Y                                 10     13     -3 (VIOLATED)
_5083_/X                                 10     13     -3 (VIOLATED)
_5084_/Y                                 10     13     -3 (VIOLATED)
_5223_/Y                                 10     13     -3 (VIOLATED)
_5297_/X                                 10     13     -3 (VIOLATED)
_5372_/X                                 10     13     -3 (VIOLATED)
_5412_/Y                                 10     13     -3 (VIOLATED)
_5456_/Y                                 10     13     -3 (VIOLATED)
_5854_/Y                                 10     13     -3 (VIOLATED)
_5926_/Y                                 10     13     -3 (VIOLATED)
_5938_/Y                                 10     13     -3 (VIOLATED)
_6188_/X                                 10     13     -3 (VIOLATED)
_6190_/X                                 10     13     -3 (VIOLATED)
_6194_/X                                 10     13     -3 (VIOLATED)
_6213_/X                                 10     13     -3 (VIOLATED)
_6216_/X                                 10     13     -3 (VIOLATED)
_6245_/Y                                 10     13     -3 (VIOLATED)
_6279_/X                                 10     13     -3 (VIOLATED)
_6281_/Y                                 10     13     -3 (VIOLATED)
_6314_/X                                 10     13     -3 (VIOLATED)
_6315_/Y                                 10     13     -3 (VIOLATED)
_6319_/Y                                 10     13     -3 (VIOLATED)
_6351_/Y                                 10     13     -3 (VIOLATED)
_6352_/X                                 10     13     -3 (VIOLATED)
_6385_/Y                                 10     13     -3 (VIOLATED)
_6417_/Y                                 10     13     -3 (VIOLATED)
_6424_/X                                 10     13     -3 (VIOLATED)
_6425_/X                                 10     13     -3 (VIOLATED)
_6427_/X                                 10     13     -3 (VIOLATED)
_6458_/X                                 10     13     -3 (VIOLATED)
_6463_/X                                 10     13     -3 (VIOLATED)
_6495_/X                                 10     13     -3 (VIOLATED)
_6503_/X                                 10     13     -3 (VIOLATED)
_6530_/X                                 10     13     -3 (VIOLATED)
_6535_/X                                 10     13     -3 (VIOLATED)
_6568_/X                                 10     13     -3 (VIOLATED)
_6571_/X                                 10     13     -3 (VIOLATED)
_6605_/X                                 10     13     -3 (VIOLATED)
_6608_/X                                 10     13     -3 (VIOLATED)
_6611_/X                                 10     13     -3 (VIOLATED)
_6640_/X                                 10     13     -3 (VIOLATED)
_6642_/X                                 10     13     -3 (VIOLATED)
_6648_/X                                 10     13     -3 (VIOLATED)
_6672_/Y                                 10     13     -3 (VIOLATED)
_6677_/X                                 10     13     -3 (VIOLATED)
_6678_/X                                 10     13     -3 (VIOLATED)
_6711_/X                                 10     13     -3 (VIOLATED)
_6714_/X                                 10     13     -3 (VIOLATED)
_6716_/X                                 10     13     -3 (VIOLATED)
_6747_/X                                 10     13     -3 (VIOLATED)
_6748_/X                                 10     13     -3 (VIOLATED)
_6751_/X                                 10     13     -3 (VIOLATED)
_6783_/X                                 10     13     -3 (VIOLATED)
_6788_/X                                 10     13     -3 (VIOLATED)
_6816_/Y                                 10     13     -3 (VIOLATED)
_6819_/X                                 10     13     -3 (VIOLATED)
_6820_/X                                 10     13     -3 (VIOLATED)
_6856_/X                                 10     13     -3 (VIOLATED)
_6859_/X                                 10     13     -3 (VIOLATED)
_6896_/X                                 10     13     -3 (VIOLATED)
_6963_/X                                 10     13     -3 (VIOLATED)
_7647_/X                                 10     13     -3 (VIOLATED)
_7648_/X                                 10     13     -3 (VIOLATED)
_7684_/X                                 10     13     -3 (VIOLATED)
_7713_/Y                                 10     13     -3 (VIOLATED)
_7714_/X                                 10     13     -3 (VIOLATED)
_7748_/Y                                 10     13     -3 (VIOLATED)
_7751_/X                                 10     13     -3 (VIOLATED)
_7755_/X                                 10     13     -3 (VIOLATED)
_7784_/Y                                 10     13     -3 (VIOLATED)
_7820_/Y                                 10     13     -3 (VIOLATED)
_7825_/X                                 10     13     -3 (VIOLATED)
_7854_/Y                                 10     13     -3 (VIOLATED)
_7855_/Y                                 10     13     -3 (VIOLATED)
_7858_/X                                 10     13     -3 (VIOLATED)
_7888_/Y                                 10     13     -3 (VIOLATED)
_7891_/X                                 10     13     -3 (VIOLATED)
_7898_/X                                 10     13     -3 (VIOLATED)
_7923_/Y                                 10     13     -3 (VIOLATED)
_7931_/X                                 10     13     -3 (VIOLATED)
_7957_/Y                                 10     13     -3 (VIOLATED)
_7961_/X                                 10     13     -3 (VIOLATED)
_7964_/X                                 10     13     -3 (VIOLATED)
_7966_/X                                 10     13     -3 (VIOLATED)
_7991_/Y                                 10     13     -3 (VIOLATED)
_7995_/X                                 10     13     -3 (VIOLATED)
_8024_/Y                                 10     13     -3 (VIOLATED)
_8031_/X                                 10     13     -3 (VIOLATED)
_8060_/Y                                 10     13     -3 (VIOLATED)
_8065_/X                                 10     13     -3 (VIOLATED)
_8067_/X                                 10     13     -3 (VIOLATED)
_8068_/X                                 10     13     -3 (VIOLATED)
_8536_/Q                                 10     13     -3 (VIOLATED)
_8539_/Q                                 10     13     -3 (VIOLATED)
_8562_/Q                                 10     13     -3 (VIOLATED)
_8563_/Q                                 10     13     -3 (VIOLATED)
_8564_/Q                                 10     13     -3 (VIOLATED)
_8568_/Q                                 10     13     -3 (VIOLATED)
_8570_/Q                                 10     13     -3 (VIOLATED)
_8571_/Q                                 10     13     -3 (VIOLATED)
_8573_/Q                                 10     13     -3 (VIOLATED)
_8574_/Q                                 10     13     -3 (VIOLATED)
_8575_/Q                                 10     13     -3 (VIOLATED)
_8578_/Q                                 10     13     -3 (VIOLATED)
_8579_/Q                                 10     13     -3 (VIOLATED)
_8582_/Q                                 10     13     -3 (VIOLATED)
_8586_/Q                                 10     13     -3 (VIOLATED)
_8587_/Q                                 10     13     -3 (VIOLATED)
_8590_/Q                                 10     13     -3 (VIOLATED)
_8594_/Q                                 10     13     -3 (VIOLATED)
_8595_/Q                                 10     13     -3 (VIOLATED)
_8611_/Q                                 10     13     -3 (VIOLATED)
_8619_/Q                                 10     13     -3 (VIOLATED)
_8624_/Q                                 10     13     -3 (VIOLATED)
_8626_/Q                                 10     13     -3 (VIOLATED)
_8627_/Q                                 10     13     -3 (VIOLATED)
_8634_/Q                                 10     13     -3 (VIOLATED)
_8635_/Q                                 10     13     -3 (VIOLATED)
_8636_/Q                                 10     13     -3 (VIOLATED)
_8646_/Q                                 10     13     -3 (VIOLATED)
_8649_/Q                                 10     13     -3 (VIOLATED)
_8650_/Q                                 10     13     -3 (VIOLATED)
_8651_/Q                                 10     13     -3 (VIOLATED)
_8654_/Q                                 10     13     -3 (VIOLATED)
_8666_/Q                                 10     13     -3 (VIOLATED)
_8667_/Q                                 10     13     -3 (VIOLATED)
_8670_/Q                                 10     13     -3 (VIOLATED)
_8676_/Q                                 10     13     -3 (VIOLATED)
_8677_/Q                                 10     13     -3 (VIOLATED)
_8682_/Q                                 10     13     -3 (VIOLATED)
_8683_/Q                                 10     13     -3 (VIOLATED)
_8685_/Q                                 10     13     -3 (VIOLATED)
_8818_/Q                                 10     13     -3 (VIOLATED)
_8851_/Q                                 10     13     -3 (VIOLATED)
clkbuf_5_1_0_wb_clk_i_regs/X             10     13     -3 (VIOLATED)
clkbuf_5_28_0_wb_clk_i_regs/X            10     13     -3 (VIOLATED)
fanout222/X                              10     13     -3 (VIOLATED)
fanout224/X                              10     13     -3 (VIOLATED)
fanout226/X                              10     13     -3 (VIOLATED)
fanout228/X                              10     13     -3 (VIOLATED)
fanout264/X                              10     13     -3 (VIOLATED)
fanout269/X                              10     13     -3 (VIOLATED)
fanout276/X                              10     13     -3 (VIOLATED)
fanout281/X                              10     13     -3 (VIOLATED)
fanout298/X                              10     13     -3 (VIOLATED)
fanout313/X                              10     13     -3 (VIOLATED)
fanout328/X                              10     13     -3 (VIOLATED)
fanout331/X                              10     13     -3 (VIOLATED)
fanout332/X                              10     13     -3 (VIOLATED)
fanout333/X                              10     13     -3 (VIOLATED)
fanout346/X                              10     13     -3 (VIOLATED)
fanout366/X                              10     13     -3 (VIOLATED)
fanout388/X                              10     13     -3 (VIOLATED)
fanout418/X                              10     13     -3 (VIOLATED)
fanout419/X                              10     13     -3 (VIOLATED)
fanout440/X                              10     13     -3 (VIOLATED)
fanout454/X                              10     13     -3 (VIOLATED)
fanout463/X                              10     13     -3 (VIOLATED)
fanout474/X                              10     13     -3 (VIOLATED)
fanout483/X                              10     13     -3 (VIOLATED)
fanout488/X                              10     13     -3 (VIOLATED)
fanout490/X                              10     13     -3 (VIOLATED)
fanout515/X                              10     13     -3 (VIOLATED)
fanout549/X                              10     13     -3 (VIOLATED)
fanout585/X                              10     13     -3 (VIOLATED)
fanout606/X                              10     13     -3 (VIOLATED)
fanout636/X                              10     13     -3 (VIOLATED)
fanout637/X                              10     13     -3 (VIOLATED)
fanout640/X                              10     13     -3 (VIOLATED)
fanout641/X                              10     13     -3 (VIOLATED)
fanout697/X                              10     13     -3 (VIOLATED)
fanout698/X                              10     13     -3 (VIOLATED)
fanout716/X                              10     13     -3 (VIOLATED)
fanout726/X                              10     13     -3 (VIOLATED)
fanout732/X                              10     13     -3 (VIOLATED)
fanout733/X                              10     13     -3 (VIOLATED)
fanout736/X                              10     13     -3 (VIOLATED)
fanout738/X                              10     13     -3 (VIOLATED)
hold109/X                                10     13     -3 (VIOLATED)
hold112/X                                10     13     -3 (VIOLATED)
hold1303/X                               10     13     -3 (VIOLATED)
hold232/X                                10     13     -3 (VIOLATED)
hold303/X                                10     13     -3 (VIOLATED)
hold492/X                                10     13     -3 (VIOLATED)
hold544/X                                10     13     -3 (VIOLATED)
hold551/X                                10     13     -3 (VIOLATED)
hold630/X                                10     13     -3 (VIOLATED)
hold652/X                                10     13     -3 (VIOLATED)
hold693/X                                10     13     -3 (VIOLATED)
hold73/X                                 10     13     -3 (VIOLATED)
hold730/X                                10     13     -3 (VIOLATED)
hold790/X                                10     13     -3 (VIOLATED)
hold854/X                                10     13     -3 (VIOLATED)
load_slew688/X                           10     13     -3 (VIOLATED)
mprj.team_05_Wrapper.team_05_WB.instance_to_wrap/gpio_oeb[17]     10     13     -3 (VIOLATED)
mprj.team_05_Wrapper.team_05_WB.instance_to_wrap/gpio_oeb[28]     10     13     -3 (VIOLATED)
mprj.team_09_Wrapper.team_09_WB.instance_to_wrap/gpio_oeb[13]     10     13     -3 (VIOLATED)
_7095_/X                                 10     12     -2 (VIOLATED)
_8108_/X                                 10     12     -2 (VIOLATED)
fanout626/X                              10     12     -2 (VIOLATED)
hold1029/X                               10     12     -2 (VIOLATED)
hold215/X                                10     12     -2 (VIOLATED)
hold340/X                                10     12     -2 (VIOLATED)
hold946/X                                10     12     -2 (VIOLATED)
mprj.team_01_Wrapper.team_01_WB.instance_to_wrap/gpio_out[28]     10     12     -2 (VIOLATED)
mprj.team_02_Wrapper.team_02_WB.instance_to_wrap/gpio_oeb[14]     10     12     -2 (VIOLATED)
mprj.team_05_Wrapper.team_05_WB.instance_to_wrap/gpio_oeb[29]     10     12     -2 (VIOLATED)
wire655/X                                10     12     -2 (VIOLATED)
wire683/X                                10     12     -2 (VIOLATED)
_4030_/Y                                 10     11        (VIOLATED)
_4036_/Y                                 10     11        (VIOLATED)
_4037_/Y                                 10     11        (VIOLATED)
_4038_/Y                                 10     11        (VIOLATED)
_4041_/Y                                 10     11        (VIOLATED)
_4044_/Y                                 10     11        (VIOLATED)
_4085_/Y                                 10     11        (VIOLATED)
_4113_/X                                 10     11        (VIOLATED)
_4163_/Y                                 10     11        (VIOLATED)
_4268_/Y                                 10     11        (VIOLATED)
_4282_/X                                 10     11        (VIOLATED)
_4283_/X                                 10     11        (VIOLATED)
_4320_/Y                                 10     11        (VIOLATED)
_4538_/X                                 10     11        (VIOLATED)
_4766_/X                                 10     11        (VIOLATED)
_4770_/Y                                 10     11        (VIOLATED)
_4776_/Y                                 10     11        (VIOLATED)
_4798_/X                                 10     11        (VIOLATED)
_4813_/X                                 10     11        (VIOLATED)
_5085_/Y                                 10     11        (VIOLATED)
_5110_/X                                 10     11        (VIOLATED)
_5149_/X                                 10     11        (VIOLATED)
_5236_/Y                                 10     11        (VIOLATED)
_5322_/X                                 10     11        (VIOLATED)
_5324_/X                                 10     11        (VIOLATED)
_5330_/X                                 10     11        (VIOLATED)
_5332_/X                                 10     11        (VIOLATED)
_5334_/X                                 10     11        (VIOLATED)
_5336_/X                                 10     11        (VIOLATED)
_5338_/X                                 10     11        (VIOLATED)
_5340_/X                                 10     11        (VIOLATED)
_5342_/X                                 10     11        (VIOLATED)
_5344_/X                                 10     11        (VIOLATED)
_5346_/X                                 10     11        (VIOLATED)
_5348_/X                                 10     11        (VIOLATED)
_5350_/X                                 10     11        (VIOLATED)
_5352_/X                                 10     11        (VIOLATED)
_5354_/X                                 10     11        (VIOLATED)
_5356_/X                                 10     11        (VIOLATED)
_5358_/X                                 10     11        (VIOLATED)
_5360_/X                                 10     11        (VIOLATED)
_5365_/X                                 10     11        (VIOLATED)
_5367_/X                                 10     11        (VIOLATED)
_5369_/Y                                 10     11        (VIOLATED)
_5518_/Y                                 10     11        (VIOLATED)
_5534_/X                                 10     11        (VIOLATED)
_5584_/X                                 10     11        (VIOLATED)
_5848_/X                                 10     11        (VIOLATED)
_5857_/Y                                 10     11        (VIOLATED)
_5876_/Y                                 10     11        (VIOLATED)
_5882_/Y                                 10     11        (VIOLATED)
_5891_/X                                 10     11        (VIOLATED)
_5895_/Y                                 10     11        (VIOLATED)
_5899_/Y                                 10     11        (VIOLATED)
_5946_/Y                                 10     11        (VIOLATED)
_5991_/X                                 10     11        (VIOLATED)
_6193_/X                                 10     11        (VIOLATED)
_6215_/X                                 10     11        (VIOLATED)
_6280_/X                                 10     11        (VIOLATED)
_6286_/X                                 10     11        (VIOLATED)
_6287_/X                                 10     11        (VIOLATED)
_6318_/X                                 10     11        (VIOLATED)
_6359_/X                                 10     11        (VIOLATED)
_6531_/X                                 10     11        (VIOLATED)
_6569_/X                                 10     11        (VIOLATED)
_6604_/X                                 10     11        (VIOLATED)
_6851_/Y                                 10     11        (VIOLATED)
_6885_/Y                                 10     11        (VIOLATED)
_6951_/Y                                 10     11        (VIOLATED)
_7646_/X                                 10     11        (VIOLATED)
_7651_/X                                 10     11        (VIOLATED)
_7687_/X                                 10     11        (VIOLATED)
_7721_/X                                 10     11        (VIOLATED)
_7747_/Y                                 10     11        (VIOLATED)
_7756_/X                                 10     11        (VIOLATED)
_7824_/X                                 10     11        (VIOLATED)
_7827_/X                                 10     11        (VIOLATED)
_7864_/Y                                 10     11        (VIOLATED)
_7932_/X                                 10     11        (VIOLATED)
_7968_/X                                 10     11        (VIOLATED)
_7998_/X                                 10     11        (VIOLATED)
_8029_/X                                 10     11        (VIOLATED)
_8034_/X                                 10     11        (VIOLATED)
_8509_/Q                                 10     11        (VIOLATED)
_8537_/Q                                 10     11        (VIOLATED)
_8538_/Q                                 10     11        (VIOLATED)
_8558_/Q                                 10     11        (VIOLATED)
_8559_/Q                                 10     11        (VIOLATED)
_8565_/Q                                 10     11        (VIOLATED)
_8569_/Q                                 10     11        (VIOLATED)
_8583_/Q                                 10     11        (VIOLATED)
_8585_/Q                                 10     11        (VIOLATED)
_8593_/Q                                 10     11        (VIOLATED)
_8596_/Q                                 10     11        (VIOLATED)
_8597_/Q                                 10     11        (VIOLATED)
_8598_/Q                                 10     11        (VIOLATED)
_8599_/Q                                 10     11        (VIOLATED)
_8606_/Q                                 10     11        (VIOLATED)
_8607_/Q                                 10     11        (VIOLATED)
_8608_/Q                                 10     11        (VIOLATED)
_8610_/Q                                 10     11        (VIOLATED)
_8615_/Q                                 10     11        (VIOLATED)
_8618_/Q                                 10     11        (VIOLATED)
_8625_/Q                                 10     11        (VIOLATED)
_8630_/Q                                 10     11        (VIOLATED)
_8631_/Q                                 10     11        (VIOLATED)
_8639_/Q                                 10     11        (VIOLATED)
_8640_/Q                                 10     11        (VIOLATED)
_8645_/Q                                 10     11        (VIOLATED)
_8647_/Q                                 10     11        (VIOLATED)
_8655_/Q                                 10     11        (VIOLATED)
_8660_/Q                                 10     11        (VIOLATED)
_8661_/Q                                 10     11        (VIOLATED)
_8662_/Q                                 10     11        (VIOLATED)
_8663_/Q                                 10     11        (VIOLATED)
_8669_/Q                                 10     11        (VIOLATED)
_8671_/Q                                 10     11        (VIOLATED)
_8674_/Q                                 10     11        (VIOLATED)
_8675_/Q                                 10     11        (VIOLATED)
_8678_/Q                                 10     11        (VIOLATED)
_8679_/Q                                 10     11        (VIOLATED)
_8804_/Q                                 10     11        (VIOLATED)
_8852_/Q                                 10     11        (VIOLATED)
fanout210/X                              10     11        (VIOLATED)
fanout244/X                              10     11        (VIOLATED)
fanout271/X                              10     11        (VIOLATED)
fanout307/X                              10     11        (VIOLATED)
fanout309/X                              10     11        (VIOLATED)
fanout310/X                              10     11        (VIOLATED)
fanout324/X                              10     11        (VIOLATED)
fanout369/X                              10     11        (VIOLATED)
fanout375/X                              10     11        (VIOLATED)
fanout376/X                              10     11        (VIOLATED)
fanout389/X                              10     11        (VIOLATED)
fanout394/X                              10     11        (VIOLATED)
fanout397/X                              10     11        (VIOLATED)
fanout398/X                              10     11        (VIOLATED)
fanout401/X                              10     11        (VIOLATED)
fanout411/X                              10     11        (VIOLATED)
fanout420/X                              10     11        (VIOLATED)
fanout431/X                              10     11        (VIOLATED)
fanout433/X                              10     11        (VIOLATED)
fanout439/X                              10     11        (VIOLATED)
fanout443/X                              10     11        (VIOLATED)
fanout451/X                              10     11        (VIOLATED)
fanout453/X                              10     11        (VIOLATED)
fanout459/X                              10     11        (VIOLATED)
fanout461/X                              10     11        (VIOLATED)
fanout476/X                              10     11        (VIOLATED)
fanout485/X                              10     11        (VIOLATED)
fanout506/X                              10     11        (VIOLATED)
fanout547/X                              10     11        (VIOLATED)
fanout557/X                              10     11        (VIOLATED)
fanout586/X                              10     11        (VIOLATED)
fanout592/X                              10     11        (VIOLATED)
fanout594/X                              10     11        (VIOLATED)
fanout599/X                              10     11        (VIOLATED)
fanout613/X                              10     11        (VIOLATED)
fanout618/X                              10     11        (VIOLATED)
fanout621/X                              10     11        (VIOLATED)
fanout701/X                              10     11        (VIOLATED)
fanout702/X                              10     11        (VIOLATED)
fanout707/X                              10     11        (VIOLATED)
fanout710/X                              10     11        (VIOLATED)
fanout712/X                              10     11        (VIOLATED)
fanout714/X                              10     11        (VIOLATED)
fanout717/X                              10     11        (VIOLATED)
fanout724/X                              10     11        (VIOLATED)
fanout730/X                              10     11        (VIOLATED)
fanout734/X                              10     11        (VIOLATED)
hold1192/X                               10     11        (VIOLATED)
hold1305/X                               10     11        (VIOLATED)
hold132/X                                10     11        (VIOLATED)
hold163/X                                10     11        (VIOLATED)
hold189/X                                10     11        (VIOLATED)
hold230/X                                10     11        (VIOLATED)
hold239/X                                10     11        (VIOLATED)
hold253/X                                10     11        (VIOLATED)
hold264/X                                10     11        (VIOLATED)
hold276/X                                10     11        (VIOLATED)
hold307/X                                10     11        (VIOLATED)
hold376/X                                10     11        (VIOLATED)
hold41/X                                 10     11        (VIOLATED)
hold451/X                                10     11        (VIOLATED)
hold474/X                                10     11        (VIOLATED)
hold484/X                                10     11        (VIOLATED)
hold55/X                                 10     11        (VIOLATED)
hold574/X                                10     11        (VIOLATED)
hold596/X                                10     11        (VIOLATED)
hold600/X                                10     11        (VIOLATED)
hold64/X                                 10     11        (VIOLATED)
hold682/X                                10     11        (VIOLATED)
hold684/X                                10     11        (VIOLATED)
hold708/X                                10     11        (VIOLATED)
hold713/X                                10     11        (VIOLATED)
hold723/X                                10     11        (VIOLATED)
hold77/X                                 10     11        (VIOLATED)
hold791/X                                10     11        (VIOLATED)
hold819/X                                10     11        (VIOLATED)
hold831/X                                10     11        (VIOLATED)
hold88/X                                 10     11        (VIOLATED)
hold91/X                                 10     11        (VIOLATED)
hold918/X                                10     11        (VIOLATED)
hold94/X                                 10     11        (VIOLATED)
hold997/X                                10     11        (VIOLATED)
mprj.team_03_Wrapper.team_03_WB.instance_to_wrap/DAT_O[3]     10     11        (VIOLATED)
mprj.team_05_Wrapper.team_05_WB.instance_to_wrap/gpio_oeb[22]     10     11        (VIOLATED)
mprj.team_05_Wrapper.team_05_WB.instance_to_wrap/gpio_oeb[26]     10     11        (VIOLATED)
mprj.team_05_Wrapper.team_05_WB.instance_to_wrap/gpio_oeb[4]     10     11        (VIOLATED)
mprj.team_08_Wrapper.team_08_WB.instance_to_wrap/gpio_oeb[17]     10     11        (VIOLATED)
mprj.team_08_Wrapper.team_08_WB.instance_to_wrap/gpio_oeb[24]     10     11        (VIOLATED)
wire238/X                                10     11        (VIOLATED)

max capacitance

Pin                                        Limit         Cap       Slack
------------------------------------------------------------------------
clkbuf_1_1_1_wb_clk_i/X                 1.181955    1.421014   -0.239059 (VIOLATED)
clkbuf_1_0_1_wb_clk_i/X                 1.181955    1.374682   -0.192727 (VIOLATED)
hold1744/X                              0.201426    0.234869   -0.033443 (VIOLATED)
hold982/X                               0.201426    0.233903   -0.032477 (VIOLATED)
hold1745/X                              0.201426    0.204854   -0.003428 (VIOLATED)



===========================================================================
report_parasitic_annotation -report_unannotated
============================================================================
Found 516 unannotated drivers.
 analog_io[0]
 analog_io[10]
 analog_io[11]
 analog_io[12]
 analog_io[13]
 analog_io[14]
 analog_io[15]
 analog_io[16]
 analog_io[17]
 analog_io[18]
 analog_io[19]
 analog_io[1]
 analog_io[20]
 analog_io[21]
 analog_io[22]
 analog_io[23]
 analog_io[24]
 analog_io[25]
 analog_io[26]
 analog_io[27]
 analog_io[28]
 analog_io[2]
 analog_io[3]
 analog_io[4]
 analog_io[5]
 analog_io[6]
 analog_io[7]
 analog_io[8]
 analog_io[9]
 io_in[1]
 io_in[2]
 io_in[3]
 io_in[4]
 la_data_in[100]
 la_data_in[101]
 la_data_in[102]
 la_data_in[103]
 la_data_in[104]
 la_data_in[105]
 la_data_in[106]
 la_data_in[107]
 la_data_in[108]
 la_data_in[109]
 la_data_in[10]
 la_data_in[110]
 la_data_in[111]
 la_data_in[112]
 la_data_in[113]
 la_data_in[114]
 la_data_in[115]
 la_data_in[116]
 la_data_in[117]
 la_data_in[118]
 la_data_in[119]
 la_data_in[11]
 la_data_in[120]
 la_data_in[121]
 la_data_in[122]
 la_data_in[123]
 la_data_in[124]
 la_data_in[125]
 la_data_in[126]
 la_data_in[127]
 la_data_in[12]
 la_data_in[13]
 la_data_in[14]
 la_data_in[15]
 la_data_in[16]
 la_data_in[17]
 la_data_in[18]
 la_data_in[19]
 la_data_in[20]
 la_data_in[21]
 la_data_in[22]
 la_data_in[23]
 la_data_in[24]
 la_data_in[25]
 la_data_in[26]
 la_data_in[27]
 la_data_in[28]
 la_data_in[29]
 la_data_in[2]
 la_data_in[30]
 la_data_in[31]
 la_data_in[32]
 la_data_in[33]
 la_data_in[34]
 la_data_in[35]
 la_data_in[36]
 la_data_in[37]
 la_data_in[38]
 la_data_in[39]
 la_data_in[3]
 la_data_in[40]
 la_data_in[41]
 la_data_in[42]
 la_data_in[43]
 la_data_in[44]
 la_data_in[45]
 la_data_in[46]
 la_data_in[47]
 la_data_in[48]
 la_data_in[49]
 la_data_in[4]
 la_data_in[50]
 la_data_in[51]
 la_data_in[52]
 la_data_in[53]
 la_data_in[54]
 la_data_in[55]
 la_data_in[56]
 la_data_in[57]
 la_data_in[58]
 la_data_in[59]
 la_data_in[5]
 la_data_in[60]
 la_data_in[61]
 la_data_in[62]
 la_data_in[63]
 la_data_in[64]
 la_data_in[65]
 la_data_in[66]
 la_data_in[67]
 la_data_in[68]
 la_data_in[69]
 la_data_in[6]
 la_data_in[70]
 la_data_in[71]
 la_data_in[72]
 la_data_in[73]
 la_data_in[74]
 la_data_in[75]
 la_data_in[76]
 la_data_in[77]
 la_data_in[78]
 la_data_in[79]
 la_data_in[7]
 la_data_in[80]
 la_data_in[81]
 la_data_in[82]
 la_data_in[83]
 la_data_in[84]
 la_data_in[85]
 la_data_in[86]
 la_data_in[87]
 la_data_in[88]
 la_data_in[89]
 la_data_in[8]
 la_data_in[90]
 la_data_in[91]
 la_data_in[92]
 la_data_in[93]
 la_data_in[94]
 la_data_in[95]
 la_data_in[96]
 la_data_in[97]
 la_data_in[98]
 la_data_in[99]
 la_data_in[9]
 la_oenb[100]
 la_oenb[101]
 la_oenb[102]
 la_oenb[103]
 la_oenb[104]
 la_oenb[105]
 la_oenb[106]
 la_oenb[107]
 la_oenb[108]
 la_oenb[109]
 la_oenb[10]
 la_oenb[110]
 la_oenb[111]
 la_oenb[112]
 la_oenb[113]
 la_oenb[114]
 la_oenb[115]
 la_oenb[116]
 la_oenb[117]
 la_oenb[118]
 la_oenb[119]
 la_oenb[11]
 la_oenb[120]
 la_oenb[121]
 la_oenb[122]
 la_oenb[123]
 la_oenb[124]
 la_oenb[125]
 la_oenb[126]
 la_oenb[127]
 la_oenb[12]
 la_oenb[13]
 la_oenb[14]
 la_oenb[15]
 la_oenb[16]
 la_oenb[17]
 la_oenb[18]
 la_oenb[19]
 la_oenb[20]
 la_oenb[21]
 la_oenb[22]
 la_oenb[23]
 la_oenb[24]
 la_oenb[25]
 la_oenb[26]
 la_oenb[27]
 la_oenb[28]
 la_oenb[29]
 la_oenb[2]
 la_oenb[30]
 la_oenb[31]
 la_oenb[32]
 la_oenb[33]
 la_oenb[34]
 la_oenb[35]
 la_oenb[36]
 la_oenb[37]
 la_oenb[38]
 la_oenb[39]
 la_oenb[3]
 la_oenb[40]
 la_oenb[41]
 la_oenb[42]
 la_oenb[43]
 la_oenb[44]
 la_oenb[45]
 la_oenb[46]
 la_oenb[47]
 la_oenb[48]
 la_oenb[49]
 la_oenb[4]
 la_oenb[50]
 la_oenb[51]
 la_oenb[52]
 la_oenb[53]
 la_oenb[54]
 la_oenb[55]
 la_oenb[56]
 la_oenb[57]
 la_oenb[58]
 la_oenb[59]
 la_oenb[5]
 la_oenb[60]
 la_oenb[61]
 la_oenb[62]
 la_oenb[63]
 la_oenb[64]
 la_oenb[65]
 la_oenb[66]
 la_oenb[67]
 la_oenb[68]
 la_oenb[69]
 la_oenb[6]
 la_oenb[70]
 la_oenb[71]
 la_oenb[72]
 la_oenb[73]
 la_oenb[74]
 la_oenb[75]
 la_oenb[76]
 la_oenb[77]
 la_oenb[78]
 la_oenb[79]
 la_oenb[7]
 la_oenb[80]
 la_oenb[81]
 la_oenb[82]
 la_oenb[83]
 la_oenb[84]
 la_oenb[85]
 la_oenb[86]
 la_oenb[87]
 la_oenb[88]
 la_oenb[89]
 la_oenb[8]
 la_oenb[90]
 la_oenb[91]
 la_oenb[92]
 la_oenb[93]
 la_oenb[94]
 la_oenb[95]
 la_oenb[96]
 la_oenb[97]
 la_oenb[98]
 la_oenb[99]
 la_oenb[9]
 user_clock2
 wbs_sel_i[0]
 wbs_sel_i[1]
 wbs_sel_i[2]
 wbs_sel_i[3]
 _8469__935/LO
 clkload0/X
 clkload1/Y
 clkload10/Y
 clkload11/Y
 clkload12/X
 clkload13/X
 clkload14/X
 clkload15/X
 clkload16/X
 clkload17/X
 clkload18/X
 clkload19/X
 clkload2/X
 clkload20/X
 clkload21/X
 clkload22/X
 clkload23/X
 clkload24/X
 clkload25/X
 clkload26/X
 clkload27/X
 clkload28/X
 clkload29/X
 clkload3/X
 clkload30/X
 clkload31/X
 clkload32/X
 clkload33/X
 clkload34/X
 clkload35/X
 clkload36/X
 clkload37/X
 clkload38/X
 clkload39/X
 clkload4/Y
 clkload40/X
 clkload41/X
 clkload42/X
 clkload43/X
 clkload44/X
 clkload45/X
 clkload46/X
 clkload47/X
 clkload48/X
 clkload49/X
 clkload5/Y
 clkload50/X
 clkload51/X
 clkload52/X
 clkload53/X
 clkload54/X
 clkload55/X
 clkload56/X
 clkload57/X
 clkload58/X
 clkload59/X
 clkload6/Y
 clkload60/X
 clkload61/X
 clkload62/X
 clkload63/X
 clkload64/X
 clkload65/X
 clkload7/Y
 clkload8/Y
 clkload9/Y
 mprj.team_01_Wrapper.team_01_WB.instance_to_wrap/SEL_O[0]
 mprj.team_01_Wrapper.team_01_WB.instance_to_wrap/SEL_O[1]
 mprj.team_01_Wrapper.team_01_WB.instance_to_wrap/SEL_O[2]
 mprj.team_01_Wrapper.team_01_WB.instance_to_wrap/SEL_O[3]
 mprj.team_02_Wrapper.team_02_WB.instance_to_wrap/SEL_O[0]
 mprj.team_02_Wrapper.team_02_WB.instance_to_wrap/SEL_O[1]
 mprj.team_02_Wrapper.team_02_WB.instance_to_wrap/SEL_O[2]
 mprj.team_02_Wrapper.team_02_WB.instance_to_wrap/SEL_O[3]
 mprj.team_03_Wrapper.team_03_WB.instance_to_wrap/SEL_O[0]
 mprj.team_03_Wrapper.team_03_WB.instance_to_wrap/SEL_O[1]
 mprj.team_03_Wrapper.team_03_WB.instance_to_wrap/SEL_O[2]
 mprj.team_03_Wrapper.team_03_WB.instance_to_wrap/SEL_O[3]
 mprj.team_04_Wrapper.team_04_WB.instance_to_wrap/SEL_O[0]
 mprj.team_04_Wrapper.team_04_WB.instance_to_wrap/SEL_O[1]
 mprj.team_04_Wrapper.team_04_WB.instance_to_wrap/SEL_O[2]
 mprj.team_04_Wrapper.team_04_WB.instance_to_wrap/SEL_O[3]
 mprj.team_05_Wrapper.team_05_WB.instance_to_wrap/SEL_O[0]
 mprj.team_05_Wrapper.team_05_WB.instance_to_wrap/SEL_O[1]
 mprj.team_05_Wrapper.team_05_WB.instance_to_wrap/SEL_O[2]
 mprj.team_05_Wrapper.team_05_WB.instance_to_wrap/SEL_O[3]
 user_project_wrapper_800/HI
 user_project_wrapper_801/HI
 user_project_wrapper_802/HI
 user_project_wrapper_803/HI
 user_project_wrapper_804/HI
 user_project_wrapper_805/HI
 user_project_wrapper_806/HI
 user_project_wrapper_807/HI
 user_project_wrapper_808/HI
 user_project_wrapper_809/HI
 user_project_wrapper_810/HI
 user_project_wrapper_811/HI
 user_project_wrapper_812/HI
 user_project_wrapper_813/HI
 user_project_wrapper_814/HI
 user_project_wrapper_815/HI
 user_project_wrapper_816/HI
 user_project_wrapper_817/HI
 user_project_wrapper_818/HI
 user_project_wrapper_819/HI
 user_project_wrapper_820/HI
 user_project_wrapper_821/HI
 user_project_wrapper_822/HI
 user_project_wrapper_823/HI
 user_project_wrapper_824/HI
 user_project_wrapper_825/HI
 user_project_wrapper_826/HI
 user_project_wrapper_827/HI
 user_project_wrapper_828/HI
 user_project_wrapper_829/HI
 user_project_wrapper_830/HI
 user_project_wrapper_831/HI
 user_project_wrapper_832/HI
 user_project_wrapper_833/HI
 user_project_wrapper_834/HI
 user_project_wrapper_835/HI
 user_project_wrapper_836/HI
 user_project_wrapper_837/HI
 user_project_wrapper_838/HI
 user_project_wrapper_839/HI
 user_project_wrapper_840/HI
 user_project_wrapper_841/HI
 user_project_wrapper_842/HI
 user_project_wrapper_843/HI
 user_project_wrapper_844/HI
 user_project_wrapper_845/HI
 user_project_wrapper_846/HI
 user_project_wrapper_847/HI
 user_project_wrapper_848/HI
 user_project_wrapper_849/HI
 user_project_wrapper_850/HI
 user_project_wrapper_851/HI
 user_project_wrapper_852/HI
 user_project_wrapper_853/HI
 user_project_wrapper_854/HI
 user_project_wrapper_855/HI
 user_project_wrapper_856/HI
 user_project_wrapper_857/HI
 user_project_wrapper_858/HI
 user_project_wrapper_859/HI
 user_project_wrapper_860/HI
 user_project_wrapper_861/HI
 user_project_wrapper_862/HI
 user_project_wrapper_863/HI
 user_project_wrapper_864/HI
 user_project_wrapper_865/HI
 user_project_wrapper_866/HI
 user_project_wrapper_867/HI
 user_project_wrapper_868/HI
 user_project_wrapper_869/HI
 user_project_wrapper_870/HI
 user_project_wrapper_871/HI
 user_project_wrapper_872/HI
 user_project_wrapper_873/HI
 user_project_wrapper_874/HI
 user_project_wrapper_875/HI
 user_project_wrapper_876/HI
 user_project_wrapper_877/HI
 user_project_wrapper_878/HI
 user_project_wrapper_879/HI
 user_project_wrapper_880/HI
 user_project_wrapper_881/HI
 user_project_wrapper_882/HI
 user_project_wrapper_883/HI
 user_project_wrapper_884/HI
 user_project_wrapper_885/HI
 user_project_wrapper_886/HI
 user_project_wrapper_887/HI
 user_project_wrapper_888/HI
 user_project_wrapper_889/HI
 user_project_wrapper_890/HI
 user_project_wrapper_891/HI
 user_project_wrapper_892/HI
 user_project_wrapper_893/HI
 user_project_wrapper_894/HI
 user_project_wrapper_895/HI
 user_project_wrapper_896/HI
 user_project_wrapper_897/HI
 user_project_wrapper_898/HI
 user_project_wrapper_899/HI
 user_project_wrapper_900/HI
 user_project_wrapper_901/HI
 user_project_wrapper_902/HI
 user_project_wrapper_903/HI
 user_project_wrapper_904/HI
 user_project_wrapper_905/HI
 user_project_wrapper_906/HI
 user_project_wrapper_907/HI
 user_project_wrapper_908/HI
 user_project_wrapper_909/HI
 user_project_wrapper_910/HI
 user_project_wrapper_911/HI
 user_project_wrapper_912/HI
 user_project_wrapper_913/HI
 user_project_wrapper_914/HI
 user_project_wrapper_915/HI
 user_project_wrapper_916/HI
 user_project_wrapper_917/HI
 user_project_wrapper_918/HI
 user_project_wrapper_919/HI
 user_project_wrapper_920/HI
 user_project_wrapper_921/HI
 user_project_wrapper_922/HI
 user_project_wrapper_923/HI
 user_project_wrapper_924/HI
 user_project_wrapper_925/HI
 user_project_wrapper_926/HI
 user_project_wrapper_927/HI
 user_project_wrapper_928/HI
 user_project_wrapper_929/HI
 user_project_wrapper_930/HI
 user_project_wrapper_931/HI
 user_project_wrapper_932/HI
 user_project_wrapper_933/HI
 user_project_wrapper_934/HI
 user_project_wrapper_936/LO
 user_project_wrapper_937/LO
 user_project_wrapper_938/LO
 user_project_wrapper_939/LO
Found 42 partially unannotated drivers.
 _7349_/X
  mprj.sram.sram_inst/din0[31]
 _7350_/Y
  mprj.sram.sram_inst/din0[30]
 _7351_/Y
  mprj.sram.sram_inst/din0[29]
 _7352_/Y
  mprj.sram.sram_inst/din0[28]
 _7353_/Y
  mprj.sram.sram_inst/din0[27]
 _7354_/Y
  mprj.sram.sram_inst/din0[26]
 _7355_/Y
  mprj.sram.sram_inst/din0[25]
 _7356_/Y
  mprj.sram.sram_inst/din0[24]
 _7357_/Y
  mprj.sram.sram_inst/din0[23]
 _7358_/Y
  mprj.sram.sram_inst/din0[22]
 _7359_/Y
  mprj.sram.sram_inst/din0[21]
 _7360_/Y
  mprj.sram.sram_inst/din0[20]
 _7361_/Y
  mprj.sram.sram_inst/din0[19]
 _7362_/Y
  mprj.sram.sram_inst/din0[18]
 _7363_/Y
  mprj.sram.sram_inst/din0[17]
 _7364_/Y
  mprj.sram.sram_inst/din0[16]
 _7365_/Y
  mprj.sram.sram_inst/din0[15]
 _7366_/Y
  mprj.sram.sram_inst/din0[14]
 _7367_/Y
  mprj.sram.sram_inst/din0[13]
 _7368_/Y
  mprj.sram.sram_inst/din0[12]
 _7369_/Y
  mprj.sram.sram_inst/din0[11]
 _7370_/Y
  mprj.sram.sram_inst/din0[10]
 _7371_/Y
  mprj.sram.sram_inst/din0[9]
 _7372_/Y
  mprj.sram.sram_inst/din0[8]
 _7373_/Y
  mprj.sram.sram_inst/din0[7]
 _7374_/Y
  mprj.sram.sram_inst/din0[6]
 _7375_/X
  mprj.sram.sram_inst/din0[5]
 _7376_/Y
  mprj.sram.sram_inst/din0[4]
 _7377_/Y
  mprj.sram.sram_inst/din0[3]
 _7378_/Y
  mprj.sram.sram_inst/din0[2]
 _7379_/Y
  mprj.sram.sram_inst/din0[1]
 _7380_/Y
  mprj.sram.sram_inst/din0[0]
 _7381_/Y
  mprj.sram.sram_inst/addr0[9]
  mprj.sram.sram_inst/addr1[9]
 _7382_/Y
  mprj.sram.sram_inst/addr0[8]
  mprj.sram.sram_inst/addr1[8]
 _7383_/Y
  mprj.sram.sram_inst/addr0[7]
  mprj.sram.sram_inst/addr1[7]
 _7384_/Y
  mprj.sram.sram_inst/addr0[6]
  mprj.sram.sram_inst/addr1[6]
 _7385_/Y
  mprj.sram.sram_inst/addr0[5]
  mprj.sram.sram_inst/addr1[5]
 _7386_/Y
  mprj.sram.sram_inst/addr0[4]
  mprj.sram.sram_inst/addr1[4]
 _7387_/Y
  mprj.sram.sram_inst/addr0[3]
  mprj.sram.sram_inst/addr1[3]
 _7388_/Y
  mprj.sram.sram_inst/addr0[2]
  mprj.sram.sram_inst/addr1[2]
 _7389_/Y
  mprj.sram.sram_inst/addr0[1]
  mprj.sram.sram_inst/addr1[1]
 _7390_/Y
  mprj.sram.sram_inst/addr0[0]
  mprj.sram.sram_inst/addr1[0]

===========================================================================
max slew violation count 1832
max fanout violation count 1014
max cap violation count 5
============================================================================

===========================================================================
check_setup -verbose -unconstrained_endpoints -multiple_clock -no_clock -no_input_delay -loops -generated_clocks
===========================================================================
Warning: There are 68 input ports missing set_input_delay.
  analog_io[0]
  analog_io[10]
  analog_io[11]
  analog_io[12]
  analog_io[13]
  analog_io[14]
  analog_io[15]
  analog_io[16]
  analog_io[17]
  analog_io[18]
  analog_io[19]
  analog_io[1]
  analog_io[20]
  analog_io[21]
  analog_io[22]
  analog_io[23]
  analog_io[24]
  analog_io[25]
  analog_io[26]
  analog_io[27]
  analog_io[28]
  analog_io[2]
  analog_io[3]
  analog_io[4]
  analog_io[5]
  analog_io[6]
  analog_io[7]
  analog_io[8]
  analog_io[9]
  io_in[0]
  io_in[10]
  io_in[11]
  io_in[12]
  io_in[13]
  io_in[14]
  io_in[15]
  io_in[16]
  io_in[17]
  io_in[18]
  io_in[19]
  io_in[1]
  io_in[20]
  io_in[21]
  io_in[22]
  io_in[23]
  io_in[24]
  io_in[25]
  io_in[26]
  io_in[27]
  io_in[28]
  io_in[29]
  io_in[2]
  io_in[30]
  io_in[31]
  io_in[32]
  io_in[33]
  io_in[34]
  io_in[35]
  io_in[36]
  io_in[37]
  io_in[3]
  io_in[4]
  io_in[5]
  io_in[6]
  io_in[7]
  io_in[8]
  io_in[9]
  user_clock2
Warning: There are 316 unconstrained endpoints.
  analog_io[0]
  analog_io[10]
  analog_io[11]
  analog_io[12]
  analog_io[13]
  analog_io[14]
  analog_io[15]
  analog_io[16]
  analog_io[17]
  analog_io[18]
  analog_io[19]
  analog_io[1]
  analog_io[20]
  analog_io[21]
  analog_io[22]
  analog_io[23]
  analog_io[24]
  analog_io[25]
  analog_io[26]
  analog_io[27]
  analog_io[28]
  analog_io[2]
  analog_io[3]
  analog_io[4]
  analog_io[5]
  analog_io[6]
  analog_io[7]
  analog_io[8]
  analog_io[9]
  io_oeb[0]
  io_oeb[10]
  io_oeb[11]
  io_oeb[12]
  io_oeb[13]
  io_oeb[14]
  io_oeb[15]
  io_oeb[16]
  io_oeb[17]
  io_oeb[18]
  io_oeb[19]
  io_oeb[1]
  io_oeb[20]
  io_oeb[21]
  io_oeb[22]
  io_oeb[23]
  io_oeb[24]
  io_oeb[25]
  io_oeb[26]
  io_oeb[27]
  io_oeb[28]
  io_oeb[29]
  io_oeb[2]
  io_oeb[30]
  io_oeb[31]
  io_oeb[32]
  io_oeb[33]
  io_oeb[34]
  io_oeb[35]
  io_oeb[36]
  io_oeb[37]
  io_oeb[3]
  io_oeb[4]
  io_oeb[5]
  io_oeb[6]
  io_oeb[7]
  io_oeb[8]
  io_oeb[9]
  io_out[0]
  io_out[10]
  io_out[11]
  io_out[12]
  io_out[13]
  io_out[14]
  io_out[15]
  io_out[16]
  io_out[17]
  io_out[18]
  io_out[19]
  io_out[1]
  io_out[20]
  io_out[21]
  io_out[22]
  io_out[23]
  io_out[24]
  io_out[25]
  io_out[26]
  io_out[27]
  io_out[28]
  io_out[29]
  io_out[2]
  io_out[30]
  io_out[31]
  io_out[32]
  io_out[33]
  io_out[34]
  io_out[35]
  io_out[36]
  io_out[37]
  io_out[3]
  io_out[4]
  io_out[5]
  io_out[6]
  io_out[7]
  io_out[8]
  io_out[9]
  la_data_out[0]
  la_data_out[100]
  la_data_out[101]
  la_data_out[102]
  la_data_out[103]
  la_data_out[104]
  la_data_out[105]
  la_data_out[106]
  la_data_out[107]
  la_data_out[108]
  la_data_out[109]
  la_data_out[10]
  la_data_out[110]
  la_data_out[111]
  la_data_out[112]
  la_data_out[113]
  la_data_out[114]
  la_data_out[115]
  la_data_out[116]
  la_data_out[117]
  la_data_out[118]
  la_data_out[119]
  la_data_out[11]
  la_data_out[120]
  la_data_out[121]
  la_data_out[122]
  la_data_out[123]
  la_data_out[124]
  la_data_out[125]
  la_data_out[126]
  la_data_out[127]
  la_data_out[12]
  la_data_out[13]
  la_data_out[14]
  la_data_out[15]
  la_data_out[16]
  la_data_out[17]
  la_data_out[18]
  la_data_out[19]
  la_data_out[1]
  la_data_out[20]
  la_data_out[21]
  la_data_out[22]
  la_data_out[23]
  la_data_out[24]
  la_data_out[25]
  la_data_out[26]
  la_data_out[27]
  la_data_out[28]
  la_data_out[29]
  la_data_out[2]
  la_data_out[30]
  la_data_out[31]
  la_data_out[32]
  la_data_out[33]
  la_data_out[34]
  la_data_out[35]
  la_data_out[36]
  la_data_out[37]
  la_data_out[38]
  la_data_out[39]
  la_data_out[3]
  la_data_out[40]
  la_data_out[41]
  la_data_out[42]
  la_data_out[43]
  la_data_out[44]
  la_data_out[45]
  la_data_out[46]
  la_data_out[47]
  la_data_out[48]
  la_data_out[49]
  la_data_out[4]
  la_data_out[50]
  la_data_out[51]
  la_data_out[52]
  la_data_out[53]
  la_data_out[54]
  la_data_out[55]
  la_data_out[56]
  la_data_out[57]
  la_data_out[58]
  la_data_out[59]
  la_data_out[5]
  la_data_out[60]
  la_data_out[61]
  la_data_out[62]
  la_data_out[63]
  la_data_out[64]
  la_data_out[65]
  la_data_out[66]
  la_data_out[67]
  la_data_out[68]
  la_data_out[69]
  la_data_out[6]
  la_data_out[70]
  la_data_out[71]
  la_data_out[72]
  la_data_out[73]
  la_data_out[74]
  la_data_out[75]
  la_data_out[76]
  la_data_out[77]
  la_data_out[78]
  la_data_out[79]
  la_data_out[7]
  la_data_out[80]
  la_data_out[81]
  la_data_out[82]
  la_data_out[83]
  la_data_out[84]
  la_data_out[85]
  la_data_out[86]
  la_data_out[87]
  la_data_out[88]
  la_data_out[89]
  la_data_out[8]
  la_data_out[90]
  la_data_out[91]
  la_data_out[92]
  la_data_out[93]
  la_data_out[94]
  la_data_out[95]
  la_data_out[96]
  la_data_out[97]
  la_data_out[98]
  la_data_out[99]
  la_data_out[9]
  user_irq[0]
  user_irq[1]
  user_irq[2]
  _8469_/D
  mprj.team_01_Wrapper.team_01_WB.instance_to_wrap/gpio_in[12]
  mprj.team_01_Wrapper.team_01_WB.instance_to_wrap/gpio_in[13]
  mprj.team_01_Wrapper.team_01_WB.instance_to_wrap/gpio_in[14]
  mprj.team_01_Wrapper.team_01_WB.instance_to_wrap/gpio_in[15]
  mprj.team_02_Wrapper.team_02_WB.instance_to_wrap/gpio_in[15]
  mprj.team_02_Wrapper.team_02_WB.instance_to_wrap/gpio_in[16]
  mprj.team_02_Wrapper.team_02_WB.instance_to_wrap/gpio_in[17]
  mprj.team_02_Wrapper.team_02_WB.instance_to_wrap/gpio_in[18]
  mprj.team_03_Wrapper.team_03_WB.instance_to_wrap/gpio_in[0]
  mprj.team_03_Wrapper.team_03_WB.instance_to_wrap/gpio_in[10]
  mprj.team_03_Wrapper.team_03_WB.instance_to_wrap/gpio_in[11]
  mprj.team_03_Wrapper.team_03_WB.instance_to_wrap/gpio_in[12]
  mprj.team_03_Wrapper.team_03_WB.instance_to_wrap/gpio_in[13]
  mprj.team_03_Wrapper.team_03_WB.instance_to_wrap/gpio_in[14]
  mprj.team_03_Wrapper.team_03_WB.instance_to_wrap/gpio_in[15]
  mprj.team_03_Wrapper.team_03_WB.instance_to_wrap/gpio_in[16]
  mprj.team_03_Wrapper.team_03_WB.instance_to_wrap/gpio_in[17]
  mprj.team_03_Wrapper.team_03_WB.instance_to_wrap/gpio_in[18]
  mprj.team_03_Wrapper.team_03_WB.instance_to_wrap/gpio_in[19]
  mprj.team_03_Wrapper.team_03_WB.instance_to_wrap/gpio_in[1]
  mprj.team_03_Wrapper.team_03_WB.instance_to_wrap/gpio_in[20]
  mprj.team_03_Wrapper.team_03_WB.instance_to_wrap/gpio_in[21]
  mprj.team_03_Wrapper.team_03_WB.instance_to_wrap/gpio_in[22]
  mprj.team_03_Wrapper.team_03_WB.instance_to_wrap/gpio_in[23]
  mprj.team_03_Wrapper.team_03_WB.instance_to_wrap/gpio_in[24]
  mprj.team_03_Wrapper.team_03_WB.instance_to_wrap/gpio_in[25]
  mprj.team_03_Wrapper.team_03_WB.instance_to_wrap/gpio_in[26]
  mprj.team_03_Wrapper.team_03_WB.instance_to_wrap/gpio_in[27]
  mprj.team_03_Wrapper.team_03_WB.instance_to_wrap/gpio_in[28]
  mprj.team_03_Wrapper.team_03_WB.instance_to_wrap/gpio_in[29]
  mprj.team_03_Wrapper.team_03_WB.instance_to_wrap/gpio_in[2]
  mprj.team_03_Wrapper.team_03_WB.instance_to_wrap/gpio_in[30]
  mprj.team_03_Wrapper.team_03_WB.instance_to_wrap/gpio_in[31]
  mprj.team_03_Wrapper.team_03_WB.instance_to_wrap/gpio_in[3]
  mprj.team_03_Wrapper.team_03_WB.instance_to_wrap/gpio_in[4]
  mprj.team_03_Wrapper.team_03_WB.instance_to_wrap/gpio_in[5]
  mprj.team_03_Wrapper.team_03_WB.instance_to_wrap/gpio_in[6]
  mprj.team_03_Wrapper.team_03_WB.instance_to_wrap/gpio_in[7]
  mprj.team_03_Wrapper.team_03_WB.instance_to_wrap/gpio_in[8]
  mprj.team_03_Wrapper.team_03_WB.instance_to_wrap/gpio_in[9]
  mprj.team_04_Wrapper.team_04_WB.instance_to_wrap/gpio_in[5]
  mprj.team_05_Wrapper.team_05_WB.instance_to_wrap/gpio_in[30]
  mprj.team_05_Wrapper.team_05_WB.instance_to_wrap/gpio_in[31]
  mprj.team_05_Wrapper.team_05_WB.instance_to_wrap/gpio_in[32]
  mprj.team_05_Wrapper.team_05_WB.instance_to_wrap/gpio_in[33]
  mprj.team_06_Wrapper.team_06_WB.instance_to_wrap/gpio_in[0]
  mprj.team_06_Wrapper.team_06_WB.instance_to_wrap/gpio_in[1]
  mprj.team_06_Wrapper.team_06_WB.instance_to_wrap/gpio_in[2]
  mprj.team_06_Wrapper.team_06_WB.instance_to_wrap/gpio_in[3]
  mprj.team_06_Wrapper.team_06_WB.instance_to_wrap/gpio_in[4]
  mprj.team_06_Wrapper.team_06_WB.instance_to_wrap/gpio_in[5]
  mprj.team_07_Wrapper.team_07_WB.instance_to_wrap/gpio_in[18]
  mprj.team_07_Wrapper.team_07_WB.instance_to_wrap/gpio_in[19]
  mprj.team_07_Wrapper.team_07_WB.instance_to_wrap/gpio_in[20]
  mprj.team_07_Wrapper.team_07_WB.instance_to_wrap/gpio_in[21]
  mprj.team_07_Wrapper.team_07_WB.instance_to_wrap/gpio_in[22]
  mprj.team_07_Wrapper.team_07_WB.instance_to_wrap/gpio_in[23]
  mprj.team_08_Wrapper.team_08_WB.instance_to_wrap/gpio_in[0]
  mprj.team_08_Wrapper.team_08_WB.instance_to_wrap/gpio_in[1]
  mprj.team_09_Wrapper.team_09_WB.instance_to_wrap/gpio_in[25]
  mprj.team_09_Wrapper.team_09_WB.instance_to_wrap/gpio_in[26]
  mprj.team_09_Wrapper.team_09_WB.instance_to_wrap/gpio_in[27]
  mprj.team_09_Wrapper.team_09_WB.instance_to_wrap/gpio_in[28]
  mprj.team_09_Wrapper.team_09_WB.instance_to_wrap/gpio_in[29]
  mprj.team_09_Wrapper.team_09_WB.instance_to_wrap/gpio_in[30]
  mprj.team_09_Wrapper.team_09_WB.instance_to_wrap/gpio_in[31]
  mprj.team_10_Wrapper.team_10_WB.instance_to_wrap/gpio_in[20]
  mprj.team_10_Wrapper.team_10_WB.instance_to_wrap/gpio_in[21]
  mprj.team_10_Wrapper.team_10_WB.instance_to_wrap/gpio_in[22]
  mprj.team_10_Wrapper.team_10_WB.instance_to_wrap/gpio_in[23]
  mprj.team_10_Wrapper.team_10_WB.instance_to_wrap/gpio_in[24]
  mprj.team_10_Wrapper.team_10_WB.instance_to_wrap/gpio_in[33]
  mprj.team_11_Wrapper.team_11_WB.instance_to_wrap/gpio_in[30]
  mprj.team_11_Wrapper.team_11_WB.instance_to_wrap/gpio_in[31]
  mprj.team_11_Wrapper.team_11_WB.instance_to_wrap/gpio_in[32]
  mprj.team_11_Wrapper.team_11_WB.instance_to_wrap/gpio_in[33]
  mprj.team_12_Wrapper.team_12_WB.instance_to_wrap/gpio_in[0]
  mprj.team_12_Wrapper.team_12_WB.instance_to_wrap/gpio_in[1]
  mprj.team_12_Wrapper.team_12_WB.instance_to_wrap/gpio_in[2]
