
===========================================================================
report_checks -unconstrained
===========================================================================
======================= nom_tt_025C_1v80 Corner ===================================

Startpoint: wb_rst_i (input port clocked by clk)
Endpoint: _8675_ (recovery check against rising-edge clock clk)
Path Group: asynchronous
Path Type: max

Fanout         Cap        Slew       Delay        Time   Description
---------------------------------------------------------------------------------------------
                                  0.000000    0.000000   clock clk (rise edge)
                                  5.570000    5.570000   clock network delay (propagated)
                                 50.000000   55.570000 v input external delay
     2    0.016744    0.000000    0.000000   55.570000 v wb_rst_i (in)
                                                         wb_rst_i (net)
                      0.001016    0.000508   55.570507 v input39/A (sky130_fd_sc_hd__buf_12)
    11    0.398284    0.058473    0.133305   55.703812 v input39/X (sky130_fd_sc_hd__buf_12)
                                                         net39 (net)
                      0.763734    0.378797   56.082611 v fanout740/A (sky130_fd_sc_hd__buf_12)
    11    0.499640    0.165202    0.492133   56.574741 v fanout740/X (sky130_fd_sc_hd__buf_12)
                                                         net740 (net)
                      0.394679    0.168669   56.743412 v fanout739/A (sky130_fd_sc_hd__buf_8)
    11    0.177217    0.131349    0.312323   57.055733 v fanout739/X (sky130_fd_sc_hd__buf_8)
                                                         net739 (net)
                      0.184188    0.064674   57.120407 v fanout738/A (sky130_fd_sc_hd__clkbuf_16)
    15    0.235499    0.145342    0.280249   57.400658 v fanout738/X (sky130_fd_sc_hd__clkbuf_16)
                                                         net738 (net)
                      0.177354    0.048111   57.448769 v fanout737/A (sky130_fd_sc_hd__buf_8)
    21    0.157204    0.115321    0.229200   57.677967 v fanout737/X (sky130_fd_sc_hd__buf_8)
                                                         net737 (net)
                      0.123716    0.022968   57.700935 v fanout735/A (sky130_fd_sc_hd__buf_6)
    21    0.125713    0.112512    0.227939   57.928875 v fanout735/X (sky130_fd_sc_hd__buf_6)
                                                         net735 (net)
                      0.113035    0.006292   57.935165 v _8326_/A (sky130_fd_sc_hd__inv_2)
     1    0.004804    0.043411    0.073172   58.008339 ^ _8326_/Y (sky130_fd_sc_hd__inv_2)
                                                         _0172_ (net)
                      0.043411    0.000110   58.008450 ^ _8675_/RESET_B (sky130_fd_sc_hd__dfrtp_4)
                                             58.008450   data arrival time

                                100.000000  100.000000   clock clk (rise edge)
                                  4.650000  104.649994   clock source latency
     4    0.379316    0.610000    0.000000  104.649994 ^ wb_clk_i (in)
                                                         wb_clk_i (net)
                      1.472318    0.431164  105.081161 ^ clkbuf_regs_0_clk/A (sky130_fd_sc_hd__clkbuf_16)
     1    0.016693    0.074092    0.327923  105.409081 ^ clkbuf_regs_0_clk/X (sky130_fd_sc_hd__clkbuf_16)
                                                         delaynet_0_clk (net)
                      0.074092    0.001059  105.410141 ^ delaybuf_0_clk/A (sky130_fd_sc_hd__clkbuf_16)
     1    0.017158    0.039454    0.133099  105.543236 ^ delaybuf_0_clk/X (sky130_fd_sc_hd__clkbuf_16)
                                                         delaynet_1_clk (net)
                      0.039470    0.001165  105.544403 ^ delaybuf_1_clk/A (sky130_fd_sc_hd__clkbuf_16)
     1    0.014529    0.037209    0.117993  105.662399 ^ delaybuf_1_clk/X (sky130_fd_sc_hd__clkbuf_16)
                                                         wb_clk_i_regs (net)
                      0.037218    0.000888  105.663284 ^ clkbuf_0_wb_clk_i_regs/A (sky130_fd_sc_hd__clkbuf_16)
     5    0.113910    0.127268    0.189083  105.852371 ^ clkbuf_0_wb_clk_i_regs/X (sky130_fd_sc_hd__clkbuf_16)
                                                         clknet_0_wb_clk_i_regs (net)
                      0.128590    0.010267  105.862633 ^ clkbuf_1_0_0_wb_clk_i_regs/A (sky130_fd_sc_hd__clkbuf_8)
     5    0.059852    0.114897    0.205581  106.068214 ^ clkbuf_1_0_0_wb_clk_i_regs/X (sky130_fd_sc_hd__clkbuf_8)
                                                         clknet_1_0_0_wb_clk_i_regs (net)
                      0.117211    0.012932  106.081146 ^ clkbuf_2_1_0_wb_clk_i_regs/A (sky130_fd_sc_hd__clkbuf_8)
     3    0.068768    0.129733    0.209738  106.290886 ^ clkbuf_2_1_0_wb_clk_i_regs/X (sky130_fd_sc_hd__clkbuf_8)
                                                         clknet_2_1_0_wb_clk_i_regs (net)
                      0.133796    0.018119  106.309006 ^ clkbuf_2_1_1_wb_clk_i_regs/A (sky130_fd_sc_hd__clkbuf_8)
     9    0.115957    0.204772    0.271086  106.580093 ^ clkbuf_2_1_1_wb_clk_i_regs/X (sky130_fd_sc_hd__clkbuf_8)
                                                         clknet_2_1_1_wb_clk_i_regs (net)
                      0.206679    0.015895  106.595985 ^ clkbuf_4_7_0_wb_clk_i_regs/A (sky130_fd_sc_hd__clkbuf_8)
     5    0.044491    0.090554    0.214371  106.810356 ^ clkbuf_4_7_0_wb_clk_i_regs/X (sky130_fd_sc_hd__clkbuf_8)
                                                         clknet_4_7_0_wb_clk_i_regs (net)
                      0.091295    0.006494  106.816849 ^ clkbuf_5_15_0_wb_clk_i_regs/A (sky130_fd_sc_hd__clkbuf_8)
    13    0.078304    0.142141    0.218286  107.035141 ^ clkbuf_5_15_0_wb_clk_i_regs/X (sky130_fd_sc_hd__clkbuf_8)
                                                         clknet_5_15_0_wb_clk_i_regs (net)
                      0.142211    0.002593  107.037727 ^ _8675_/CLK (sky130_fd_sc_hd__dfrtp_4)
                                 -0.200000  106.837738   clock uncertainty
                                  0.000000  106.837738   clock reconvergence pessimism
                                  0.247742  107.085480   library recovery time
                                            107.085480   data required time
---------------------------------------------------------------------------------------------
                                            107.085480   data required time
                                            -58.008450   data arrival time
---------------------------------------------------------------------------------------------
                                             49.077030   slack (MET)


Startpoint: _8731_ (rising edge-triggered flip-flop clocked by clk)
Endpoint: mprj.team_04_Wrapper.team_04_WB.instance_to_wrap
          (rising edge-triggered flip-flop clocked by clk)
Path Group: clk
Path Type: max

Fanout         Cap        Slew       Delay        Time   Description
---------------------------------------------------------------------------------------------
                                  0.000000    0.000000   clock clk (rise edge)
                                  5.570000    5.570000   clock source latency
     4    0.379316    0.610000    0.000000    5.570000 ^ wb_clk_i (in)
                                                         wb_clk_i (net)
                      1.472318    0.431159    6.001159 ^ clkbuf_regs_0_clk/A (sky130_fd_sc_hd__clkbuf_16)
     1    0.016693    0.074092    0.327924    6.329083 ^ clkbuf_regs_0_clk/X (sky130_fd_sc_hd__clkbuf_16)
                                                         delaynet_0_clk (net)
                      0.074092    0.001059    6.330142 ^ delaybuf_0_clk/A (sky130_fd_sc_hd__clkbuf_16)
     1    0.017158    0.039454    0.133103    6.463245 ^ delaybuf_0_clk/X (sky130_fd_sc_hd__clkbuf_16)
                                                         delaynet_1_clk (net)
                      0.039470    0.001165    6.464410 ^ delaybuf_1_clk/A (sky130_fd_sc_hd__clkbuf_16)
     1    0.014529    0.037209    0.117994    6.582404 ^ delaybuf_1_clk/X (sky130_fd_sc_hd__clkbuf_16)
                                                         wb_clk_i_regs (net)
                      0.037218    0.000888    6.583292 ^ clkbuf_0_wb_clk_i_regs/A (sky130_fd_sc_hd__clkbuf_16)
     5    0.113910    0.127268    0.189078    6.772369 ^ clkbuf_0_wb_clk_i_regs/X (sky130_fd_sc_hd__clkbuf_16)
                                                         clknet_0_wb_clk_i_regs (net)
                      0.129171    0.012317    6.784686 ^ clkbuf_1_1_0_wb_clk_i_regs/A (sky130_fd_sc_hd__clkbuf_8)
     5    0.086378    0.155404    0.239299    7.023985 ^ clkbuf_1_1_0_wb_clk_i_regs/X (sky130_fd_sc_hd__clkbuf_8)
                                                         clknet_1_1_0_wb_clk_i_regs (net)
                      0.156420    0.010086    7.034071 ^ clkbuf_2_2_0_wb_clk_i_regs/A (sky130_fd_sc_hd__clkbuf_8)
     3    0.133523    0.233718    0.274703    7.308774 ^ clkbuf_2_2_0_wb_clk_i_regs/X (sky130_fd_sc_hd__clkbuf_8)
                                                         clknet_2_2_0_wb_clk_i_regs (net)
                      0.256282    0.055678    7.364452 ^ clkbuf_2_2_1_wb_clk_i_regs/A (sky130_fd_sc_hd__clkbuf_8)
     9    0.206149    0.351047    0.363120    7.727571 ^ clkbuf_2_2_1_wb_clk_i_regs/X (sky130_fd_sc_hd__clkbuf_8)
                                                         clknet_2_2_1_wb_clk_i_regs (net)
                      0.357765    0.039976    7.767548 ^ clkbuf_4_8_0_wb_clk_i_regs/A (sky130_fd_sc_hd__clkbuf_8)
     5    0.106378    0.189123    0.321243    8.088790 ^ clkbuf_4_8_0_wb_clk_i_regs/X (sky130_fd_sc_hd__clkbuf_8)
                                                         clknet_4_8_0_wb_clk_i_regs (net)
                      0.190388    0.012554    8.101344 ^ clkbuf_5_16_0_wb_clk_i_regs/A (sky130_fd_sc_hd__clkbuf_8)
    18    0.244410    0.416508    0.427466    8.528810 ^ clkbuf_5_16_0_wb_clk_i_regs/X (sky130_fd_sc_hd__clkbuf_8)
                                                         clknet_5_16_0_wb_clk_i_regs (net)
                      0.419351    0.028079    8.556889 ^ _8731_/CLK (sky130_fd_sc_hd__dfrtp_4)
     1    0.008010    0.059455    0.504943    9.061831 ^ _8731_/Q (sky130_fd_sc_hd__dfrtp_4)
                                                         mprj.team_04_Wrapper.team_04_WB.EN_VAL_REG (net)
                      0.059455    0.000322    9.062154 ^ hold2049/A (sky130_fd_sc_hd__dlygate4sd3_1)
     1    0.002518    0.050525    0.536653    9.598806 ^ hold2049/X (sky130_fd_sc_hd__dlygate4sd3_1)
                                                         net2986 (net)
                      0.050525    0.000077    9.598884 ^ hold1771/A (sky130_fd_sc_hd__dlygate4sd3_1)
     5    0.048366    0.474788    0.845325   10.444208 ^ hold1771/X (sky130_fd_sc_hd__dlygate4sd3_1)
                                                         net2708 (net)
                      0.474933    0.007949   10.452158 ^ hold639/A (sky130_fd_sc_hd__dlygate4sd3_1)
     7    0.091383    0.882213    1.205343   11.657501 ^ hold639/X (sky130_fd_sc_hd__dlygate4sd3_1)
                                                         net1576 (net)
                      0.882213    0.002191   11.659692 ^ hold1772/A (sky130_fd_sc_hd__dlygate4sd3_1)
     3    0.030370    0.304530    0.841832   12.501524 ^ hold1772/X (sky130_fd_sc_hd__dlygate4sd3_1)
                                                         net2709 (net)
                      0.304546    0.002506   12.504030 ^ mprj.team_04_Wrapper.team_04_WB.instance_to_wrap/en (team_04)
                                             12.504030   data arrival time

                                 50.000000   50.000000   clock clk (fall edge)
                                  4.650000   54.650002   clock source latency
     4    0.377242    0.610000    0.000000   54.650002 v wb_clk_i (in)
                                                         wb_clk_i (net)
                      1.508822    0.449411   55.099411 v clkbuf_0_wb_clk_i/A (sky130_fd_sc_hd__clkbuf_16)
     5    0.100387    0.120049    0.659249   55.758659 v clkbuf_0_wb_clk_i/X (sky130_fd_sc_hd__clkbuf_16)
                                                         clknet_0_wb_clk_i (net)
                      0.122961    0.014268   55.772926 v clkbuf_1_0_0_wb_clk_i/A (sky130_fd_sc_hd__clkbuf_8)
     3    0.062441    0.082121    0.209422   55.982349 v clkbuf_1_0_0_wb_clk_i/X (sky130_fd_sc_hd__clkbuf_8)
                                                         clknet_1_0_0_wb_clk_i (net)
                      0.089113    0.018300   56.000648 v clkbuf_1_0_1_wb_clk_i/A (sky130_fd_sc_hd__clkbuf_8)
    13    1.363591    1.357377    0.959318   56.959969 v clkbuf_1_0_1_wb_clk_i/X (sky130_fd_sc_hd__clkbuf_8)
                                                         clknet_1_0_1_wb_clk_i (net)
                      1.416126    0.221359   57.181328 v mprj.team_04_Wrapper.team_04_WB.instance_to_wrap/clk (team_04)
                                 -0.200000   56.981327   clock uncertainty
                                  0.920000   57.901325   clock reconvergence pessimism
                                -11.255480   46.645847   library setup time
                                             46.645847   data required time
---------------------------------------------------------------------------------------------
                                             46.645847   data required time
                                            -12.504030   data arrival time
---------------------------------------------------------------------------------------------
                                             34.141815   slack (MET)




===========================================================================
report_checks --slack_max -0.01
============================================================================
======================= nom_tt_025C_1v80 Corner ===================================

No paths found.


===========================================================================
 report_check_types -max_slew -max_cap -max_fanout -violators
============================================================================
======================= nom_tt_025C_1v80 Corner ===================================

max slew

Pin                                        Limit        Slew       Slack
------------------------------------------------------------------------
mprj.team_03_Wrapper.team_03_WB.instance_to_wrap/nrst    1.500000    3.569166   -2.069166 (VIOLATED)
ANTENNA_mprj.team_03_Wrapper.team_03_WB.instance_to_wrap_nrst/DIODE    1.500000    3.569100   -2.069100 (VIOLATED)
mprj.team_04_Wrapper.team_04_WB.instance_to_wrap/nrst    1.500000    3.537888   -2.037888 (VIOLATED)
ANTENNA_mprj.team_04_Wrapper.team_04_WB.instance_to_wrap_nrst/DIODE    1.500000    3.537637   -2.037637 (VIOLATED)
mprj.team_05_Wrapper.team_05_WB.instance_to_wrap/nrst    1.500000    3.379014   -1.879014 (VIOLATED)
ANTENNA_mprj.team_05_Wrapper.team_05_WB.instance_to_wrap_nrst/DIODE    1.500000    3.372736   -1.872736 (VIOLATED)
ANTENNA_mprj.team_07_Wrapper.team_07_WB.instance_to_wrap_gpio_in[18]/DIODE    1.500000    3.120603   -1.620603 (VIOLATED)
mprj.team_07_Wrapper.team_07_WB.instance_to_wrap/gpio_in[18]    1.500000    3.120562   -1.620562 (VIOLATED)
ANTENNA_mprj.team_02_Wrapper.team_02_WB.instance_to_wrap_nrst/DIODE    1.500000    3.088835   -1.588835 (VIOLATED)
ANTENNA_mprj.team_05_Wrapper.team_05_WB.instance_to_wrap_gpio_in[21]/DIODE    1.500000    3.086195   -1.586195 (VIOLATED)
mprj.team_05_Wrapper.team_05_WB.instance_to_wrap/gpio_in[21]    1.500000    3.086176   -1.586176 (VIOLATED)
mprj.team_02_Wrapper.team_02_WB.instance_to_wrap/nrst    1.500000    3.079021   -1.579021 (VIOLATED)
ANTENNA_mprj.team_08_Wrapper.team_08_WB.instance_to_wrap_gpio_in[3]/DIODE    1.500000    3.061983   -1.561983 (VIOLATED)
mprj.team_08_Wrapper.team_08_WB.instance_to_wrap/gpio_in[3]    1.500000    3.061966   -1.561966 (VIOLATED)
mprj.team_08_Wrapper.team_08_WB.instance_to_wrap/gpio_in[13]    1.500000    3.050421   -1.550421 (VIOLATED)
ANTENNA_mprj.team_08_Wrapper.team_08_WB.instance_to_wrap_gpio_in[13]/DIODE    1.500000    3.050402   -1.550402 (VIOLATED)
ANTENNA_mprj.team_08_Wrapper.team_08_WB.instance_to_wrap_gpio_in[8]/DIODE    1.500000    3.022793   -1.522793 (VIOLATED)
mprj.team_08_Wrapper.team_08_WB.instance_to_wrap/gpio_in[8]    1.500000    3.022769   -1.522769 (VIOLATED)
ANTENNA_mprj.team_08_Wrapper.team_08_WB.instance_to_wrap_gpio_in[7]/DIODE    1.500000    3.005180   -1.505180 (VIOLATED)
mprj.team_08_Wrapper.team_08_WB.instance_to_wrap/gpio_in[7]    1.500000    3.005179   -1.505179 (VIOLATED)
ANTENNA_mprj.team_02_Wrapper.team_02_WB.instance_to_wrap_gpio_in[21]/DIODE    1.500000    2.989033   -1.489033 (VIOLATED)
mprj.team_02_Wrapper.team_02_WB.instance_to_wrap/gpio_in[21]    1.500000    2.988257   -1.488257 (VIOLATED)
mprj.team_06_Wrapper.team_06_WB.instance_to_wrap/gpio_in[3]    1.500000    2.942632   -1.442632 (VIOLATED)
ANTENNA_mprj.team_06_Wrapper.team_06_WB.instance_to_wrap_gpio_in[3]/DIODE    1.500000    2.942359   -1.442359 (VIOLATED)
ANTENNA_mprj.team_11_Wrapper.team_11_WB.instance_to_wrap_gpio_in[18]/DIODE    1.500000    2.904064   -1.404064 (VIOLATED)
mprj.team_11_Wrapper.team_11_WB.instance_to_wrap/gpio_in[18]    1.500000    2.903935   -1.403935 (VIOLATED)
mprj.team_06_Wrapper.team_06_WB.instance_to_wrap/gpio_in[13]    1.500000    2.897950   -1.397950 (VIOLATED)
ANTENNA_mprj.team_06_Wrapper.team_06_WB.instance_to_wrap_gpio_in[13]/DIODE    1.500000    2.895700   -1.395700 (VIOLATED)
mprj.team_06_Wrapper.team_06_WB.instance_to_wrap/gpio_in[7]    1.500000    2.892432   -1.392432 (VIOLATED)
ANTENNA_mprj.team_06_Wrapper.team_06_WB.instance_to_wrap_gpio_in[7]/DIODE    1.500000    2.892420   -1.392420 (VIOLATED)
mprj.team_06_Wrapper.team_06_WB.instance_to_wrap/gpio_in[8]    1.500000    2.878523   -1.378523 (VIOLATED)
ANTENNA_mprj.team_06_Wrapper.team_06_WB.instance_to_wrap_gpio_in[8]/DIODE    1.500000    2.876620   -1.376620 (VIOLATED)
ANTENNA_mprj.team_02_Wrapper.team_02_WB.instance_to_wrap_gpio_in[3]/DIODE    1.500000    2.875227   -1.375228 (VIOLATED)
ANTENNA_mprj.team_11_Wrapper.team_11_WB.instance_to_wrap_gpio_in[32]/DIODE    1.500000    2.873404   -1.373404 (VIOLATED)
mprj.team_11_Wrapper.team_11_WB.instance_to_wrap/gpio_in[32]    1.500000    2.873316   -1.373316 (VIOLATED)
ANTENNA_mprj.team_02_Wrapper.team_02_WB.instance_to_wrap_gpio_in[13]/DIODE    1.500000    2.865303   -1.365303 (VIOLATED)
mprj.team_02_Wrapper.team_02_WB.instance_to_wrap/gpio_in[13]    1.500000    2.865296   -1.365296 (VIOLATED)
mprj.team_02_Wrapper.team_02_WB.instance_to_wrap/gpio_in[3]    1.500000    2.862626   -1.362626 (VIOLATED)
mprj.team_02_Wrapper.team_02_WB.instance_to_wrap/gpio_in[8]    1.500000    2.845959   -1.345959 (VIOLATED)
ANTENNA_mprj.team_02_Wrapper.team_02_WB.instance_to_wrap_gpio_in[8]/DIODE    1.500000    2.845644   -1.345644 (VIOLATED)
ANTENNA_mprj.team_06_Wrapper.team_06_WB.instance_to_wrap_gpio_in[21]/DIODE    1.500000    2.834215   -1.334215 (VIOLATED)
mprj.team_06_Wrapper.team_06_WB.instance_to_wrap/gpio_in[21]    1.500000    2.830934   -1.330934 (VIOLATED)
mprj.team_07_Wrapper.team_07_WB.instance_to_wrap/gpio_in[32]    1.500000    2.806559   -1.306559 (VIOLATED)
ANTENNA_mprj.team_07_Wrapper.team_07_WB.instance_to_wrap_gpio_in[32]/DIODE    1.500000    2.806457   -1.306457 (VIOLATED)
load_slew786/A                          1.500000    2.803269   -1.303269 (VIOLATED)
ANTENNA_mprj.team_05_Wrapper.team_05_WB.instance_to_wrap_gpio_in[3]/DIODE    1.500000    2.799316   -1.299316 (VIOLATED)
mprj.team_05_Wrapper.team_05_WB.instance_to_wrap/gpio_in[3]    1.500000    2.799188   -1.299188 (VIOLATED)
ANTENNA_load_slew786_A/DIODE            1.500000    2.795180   -1.295180 (VIOLATED)
ANTENNA_mprj.team_05_Wrapper.team_05_WB.instance_to_wrap_gpio_in[13]/DIODE    1.500000    2.789061   -1.289061 (VIOLATED)
mprj.team_05_Wrapper.team_05_WB.instance_to_wrap/gpio_in[13]    1.500000    2.788985   -1.288986 (VIOLATED)
ANTENNA_mprj.team_05_Wrapper.team_05_WB.instance_to_wrap_gpio_in[8]/DIODE    1.500000    2.773364   -1.273364 (VIOLATED)
mprj.team_05_Wrapper.team_05_WB.instance_to_wrap/gpio_in[8]    1.500000    2.773177   -1.273177 (VIOLATED)
ANTENNA_mprj.team_09_Wrapper.team_09_WB.instance_to_wrap_gpio_in[5]/DIODE    1.500000    2.756701   -1.256701 (VIOLATED)
mprj.team_09_Wrapper.team_09_WB.instance_to_wrap/gpio_in[5]    1.500000    2.756677   -1.256678 (VIOLATED)
ANTENNA_mprj.team_02_Wrapper.team_02_WB.instance_to_wrap_gpio_in[7]/DIODE    1.500000    2.727194   -1.227194 (VIOLATED)
mprj.team_02_Wrapper.team_02_WB.instance_to_wrap/gpio_in[7]    1.500000    2.718908   -1.218908 (VIOLATED)
mprj.team_12_Wrapper.team_12_WB.instance_to_wrap/clk    1.500000    2.701164   -1.201164 (VIOLATED)
ANTENNA_mprj.team_12_Wrapper.team_12_WB.instance_to_wrap_clk/DIODE    1.500000    2.700235   -1.200235 (VIOLATED)
ANTENNA_mprj.team_05_Wrapper.team_05_WB.instance_to_wrap_gpio_in[7]/DIODE    1.500000    2.696441   -1.196441 (VIOLATED)
mprj.team_05_Wrapper.team_05_WB.instance_to_wrap/gpio_in[7]    1.500000    2.696301   -1.196301 (VIOLATED)
mprj.team_06_Wrapper.team_06_WB.instance_to_wrap/nrst    1.500000    2.684816   -1.184816 (VIOLATED)
ANTENNA_mprj.team_06_Wrapper.team_06_WB.instance_to_wrap_nrst/DIODE    1.500000    2.684790   -1.184790 (VIOLATED)
ANTENNA_813/DIODE                       1.500000    2.683392   -1.183392 (VIOLATED)
ANTENNA_812/DIODE                       1.500000    2.679635   -1.179635 (VIOLATED)
ANTENNA_mprj.team_10_Wrapper.team_10_WB.instance_to_wrap_gpio_in[32]/DIODE    1.500000    2.675538   -1.175538 (VIOLATED)
mprj.team_12_Wrapper.team_12_WB.instance_to_wrap/gpio_in[5]    1.500000    2.670723   -1.170723 (VIOLATED)
ANTENNA_mprj.team_12_Wrapper.team_12_WB.instance_to_wrap_gpio_in[5]/DIODE    1.500000    2.670704   -1.170704 (VIOLATED)
mprj.team_04_Wrapper.team_04_WB.instance_to_wrap/gpio_in[8]    1.500000    2.670239   -1.170239 (VIOLATED)
ANTENNA_mprj.team_04_Wrapper.team_04_WB.instance_to_wrap_gpio_in[8]/DIODE    1.500000    2.669854   -1.169854 (VIOLATED)
ANTENNA_mprj.team_05_Wrapper.team_05_WB.instance_to_wrap_gpio_in[22]/DIODE    1.500000    2.664917   -1.164917 (VIOLATED)
mprj.team_05_Wrapper.team_05_WB.instance_to_wrap/gpio_in[22]    1.500000    2.664884   -1.164884 (VIOLATED)
mprj.team_10_Wrapper.team_10_WB.instance_to_wrap/gpio_in[32]    1.500000    2.663046   -1.163046 (VIOLATED)
mprj.team_01_Wrapper.team_01_WB.instance_to_wrap/gpio_in[27]    1.500000    2.660959   -1.160959 (VIOLATED)
ANTENNA_mprj.team_01_Wrapper.team_01_WB.instance_to_wrap_gpio_in[27]/DIODE    1.500000    2.660909   -1.160909 (VIOLATED)
ANTENNA_mprj.team_03_Wrapper.team_03_WB.instance_to_wrap_gpio_in[27]/DIODE    1.500000    2.655447   -1.155447 (VIOLATED)
mprj.team_03_Wrapper.team_03_WB.instance_to_wrap/gpio_in[27]    1.500000    2.655165   -1.155165 (VIOLATED)
ANTENNA_mprj.team_05_Wrapper.team_05_WB.instance_to_wrap_gpio_in[24]/DIODE    1.500000    2.651761   -1.151761 (VIOLATED)
mprj.team_05_Wrapper.team_05_WB.instance_to_wrap/gpio_in[24]    1.500000    2.651700   -1.151700 (VIOLATED)
ANTENNA_mprj.team_02_Wrapper.team_02_WB.instance_to_wrap_gpio_in[24]/DIODE    1.500000    2.628890   -1.128890 (VIOLATED)
mprj.team_02_Wrapper.team_02_WB.instance_to_wrap/gpio_in[24]    1.500000    2.628586   -1.128586 (VIOLATED)
mprj.team_01_Wrapper.team_01_WB.instance_to_wrap/gpio_in[28]    1.500000    2.614143   -1.114143 (VIOLATED)
ANTENNA_mprj.team_01_Wrapper.team_01_WB.instance_to_wrap_gpio_in[28]/DIODE    1.500000    2.614115   -1.114115 (VIOLATED)
ANTENNA__7556__A/DIODE                  1.500000    2.604521   -1.104521 (VIOLATED)
_7556_/A                                1.500000    2.604505   -1.104505 (VIOLATED)
_7531_/A                                1.500000    2.604498   -1.104498 (VIOLATED)
ANTENNA__7531__A/DIODE                  1.500000    2.604479   -1.104479 (VIOLATED)
_7555_/A                                1.500000    2.604430   -1.104431 (VIOLATED)
ANTENNA__7555__A/DIODE                  1.500000    2.604426   -1.104426 (VIOLATED)
_7558_/A                                1.500000    2.604394   -1.104394 (VIOLATED)
ANTENNA__7558__A/DIODE                  1.500000    2.604386   -1.104386 (VIOLATED)
ANTENNA_mprj.team_06_Wrapper.team_06_WB.instance_to_wrap_gpio_in[24]/DIODE    1.500000    2.601491   -1.101491 (VIOLATED)
mprj.team_06_Wrapper.team_06_WB.instance_to_wrap/gpio_in[24]    1.500000    2.601124   -1.101124 (VIOLATED)
hold218/X                               1.495067    2.593825   -1.098758 (VIOLATED)
ANTENNA_mprj.team_08_Wrapper.team_08_WB.instance_to_wrap_gpio_in[14]/DIODE    1.500000    2.598549   -1.098549 (VIOLATED)
mprj.team_08_Wrapper.team_08_WB.instance_to_wrap/gpio_in[14]    1.500000    2.598541   -1.098541 (VIOLATED)
ANTENNA_fanout586_A/DIODE               1.500000    2.594081   -1.094081 (VIOLATED)
fanout586/A                             1.500000    2.594080   -1.094080 (VIOLATED)
ANTENNA_fanout585_A/DIODE               1.500000    2.593843   -1.093843 (VIOLATED)
ANTENNA_hold218_X/DIODE                 1.500000    2.593843   -1.093843 (VIOLATED)
fanout585/A                             1.500000    2.593828   -1.093829 (VIOLATED)
mprj.team_10_Wrapper.team_10_WB.instance_to_wrap/gpio_in[33]    1.500000    2.572375   -1.072375 (VIOLATED)
ANTENNA_mprj.team_10_Wrapper.team_10_WB.instance_to_wrap_gpio_in[33]/DIODE    1.500000    2.572349   -1.072349 (VIOLATED)
ANTENNA_mprj.team_02_Wrapper.team_02_WB.instance_to_wrap_gpio_in[22]/DIODE    1.500000    2.570283   -1.070283 (VIOLATED)
mprj.team_02_Wrapper.team_02_WB.instance_to_wrap/gpio_in[22]    1.500000    2.567654   -1.067654 (VIOLATED)
ANTENNA_mprj.team_10_Wrapper.team_10_WB.instance_to_wrap_gpio_in[18]/DIODE    1.500000    2.557218   -1.057218 (VIOLATED)
mprj.team_07_Wrapper.team_07_WB.instance_to_wrap/gpio_in[33]    1.500000    2.547498   -1.047498 (VIOLATED)
ANTENNA_mprj.team_07_Wrapper.team_07_WB.instance_to_wrap_gpio_in[33]/DIODE    1.500000    2.545523   -1.045523 (VIOLATED)
mprj.team_10_Wrapper.team_10_WB.instance_to_wrap/gpio_in[18]    1.500000    2.544255   -1.044255 (VIOLATED)
mprj.team_09_Wrapper.team_09_WB.instance_to_wrap/clk    1.500000    2.534032   -1.034032 (VIOLATED)
ANTENNA_mprj.team_09_Wrapper.team_09_WB.instance_to_wrap_clk/DIODE    1.500000    2.533715   -1.033716 (VIOLATED)
mprj.team_08_Wrapper.team_08_WB.instance_to_wrap/gpio_in[6]    1.500000    2.529684   -1.029684 (VIOLATED)
ANTENNA_mprj.team_08_Wrapper.team_08_WB.instance_to_wrap_gpio_in[6]/DIODE    1.500000    2.529672   -1.029672 (VIOLATED)
_4244_/A0                               1.500000    2.528313   -1.028313 (VIOLATED)
ANTENNA__4244__A0/DIODE                 1.500000    2.528286   -1.028286 (VIOLATED)
ANTENNA__4250__B1/DIODE                 1.500000    2.528212   -1.028212 (VIOLATED)
_4250_/B1                               1.500000    2.528164   -1.028164 (VIOLATED)
mprj.team_03_Wrapper.team_03_WB.instance_to_wrap/gpio_in[28]    1.500000    2.524018   -1.024018 (VIOLATED)
ANTENNA_mprj.team_03_Wrapper.team_03_WB.instance_to_wrap_gpio_in[28]/DIODE    1.500000    2.523682   -1.023682 (VIOLATED)
ANTENNA_mprj.team_05_Wrapper.team_05_WB.instance_to_wrap_gpio_in[19]/DIODE    1.500000    2.509962   -1.009962 (VIOLATED)
mprj.team_05_Wrapper.team_05_WB.instance_to_wrap/gpio_in[19]    1.500000    2.509921   -1.009921 (VIOLATED)
ANTENNA_mprj.team_08_Wrapper.team_08_WB.instance_to_wrap_gpio_in[24]/DIODE    1.500000    2.504735   -1.004735 (VIOLATED)
mprj.team_11_Wrapper.team_11_WB.instance_to_wrap/gpio_in[33]    1.500000    2.502595   -1.002595 (VIOLATED)
ANTENNA_mprj.team_11_Wrapper.team_11_WB.instance_to_wrap_gpio_in[33]/DIODE    1.500000    2.502593   -1.002593 (VIOLATED)
mprj.team_06_Wrapper.team_06_WB.instance_to_wrap/gpio_in[6]    1.500000    2.500821   -1.000821 (VIOLATED)
ANTENNA_mprj.team_06_Wrapper.team_06_WB.instance_to_wrap_gpio_in[6]/DIODE    1.500000    2.499592   -0.999592 (VIOLATED)
mprj.team_08_Wrapper.team_08_WB.instance_to_wrap/gpio_in[24]    1.500000    2.496310   -0.996310 (VIOLATED)
_4284_/A2                               1.500000    2.493680   -0.993680 (VIOLATED)
ANTENNA__4284__A2/DIODE                 1.500000    2.493679   -0.993679 (VIOLATED)
_4277_/A0                               1.500000    2.493660   -0.993661 (VIOLATED)
ANTENNA__4277__A0/DIODE                 1.500000    2.493656   -0.993656 (VIOLATED)
_5033_/A0                               1.500000    2.474628   -0.974628 (VIOLATED)
ANTENNA__5033__A0/DIODE                 1.500000    2.474620   -0.974620 (VIOLATED)
ANTENNA__5039__A2/DIODE                 1.500000    2.474524   -0.974524 (VIOLATED)
_5039_/A2                               1.500000    2.474499   -0.974499 (VIOLATED)
ANTENNA_mprj.team_06_Wrapper.team_06_WB.instance_to_wrap_gpio_in[14]/DIODE    1.500000    2.473057   -0.973057 (VIOLATED)
mprj.team_06_Wrapper.team_06_WB.instance_to_wrap/gpio_in[14]    1.500000    2.472072   -0.972072 (VIOLATED)
ANTENNA_mprj.team_11_Wrapper.team_11_WB.instance_to_wrap_gpio_in[27]/DIODE    1.500000    2.467085   -0.967085 (VIOLATED)
mprj.team_11_Wrapper.team_11_WB.instance_to_wrap/gpio_in[27]    1.500000    2.466788   -0.966788 (VIOLATED)
ANTENNA_mprj.team_01_Wrapper.team_01_WB.instance_to_wrap_ADR_O[28]/DIODE    1.500000    2.461447   -0.961447 (VIOLATED)
mprj.team_01_Wrapper.team_01_WB.instance_to_wrap/ADR_O[28]    1.500000    2.461447   -0.961447 (VIOLATED)
ANTENNA__4271__A0/DIODE                 1.500000    2.459601   -0.959602 (VIOLATED)
ANTENNA__4283__A2/DIODE                 1.500000    2.459590   -0.959590 (VIOLATED)
_4271_/A0                               1.500000    2.459577   -0.959577 (VIOLATED)
_4283_/A2                               1.500000    2.459570   -0.959570 (VIOLATED)
mprj.team_04_Wrapper.team_04_WB.instance_to_wrap/gpio_in[28]    1.500000    2.444577   -0.944577 (VIOLATED)
ANTENNA_mprj.team_04_Wrapper.team_04_WB.instance_to_wrap_gpio_in[28]/DIODE    1.500000    2.444530   -0.944530 (VIOLATED)
mprj.team_06_Wrapper.team_06_WB.instance_to_wrap/gpio_in[22]    1.500000    2.440044   -0.940044 (VIOLATED)
ANTENNA_mprj.team_06_Wrapper.team_06_WB.instance_to_wrap_gpio_in[22]/DIODE    1.500000    2.439290   -0.939290 (VIOLATED)
ANTENNA__4776__A0/DIODE                 1.500000    2.426430   -0.926431 (VIOLATED)
_4776_/A0                               1.500000    2.426425   -0.926425 (VIOLATED)
ANTENNA__4782__A2/DIODE                 1.500000    2.426383   -0.926384 (VIOLATED)
_4782_/A2                               1.500000    2.426378   -0.926378 (VIOLATED)
mprj.team_07_Wrapper.team_07_WB.instance_to_wrap/gpio_in[27]    1.500000    2.422640   -0.922640 (VIOLATED)
ANTENNA_mprj.team_07_Wrapper.team_07_WB.instance_to_wrap_gpio_in[27]/DIODE    1.500000    2.422561   -0.922561 (VIOLATED)
ANTENNA_mprj.team_02_Wrapper.team_02_WB.instance_to_wrap_gpio_in[19]/DIODE    1.500000    2.418404   -0.918404 (VIOLATED)
mprj.team_02_Wrapper.team_02_WB.instance_to_wrap/gpio_in[19]    1.500000    2.417678   -0.917678 (VIOLATED)
ANTENNA_mprj.team_08_Wrapper.team_08_WB.instance_to_wrap_gpio_in[4]/DIODE    1.500000    2.414767   -0.914767 (VIOLATED)
mprj.team_08_Wrapper.team_08_WB.instance_to_wrap/gpio_in[4]    1.500000    2.414731   -0.914731 (VIOLATED)
ANTENNA_mprj.team_01_Wrapper.team_01_WB.instance_to_wrap_DAT_O[0]/DIODE    1.500000    2.413320   -0.913320 (VIOLATED)
mprj.team_01_Wrapper.team_01_WB.instance_to_wrap/DAT_O[0]    1.500000    2.413320   -0.913320 (VIOLATED)
ANTENNA_mprj.team_09_Wrapper.team_09_WB.instance_to_wrap_gpio_in[6]/DIODE    1.500000    2.410029   -0.910029 (VIOLATED)
mprj.team_09_Wrapper.team_09_WB.instance_to_wrap/gpio_in[6]    1.500000    2.409885   -0.909885 (VIOLATED)
ANTENNA_mprj.team_08_Wrapper.team_08_WB.instance_to_wrap_gpio_in[21]/DIODE    1.500000    2.389691   -0.889691 (VIOLATED)
mprj.team_08_Wrapper.team_08_WB.instance_to_wrap/clk    1.500000    2.386185   -0.886185 (VIOLATED)
ANTENNA_mprj.team_08_Wrapper.team_08_WB.instance_to_wrap_clk/DIODE    1.500000    2.386163   -0.886163 (VIOLATED)
_7885_/A1                               1.500000    2.385595   -0.885595 (VIOLATED)
ANTENNA__7885__A1/DIODE                 1.500000    2.385584   -0.885584 (VIOLATED)
_7916_/A                                1.500000    2.382951   -0.882951 (VIOLATED)
ANTENNA_217/DIODE                       1.500000    2.382915   -0.882916 (VIOLATED)
ANTENNA__7916__A/DIODE                  1.500000    2.382882   -0.882882 (VIOLATED)
ANTENNA_218/DIODE                       1.500000    2.382834   -0.882834 (VIOLATED)
_4397_/A0                               1.500000    2.380069   -0.880069 (VIOLATED)
ANTENNA__4397__A0/DIODE                 1.500000    2.380059   -0.880059 (VIOLATED)
ANTENNA_16/DIODE                        1.500000    2.379986   -0.879986 (VIOLATED)
ANTENNA__4403__B1/DIODE                 1.500000    2.379939   -0.879939 (VIOLATED)
_4403_/B1                               1.500000    2.379899   -0.879899 (VIOLATED)
ANTENNA_17/DIODE                        1.500000    2.379723   -0.879723 (VIOLATED)
mprj.team_08_Wrapper.team_08_WB.instance_to_wrap/gpio_in[21]    1.500000    2.376672   -0.876672 (VIOLATED)
ANTENNA_mprj.team_05_Wrapper.team_05_WB.instance_to_wrap_gpio_out[5]/DIODE    1.500000    2.375209   -0.875210 (VIOLATED)
mprj.team_05_Wrapper.team_05_WB.instance_to_wrap/gpio_out[5]    1.500000    2.375209   -0.875210 (VIOLATED)
_6542_/A1                               1.500000    2.369128   -0.869128 (VIOLATED)
ANTENNA__6542__A1/DIODE                 1.500000    2.369110   -0.869110 (VIOLATED)
ANTENNA__4391__B1/DIODE                 1.500000    2.364886   -0.864886 (VIOLATED)
_4391_/B1                               1.500000    2.364873   -0.864873 (VIOLATED)
ANTENNA__4385__A0/DIODE                 1.500000    2.364845   -0.864845 (VIOLATED)
_4385_/A0                               1.500000    2.364800   -0.864800 (VIOLATED)
ANTENNA_mprj.team_05_Wrapper.team_05_WB.instance_to_wrap_gpio_in[23]/DIODE    1.500000    2.358062   -0.858062 (VIOLATED)
mprj.team_05_Wrapper.team_05_WB.instance_to_wrap/gpio_in[23]    1.500000    2.358025   -0.858025 (VIOLATED)
ANTENNA_mprj.team_01_Wrapper.team_01_WB.instance_to_wrap_ADR_O[29]/DIODE    1.500000    2.354323   -0.854323 (VIOLATED)
mprj.team_01_Wrapper.team_01_WB.instance_to_wrap/ADR_O[29]    1.500000    2.354298   -0.854298 (VIOLATED)
ANTENNA__6498__A/DIODE                  1.500000    2.352316   -0.852316 (VIOLATED)
_6498_/A                                1.500000    2.352308   -0.852308 (VIOLATED)
ANTENNA_mprj.team_02_Wrapper.team_02_WB.instance_to_wrap_gpio_in[23]/DIODE    1.500000    2.340329   -0.840329 (VIOLATED)
mprj.team_02_Wrapper.team_02_WB.instance_to_wrap/gpio_in[23]    1.500000    2.339880   -0.839880 (VIOLATED)
_4656_/A0                               1.500000    2.338946   -0.838947 (VIOLATED)
ANTENNA_34/DIODE                        1.500000    2.338945   -0.838945 (VIOLATED)
ANTENNA__4656__A0/DIODE                 1.500000    2.338911   -0.838911 (VIOLATED)
_4662_/B1                               1.500000    2.338874   -0.838874 (VIOLATED)
ANTENNA__4662__B1/DIODE                 1.500000    2.338792   -0.838792 (VIOLATED)
ANTENNA_mprj.team_04_Wrapper.team_04_WB.instance_to_wrap_gpio_in[27]/DIODE    1.500000    2.332424   -0.832424 (VIOLATED)
mprj.team_04_Wrapper.team_04_WB.instance_to_wrap/gpio_in[27]    1.500000    2.331960   -0.831960 (VIOLATED)
ANTENNA_mprj.team_12_Wrapper.team_12_WB.instance_to_wrap_gpio_in[6]/DIODE    1.500000    2.330598   -0.830598 (VIOLATED)
mprj.team_12_Wrapper.team_12_WB.instance_to_wrap/gpio_in[6]    1.500000    2.330582   -0.830582 (VIOLATED)
_4424_/A0                               1.500000    2.328224   -0.828224 (VIOLATED)
_4430_/A2                               1.500000    2.328182   -0.828182 (VIOLATED)
ANTENNA__4424__A0/DIODE                 1.500000    2.328129   -0.828129 (VIOLATED)
ANTENNA__4430__A2/DIODE                 1.500000    2.328120   -0.828120 (VIOLATED)
_4409_/A0                               1.500000    2.324486   -0.824486 (VIOLATED)
ANTENNA__4409__A0/DIODE                 1.500000    2.324453   -0.824453 (VIOLATED)
_4415_/B1                               1.500000    2.324423   -0.824423 (VIOLATED)
ANTENNA__4415__B1/DIODE                 1.500000    2.324399   -0.824399 (VIOLATED)
ANTENNA_mprj.team_02_Wrapper.team_02_WB.instance_to_wrap_gpio_out[21]/DIODE    1.500000    2.324209   -0.824210 (VIOLATED)
mprj.team_02_Wrapper.team_02_WB.instance_to_wrap/gpio_out[21]    1.500000    2.324162   -0.824162 (VIOLATED)
ANTENNA_mprj.team_02_Wrapper.team_02_WB.instance_to_wrap_gpio_in[6]/DIODE    1.500000    2.322018   -0.822018 (VIOLATED)
ANTENNA_mprj.team_02_Wrapper.team_02_WB.instance_to_wrap_gpio_in[14]/DIODE    1.500000    2.318887   -0.818887 (VIOLATED)
mprj.team_06_Wrapper.team_06_WB.instance_to_wrap/gpio_in[23]    1.500000    2.316123   -0.816123 (VIOLATED)
ANTENNA_mprj.team_06_Wrapper.team_06_WB.instance_to_wrap_gpio_in[23]/DIODE    1.500000    2.315247   -0.815247 (VIOLATED)
mprj.team_02_Wrapper.team_02_WB.instance_to_wrap/gpio_in[14]    1.500000    2.312221   -0.812221 (VIOLATED)
_4447_/A2                               1.500000    2.306435   -0.806435 (VIOLATED)
ANTENNA__4447__A2/DIODE                 1.500000    2.306418   -0.806418 (VIOLATED)
ANTENNA__4441__A0/DIODE                 1.500000    2.306414   -0.806414 (VIOLATED)
ANTENNA_18/DIODE                        1.500000    2.306406   -0.806406 (VIOLATED)
ANTENNA_mprj.team_04_Wrapper.team_04_WB.instance_to_wrap_clk/DIODE    1.500000    2.306389   -0.806389 (VIOLATED)
mprj.team_04_Wrapper.team_04_WB.instance_to_wrap/clk    1.500000    2.306368   -0.806368 (VIOLATED)
_4441_/A0                               1.500000    2.306257   -0.806258 (VIOLATED)
mprj.team_02_Wrapper.team_02_WB.instance_to_wrap/gpio_in[6]    1.500000    2.306005   -0.806005 (VIOLATED)
mprj.team_08_Wrapper.team_08_WB.instance_to_wrap/gpio_in[12]    1.500000    2.305593   -0.805593 (VIOLATED)
ANTENNA_mprj.team_08_Wrapper.team_08_WB.instance_to_wrap_gpio_in[12]/DIODE    1.500000    2.305565   -0.805565 (VIOLATED)
mprj.team_06_Wrapper.team_06_WB.instance_to_wrap/gpio_in[4]    1.500000    2.302095   -0.802095 (VIOLATED)
ANTENNA_mprj.team_06_Wrapper.team_06_WB.instance_to_wrap_gpio_in[4]/DIODE    1.500000    2.301906   -0.801906 (VIOLATED)
mprj.team_06_Wrapper.team_06_WB.instance_to_wrap/gpio_in[19]    1.500000    2.298518   -0.798518 (VIOLATED)
ANTENNA_mprj.team_06_Wrapper.team_06_WB.instance_to_wrap_gpio_in[19]/DIODE    1.500000    2.297977   -0.797977 (VIOLATED)
mprj.team_03_Wrapper.team_03_WB.instance_to_wrap/clk    1.500000    2.294805   -0.794805 (VIOLATED)
ANTENNA_mprj.team_03_Wrapper.team_03_WB.instance_to_wrap_clk/DIODE    1.500000    2.294427   -0.794427 (VIOLATED)
_8014_/A                                1.500000    2.293790   -0.793790 (VIOLATED)
ANTENNA__8014__A/DIODE                  1.500000    2.293752   -0.793752 (VIOLATED)
ANTENNA_mprj.team_10_Wrapper.team_10_WB.instance_to_wrap_gpio_in[27]/DIODE    1.500000    2.291698   -0.791698 (VIOLATED)
mprj.team_05_Wrapper.team_05_WB.instance_to_wrap/clk    1.500000    2.287808   -0.787808 (VIOLATED)
ANTENNA_mprj.team_05_Wrapper.team_05_WB.instance_to_wrap_clk/DIODE    1.500000    2.287636   -0.787636 (VIOLATED)
_4599_/A0                               1.500000    2.286532   -0.786532 (VIOLATED)
ANTENNA__4599__A0/DIODE                 1.500000    2.286508   -0.786508 (VIOLATED)
_4605_/A2                               1.500000    2.286497   -0.786497 (VIOLATED)
ANTENNA__4605__A2/DIODE                 1.500000    2.286490   -0.786490 (VIOLATED)
mprj.team_10_Wrapper.team_10_WB.instance_to_wrap/gpio_in[27]    1.500000    2.285472   -0.785472 (VIOLATED)
mprj.team_02_Wrapper.team_02_WB.instance_to_wrap/clk    1.500000    2.282478   -0.782478 (VIOLATED)
ANTENNA_mprj.team_02_Wrapper.team_02_WB.instance_to_wrap_clk/DIODE    1.500000    2.282395   -0.782395 (VIOLATED)
ANTENNA_mprj.team_06_Wrapper.team_06_WB.instance_to_wrap_clk/DIODE    1.500000    2.280240   -0.780240 (VIOLATED)
mprj.team_06_Wrapper.team_06_WB.instance_to_wrap/clk    1.500000    2.280160   -0.780160 (VIOLATED)
ANTENNA_mprj.team_07_Wrapper.team_07_WB.instance_to_wrap_clk/DIODE    1.500000    2.278819   -0.778820 (VIOLATED)
mprj.team_07_Wrapper.team_07_WB.instance_to_wrap/clk    1.500000    2.278802   -0.778802 (VIOLATED)
_4255_/A0                               1.500000    2.278634   -0.778634 (VIOLATED)
ANTENNA__4255__A0/DIODE                 1.500000    2.278591   -0.778591 (VIOLATED)
ANTENNA__4261__A2/DIODE                 1.500000    2.278553   -0.778553 (VIOLATED)
_4261_/A2                               1.500000    2.278504   -0.778504 (VIOLATED)
ANTENNA_clkbuf_1_0_1_wb_clk_i_X/DIODE    1.500000    2.272470   -0.772471 (VIOLATED)
ANTENNA__4372__A0/DIODE                 1.500000    2.272271   -0.772271 (VIOLATED)
_4372_/A0                               1.500000    2.272233   -0.772233 (VIOLATED)
_4378_/A2                               1.500000    2.272098   -0.772098 (VIOLATED)
ANTENNA__4378__A2/DIODE                 1.500000    2.271974   -0.771974 (VIOLATED)
clkbuf_1_0_1_wb_clk_i/X                 1.500000    2.271861   -0.771861 (VIOLATED)
ANTENNA_mprj.team_05_Wrapper.team_05_WB.instance_to_wrap_gpio_in[14]/DIODE    1.500000    2.265282   -0.765282 (VIOLATED)
mprj.team_03_Wrapper.team_03_WB.instance_to_wrap/gpio_in[22]    1.500000    2.265199   -0.765199 (VIOLATED)
mprj.team_05_Wrapper.team_05_WB.instance_to_wrap/gpio_in[14]    1.500000    2.265101   -0.765101 (VIOLATED)
ANTENNA_mprj.team_03_Wrapper.team_03_WB.instance_to_wrap_gpio_in[22]/DIODE    1.500000    2.264880   -0.764880 (VIOLATED)
ANTENNA_mprj.team_04_Wrapper.team_04_WB.instance_to_wrap_gpio_in[22]/DIODE    1.500000    2.260505   -0.760505 (VIOLATED)
mprj.team_04_Wrapper.team_04_WB.instance_to_wrap/gpio_in[22]    1.500000    2.260225   -0.760225 (VIOLATED)
ANTENNA_mprj.team_01_Wrapper.team_01_WB.instance_to_wrap_ADR_O[27]/DIODE    1.500000    2.259270   -0.759270 (VIOLATED)
mprj.team_01_Wrapper.team_01_WB.instance_to_wrap/ADR_O[27]    1.500000    2.259257   -0.759257 (VIOLATED)
ANTENNA_mprj.team_01_Wrapper.team_01_WB.instance_to_wrap_ADR_O[10]/DIODE    1.500000    2.257787   -0.757787 (VIOLATED)
mprj.team_01_Wrapper.team_01_WB.instance_to_wrap/ADR_O[10]    1.500000    2.257741   -0.757741 (VIOLATED)
ANTENNA_mprj.team_01_Wrapper.team_01_WB.instance_to_wrap_DAT_O[12]/DIODE    1.500000    2.256378   -0.756378 (VIOLATED)
mprj.team_01_Wrapper.team_01_WB.instance_to_wrap/DAT_O[12]    1.500000    2.256279   -0.756279 (VIOLATED)
ANTENNA_mprj.team_11_Wrapper.team_11_WB.instance_to_wrap_clk/DIODE    1.500000    2.251013   -0.751013 (VIOLATED)
mprj.team_11_Wrapper.team_11_WB.instance_to_wrap/clk    1.500000    2.249787   -0.749787 (VIOLATED)
ANTENNA__7912__A/DIODE                  1.500000    2.241188   -0.741188 (VIOLATED)
_7912_/A                                1.500000    2.241097   -0.741097 (VIOLATED)
ANTENNA_mprj.team_08_Wrapper.team_08_WB.instance_to_wrap_gpio_in[23]/DIODE    1.500000    2.230393   -0.730393 (VIOLATED)
_7747_/A1                               1.500000    2.229577   -0.729577 (VIOLATED)
ANTENNA__7747__A1/DIODE                 1.500000    2.229563   -0.729563 (VIOLATED)
ANTENNA_mprj.team_05_Wrapper.team_05_WB.instance_to_wrap_gpio_in[26]/DIODE    1.500000    2.227907   -0.727907 (VIOLATED)
mprj.team_05_Wrapper.team_05_WB.instance_to_wrap/gpio_in[26]    1.500000    2.227898   -0.727898 (VIOLATED)
mprj.team_08_Wrapper.team_08_WB.instance_to_wrap/gpio_in[23]    1.500000    2.220420   -0.720420 (VIOLATED)
ANTENNA__4367__A2/DIODE                 1.500000    2.219161   -0.719161 (VIOLATED)
_4367_/A2                               1.500000    2.219141   -0.719141 (VIOLATED)
ANTENNA__4361__A0/DIODE                 1.500000    2.219068   -0.719068 (VIOLATED)
_4361_/A0                               1.500000    2.219005   -0.719005 (VIOLATED)
ANTENNA_319/DIODE                       1.500000    2.218114   -0.718114 (VIOLATED)
ANTENNA_659/DIODE                       1.500000    2.218071   -0.718072 (VIOLATED)
ANTENNA_780/DIODE                       1.500000    2.218034   -0.718034 (VIOLATED)
ANTENNA_318/DIODE                       1.500000    2.217913   -0.717913 (VIOLATED)
ANTENNA_658/DIODE                       1.500000    2.217906   -0.717906 (VIOLATED)
ANTENNA_779/DIODE                       1.500000    2.217878   -0.717878 (VIOLATED)
ANTENNA__6527__A1/DIODE                 1.500000    2.217526   -0.717526 (VIOLATED)
_6527_/A1                               1.500000    2.217525   -0.717525 (VIOLATED)
_7970_/B2                               1.500000    2.206494   -0.706494 (VIOLATED)
ANTENNA__7970__B2/DIODE                 1.500000    2.206481   -0.706481 (VIOLATED)
mprj.team_04_Wrapper.team_04_WB.instance_to_wrap/gpio_in[7]    1.500000    2.202970   -0.702970 (VIOLATED)
ANTENNA_mprj.team_04_Wrapper.team_04_WB.instance_to_wrap_gpio_in[7]/DIODE    1.500000    2.202652   -0.702652 (VIOLATED)
ANTENNA_mprj.team_05_Wrapper.team_05_WB.instance_to_wrap_gpio_out[1]/DIODE    1.500000    2.201060   -0.701060 (VIOLATED)
mprj.team_05_Wrapper.team_05_WB.instance_to_wrap/gpio_out[1]    1.500000    2.201060   -0.701060 (VIOLATED)
ANTENNA_mprj.team_02_Wrapper.team_02_WB.instance_to_wrap_gpio_in[26]/DIODE    1.500000    2.200809   -0.700809 (VIOLATED)
mprj.team_02_Wrapper.team_02_WB.instance_to_wrap/gpio_in[26]    1.500000    2.200614   -0.700614 (VIOLATED)
ANTENNA_mprj.team_01_Wrapper.team_01_WB.instance_to_wrap_DAT_O[18]/DIODE    1.500000    2.198400   -0.698400 (VIOLATED)
mprj.team_01_Wrapper.team_01_WB.instance_to_wrap/DAT_O[18]    1.500000    2.198373   -0.698373 (VIOLATED)
ANTENNA__4204__A0/DIODE                 1.500000    2.198363   -0.698363 (VIOLATED)
_4204_/A0                               1.500000    2.198360   -0.698361 (VIOLATED)
ANTENNA__4210__A2/DIODE                 1.500000    2.198348   -0.698348 (VIOLATED)
_4210_/A2                               1.500000    2.198340   -0.698340 (VIOLATED)
_7981_/A                                1.500000    2.197922   -0.697922 (VIOLATED)
ANTENNA__7981__A/DIODE                  1.500000    2.197891   -0.697891 (VIOLATED)
_7953_/A1                               1.500000    2.195148   -0.695148 (VIOLATED)
ANTENNA__7953__A1/DIODE                 1.500000    2.195111   -0.695111 (VIOLATED)
ANTENNA_mprj.team_05_Wrapper.team_05_WB.instance_to_wrap_gpio_in[20]/DIODE    1.500000    2.193727   -0.693727 (VIOLATED)
mprj.team_05_Wrapper.team_05_WB.instance_to_wrap/gpio_in[20]    1.500000    2.193652   -0.693653 (VIOLATED)
ANTENNA_mprj.team_01_Wrapper.team_01_WB.instance_to_wrap_ADR_O[30]/DIODE    1.500000    2.190122   -0.690122 (VIOLATED)
mprj.team_01_Wrapper.team_01_WB.instance_to_wrap/ADR_O[30]    1.500000    2.190104   -0.690104 (VIOLATED)
ANTENNA__4476__B1/DIODE                 1.500000    2.187454   -0.687454 (VIOLATED)
_4476_/B1                               1.500000    2.187452   -0.687452 (VIOLATED)
ANTENNA__4470__A0/DIODE                 1.500000    2.187441   -0.687441 (VIOLATED)
_4470_/A0                               1.500000    2.187424   -0.687424 (VIOLATED)
ANTENNA_mprj.team_01_Wrapper.team_01_WB.instance_to_wrap_ADR_O[0]/DIODE    1.500000    2.179161   -0.679161 (VIOLATED)
mprj.team_01_Wrapper.team_01_WB.instance_to_wrap/ADR_O[0]    1.500000    2.179138   -0.679138 (VIOLATED)
mprj.team_06_Wrapper.team_06_WB.instance_to_wrap/gpio_in[12]    1.500000    2.176418   -0.676418 (VIOLATED)
ANTENNA_mprj.team_06_Wrapper.team_06_WB.instance_to_wrap_gpio_in[12]/DIODE    1.500000    2.174829   -0.674829 (VIOLATED)
ANTENNA_379/DIODE                       1.500000    2.174802   -0.674802 (VIOLATED)
ANTENNA_378/DIODE                       1.500000    2.174785   -0.674785 (VIOLATED)
ANTENNA_377/DIODE                       1.500000    2.174766   -0.674766 (VIOLATED)
ANTENNA__7886__A1/DIODE                 1.500000    2.174693   -0.674693 (VIOLATED)
_7886_/A1                               1.500000    2.174679   -0.674679 (VIOLATED)
mprj.team_06_Wrapper.team_06_WB.instance_to_wrap/gpio_in[26]    1.500000    2.171361   -0.671361 (VIOLATED)
ANTENNA_mprj.team_06_Wrapper.team_06_WB.instance_to_wrap_gpio_in[26]/DIODE    1.500000    2.170979   -0.670979 (VIOLATED)
mprj.team_01_Wrapper.team_01_WB.instance_to_wrap/gpio_in[31]    1.500000    2.169703   -0.669703 (VIOLATED)
ANTENNA_mprj.team_01_Wrapper.team_01_WB.instance_to_wrap_gpio_in[31]/DIODE    1.500000    2.169675   -0.669675 (VIOLATED)
ANTENNA__4433__A0/DIODE                 1.500000    2.167112   -0.667112 (VIOLATED)
_4433_/A0                               1.500000    2.167068   -0.667068 (VIOLATED)
ANTENNA__4439__A2/DIODE                 1.500000    2.166952   -0.666952 (VIOLATED)
_4439_/A2                               1.500000    2.166885   -0.666885 (VIOLATED)
mprj.team_01_Wrapper.team_01_WB.instance_to_wrap/clk    1.500000    2.163968   -0.663968 (VIOLATED)
ANTENNA_mprj.team_01_Wrapper.team_01_WB.instance_to_wrap_clk/DIODE    1.500000    2.162559   -0.662559 (VIOLATED)
mprj.team_03_Wrapper.team_03_WB.instance_to_wrap/gpio_in[31]    1.500000    2.158339   -0.658338 (VIOLATED)
ANTENNA_mprj.team_03_Wrapper.team_03_WB.instance_to_wrap_gpio_in[31]/DIODE    1.500000    2.157882   -0.657882 (VIOLATED)
ANTENNA__4356__A2/DIODE                 1.500000    2.152588   -0.652588 (VIOLATED)
_4356_/A2                               1.500000    2.152559   -0.652559 (VIOLATED)
ANTENNA__4350__A0/DIODE                 1.500000    2.152480   -0.652480 (VIOLATED)
_4350_/A0                               1.500000    2.152443   -0.652443 (VIOLATED)
ANTENNA_mprj.team_01_Wrapper.team_01_WB.instance_to_wrap_ADR_O[21]/DIODE    1.500000    2.147292   -0.647292 (VIOLATED)
mprj.team_01_Wrapper.team_01_WB.instance_to_wrap/ADR_O[21]    1.500000    2.147256   -0.647256 (VIOLATED)
_6396_/B2                               1.500000    2.145867   -0.645867 (VIOLATED)
ANTENNA__6396__B2/DIODE                 1.500000    2.145831   -0.645831 (VIOLATED)
ANTENNA_263/DIODE                       1.500000    2.145815   -0.645815 (VIOLATED)
ANTENNA_262/DIODE                       1.500000    2.145780   -0.645780 (VIOLATED)
ANTENNA_265/DIODE                       1.500000    2.145722   -0.645722 (VIOLATED)
ANTENNA_264/DIODE                       1.500000    2.145667   -0.645667 (VIOLATED)
_7935_/A                                1.500000    2.144691   -0.644691 (VIOLATED)
ANTENNA__7935__A/DIODE                  1.500000    2.144659   -0.644659 (VIOLATED)
mprj.team_10_Wrapper.team_10_WB.instance_to_wrap/gpio_in[5]    1.500000    2.144310   -0.644310 (VIOLATED)
mprj.team_10_Wrapper.team_10_WB.instance_to_wrap/clk    1.500000    2.143334   -0.643334 (VIOLATED)
ANTENNA_mprj.team_10_Wrapper.team_10_WB.instance_to_wrap_clk/DIODE    1.500000    2.143237   -0.643237 (VIOLATED)
ANTENNA__4387__A1/DIODE                 1.500000    2.140859   -0.640859 (VIOLATED)
_4387_/A1                               1.500000    2.140848   -0.640848 (VIOLATED)
_4394_/A2                               1.500000    2.140424   -0.640424 (VIOLATED)
ANTENNA__4394__A2/DIODE                 1.500000    2.140307   -0.640307 (VIOLATED)
ANTENNA_mprj.team_09_Wrapper.team_09_WB.instance_to_wrap_gpio_in[9]/DIODE    1.500000    2.137617   -0.637617 (VIOLATED)
mprj.team_09_Wrapper.team_09_WB.instance_to_wrap/gpio_in[9]    1.500000    2.137568   -0.637568 (VIOLATED)
ANTENNA__4634__A2/DIODE                 1.500000    2.135705   -0.635706 (VIOLATED)
ANTENNA__4628__A0/DIODE                 1.500000    2.135697   -0.635697 (VIOLATED)
_4628_/A0                               1.500000    2.135640   -0.635640 (VIOLATED)
_4634_/A2                               1.500000    2.135596   -0.635596 (VIOLATED)
mprj.team_04_Wrapper.team_04_WB.instance_to_wrap/gpio_in[26]    1.500000    2.134338   -0.634338 (VIOLATED)
ANTENNA_mprj.team_04_Wrapper.team_04_WB.instance_to_wrap_gpio_in[26]/DIODE    1.500000    2.134279   -0.634279 (VIOLATED)
ANTENNA_mprj.team_01_Wrapper.team_01_WB.instance_to_wrap_DAT_O[8]/DIODE    1.500000    2.130805   -0.630805 (VIOLATED)
mprj.team_01_Wrapper.team_01_WB.instance_to_wrap/DAT_O[8]    1.500000    2.130653   -0.630653 (VIOLATED)
_4339_/A0                               1.500000    2.130232   -0.630232 (VIOLATED)
ANTENNA__4339__A0/DIODE                 1.500000    2.130206   -0.630206 (VIOLATED)
_4345_/A2                               1.500000    2.130185   -0.630185 (VIOLATED)
ANTENNA__4345__A2/DIODE                 1.500000    2.130105   -0.630105 (VIOLATED)
ANTENNA_mprj.team_06_Wrapper.team_06_WB.instance_to_wrap_gpio_in[18]/DIODE    1.500000    2.128767   -0.628767 (VIOLATED)
mprj.team_06_Wrapper.team_06_WB.instance_to_wrap/gpio_in[18]    1.500000    2.128735   -0.628735 (VIOLATED)
ANTENNA_mprj.team_10_Wrapper.team_10_WB.instance_to_wrap_gpio_in[5]/DIODE    1.500000    2.127633   -0.627633 (VIOLATED)
ANTENNA_mprj.team_01_Wrapper.team_01_WB.instance_to_wrap_ADR_O[26]/DIODE    1.500000    2.125496   -0.625496 (VIOLATED)
mprj.team_01_Wrapper.team_01_WB.instance_to_wrap/ADR_O[26]    1.500000    2.125371   -0.625371 (VIOLATED)
_4686_/A0                               1.500000    2.123562   -0.623562 (VIOLATED)
ANTENNA__4686__A0/DIODE                 1.500000    2.123547   -0.623547 (VIOLATED)
_4692_/A2                               1.500000    2.123465   -0.623465 (VIOLATED)
ANTENNA__4692__A2/DIODE                 1.500000    2.123376   -0.623376 (VIOLATED)
ANTENNA_757/DIODE                       1.500000    2.120712   -0.620712 (VIOLATED)
ANTENNA_mprj.team_01_Wrapper.team_01_WB.instance_to_wrap_gpio_in[33]/DIODE    1.500000    2.119404   -0.619404 (VIOLATED)
mprj.team_01_Wrapper.team_01_WB.instance_to_wrap/gpio_in[33]    1.500000    2.119384   -0.619384 (VIOLATED)
ANTENNA_mprj.team_02_Wrapper.team_02_WB.instance_to_wrap_gpio_in[20]/DIODE    1.500000    2.115664   -0.615665 (VIOLATED)
ANTENNA_750/DIODE                       1.500000    2.114701   -0.614701 (VIOLATED)
mprj.team_02_Wrapper.team_02_WB.instance_to_wrap/gpio_in[20]    1.500000    2.113857   -0.613857 (VIOLATED)
ANTENNA_755/DIODE                       1.500000    2.110763   -0.610763 (VIOLATED)
ANTENNA_clkbuf_1_1_1_wb_clk_i_X/DIODE    1.500000    2.110747   -0.610747 (VIOLATED)
ANTENNA_mprj.team_03_Wrapper.team_03_WB.instance_to_wrap_DAT_I[21]/DIODE    1.500000    2.110522   -0.610522 (VIOLATED)
mprj.team_03_Wrapper.team_03_WB.instance_to_wrap/DAT_I[21]    1.500000    2.110515   -0.610515 (VIOLATED)
clkbuf_1_1_1_wb_clk_i/X                 1.500000    2.110308   -0.610308 (VIOLATED)
ANTENNA_mprj.team_08_Wrapper.team_08_WB.instance_to_wrap_gpio_in[11]/DIODE    1.500000    2.108264   -0.608264 (VIOLATED)
mprj.team_08_Wrapper.team_08_WB.instance_to_wrap/gpio_in[11]    1.500000    2.108098   -0.608098 (VIOLATED)
ANTENNA_752/DIODE                       1.500000    2.106311   -0.606311 (VIOLATED)
_7975_/A1                               1.500000    2.104861   -0.604861 (VIOLATED)
ANTENNA__7975__A1/DIODE                 1.500000    2.104810   -0.604810 (VIOLATED)
ANTENNA_mprj.team_01_Wrapper.team_01_WB.instance_to_wrap_ADR_O[9]/DIODE    1.500000    2.104777   -0.604777 (VIOLATED)
mprj.team_01_Wrapper.team_01_WB.instance_to_wrap/ADR_O[9]    1.500000    2.104658   -0.604658 (VIOLATED)
ANTENNA_mprj.team_11_Wrapper.team_11_WB.instance_to_wrap_gpio_in[30]/DIODE    1.500000    2.104257   -0.604257 (VIOLATED)
ANTENNA_337/DIODE                       1.500000    2.104248   -0.604248 (VIOLATED)
mprj.team_11_Wrapper.team_11_WB.instance_to_wrap/gpio_in[30]    1.500000    2.104241   -0.604241 (VIOLATED)
ANTENNA_338/DIODE                       1.500000    2.104223   -0.604224 (VIOLATED)
ANTENNA_mprj.team_01_Wrapper.team_01_WB.instance_to_wrap_gpio_in[30]/DIODE    1.500000    2.103832   -0.603833 (VIOLATED)
mprj.team_01_Wrapper.team_01_WB.instance_to_wrap/gpio_in[30]    1.500000    2.103791   -0.603791 (VIOLATED)
ANTENNA_mprj.team_08_Wrapper.team_08_WB.instance_to_wrap_gpio_in[5]/DIODE    1.500000    2.100800   -0.600800 (VIOLATED)
mprj.team_08_Wrapper.team_08_WB.instance_to_wrap/gpio_in[5]    1.500000    2.100778   -0.600778 (VIOLATED)
ANTENNA__4302__A0/DIODE                 1.500000    2.100228   -0.600228 (VIOLATED)
_4302_/A0                               1.500000    2.100217   -0.600217 (VIOLATED)
_4308_/A2                               1.500000    2.100062   -0.600062 (VIOLATED)
hold400/X                               1.495067    2.094990   -0.599923 (VIOLATED)
ANTENNA__4308__A2/DIODE                 1.500000    2.099818   -0.599818 (VIOLATED)
ANTENNA__4482__A0/DIODE                 1.500000    2.099477   -0.599477 (VIOLATED)
_4482_/A0                               1.500000    2.099477   -0.599477 (VIOLATED)
ANTENNA__4488__A2/DIODE                 1.500000    2.099390   -0.599390 (VIOLATED)
_4488_/A2                               1.500000    2.099344   -0.599344 (VIOLATED)
_6247_/A1                               1.500000    2.096324   -0.596325 (VIOLATED)
ANTENNA__6247__A1/DIODE                 1.500000    2.096310   -0.596310 (VIOLATED)
ANTENNA_hold400_X/DIODE                 1.500000    2.094996   -0.594996 (VIOLATED)
_7989_/A1                               1.500000    2.092728   -0.592728 (VIOLATED)
ANTENNA__7989__A1/DIODE                 1.500000    2.092638   -0.592638 (VIOLATED)
ANTENNA__5090__A0/DIODE                 1.500000    2.089655   -0.589655 (VIOLATED)
_5090_/A0                               1.500000    2.089651   -0.589651 (VIOLATED)
_5096_/B1                               1.500000    2.089619   -0.589619 (VIOLATED)
ANTENNA__5096__B1/DIODE                 1.500000    2.089599   -0.589599 (VIOLATED)
ANTENNA_mprj.team_05_Wrapper.team_05_WB.instance_to_wrap_gpio_out[6]/DIODE    1.500000    2.089402   -0.589402 (VIOLATED)
mprj.team_05_Wrapper.team_05_WB.instance_to_wrap/gpio_out[6]    1.500000    2.089402   -0.589402 (VIOLATED)
ANTENNA_756/DIODE                       1.500000    2.087487   -0.587487 (VIOLATED)
_4554_/A2                               1.500000    2.087365   -0.587365 (VIOLATED)
ANTENNA__4554__A2/DIODE                 1.500000    2.087292   -0.587292 (VIOLATED)
_4548_/A1                               1.500000    2.087254   -0.587254 (VIOLATED)
ANTENNA__4548__A1/DIODE                 1.500000    2.087152   -0.587152 (VIOLATED)
_4333_/A2                               1.500000    2.083830   -0.583830 (VIOLATED)
_4327_/A0                               1.500000    2.083799   -0.583799 (VIOLATED)
ANTENNA__4327__A0/DIODE                 1.500000    2.083797   -0.583797 (VIOLATED)
ANTENNA__4333__A2/DIODE                 1.500000    2.083759   -0.583759 (VIOLATED)
mprj.team_09_Wrapper.team_09_WB.instance_to_wrap/gpio_in[3]    1.500000    2.082720   -0.582720 (VIOLATED)
mprj.team_04_Wrapper.team_04_WB.instance_to_wrap/gpio_in[31]    1.500000    2.082700   -0.582700 (VIOLATED)
ANTENNA_mprj.team_04_Wrapper.team_04_WB.instance_to_wrap_gpio_in[31]/DIODE    1.500000    2.082573   -0.582573 (VIOLATED)
ANTENNA_mprj.team_09_Wrapper.team_09_WB.instance_to_wrap_gpio_in[3]/DIODE    1.500000    2.082460   -0.582460 (VIOLATED)
ANTENNA_mprj.team_01_Wrapper.team_01_WB.instance_to_wrap_ADR_O[11]/DIODE    1.500000    2.082204   -0.582204 (VIOLATED)
mprj.team_01_Wrapper.team_01_WB.instance_to_wrap/ADR_O[11]    1.500000    2.082132   -0.582132 (VIOLATED)
ANTENNA_mprj.team_05_Wrapper.team_05_WB.instance_to_wrap_gpio_out[9]/DIODE    1.500000    2.080491   -0.580491 (VIOLATED)
mprj.team_05_Wrapper.team_05_WB.instance_to_wrap/gpio_out[9]    1.500000    2.080464   -0.580464 (VIOLATED)
ANTENNA_mprj.team_01_Wrapper.team_01_WB.instance_to_wrap_DAT_O[14]/DIODE    1.500000    2.079628   -0.579627 (VIOLATED)
ANTENNA_751/DIODE                       1.500000    2.079421   -0.579421 (VIOLATED)
mprj.team_01_Wrapper.team_01_WB.instance_to_wrap/DAT_O[14]    1.500000    2.078605   -0.578605 (VIOLATED)
mprj.team_08_Wrapper.team_08_WB.instance_to_wrap/nrst    1.500000    2.077692   -0.577692 (VIOLATED)
ANTENNA_mprj.team_08_Wrapper.team_08_WB.instance_to_wrap_nrst/DIODE    1.500000    2.077578   -0.577578 (VIOLATED)
_4546_/A0                               1.500000    2.076514   -0.576514 (VIOLATED)
ANTENNA__4546__A0/DIODE                 1.500000    2.076479   -0.576480 (VIOLATED)
_4552_/A2                               1.500000    2.076406   -0.576406 (VIOLATED)
_4231_/A0                               1.500000    2.076266   -0.576266 (VIOLATED)
ANTENNA__4552__A2/DIODE                 1.500000    2.076258   -0.576258 (VIOLATED)
ANTENNA__4231__A0/DIODE                 1.500000    2.076246   -0.576245 (VIOLATED)
ANTENNA_mprj.team_01_Wrapper.team_01_WB.instance_to_wrap_ADR_O[15]/DIODE    1.500000    2.076214   -0.576214 (VIOLATED)
ANTENNA__4237__A2/DIODE                 1.500000    2.076210   -0.576210 (VIOLATED)
mprj.team_01_Wrapper.team_01_WB.instance_to_wrap/ADR_O[15]    1.500000    2.076208   -0.576208 (VIOLATED)
_4237_/A2                               1.500000    2.076190   -0.576190 (VIOLATED)
ANTENNA_753/DIODE                       1.500000    2.074162   -0.574162 (VIOLATED)
ANTENNA_mprj.team_05_Wrapper.team_05_WB.instance_to_wrap_gpio_in[6]/DIODE    1.500000    2.072198   -0.572198 (VIOLATED)
mprj.team_05_Wrapper.team_05_WB.instance_to_wrap/gpio_in[6]    1.500000    2.072085   -0.572085 (VIOLATED)
ANTENNA_mprj.team_08_Wrapper.team_08_WB.instance_to_wrap_gpio_in[26]/DIODE    1.500000    2.070664   -0.570664 (VIOLATED)
_4500_/B1                               1.500000    2.069857   -0.569857 (VIOLATED)
ANTENNA__4500__B1/DIODE                 1.500000    2.069830   -0.569830 (VIOLATED)
ANTENNA__4494__A0/DIODE                 1.500000    2.069804   -0.569804 (VIOLATED)
_4494_/A0                               1.500000    2.069746   -0.569746 (VIOLATED)
_4534_/A2                               1.500000    2.069272   -0.569272 (VIOLATED)
ANTENNA__4534__A2/DIODE                 1.500000    2.069242   -0.569242 (VIOLATED)
ANTENNA__4528__A0/DIODE                 1.500000    2.069171   -0.569171 (VIOLATED)
_4528_/A0                               1.500000    2.069060   -0.569060 (VIOLATED)
_4457_/A2                               1.500000    2.068944   -0.568944 (VIOLATED)
ANTENNA__4457__A2/DIODE                 1.500000    2.068939   -0.568939 (VIOLATED)
ANTENNA__4451__A0/DIODE                 1.500000    2.068864   -0.568864 (VIOLATED)
_4451_/A0                               1.500000    2.068760   -0.568760 (VIOLATED)
_4152_/A0                               1.500000    2.067192   -0.567192 (VIOLATED)
_4158_/A2                               1.500000    2.067183   -0.567184 (VIOLATED)
ANTENNA__4152__A0/DIODE                 1.500000    2.067169   -0.567169 (VIOLATED)
ANTENNA__4158__A2/DIODE                 1.500000    2.067159   -0.567159 (VIOLATED)
ANTENNA_754/DIODE                       1.500000    2.064767   -0.564767 (VIOLATED)
mprj.team_03_Wrapper.team_03_WB.instance_to_wrap/gpio_in[30]    1.500000    2.060653   -0.560653 (VIOLATED)
ANTENNA_mprj.team_03_Wrapper.team_03_WB.instance_to_wrap_gpio_in[30]/DIODE    1.500000    2.060637   -0.560638 (VIOLATED)
fanout599/A                             1.500000    2.060612   -0.560612 (VIOLATED)
ANTENNA_fanout599_A/DIODE               1.500000    2.060587   -0.560587 (VIOLATED)
_8132_/A                                1.500000    2.060190   -0.560190 (VIOLATED)
ANTENNA__8132__A/DIODE                  1.500000    2.060156   -0.560156 (VIOLATED)
mprj.team_08_Wrapper.team_08_WB.instance_to_wrap/gpio_in[17]    1.500000    2.057849   -0.557850 (VIOLATED)
ANTENNA_mprj.team_08_Wrapper.team_08_WB.instance_to_wrap_gpio_in[17]/DIODE    1.500000    2.057837   -0.557837 (VIOLATED)
mprj.team_05_Wrapper.team_05_WB.instance_to_wrap/gpio_in[31]    1.500000    2.056828   -0.556828 (VIOLATED)
ANTENNA_mprj.team_05_Wrapper.team_05_WB.instance_to_wrap_gpio_in[31]/DIODE    1.500000    2.056487   -0.556487 (VIOLATED)
hold399/X                               1.495067    2.051112   -0.556045 (VIOLATED)
mprj.team_08_Wrapper.team_08_WB.instance_to_wrap/gpio_in[22]    1.500000    2.055517   -0.555517 (VIOLATED)
ANTENNA_mprj.team_02_Wrapper.team_02_WB.instance_to_wrap_gpio_out[13]/DIODE    1.500000    2.055060   -0.555060 (VIOLATED)
mprj.team_02_Wrapper.team_02_WB.instance_to_wrap/gpio_out[13]    1.500000    2.055054   -0.555054 (VIOLATED)
ANTENNA_mprj.team_01_Wrapper.team_01_WB.instance_to_wrap_ADR_O[16]/DIODE    1.500000    2.054767   -0.554767 (VIOLATED)
mprj.team_01_Wrapper.team_01_WB.instance_to_wrap/ADR_O[16]    1.500000    2.054753   -0.554753 (VIOLATED)
mprj.team_08_Wrapper.team_08_WB.instance_to_wrap/gpio_in[26]    1.500000    2.054629   -0.554629 (VIOLATED)
ANTENNA__4164__A0/DIODE                 1.500000    2.054469   -0.554469 (VIOLATED)
_4164_/A0                               1.500000    2.054468   -0.554468 (VIOLATED)
ANTENNA__4170__A2/DIODE                 1.500000    2.054433   -0.554433 (VIOLATED)
ANTENNA_mprj.team_04_Wrapper.team_04_WB.instance_to_wrap_gpio_in[3]/DIODE    1.500000    2.054399   -0.554399 (VIOLATED)
_4170_/A2                               1.500000    2.054380   -0.554381 (VIOLATED)
mprj.team_02_Wrapper.team_02_WB.instance_to_wrap/gpio_in[4]    1.500000    2.053466   -0.553466 (VIOLATED)
ANTENNA_mprj.team_02_Wrapper.team_02_WB.instance_to_wrap_gpio_in[4]/DIODE    1.500000    2.053358   -0.553358 (VIOLATED)
ANTENNA__7564__A/DIODE                  1.500000    2.051204   -0.551204 (VIOLATED)
_7564_/A                                1.500000    2.051204   -0.551204 (VIOLATED)
_7580_/A                                1.500000    2.051203   -0.551203 (VIOLATED)
ANTENNA__7580__A/DIODE                  1.500000    2.051201   -0.551201 (VIOLATED)
_7563_/A                                1.500000    2.051197   -0.551197 (VIOLATED)
ANTENNA__7563__A/DIODE                  1.500000    2.051196   -0.551196 (VIOLATED)
_7571_/A                                1.500000    2.051196   -0.551196 (VIOLATED)
ANTENNA__7571__A/DIODE                  1.500000    2.051193   -0.551193 (VIOLATED)
ANTENNA_hold399_X/DIODE                 1.500000    2.051117   -0.551117 (VIOLATED)
ANTENNA_mprj.team_01_Wrapper.team_01_WB.instance_to_wrap_ADR_O[20]/DIODE    1.500000    2.049165   -0.549165 (VIOLATED)
mprj.team_01_Wrapper.team_01_WB.instance_to_wrap/ADR_O[20]    1.500000    2.049157   -0.549157 (VIOLATED)
ANTENNA_mprj.team_01_Wrapper.team_01_WB.instance_to_wrap_ADR_O[18]/DIODE    1.500000    2.044516   -0.544516 (VIOLATED)
mprj.team_01_Wrapper.team_01_WB.instance_to_wrap/ADR_O[18]    1.500000    2.044448   -0.544448 (VIOLATED)
ANTENNA_mprj.team_04_Wrapper.team_04_WB.instance_to_wrap_gpio_in[13]/DIODE    1.500000    2.042502   -0.542502 (VIOLATED)
ANTENNA_mprj.team_08_Wrapper.team_08_WB.instance_to_wrap_gpio_in[22]/DIODE    1.500000    2.041732   -0.541732 (VIOLATED)
mprj.team_07_Wrapper.team_07_WB.instance_to_wrap/gpio_in[30]    1.500000    2.039186   -0.539186 (VIOLATED)
ANTENNA_mprj.team_07_Wrapper.team_07_WB.instance_to_wrap_gpio_in[30]/DIODE    1.500000    2.039155   -0.539155 (VIOLATED)
mprj.team_02_Wrapper.team_02_WB.instance_to_wrap/gpio_in[12]    1.500000    2.038767   -0.538767 (VIOLATED)
ANTENNA_mprj.team_02_Wrapper.team_02_WB.instance_to_wrap_gpio_in[12]/DIODE    1.500000    2.038755   -0.538755 (VIOLATED)
ANTENNA_mprj.team_05_Wrapper.team_05_WB.instance_to_wrap_gpio_in[25]/DIODE    1.500000    2.037260   -0.537260 (VIOLATED)
mprj.team_05_Wrapper.team_05_WB.instance_to_wrap/gpio_in[25]    1.500000    2.037104   -0.537104 (VIOLATED)
_4730_/A0                               1.500000    2.035809   -0.535809 (VIOLATED)
ANTENNA__4730__A0/DIODE                 1.500000    2.035789   -0.535789 (VIOLATED)
_4736_/A2                               1.500000    2.035688   -0.535688 (VIOLATED)
ANTENNA__4736__A2/DIODE                 1.500000    2.035558   -0.535558 (VIOLATED)
mprj.team_06_Wrapper.team_06_WB.instance_to_wrap/gpio_in[5]    1.500000    2.032182   -0.532182 (VIOLATED)
ANTENNA_mprj.team_06_Wrapper.team_06_WB.instance_to_wrap_gpio_in[5]/DIODE    1.500000    2.032022   -0.532022 (VIOLATED)
ANTENNA__4778__A1/DIODE                 1.500000    2.031041   -0.531041 (VIOLATED)
_4778_/A1                               1.500000    2.031027   -0.531027 (VIOLATED)
ANTENNA__4784__A2/DIODE                 1.500000    2.030941   -0.530942 (VIOLATED)
_4784_/A2                               1.500000    2.030922   -0.530922 (VIOLATED)
_6252_/B2                               1.500000    2.030178   -0.530178 (VIOLATED)
ANTENNA__6252__B2/DIODE                 1.500000    2.030122   -0.530122 (VIOLATED)
ANTENNA_mprj.team_05_Wrapper.team_05_WB.instance_to_wrap_gpio_in[28]/DIODE    1.500000    2.026978   -0.526978 (VIOLATED)
mprj.team_05_Wrapper.team_05_WB.instance_to_wrap/gpio_in[28]    1.500000    2.026936   -0.526936 (VIOLATED)
mprj.team_04_Wrapper.team_04_WB.instance_to_wrap/gpio_in[13]    1.500000    2.023197   -0.523197 (VIOLATED)
ANTENNA_mprj.team_12_Wrapper.team_12_WB.instance_to_wrap_gpio_in[9]/DIODE    1.500000    2.022493   -0.522493 (VIOLATED)
mprj.team_12_Wrapper.team_12_WB.instance_to_wrap/gpio_in[9]    1.500000    2.022491   -0.522491 (VIOLATED)
ANTENNA_mprj.team_01_Wrapper.team_01_WB.instance_to_wrap_ADR_O[14]/DIODE    1.500000    2.022359   -0.522359 (VIOLATED)
mprj.team_01_Wrapper.team_01_WB.instance_to_wrap/ADR_O[14]    1.500000    2.022325   -0.522325 (VIOLATED)
ANTENNA_mprj.team_08_Wrapper.team_08_WB.instance_to_wrap_gpio_in[10]/DIODE    1.500000    2.020874   -0.520874 (VIOLATED)
mprj.team_08_Wrapper.team_08_WB.instance_to_wrap/gpio_in[10]    1.500000    2.020795   -0.520795 (VIOLATED)
_4273_/A1                               1.500000    2.017554   -0.517554 (VIOLATED)
ANTENNA__4273__A1/DIODE                 1.500000    2.017527   -0.517527 (VIOLATED)
_4295_/B                                1.500000    2.017221   -0.517221 (VIOLATED)
ANTENNA__4295__B/DIODE                  1.500000    2.017122   -0.517122 (VIOLATED)
_4288_/C                                1.500000    2.016756   -0.516756 (VIOLATED)
ANTENNA__4288__C/DIODE                  1.500000    2.016654   -0.516654 (VIOLATED)
ANTENNA_mprj.team_11_Wrapper.team_11_WB.instance_to_wrap_gpio_in[31]/DIODE    1.500000    2.015949   -0.515949 (VIOLATED)
mprj.team_11_Wrapper.team_11_WB.instance_to_wrap/gpio_in[31]    1.500000    2.015916   -0.515916 (VIOLATED)
ANTENNA__4154__A1/DIODE                 1.500000    2.015519   -0.515519 (VIOLATED)
_4154_/A1                               1.500000    2.015519   -0.515519 (VIOLATED)
ANTENNA__4160__A2/DIODE                 1.500000    2.015492   -0.515492 (VIOLATED)
_4160_/A2                               1.500000    2.015480   -0.515480 (VIOLATED)
ANTENNA_mprj.team_08_Wrapper.team_08_WB.instance_to_wrap_gpio_out[20]/DIODE    1.500000    2.014415   -0.514415 (VIOLATED)
mprj.team_08_Wrapper.team_08_WB.instance_to_wrap/gpio_out[20]    1.500000    2.014304   -0.514304 (VIOLATED)
ANTENNA__4991__A0/DIODE                 1.500000    2.008303   -0.508303 (VIOLATED)
_4991_/A0                               1.500000    2.008288   -0.508288 (VIOLATED)
_4997_/A2                               1.500000    2.008194   -0.508194 (VIOLATED)
ANTENNA__4997__A2/DIODE                 1.500000    2.008059   -0.508059 (VIOLATED)
ANTENNA_mprj.team_06_Wrapper.team_06_WB.instance_to_wrap_gpio_in[11]/DIODE    1.500000    2.007041   -0.507041 (VIOLATED)
ANTENNA_mprj.team_03_Wrapper.team_03_WB.instance_to_wrap_ADR_O[10]/DIODE    1.500000    2.006175   -0.506175 (VIOLATED)
mprj.team_03_Wrapper.team_03_WB.instance_to_wrap/ADR_O[10]    1.500000    2.006172   -0.506172 (VIOLATED)
ANTENNA__4897__B1/DIODE                 1.500000    2.005208   -0.505208 (VIOLATED)
_4897_/B1                               1.500000    2.005208   -0.505208 (VIOLATED)
ANTENNA__4891__A0/DIODE                 1.500000    2.005188   -0.505187 (VIOLATED)
_4891_/A0                               1.500000    2.005166   -0.505166 (VIOLATED)
_4968_/A2                               1.500000    2.003685   -0.503686 (VIOLATED)
ANTENNA__4968__A2/DIODE                 1.500000    2.003611   -0.503611 (VIOLATED)
ANTENNA__4962__A0/DIODE                 1.500000    2.003505   -0.503505 (VIOLATED)
_4962_/A0                               1.500000    2.003409   -0.503409 (VIOLATED)
_5082_/A2                               1.500000    2.002504   -0.502504 (VIOLATED)
ANTENNA__5076__A0/DIODE                 1.500000    2.002486   -0.502486 (VIOLATED)
ANTENNA__5082__A2/DIODE                 1.500000    2.002479   -0.502479 (VIOLATED)
_5076_/A0                               1.500000    2.002338   -0.502338 (VIOLATED)
mprj.team_06_Wrapper.team_06_WB.instance_to_wrap/gpio_in[11]    1.500000    2.001725   -0.501726 (VIOLATED)
mprj.team_04_Wrapper.team_04_WB.instance_to_wrap/gpio_in[3]    1.500000    2.001116   -0.501116 (VIOLATED)
ANTENNA_mprj.team_04_Wrapper.team_04_WB.instance_to_wrap_gpio_in[25]/DIODE    1.500000    2.000306   -0.500306 (VIOLATED)
mprj.team_04_Wrapper.team_04_WB.instance_to_wrap/gpio_in[25]    1.500000    2.000055   -0.500055 (VIOLATED)
ANTENNA_220/DIODE                       1.500000    2.000010   -0.500010 (VIOLATED)
ANTENNA__6598__A/DIODE                  1.500000    1.999983   -0.499983 (VIOLATED)
_6598_/A                                1.500000    1.999969   -0.499969 (VIOLATED)
ANTENNA_219/DIODE                       1.500000    1.999933   -0.499933 (VIOLATED)
mprj.team_08_Wrapper.team_08_WB.instance_to_wrap/gpio_in[18]    1.500000    1.999042   -0.499042 (VIOLATED)
ANTENNA_mprj.team_01_Wrapper.team_01_WB.instance_to_wrap_DAT_O[28]/DIODE    1.500000    1.997435   -0.497435 (VIOLATED)
ANTENNA_mprj.team_08_Wrapper.team_08_WB.instance_to_wrap_gpio_in[18]/DIODE    1.500000    1.997072   -0.497072 (VIOLATED)
mprj.team_01_Wrapper.team_01_WB.instance_to_wrap/DAT_O[28]    1.500000    1.996411   -0.496411 (VIOLATED)
mprj.team_12_Wrapper.team_12_WB.instance_to_wrap/gpio_in[3]    1.500000    1.994248   -0.494248 (VIOLATED)
ANTENNA_mprj.team_12_Wrapper.team_12_WB.instance_to_wrap_gpio_in[3]/DIODE    1.500000    1.994237   -0.494237 (VIOLATED)
ANTENNA_mprj.team_05_Wrapper.team_05_WB.instance_to_wrap_gpio_in[29]/DIODE    1.500000    1.993522   -0.493522 (VIOLATED)
mprj.team_05_Wrapper.team_05_WB.instance_to_wrap/gpio_in[29]    1.500000    1.993502   -0.493502 (VIOLATED)
mprj.team_03_Wrapper.team_03_WB.instance_to_wrap/gpio_in[25]    1.500000    1.991334   -0.491334 (VIOLATED)
ANTENNA_mprj.team_03_Wrapper.team_03_WB.instance_to_wrap_gpio_in[25]/DIODE    1.500000    1.991266   -0.491266 (VIOLATED)
ANTENNA__4671__A0/DIODE                 1.500000    1.990938   -0.490938 (VIOLATED)
_4671_/A0                               1.500000    1.990910   -0.490910 (VIOLATED)
ANTENNA__4677__B1/DIODE                 1.500000    1.990858   -0.490858 (VIOLATED)
_4677_/B1                               1.500000    1.990839   -0.490839 (VIOLATED)
mprj.team_04_Wrapper.team_04_WB.instance_to_wrap/gpio_in[30]    1.500000    1.987372   -0.487372 (VIOLATED)
ANTENNA_mprj.team_04_Wrapper.team_04_WB.instance_to_wrap_gpio_in[30]/DIODE    1.500000    1.986983   -0.486983 (VIOLATED)
ANTENNA_mprj.team_06_Wrapper.team_06_WB.instance_to_wrap_gpio_in[20]/DIODE    1.500000    1.986070   -0.486070 (VIOLATED)
mprj.team_06_Wrapper.team_06_WB.instance_to_wrap/gpio_in[20]    1.500000    1.985964   -0.485964 (VIOLATED)
_4940_/A2                               1.500000    1.985954   -0.485954 (VIOLATED)
ANTENNA__4940__A2/DIODE                 1.500000    1.985895   -0.485895 (VIOLATED)
ANTENNA__4934__A0/DIODE                 1.500000    1.985834   -0.485834 (VIOLATED)
_4934_/A0                               1.500000    1.985696   -0.485696 (VIOLATED)
wire761/A                               1.500000    1.984309   -0.484309 (VIOLATED)
ANTENNA_wire761_A/DIODE                 1.500000    1.984128   -0.484128 (VIOLATED)
mprj.team_02_Wrapper.team_02_WB.instance_to_wrap/gpio_in[25]    1.500000    1.983355   -0.483355 (VIOLATED)
ANTENNA__4716__A0/DIODE                 1.500000    1.981378   -0.481378 (VIOLATED)
_4716_/A0                               1.500000    1.981335   -0.481335 (VIOLATED)
_4722_/A2                               1.500000    1.981221   -0.481222 (VIOLATED)
mprj.team_07_Wrapper.team_07_WB.instance_to_wrap/gpio_in[31]    1.500000    1.981216   -0.481216 (VIOLATED)
ANTENNA_mprj.team_07_Wrapper.team_07_WB.instance_to_wrap_gpio_in[31]/DIODE    1.500000    1.981133   -0.481133 (VIOLATED)
ANTENNA__4722__A2/DIODE                 1.500000    1.981103   -0.481103 (VIOLATED)
ANTENNA_mprj.team_02_Wrapper.team_02_WB.instance_to_wrap_gpio_in[25]/DIODE    1.500000    1.980544   -0.480544 (VIOLATED)
ANTENNA_mprj.team_01_Wrapper.team_01_WB.instance_to_wrap_ADR_O[13]/DIODE    1.500000    1.980263   -0.480263 (VIOLATED)
mprj.team_01_Wrapper.team_01_WB.instance_to_wrap/ADR_O[13]    1.500000    1.980263   -0.480263 (VIOLATED)
ANTENNA_mprj.team_03_Wrapper.team_03_WB.instance_to_wrap_ADR_O[16]/DIODE    1.500000    1.979814   -0.479814 (VIOLATED)
mprj.team_03_Wrapper.team_03_WB.instance_to_wrap/ADR_O[16]    1.500000    1.979814   -0.479814 (VIOLATED)
mprj.team_06_Wrapper.team_06_WB.instance_to_wrap/gpio_in[17]    1.500000    1.975978   -0.475978 (VIOLATED)
ANTENNA_mprj.team_06_Wrapper.team_06_WB.instance_to_wrap_gpio_in[17]/DIODE    1.500000    1.975943   -0.475943 (VIOLATED)
ANTENNA_mprj.team_02_Wrapper.team_02_WB.instance_to_wrap_gpio_in[29]/DIODE    1.500000    1.975769   -0.475769 (VIOLATED)
ANTENNA_mprj.team_01_Wrapper.team_01_WB.instance_to_wrap_ADR_O[12]/DIODE    1.500000    1.975372   -0.475372 (VIOLATED)
mprj.team_01_Wrapper.team_01_WB.instance_to_wrap/ADR_O[12]    1.500000    1.975339   -0.475339 (VIOLATED)
ANTENNA_mprj.team_06_Wrapper.team_06_WB.instance_to_wrap_gpio_oeb[8]/DIODE    1.500000    1.975268   -0.475268 (VIOLATED)
mprj.team_06_Wrapper.team_06_WB.instance_to_wrap/gpio_oeb[8]    1.500000    1.975257   -0.475257 (VIOLATED)
mprj.team_02_Wrapper.team_02_WB.instance_to_wrap/gpio_in[5]    1.500000    1.974140   -0.474141 (VIOLATED)
ANTENNA_mprj.team_02_Wrapper.team_02_WB.instance_to_wrap_gpio_in[5]/DIODE    1.500000    1.974025   -0.474025 (VIOLATED)
mprj.team_02_Wrapper.team_02_WB.instance_to_wrap/gpio_in[29]    1.500000    1.973407   -0.473407 (VIOLATED)
ANTENNA__8120__A/DIODE                  1.500000    1.968776   -0.468776 (VIOLATED)
_8120_/A                                1.500000    1.968776   -0.468776 (VIOLATED)
ANTENNA_mprj.team_01_Wrapper.team_01_WB.instance_to_wrap_ADR_O[23]/DIODE    1.500000    1.967029   -0.467029 (VIOLATED)
mprj.team_01_Wrapper.team_01_WB.instance_to_wrap/ADR_O[23]    1.500000    1.966951   -0.466951 (VIOLATED)
_7866_/A                                1.500000    1.966923   -0.466923 (VIOLATED)
ANTENNA__7866__A/DIODE                  1.500000    1.966889   -0.466889 (VIOLATED)
ANTENNA_mprj.team_05_Wrapper.team_05_WB.instance_to_wrap_gpio_in[5]/DIODE    1.500000    1.963878   -0.463878 (VIOLATED)
mprj.team_05_Wrapper.team_05_WB.instance_to_wrap/gpio_in[5]    1.500000    1.963678   -0.463678 (VIOLATED)
ANTENNA_mprj.team_01_Wrapper.team_01_WB.instance_to_wrap_ADR_O[22]/DIODE    1.500000    1.960915   -0.460915 (VIOLATED)
mprj.team_01_Wrapper.team_01_WB.instance_to_wrap/ADR_O[22]    1.500000    1.960915   -0.460915 (VIOLATED)
ANTENNA_mprj.team_01_Wrapper.team_01_WB.instance_to_wrap_ADR_O[2]/DIODE    1.500000    1.959330   -0.459330 (VIOLATED)
mprj.team_01_Wrapper.team_01_WB.instance_to_wrap/ADR_O[2]    1.500000    1.959326   -0.459326 (VIOLATED)
ANTENNA_mprj.team_07_Wrapper.team_07_WB.instance_to_wrap_gpio_out[17]/DIODE    1.500000    1.958226   -0.458226 (VIOLATED)
mprj.team_07_Wrapper.team_07_WB.instance_to_wrap/gpio_out[17]    1.500000    1.958226   -0.458226 (VIOLATED)
ANTENNA_mprj.team_06_Wrapper.team_06_WB.instance_to_wrap_gpio_in[25]/DIODE    1.500000    1.956041   -0.456041 (VIOLATED)
mprj.team_06_Wrapper.team_06_WB.instance_to_wrap/gpio_in[25]    1.500000    1.955849   -0.455849 (VIOLATED)
ANTENNA_mprj.team_01_Wrapper.team_01_WB.instance_to_wrap_ADR_O[8]/DIODE    1.500000    1.955125   -0.455125 (VIOLATED)
mprj.team_01_Wrapper.team_01_WB.instance_to_wrap/ADR_O[8]    1.500000    1.955116   -0.455116 (VIOLATED)
ANTENNA_mprj.team_05_Wrapper.team_05_WB.instance_to_wrap_gpio_in[27]/DIODE    1.500000    1.954438   -0.454438 (VIOLATED)
mprj.team_05_Wrapper.team_05_WB.instance_to_wrap/gpio_in[27]    1.500000    1.954386   -0.454386 (VIOLATED)
_6320_/A                                1.500000    1.952014   -0.452014 (VIOLATED)
ANTENNA__6320__A/DIODE                  1.500000    1.951987   -0.451987 (VIOLATED)
ANTENNA__5025__A2/DIODE                 1.500000    1.948912   -0.448912 (VIOLATED)
_5025_/A2                               1.500000    1.948883   -0.448883 (VIOLATED)
_5019_/A0                               1.500000    1.948655   -0.448656 (VIOLATED)
ANTENNA__5019__A0/DIODE                 1.500000    1.948487   -0.448487 (VIOLATED)
ANTENNA_mprj.team_01_Wrapper.team_01_WB.instance_to_wrap_ADR_O[1]/DIODE    1.500000    1.948277   -0.448277 (VIOLATED)
mprj.team_01_Wrapper.team_01_WB.instance_to_wrap/ADR_O[1]    1.500000    1.948256   -0.448257 (VIOLATED)
_4453_/A1                               1.500000    1.948208   -0.448208 (VIOLATED)
ANTENNA__4453__A1/DIODE                 1.500000    1.948174   -0.448174 (VIOLATED)
ANTENNA_235/DIODE                       1.500000    1.948172   -0.448172 (VIOLATED)
ANTENNA_234/DIODE                       1.500000    1.948162   -0.448162 (VIOLATED)
ANTENNA__4463__A2/DIODE                 1.500000    1.948151   -0.448151 (VIOLATED)
_4463_/A2                               1.500000    1.948126   -0.448126 (VIOLATED)
_6721_/A1                               1.500000    1.948094   -0.448094 (VIOLATED)
ANTENNA__6721__A1/DIODE                 1.500000    1.947994   -0.447994 (VIOLATED)
ANTENNA_mprj.team_01_Wrapper.team_01_WB.instance_to_wrap_ADR_O[25]/DIODE    1.500000    1.946251   -0.446251 (VIOLATED)
mprj.team_01_Wrapper.team_01_WB.instance_to_wrap/ADR_O[25]    1.500000    1.946208   -0.446208 (VIOLATED)
ANTENNA_mprj.team_06_Wrapper.team_06_WB.instance_to_wrap_gpio_out[6]/DIODE    1.500000    1.942698   -0.442698 (VIOLATED)
mprj.team_06_Wrapper.team_06_WB.instance_to_wrap/gpio_out[6]    1.500000    1.942686   -0.442686 (VIOLATED)
mprj.team_06_Wrapper.team_06_WB.instance_to_wrap/gpio_in[29]    1.500000    1.941478   -0.441478 (VIOLATED)
ANTENNA_mprj.team_06_Wrapper.team_06_WB.instance_to_wrap_gpio_in[29]/DIODE    1.500000    1.939020   -0.439020 (VIOLATED)
ANTENNA_mprj.team_03_Wrapper.team_03_WB.instance_to_wrap_gpio_in[26]/DIODE    1.500000    1.938688   -0.438688 (VIOLATED)
mprj.team_03_Wrapper.team_03_WB.instance_to_wrap/gpio_in[26]    1.500000    1.938251   -0.438251 (VIOLATED)
ANTENNA__4225__A2/DIODE                 1.500000    1.933576   -0.433576 (VIOLATED)
_4219_/A0                               1.500000    1.933568   -0.433568 (VIOLATED)
ANTENNA__4219__A0/DIODE                 1.500000    1.933556   -0.433556 (VIOLATED)
_4225_/A2                               1.500000    1.933545   -0.433545 (VIOLATED)
ANTENNA__6256__A1/DIODE                 1.500000    1.933452   -0.433452 (VIOLATED)
_6256_/A1                               1.500000    1.933443   -0.433443 (VIOLATED)
_6567_/A1                               1.500000    1.929924   -0.429924 (VIOLATED)
ANTENNA__6567__A1/DIODE                 1.500000    1.929870   -0.429870 (VIOLATED)
ANTENNA__4195__A0/DIODE                 1.500000    1.927270   -0.427270 (VIOLATED)
_4195_/A0                               1.500000    1.927263   -0.427263 (VIOLATED)
_4201_/A2                               1.500000    1.927238   -0.427238 (VIOLATED)
ANTENNA__4201__A2/DIODE                 1.500000    1.927205   -0.427205 (VIOLATED)
ANTENNA__6531__A1/DIODE                 1.500000    1.924505   -0.424505 (VIOLATED)
_6531_/A1                               1.500000    1.924494   -0.424494 (VIOLATED)
ANTENNA_mprj.team_01_Wrapper.team_01_WB.instance_to_wrap_DAT_O[6]/DIODE    1.500000    1.924433   -0.424433 (VIOLATED)
mprj.team_01_Wrapper.team_01_WB.instance_to_wrap/DAT_O[6]    1.500000    1.924426   -0.424426 (VIOLATED)
ANTENNA_mprj.team_01_Wrapper.team_01_WB.instance_to_wrap_gpio_in[22]/DIODE    1.500000    1.922513   -0.422513 (VIOLATED)
mprj.team_01_Wrapper.team_01_WB.instance_to_wrap/gpio_in[22]    1.500000    1.922365   -0.422365 (VIOLATED)
ANTENNA_mprj.team_08_Wrapper.team_08_WB.instance_to_wrap_gpio_in[19]/DIODE    1.500000    1.920577   -0.420577 (VIOLATED)
ANTENNA__4948__A0/DIODE                 1.500000    1.920208   -0.420208 (VIOLATED)
_4948_/A0                               1.500000    1.920193   -0.420193 (VIOLATED)
ANTENNA_33/DIODE                        1.500000    1.920126   -0.420126 (VIOLATED)
_4954_/A2                               1.500000    1.920086   -0.420086 (VIOLATED)
ANTENNA__4954__A2/DIODE                 1.500000    1.920044   -0.420044 (VIOLATED)
_8058_/A1                               1.500000    1.917873   -0.417873 (VIOLATED)
ANTENNA__8058__A1/DIODE                 1.500000    1.917865   -0.417865 (VIOLATED)
_5063_/A1                               1.500000    1.917291   -0.417291 (VIOLATED)
ANTENNA__5063__A1/DIODE                 1.500000    1.917289   -0.417289 (VIOLATED)
ANTENNA__5070__A2/DIODE                 1.500000    1.917278   -0.417278 (VIOLATED)
_5070_/A2                               1.500000    1.917270   -0.417270 (VIOLATED)
ANTENNA_mprj.team_01_Wrapper.team_01_WB.instance_to_wrap_ADR_O[31]/DIODE    1.500000    1.916852   -0.416852 (VIOLATED)
mprj.team_01_Wrapper.team_01_WB.instance_to_wrap/ADR_O[31]    1.500000    1.916831   -0.416831 (VIOLATED)
ANTENNA_mprj.team_07_Wrapper.team_07_WB.instance_to_wrap_gpio_out[12]/DIODE    1.500000    1.916642   -0.416642 (VIOLATED)
mprj.team_07_Wrapper.team_07_WB.instance_to_wrap/gpio_out[12]    1.500000    1.916642   -0.416642 (VIOLATED)
_4352_/A1                               1.500000    1.914867   -0.414867 (VIOLATED)
ANTENNA__4352__A1/DIODE                 1.500000    1.914829   -0.414829 (VIOLATED)
_4358_/A2                               1.500000    1.914782   -0.414782 (VIOLATED)
ANTENNA__4358__A2/DIODE                 1.500000    1.914679   -0.414679 (VIOLATED)
ANTENNA_mprj.team_05_Wrapper.team_05_WB.instance_to_wrap_gpio_out[8]/DIODE    1.500000    1.910985   -0.410985 (VIOLATED)
mprj.team_05_Wrapper.team_05_WB.instance_to_wrap/gpio_out[8]    1.500000    1.910985   -0.410985 (VIOLATED)
mprj.team_08_Wrapper.team_08_WB.instance_to_wrap/gpio_in[19]    1.500000    1.910072   -0.410072 (VIOLATED)
ANTENNA_mprj.team_03_Wrapper.team_03_WB.instance_to_wrap_WE_O/DIODE    1.500000    1.909344   -0.409344 (VIOLATED)
mprj.team_03_Wrapper.team_03_WB.instance_to_wrap/WE_O    1.500000    1.909310   -0.409310 (VIOLATED)
ANTENNA_mprj.team_03_Wrapper.team_03_WB.instance_to_wrap_DAT_O[16]/DIODE    1.500000    1.909016   -0.409016 (VIOLATED)
mprj.team_03_Wrapper.team_03_WB.instance_to_wrap/DAT_O[16]    1.500000    1.909003   -0.409003 (VIOLATED)
_6762_/A1                               1.500000    1.908519   -0.408519 (VIOLATED)
ANTENNA__6762__A1/DIODE                 1.500000    1.908488   -0.408488 (VIOLATED)
ANTENNA_mprj.team_06_Wrapper.team_06_WB.instance_to_wrap_gpio_out[10]/DIODE    1.500000    1.901260   -0.401260 (VIOLATED)
mprj.team_06_Wrapper.team_06_WB.instance_to_wrap/gpio_out[10]    1.500000    1.901260   -0.401260 (VIOLATED)
ANTENNA_mprj.team_06_Wrapper.team_06_WB.instance_to_wrap_gpio_in[10]/DIODE    1.500000    1.900268   -0.400268 (VIOLATED)
_6933_/A1                               1.500000    1.897754   -0.397754 (VIOLATED)
ANTENNA__6933__A1/DIODE                 1.500000    1.897737   -0.397737 (VIOLATED)
ANTENNA_mprj.team_01_Wrapper.team_01_WB.instance_to_wrap_DAT_O[10]/DIODE    1.500000    1.896587   -0.396587 (VIOLATED)
mprj.team_01_Wrapper.team_01_WB.instance_to_wrap/DAT_O[10]    1.500000    1.896569   -0.396569 (VIOLATED)
mprj.team_06_Wrapper.team_06_WB.instance_to_wrap/gpio_in[10]    1.500000    1.896058   -0.396058 (VIOLATED)
mprj.team_11_Wrapper.team_11_WB.instance_to_wrap/en    1.500000    1.895759   -0.395759 (VIOLATED)
ANTENNA_mprj.team_11_Wrapper.team_11_WB.instance_to_wrap_en/DIODE    1.500000    1.895718   -0.395718 (VIOLATED)
ANTENNA_mprj.team_01_Wrapper.team_01_WB.instance_to_wrap_ADR_O[4]/DIODE    1.500000    1.894622   -0.394622 (VIOLATED)
mprj.team_01_Wrapper.team_01_WB.instance_to_wrap/ADR_O[4]    1.500000    1.894483   -0.394483 (VIOLATED)
ANTENNA_mprj.team_03_Wrapper.team_03_WB.instance_to_wrap_ADR_O[23]/DIODE    1.500000    1.893288   -0.393289 (VIOLATED)
mprj.team_03_Wrapper.team_03_WB.instance_to_wrap/ADR_O[23]    1.500000    1.893288   -0.393289 (VIOLATED)
ANTENNA_mprj.team_10_Wrapper.team_10_WB.instance_to_wrap_gpio_in[3]/DIODE    1.500000    1.891765   -0.391766 (VIOLATED)
mprj.team_10_Wrapper.team_10_WB.instance_to_wrap/gpio_in[3]    1.500000    1.891573   -0.391573 (VIOLATED)
_7781_/A1                               1.500000    1.889317   -0.389317 (VIOLATED)
ANTENNA_mprj.team_01_Wrapper.team_01_WB.instance_to_wrap_ADR_O[5]/DIODE    1.500000    1.889315   -0.389315 (VIOLATED)
mprj.team_01_Wrapper.team_01_WB.instance_to_wrap/ADR_O[5]    1.500000    1.889315   -0.389315 (VIOLATED)
ANTENNA__7781__A1/DIODE                 1.500000    1.889245   -0.389245 (VIOLATED)
ANTENNA__4246__A1/DIODE                 1.500000    1.887862   -0.387862 (VIOLATED)
_4246_/A1                               1.500000    1.887840   -0.387840 (VIOLATED)
ANTENNA__4253__A2/DIODE                 1.500000    1.887786   -0.387786 (VIOLATED)
_4253_/A2                               1.500000    1.887766   -0.387766 (VIOLATED)
hold1782/X                              1.495067    1.881770   -0.386703 (VIOLATED)
_6316_/A1                               1.500000    1.883918   -0.383918 (VIOLATED)
ANTENNA__6316__A1/DIODE                 1.500000    1.883850   -0.383850 (VIOLATED)
ANTENNA_mprj.team_03_Wrapper.team_03_WB.instance_to_wrap_DAT_O[0]/DIODE    1.500000    1.882909   -0.382909 (VIOLATED)
mprj.team_03_Wrapper.team_03_WB.instance_to_wrap/DAT_O[0]    1.500000    1.882896   -0.382896 (VIOLATED)
mprj.team_10_Wrapper.team_10_WB.instance_to_wrap/gpio_in[30]    1.500000    1.882266   -0.382266 (VIOLATED)
ANTENNA_hold1782_X/DIODE                1.500000    1.881785   -0.381785 (VIOLATED)
ANTENNA_mprj.team_10_Wrapper.team_10_WB.instance_to_wrap_gpio_in[31]/DIODE    1.500000    1.880601   -0.380601 (VIOLATED)
_6897_/C                                1.500000    1.879529   -0.379529 (VIOLATED)
ANTENNA__6897__C/DIODE                  1.500000    1.879492   -0.379492 (VIOLATED)
ANTENNA_mprj.team_01_Wrapper.team_01_WB.instance_to_wrap_gpio_in[26]/DIODE    1.500000    1.877147   -0.377147 (VIOLATED)
_4876_/A0                               1.500000    1.876879   -0.376879 (VIOLATED)
ANTENNA__4876__A0/DIODE                 1.500000    1.876879   -0.376879 (VIOLATED)
_4882_/B1                               1.500000    1.876853   -0.376853 (VIOLATED)
ANTENNA__4882__B1/DIODE                 1.500000    1.876782   -0.376782 (VIOLATED)
ANTENNA__5092__A1/DIODE                 1.500000    1.874947   -0.374947 (VIOLATED)
ANTENNA_40/DIODE                        1.500000    1.874938   -0.374938 (VIOLATED)
_5092_/A1                               1.500000    1.874923   -0.374923 (VIOLATED)
ANTENNA__5099__A2/DIODE                 1.500000    1.874899   -0.374899 (VIOLATED)
_5099_/A2                               1.500000    1.874861   -0.374861 (VIOLATED)
ANTENNA_mprj.team_07_Wrapper.team_07_WB.instance_to_wrap_gpio_in[0]/DIODE    1.500000    1.873000   -0.373000 (VIOLATED)
ANTENNA_mprj.team_10_Wrapper.team_10_WB.instance_to_wrap_gpio_in[30]/DIODE    1.500000    1.872952   -0.372952 (VIOLATED)
mprj.team_07_Wrapper.team_07_WB.instance_to_wrap/gpio_in[0]    1.500000    1.872907   -0.372907 (VIOLATED)
_6615_/A1                               1.500000    1.870908   -0.370908 (VIOLATED)
ANTENNA__6615__A1/DIODE                 1.500000    1.870906   -0.370906 (VIOLATED)
ANTENNA__4282__A2/DIODE                 1.500000    1.866923   -0.366923 (VIOLATED)
_4282_/A2                               1.500000    1.866920   -0.366920 (VIOLATED)
_4277_/A1                               1.500000    1.866918   -0.366918 (VIOLATED)
ANTENNA__4277__A1/DIODE                 1.500000    1.866898   -0.366899 (VIOLATED)
ANTENNA__4746__A0/DIODE                 1.500000    1.866720   -0.366720 (VIOLATED)
_4746_/A0                               1.500000    1.866700   -0.366700 (VIOLATED)
_4752_/A2                               1.500000    1.866624   -0.366624 (VIOLATED)
ANTENNA__4752__A2/DIODE                 1.500000    1.866478   -0.366478 (VIOLATED)
mprj.team_01_Wrapper.team_01_WB.instance_to_wrap/gpio_in[26]    1.500000    1.865847   -0.365847 (VIOLATED)
mprj.team_10_Wrapper.team_10_WB.instance_to_wrap/gpio_in[31]    1.500000    1.864051   -0.364051 (VIOLATED)
mprj.team_02_Wrapper.team_02_WB.instance_to_wrap/gpio_in[11]    1.500000    1.861909   -0.361909 (VIOLATED)
ANTENNA_mprj.team_02_Wrapper.team_02_WB.instance_to_wrap_gpio_in[11]/DIODE    1.500000    1.861871   -0.361871 (VIOLATED)
hold477/X                               1.495067    1.856243   -0.361176 (VIOLATED)
ANTENNA_hold477_X/DIODE                 1.500000    1.856252   -0.356252 (VIOLATED)
ANTENNA__4140__A0/DIODE                 1.500000    1.854902   -0.354902 (VIOLATED)
_4140_/A0                               1.500000    1.854882   -0.354882 (VIOLATED)
_4146_/A2                               1.500000    1.854742   -0.354742 (VIOLATED)
ANTENNA__4146__A2/DIODE                 1.500000    1.854612   -0.354612 (VIOLATED)
ANTENNA_mprj.team_01_Wrapper.team_01_WB.instance_to_wrap_DAT_O[29]/DIODE    1.500000    1.852854   -0.352854 (VIOLATED)
mprj.team_01_Wrapper.team_01_WB.instance_to_wrap/DAT_O[29]    1.500000    1.852854   -0.352854 (VIOLATED)
ANTENNA_mprj.team_01_Wrapper.team_01_WB.instance_to_wrap_DAT_O[3]/DIODE    1.500000    1.850348   -0.350348 (VIOLATED)
mprj.team_01_Wrapper.team_01_WB.instance_to_wrap/DAT_O[3]    1.500000    1.850348   -0.350348 (VIOLATED)
mprj.team_11_Wrapper.team_11_WB.instance_to_wrap/gpio_in[0]    1.500000    1.849179   -0.349179 (VIOLATED)
ANTENNA_mprj.team_11_Wrapper.team_11_WB.instance_to_wrap_gpio_in[0]/DIODE    1.500000    1.849148   -0.349149 (VIOLATED)
mprj.team_07_Wrapper.team_07_WB.instance_to_wrap/gpio_in[29]    1.500000    1.846969   -0.346969 (VIOLATED)
ANTENNA_mprj.team_07_Wrapper.team_07_WB.instance_to_wrap_gpio_in[29]/DIODE    1.500000    1.846928   -0.346928 (VIOLATED)
ANTENNA_mprj.team_03_Wrapper.team_03_WB.instance_to_wrap_ADR_O[29]/DIODE    1.500000    1.846445   -0.346445 (VIOLATED)
mprj.team_03_Wrapper.team_03_WB.instance_to_wrap/ADR_O[29]    1.500000    1.846277   -0.346277 (VIOLATED)
_6970_/A1                               1.500000    1.842273   -0.342274 (VIOLATED)
ANTENNA__6970__A1/DIODE                 1.500000    1.842257   -0.342257 (VIOLATED)
ANTENNA_mprj.team_01_Wrapper.team_01_WB.instance_to_wrap_gpio_in[32]/DIODE    1.500000    1.841641   -0.341641 (VIOLATED)
mprj.team_01_Wrapper.team_01_WB.instance_to_wrap/gpio_in[32]    1.500000    1.841588   -0.341588 (VIOLATED)
ANTENNA_mprj.team_09_Wrapper.team_09_WB.instance_to_wrap_gpio_in[1]/DIODE    1.500000    1.840140   -0.340140 (VIOLATED)
ANTENNA_mprj.team_08_Wrapper.team_08_WB.instance_to_wrap_gpio_out[27]/DIODE    1.500000    1.839868   -0.339868 (VIOLATED)
mprj.team_08_Wrapper.team_08_WB.instance_to_wrap/gpio_out[27]    1.500000    1.839868   -0.339868 (VIOLATED)
mprj.team_09_Wrapper.team_09_WB.instance_to_wrap/gpio_in[1]    1.500000    1.839838   -0.339838 (VIOLATED)
mprj.team_07_Wrapper.team_07_WB.instance_to_wrap/gpio_in[3]    1.500000    1.838063   -0.338064 (VIOLATED)
ANTENNA_mprj.team_07_Wrapper.team_07_WB.instance_to_wrap_gpio_in[3]/DIODE    1.500000    1.838011   -0.338011 (VIOLATED)
ANTENNA_mprj.team_05_Wrapper.team_05_WB.instance_to_wrap_gpio_out[31]/DIODE    1.500000    1.834831   -0.334831 (VIOLATED)
mprj.team_05_Wrapper.team_05_WB.instance_to_wrap/gpio_out[31]    1.500000    1.834819   -0.334819 (VIOLATED)
hold408/X                               1.495067    1.828398   -0.333331 (VIOLATED)
ANTENNA_mprj.team_03_Wrapper.team_03_WB.instance_to_wrap_ADR_O[13]/DIODE    1.500000    1.832709   -0.332709 (VIOLATED)
mprj.team_03_Wrapper.team_03_WB.instance_to_wrap/ADR_O[13]    1.500000    1.832709   -0.332709 (VIOLATED)
_7637_/B                                1.500000    1.831932   -0.331932 (VIOLATED)
ANTENNA__7637__B/DIODE                  1.500000    1.831929   -0.331929 (VIOLATED)
_4335_/A2                               1.500000    1.828688   -0.328688 (VIOLATED)
ANTENNA__4335__A2/DIODE                 1.500000    1.828632   -0.328632 (VIOLATED)
_4329_/A1                               1.500000    1.828620   -0.328620 (VIOLATED)
ANTENNA__4329__A1/DIODE                 1.500000    1.828618   -0.328618 (VIOLATED)
load_slew660/A                          1.500000    1.828473   -0.328473 (VIOLATED)
ANTENNA_load_slew660_A/DIODE            1.500000    1.828469   -0.328469 (VIOLATED)
ANTENNA_19/DIODE                        1.500000    1.828418   -0.328418 (VIOLATED)
ANTENNA_hold408_X/DIODE                 1.500000    1.828400   -0.328400 (VIOLATED)
ANTENNA_mprj.team_01_Wrapper.team_01_WB.instance_to_wrap_DAT_O[23]/DIODE    1.500000    1.826066   -0.326067 (VIOLATED)
mprj.team_01_Wrapper.team_01_WB.instance_to_wrap/DAT_O[23]    1.500000    1.826066   -0.326067 (VIOLATED)
ANTENNA_mprj.team_03_Wrapper.team_03_WB.instance_to_wrap_ADR_O[27]/DIODE    1.500000    1.824576   -0.324577 (VIOLATED)
mprj.team_03_Wrapper.team_03_WB.instance_to_wrap/ADR_O[27]    1.500000    1.824576   -0.324577 (VIOLATED)
ANTENNA_mprj.team_09_Wrapper.team_09_WB.instance_to_wrap_gpio_in[8]/DIODE    1.500000    1.822991   -0.322992 (VIOLATED)
mprj.team_09_Wrapper.team_09_WB.instance_to_wrap/gpio_in[8]    1.500000    1.822924   -0.322924 (VIOLATED)
ANTENNA_mprj.team_01_Wrapper.team_01_WB.instance_to_wrap_DAT_O[15]/DIODE    1.500000    1.820570   -0.320570 (VIOLATED)
mprj.team_01_Wrapper.team_01_WB.instance_to_wrap/DAT_O[15]    1.500000    1.820565   -0.320565 (VIOLATED)
_4648_/A2                               1.500000    1.818581   -0.318581 (VIOLATED)
ANTENNA__4648__A2/DIODE                 1.500000    1.818581   -0.318581 (VIOLATED)
ANTENNA__4642__A0/DIODE                 1.500000    1.818567   -0.318567 (VIOLATED)
_4642_/A0                               1.500000    1.818556   -0.318556 (VIOLATED)
_7986_/A1                               1.500000    1.817940   -0.317940 (VIOLATED)
ANTENNA__7986__A1/DIODE                 1.500000    1.817927   -0.317927 (VIOLATED)
ANTENNA__8150__A/DIODE                  1.500000    1.817597   -0.317597 (VIOLATED)
_8150_/A                                1.500000    1.817594   -0.317595 (VIOLATED)
ANTENNA_32/DIODE                        1.500000    1.817564   -0.317564 (VIOLATED)
ANTENNA__4982__B1/DIODE                 1.500000    1.817563   -0.317563 (VIOLATED)
ANTENNA_31/DIODE                        1.500000    1.817538   -0.317538 (VIOLATED)
ANTENNA_mprj.team_11_Wrapper.team_11_WB.instance_to_wrap_gpio_in[21]/DIODE    1.500000    1.817531   -0.317531 (VIOLATED)
ANTENNA__4976__A0/DIODE                 1.500000    1.817511   -0.317511 (VIOLATED)
_4982_/B1                               1.500000    1.817512   -0.317512 (VIOLATED)
mprj.team_11_Wrapper.team_11_WB.instance_to_wrap/gpio_in[21]    1.500000    1.817403   -0.317403 (VIOLATED)
_4976_/A0                               1.500000    1.817369   -0.317369 (VIOLATED)
hold398/X                               1.495067    1.812189   -0.317122 (VIOLATED)
mprj.team_11_Wrapper.team_11_WB.instance_to_wrap/gpio_in[29]    1.500000    1.814534   -0.314534 (VIOLATED)
mprj.team_03_Wrapper.team_03_WB.instance_to_wrap/gpio_in[32]    1.500000    1.814014   -0.314014 (VIOLATED)
_6650_/A1                               1.500000    1.812832   -0.312832 (VIOLATED)
ANTENNA__6650__A1/DIODE                 1.500000    1.812780   -0.312780 (VIOLATED)
ANTENNA_mprj.team_01_Wrapper.team_01_WB.instance_to_wrap_DAT_O[9]/DIODE    1.500000    1.812391   -0.312391 (VIOLATED)
mprj.team_01_Wrapper.team_01_WB.instance_to_wrap/DAT_O[9]    1.500000    1.812391   -0.312391 (VIOLATED)
ANTENNA__7570__A/DIODE                  1.500000    1.812237   -0.312237 (VIOLATED)
ANTENNA__7586__A/DIODE                  1.500000    1.812230   -0.312230 (VIOLATED)
_7570_/A                                1.500000    1.812230   -0.312230 (VIOLATED)
_7586_/A                                1.500000    1.812230   -0.312230 (VIOLATED)
fanout600/A                             1.500000    1.812199   -0.312199 (VIOLATED)
ANTENNA_fanout600_A/DIODE               1.500000    1.812199   -0.312199 (VIOLATED)
ANTENNA_hold592_A/DIODE                 1.500000    1.812198   -0.312198 (VIOLATED)
hold592/A                               1.500000    1.812198   -0.312198 (VIOLATED)
ANTENNA_hold398_X/DIODE                 1.500000    1.812194   -0.312194 (VIOLATED)
ANTENNA_mprj.team_02_Wrapper.team_02_WB.instance_to_wrap_gpio_out[8]/DIODE    1.500000    1.811835   -0.311835 (VIOLATED)
mprj.team_02_Wrapper.team_02_WB.instance_to_wrap/gpio_out[8]    1.500000    1.811829   -0.311829 (VIOLATED)
ANTENNA_mprj.team_11_Wrapper.team_11_WB.instance_to_wrap_gpio_in[29]/DIODE    1.500000    1.811022   -0.311022 (VIOLATED)
ANTENNA_mprj.team_05_Wrapper.team_05_WB.instance_to_wrap_gpio_out[33]/DIODE    1.500000    1.810130   -0.310130 (VIOLATED)
mprj.team_05_Wrapper.team_05_WB.instance_to_wrap/gpio_out[33]    1.500000    1.810130   -0.310130 (VIOLATED)
ANTENNA_mprj.team_03_Wrapper.team_03_WB.instance_to_wrap_gpio_in[32]/DIODE    1.500000    1.809976   -0.309976 (VIOLATED)
ANTENNA_25/DIODE                        1.500000    1.809936   -0.309936 (VIOLATED)
_4240_/A2                               1.500000    1.809897   -0.309897 (VIOLATED)
ANTENNA__4240__A2/DIODE                 1.500000    1.809883   -0.309883 (VIOLATED)
_4233_/A1                               1.500000    1.809873   -0.309873 (VIOLATED)
ANTENNA__4233__A1/DIODE                 1.500000    1.809869   -0.309869 (VIOLATED)
ANTENNA_mprj.team_01_Wrapper.team_01_WB.instance_to_wrap_DAT_O[19]/DIODE    1.500000    1.809725   -0.309725 (VIOLATED)
mprj.team_01_Wrapper.team_01_WB.instance_to_wrap/DAT_O[19]    1.500000    1.809725   -0.309725 (VIOLATED)
_8056_/A1                               1.500000    1.809175   -0.309175 (VIOLATED)
ANTENNA__8056__A1/DIODE                 1.500000    1.809087   -0.309087 (VIOLATED)
ANTENNA_mprj.team_01_Wrapper.team_01_WB.instance_to_wrap_DAT_O[4]/DIODE    1.500000    1.809036   -0.309036 (VIOLATED)
mprj.team_01_Wrapper.team_01_WB.instance_to_wrap/DAT_O[4]    1.500000    1.809036   -0.309036 (VIOLATED)
ANTENNA__4701__A0/DIODE                 1.500000    1.808678   -0.308678 (VIOLATED)
ANTENNA__4707__A2/DIODE                 1.500000    1.808657   -0.308657 (VIOLATED)
_4701_/A0                               1.500000    1.808654   -0.308654 (VIOLATED)
_4707_/A2                               1.500000    1.808623   -0.308623 (VIOLATED)
_5005_/A0                               1.500000    1.805894   -0.305894 (VIOLATED)
ANTENNA__5005__A0/DIODE                 1.500000    1.805869   -0.305869 (VIOLATED)
_5011_/A2                               1.500000    1.805796   -0.305796 (VIOLATED)
ANTENNA__5011__A2/DIODE                 1.500000    1.805718   -0.305718 (VIOLATED)
ANTENNA__4585__A0/DIODE                 1.500000    1.803983   -0.303983 (VIOLATED)
_4585_/A0                               1.500000    1.803979   -0.303979 (VIOLATED)
_4591_/A2                               1.500000    1.803811   -0.303811 (VIOLATED)
ANTENNA__4591__A2/DIODE                 1.500000    1.803632   -0.303632 (VIOLATED)
mprj.team_05_Wrapper.team_05_WB.instance_to_wrap/gpio_in[30]    1.500000    1.803427   -0.303427 (VIOLATED)
ANTENNA_mprj.team_05_Wrapper.team_05_WB.instance_to_wrap_gpio_in[30]/DIODE    1.500000    1.803129   -0.303129 (VIOLATED)
ANTENNA__4411__A1/DIODE                 1.500000    1.802507   -0.302507 (VIOLATED)
_4411_/A1                               1.500000    1.802487   -0.302487 (VIOLATED)
_4418_/A2                               1.500000    1.802459   -0.302459 (VIOLATED)
ANTENNA__4418__A2/DIODE                 1.500000    1.802426   -0.302426 (VIOLATED)
ANTENNA_mprj.team_01_Wrapper.team_01_WB.instance_to_wrap_WE_O/DIODE    1.500000    1.801698   -0.301698 (VIOLATED)
mprj.team_01_Wrapper.team_01_WB.instance_to_wrap/WE_O    1.500000    1.801698   -0.301698 (VIOLATED)
ANTENNA_mprj.team_06_Wrapper.team_06_WB.instance_to_wrap_gpio_oeb[13]/DIODE    1.500000    1.800158   -0.300158 (VIOLATED)
mprj.team_06_Wrapper.team_06_WB.instance_to_wrap/gpio_oeb[13]    1.500000    1.800144   -0.300144 (VIOLATED)
ANTENNA_mprj.team_01_Wrapper.team_01_WB.instance_to_wrap_gpio_in[25]/DIODE    1.500000    1.799824   -0.299824 (VIOLATED)
mprj.team_01_Wrapper.team_01_WB.instance_to_wrap/gpio_in[25]    1.500000    1.799637   -0.299637 (VIOLATED)
ANTENNA_mprj.team_01_Wrapper.team_01_WB.instance_to_wrap_DAT_O[25]/DIODE    1.500000    1.799386   -0.299386 (VIOLATED)
mprj.team_01_Wrapper.team_01_WB.instance_to_wrap/DAT_O[25]    1.500000    1.799383   -0.299383 (VIOLATED)
ANTENNA_mprj.team_01_Wrapper.team_01_WB.instance_to_wrap_ADR_O[24]/DIODE    1.500000    1.798949   -0.298949 (VIOLATED)
mprj.team_01_Wrapper.team_01_WB.instance_to_wrap/ADR_O[24]    1.500000    1.798938   -0.298938 (VIOLATED)
_7843_/A                                1.500000    1.793858   -0.293858 (VIOLATED)
ANTENNA__7843__A/DIODE                  1.500000    1.793852   -0.293852 (VIOLATED)
ANTENNA__4619__B1/DIODE                 1.500000    1.793319   -0.293319 (VIOLATED)
_4619_/B1                               1.500000    1.793314   -0.293314 (VIOLATED)
ANTENNA__4613__A0/DIODE                 1.500000    1.793292   -0.293292 (VIOLATED)
_4613_/A0                               1.500000    1.793278   -0.293278 (VIOLATED)
mprj.team_10_Wrapper.team_10_WB.instance_to_wrap/gpio_in[29]    1.500000    1.792143   -0.292143 (VIOLATED)
ANTENNA_mprj.team_10_Wrapper.team_10_WB.instance_to_wrap_gpio_in[29]/DIODE    1.500000    1.791888   -0.291888 (VIOLATED)
ANTENNA_mprj.team_06_Wrapper.team_06_WB.instance_to_wrap_gpio_oeb[7]/DIODE    1.500000    1.791484   -0.291484 (VIOLATED)
mprj.team_06_Wrapper.team_06_WB.instance_to_wrap/gpio_oeb[7]    1.500000    1.791446   -0.291446 (VIOLATED)
_7948_/A                                1.500000    1.791398   -0.291398 (VIOLATED)
ANTENNA__7948__A/DIODE                  1.500000    1.791373   -0.291373 (VIOLATED)
_4506_/A0                               1.500000    1.789294   -0.289294 (VIOLATED)
ANTENNA__4506__A0/DIODE                 1.500000    1.789292   -0.289292 (VIOLATED)
ANTENNA__4512__A2/DIODE                 1.500000    1.789258   -0.289258 (VIOLATED)
_4512_/A2                               1.500000    1.789253   -0.289253 (VIOLATED)
ANTENNA_mprj.team_05_Wrapper.team_05_WB.instance_to_wrap_gpio_in[12]/DIODE    1.500000    1.789093   -0.289093 (VIOLATED)
mprj.team_05_Wrapper.team_05_WB.instance_to_wrap/gpio_in[12]    1.500000    1.788987   -0.288987 (VIOLATED)
ANTENNA_mprj.team_01_Wrapper.team_01_WB.instance_to_wrap_DAT_O[11]/DIODE    1.500000    1.786035   -0.286035 (VIOLATED)
mprj.team_01_Wrapper.team_01_WB.instance_to_wrap/DAT_O[11]    1.500000    1.786035   -0.286035 (VIOLATED)
ANTENNA__4100__A0/DIODE                 1.500000    1.783996   -0.283996 (VIOLATED)
_4100_/A0                               1.500000    1.783988   -0.283988 (VIOLATED)
_4112_/B1                               1.500000    1.783896   -0.283896 (VIOLATED)
ANTENNA__4112__B1/DIODE                 1.500000    1.783895   -0.283895 (VIOLATED)
ANTENNA_mprj.team_01_Wrapper.team_01_WB.instance_to_wrap_ADR_O[6]/DIODE    1.500000    1.781644   -0.281644 (VIOLATED)
mprj.team_01_Wrapper.team_01_WB.instance_to_wrap/ADR_O[6]    1.500000    1.781644   -0.281644 (VIOLATED)
ANTENNA_mprj.team_09_Wrapper.team_09_WB.instance_to_wrap_gpio_in[2]/DIODE    1.500000    1.780758   -0.280758 (VIOLATED)
_6871_/A1                               1.500000    1.780739   -0.280739 (VIOLATED)
ANTENNA__6871__A1/DIODE                 1.500000    1.780713   -0.280713 (VIOLATED)
mprj.team_09_Wrapper.team_09_WB.instance_to_wrap/gpio_in[2]    1.500000    1.780445   -0.280445 (VIOLATED)
ANTENNA_mprj.team_01_Wrapper.team_01_WB.instance_to_wrap_DAT_O[7]/DIODE    1.500000    1.780052   -0.280052 (VIOLATED)
mprj.team_01_Wrapper.team_01_WB.instance_to_wrap/DAT_O[7]    1.500000    1.780052   -0.280052 (VIOLATED)
_6437_/A1                               1.500000    1.779661   -0.279661 (VIOLATED)
ANTENNA__6437__A1/DIODE                 1.500000    1.779629   -0.279629 (VIOLATED)
_7900_/A                                1.500000    1.778829   -0.278829 (VIOLATED)
ANTENNA__7900__A/DIODE                  1.500000    1.778806   -0.278806 (VIOLATED)
mprj.team_08_Wrapper.team_08_WB.instance_to_wrap/gpio_in[16]    1.500000    1.778532   -0.278532 (VIOLATED)
ANTENNA_mprj.team_08_Wrapper.team_08_WB.instance_to_wrap_gpio_in[16]/DIODE    1.500000    1.778487   -0.278487 (VIOLATED)
ANTENNA_mprj.team_10_Wrapper.team_10_WB.instance_to_wrap_gpio_in[0]/DIODE    1.500000    1.777405   -0.277405 (VIOLATED)
ANTENNA__4978__A1/DIODE                 1.500000    1.777296   -0.277296 (VIOLATED)
ANTENNA_42/DIODE                        1.500000    1.777291   -0.277292 (VIOLATED)
ANTENNA_623/DIODE                       1.500000    1.777285   -0.277285 (VIOLATED)
ANTENNA_773/DIODE                       1.500000    1.777271   -0.277271 (VIOLATED)
mprj.team_10_Wrapper.team_10_WB.instance_to_wrap/gpio_in[0]    1.500000    1.777261   -0.277261 (VIOLATED)
ANTENNA__4985__A2/DIODE                 1.500000    1.777231   -0.277231 (VIOLATED)
_4985_/A2                               1.500000    1.777164   -0.277164 (VIOLATED)
_4978_/A1                               1.500000    1.777140   -0.277141 (VIOLATED)
ANTENNA_mprj.team_05_Wrapper.team_05_WB.instance_to_wrap_gpio_out[4]/DIODE    1.500000    1.776057   -0.276057 (VIOLATED)
mprj.team_05_Wrapper.team_05_WB.instance_to_wrap/gpio_out[4]    1.500000    1.776057   -0.276057 (VIOLATED)
ANTENNA_mprj.team_01_Wrapper.team_01_WB.instance_to_wrap_DAT_O[21]/DIODE    1.500000    1.775251   -0.275251 (VIOLATED)
mprj.team_01_Wrapper.team_01_WB.instance_to_wrap/DAT_O[21]    1.500000    1.775244   -0.275244 (VIOLATED)
_4209_/A2                               1.500000    1.774889   -0.274889 (VIOLATED)
_4204_/A1                               1.500000    1.774879   -0.274879 (VIOLATED)
ANTENNA__4204__A1/DIODE                 1.500000    1.774878   -0.274878 (VIOLATED)
ANTENNA__4209__A2/DIODE                 1.500000    1.774878   -0.274878 (VIOLATED)
_4310_/A2                               1.500000    1.773799   -0.273799 (VIOLATED)
ANTENNA__4304__A1/DIODE                 1.500000    1.773753   -0.273753 (VIOLATED)
ANTENNA__4310__A2/DIODE                 1.500000    1.773743   -0.273743 (VIOLATED)
_4304_/A1                               1.500000    1.773716   -0.273716 (VIOLATED)
mprj.team_07_Wrapper.team_07_WB.instance_to_wrap/gpio_in[5]    1.500000    1.773235   -0.273235 (VIOLATED)
ANTENNA_mprj.team_07_Wrapper.team_07_WB.instance_to_wrap_gpio_in[5]/DIODE    1.500000    1.773210   -0.273210 (VIOLATED)
ANTENNA_mprj.team_11_Wrapper.team_11_WB.instance_to_wrap_gpio_in[28]/DIODE    1.500000    1.772572   -0.272572 (VIOLATED)
mprj.team_11_Wrapper.team_11_WB.instance_to_wrap/gpio_in[28]    1.500000    1.772552   -0.272552 (VIOLATED)
ANTENNA_mprj.team_06_Wrapper.team_06_WB.instance_to_wrap_gpio_oeb[23]/DIODE    1.500000    1.772272   -0.272272 (VIOLATED)
mprj.team_06_Wrapper.team_06_WB.instance_to_wrap/gpio_oeb[23]    1.500000    1.772254   -0.272254 (VIOLATED)
hold506/X                               1.495067    1.764697   -0.269630 (VIOLATED)
ANTENNA_620/DIODE                       1.500000    1.765540   -0.265540 (VIOLATED)
ANTENNA_mprj.team_01_Wrapper.team_01_WB.instance_to_wrap_DAT_O[24]/DIODE    1.500000    1.765511   -0.265511 (VIOLATED)
mprj.team_01_Wrapper.team_01_WB.instance_to_wrap/DAT_O[24]    1.500000    1.765372   -0.265372 (VIOLATED)
ANTENNA_hold506_X/DIODE                 1.500000    1.764697   -0.264697 (VIOLATED)
_6796_/A1                               1.500000    1.764608   -0.264608 (VIOLATED)
ANTENNA__6796__A1/DIODE                 1.500000    1.764586   -0.264586 (VIOLATED)
ANTENNA_mprj.team_02_Wrapper.team_02_WB.instance_to_wrap_gpio_in[10]/DIODE    1.500000    1.762217   -0.262217 (VIOLATED)
_5053_/A2                               1.500000    1.760727   -0.260727 (VIOLATED)
ANTENNA__5047__A0/DIODE                 1.500000    1.760715   -0.260715 (VIOLATED)
ANTENNA__5053__A2/DIODE                 1.500000    1.760706   -0.260706 (VIOLATED)
_5047_/A0                               1.500000    1.760642   -0.260642 (VIOLATED)
ANTENNA_mprj.team_06_Wrapper.team_06_WB.instance_to_wrap_gpio_out[26]/DIODE    1.500000    1.759301   -0.259301 (VIOLATED)
mprj.team_06_Wrapper.team_06_WB.instance_to_wrap/gpio_out[26]    1.500000    1.759301   -0.259301 (VIOLATED)
mprj.team_08_Wrapper.team_08_WB.instance_to_wrap/gpio_in[15]    1.500000    1.753651   -0.253651 (VIOLATED)
ANTENNA_mprj.team_08_Wrapper.team_08_WB.instance_to_wrap_gpio_in[15]/DIODE    1.500000    1.753643   -0.253643 (VIOLATED)
mprj.team_02_Wrapper.team_02_WB.instance_to_wrap/gpio_in[10]    1.500000    1.753480   -0.253480 (VIOLATED)
_8045_/A1                               1.500000    1.752441   -0.252441 (VIOLATED)
ANTENNA__8045__A1/DIODE                 1.500000    1.752393   -0.252393 (VIOLATED)
ANTENNA_376/DIODE                       1.500000    1.751975   -0.251975 (VIOLATED)
ANTENNA_370/DIODE                       1.500000    1.751969   -0.251969 (VIOLATED)
ANTENNA_374/DIODE                       1.500000    1.751968   -0.251968 (VIOLATED)
ANTENNA_372/DIODE                       1.500000    1.751965   -0.251965 (VIOLATED)
ANTENNA_369/DIODE                       1.500000    1.751958   -0.251958 (VIOLATED)
ANTENNA_375/DIODE                       1.500000    1.751944   -0.251944 (VIOLATED)
ANTENNA_373/DIODE                       1.500000    1.751943   -0.251943 (VIOLATED)
ANTENNA_371/DIODE                       1.500000    1.751938   -0.251938 (VIOLATED)
ANTENNA_368/DIODE                       1.500000    1.751887   -0.251887 (VIOLATED)
ANTENNA_mprj.team_06_Wrapper.team_06_WB.instance_to_wrap_gpio_oeb[22]/DIODE    1.500000    1.751743   -0.251743 (VIOLATED)
_7783_/A1                               1.500000    1.751698   -0.251698 (VIOLATED)
mprj.team_06_Wrapper.team_06_WB.instance_to_wrap/gpio_oeb[22]    1.500000    1.751684   -0.251684 (VIOLATED)
ANTENNA__7783__A1/DIODE                 1.500000    1.751654   -0.251654 (VIOLATED)
ANTENNA_mprj.team_06_Wrapper.team_06_WB.instance_to_wrap_gpio_out[13]/DIODE    1.500000    1.750108   -0.250109 (VIOLATED)
mprj.team_06_Wrapper.team_06_WB.instance_to_wrap/gpio_out[13]    1.500000    1.750097   -0.250097 (VIOLATED)
_6685_/A1                               1.500000    1.746565   -0.246565 (VIOLATED)
ANTENNA__6685__A1/DIODE                 1.500000    1.746521   -0.246521 (VIOLATED)
_4129_/A2                               1.500000    1.745284   -0.245284 (VIOLATED)
_4098_/B                                1.500000    1.745283   -0.245283 (VIOLATED)
ANTENNA__4129__A2/DIODE                 1.500000    1.745281   -0.245281 (VIOLATED)
ANTENNA__4098__B/DIODE                  1.500000    1.745277   -0.245277 (VIOLATED)
ANTENNA__6572__A/DIODE                  1.500000    1.743941   -0.243941 (VIOLATED)
_6572_/A                                1.500000    1.743941   -0.243941 (VIOLATED)
mprj.team_07_Wrapper.team_07_WB.instance_to_wrap/gpio_in[28]    1.500000    1.743768   -0.243768 (VIOLATED)
ANTENNA_mprj.team_07_Wrapper.team_07_WB.instance_to_wrap_gpio_in[28]/DIODE    1.500000    1.743722   -0.243722 (VIOLATED)
ANTENNA_97/DIODE                        1.500000    1.742567   -0.242567 (VIOLATED)
ANTENNA__6285__A/DIODE                  1.500000    1.742567   -0.242567 (VIOLATED)
_6285_/A                                1.500000    1.742558   -0.242558 (VIOLATED)
ANTENNA_mprj.team_05_Wrapper.team_05_WB.instance_to_wrap_gpio_out[30]/DIODE    1.500000    1.740088   -0.240088 (VIOLATED)
mprj.team_05_Wrapper.team_05_WB.instance_to_wrap/gpio_out[30]    1.500000    1.739960   -0.239960 (VIOLATED)
ANTENNA_mprj.team_01_Wrapper.team_01_WB.instance_to_wrap_STB_O/DIODE    1.500000    1.739307   -0.239307 (VIOLATED)
mprj.team_01_Wrapper.team_01_WB.instance_to_wrap/STB_O    1.500000    1.739307   -0.239307 (VIOLATED)
_6509_/A1                               1.500000    1.738848   -0.238848 (VIOLATED)
ANTENNA__6509__A1/DIODE                 1.500000    1.738810   -0.238810 (VIOLATED)
ANTENNA_mprj.team_08_Wrapper.team_08_WB.instance_to_wrap_gpio_in[9]/DIODE    1.500000    1.738670   -0.238670 (VIOLATED)
mprj.team_08_Wrapper.team_08_WB.instance_to_wrap/gpio_in[9]    1.500000    1.738653   -0.238653 (VIOLATED)
ANTENNA__4347__A2/DIODE                 1.500000    1.738275   -0.238275 (VIOLATED)
_4347_/A2                               1.500000    1.738262   -0.238262 (VIOLATED)
ANTENNA_21/DIODE                        1.500000    1.738188   -0.238188 (VIOLATED)
ANTENNA__4341__A1/DIODE                 1.500000    1.738128   -0.238128 (VIOLATED)
_4341_/A1                               1.500000    1.738110   -0.238110 (VIOLATED)
ANTENNA_20/DIODE                        1.500000    1.738000   -0.238000 (VIOLATED)
ANTENNA_mprj.team_02_Wrapper.team_02_WB.instance_to_wrap_gpio_out[14]/DIODE    1.500000    1.737402   -0.237402 (VIOLATED)
mprj.team_02_Wrapper.team_02_WB.instance_to_wrap/gpio_out[14]    1.500000    1.737402   -0.237402 (VIOLATED)
_4503_/A2                               1.500000    1.736511   -0.236511 (VIOLATED)
ANTENNA__4503__A2/DIODE                 1.500000    1.736510   -0.236510 (VIOLATED)
_4496_/A1                               1.500000    1.736477   -0.236477 (VIOLATED)
ANTENNA__4496__A1/DIODE                 1.500000    1.736369   -0.236369 (VIOLATED)
_7940_/A1                               1.500000    1.736037   -0.236037 (VIOLATED)
ANTENNA__7940__A1/DIODE                 1.500000    1.735939   -0.235939 (VIOLATED)
_8016_/A                                1.500000    1.734155   -0.234155 (VIOLATED)
ANTENNA__8016__A/DIODE                  1.500000    1.734134   -0.234134 (VIOLATED)
ANTENNA_mprj.team_03_Wrapper.team_03_WB.instance_to_wrap_ADR_O[25]/DIODE    1.500000    1.733005   -0.233006 (VIOLATED)
mprj.team_03_Wrapper.team_03_WB.instance_to_wrap/ADR_O[25]    1.500000    1.733005   -0.233006 (VIOLATED)
ANTENNA_mprj.team_03_Wrapper.team_03_WB.instance_to_wrap_DAT_O[14]/DIODE    1.500000    1.732498   -0.232498 (VIOLATED)
mprj.team_03_Wrapper.team_03_WB.instance_to_wrap/DAT_O[14]    1.500000    1.732498   -0.232498 (VIOLATED)
hold538/X                               1.495067    1.726210   -0.231143 (VIOLATED)
mprj.team_06_Wrapper.team_06_WB.instance_to_wrap/gpio_in[15]    1.500000    1.730016   -0.230016 (VIOLATED)
ANTENNA_mprj.team_02_Wrapper.team_02_WB.instance_to_wrap_gpio_out[22]/DIODE    1.500000    1.729726   -0.229726 (VIOLATED)
mprj.team_02_Wrapper.team_02_WB.instance_to_wrap/gpio_out[22]    1.500000    1.729726   -0.229726 (VIOLATED)
_7636_/B                                1.500000    1.729059   -0.229059 (VIOLATED)
ANTENNA__7636__B/DIODE                  1.500000    1.729056   -0.229056 (VIOLATED)
ANTENNA_mprj.team_05_Wrapper.team_05_WB.instance_to_wrap_gpio_in[17]/DIODE    1.500000    1.728650   -0.228650 (VIOLATED)
mprj.team_05_Wrapper.team_05_WB.instance_to_wrap/gpio_in[17]    1.500000    1.728355   -0.228355 (VIOLATED)
ANTENNA_671/DIODE                       1.500000    1.727378   -0.227378 (VIOLATED)
ANTENNA_673/DIODE                       1.500000    1.727367   -0.227367 (VIOLATED)
ANTENNA_676/DIODE                       1.500000    1.727321   -0.227321 (VIOLATED)
ANTENNA_674/DIODE                       1.500000    1.727309   -0.227309 (VIOLATED)
ANTENNA_672/DIODE                       1.500000    1.727293   -0.227294 (VIOLATED)
ANTENNA_678/DIODE                       1.500000    1.727292   -0.227292 (VIOLATED)
ANTENNA_669/DIODE                       1.500000    1.727288   -0.227288 (VIOLATED)
ANTENNA_679/DIODE                       1.500000    1.727287   -0.227287 (VIOLATED)
ANTENNA_670/DIODE                       1.500000    1.727271   -0.227271 (VIOLATED)
ANTENNA_680/DIODE                       1.500000    1.727247   -0.227247 (VIOLATED)
ANTENNA_677/DIODE                       1.500000    1.727195   -0.227195 (VIOLATED)
ANTENNA_675/DIODE                       1.500000    1.727167   -0.227167 (VIOLATED)
ANTENNA__7902__A1/DIODE                 1.500000    1.726913   -0.226913 (VIOLATED)
mprj.team_12_Wrapper.team_12_WB.instance_to_wrap/gpio_in[1]    1.500000    1.726894   -0.226894 (VIOLATED)
ANTENNA_mprj.team_03_Wrapper.team_03_WB.instance_to_wrap_gpio_in[20]/DIODE    1.500000    1.726883   -0.226884 (VIOLATED)
ANTENNA_mprj.team_06_Wrapper.team_06_WB.instance_to_wrap_gpio_in[15]/DIODE    1.500000    1.726880   -0.226880 (VIOLATED)
ANTENNA_mprj.team_12_Wrapper.team_12_WB.instance_to_wrap_gpio_in[1]/DIODE    1.500000    1.726799   -0.226799 (VIOLATED)
mprj.team_03_Wrapper.team_03_WB.instance_to_wrap/gpio_in[20]    1.500000    1.726764   -0.226764 (VIOLATED)
max_cap661/A                            1.500000    1.726665   -0.226665 (VIOLATED)
ANTENNA_max_cap661_A/DIODE              1.500000    1.726660   -0.226660 (VIOLATED)
_7902_/A1                               1.500000    1.726482   -0.226482 (VIOLATED)
ANTENNA_mprj.team_07_Wrapper.team_07_WB.instance_to_wrap_gpio_in[21]/DIODE    1.500000    1.726276   -0.226276 (VIOLATED)
mprj.team_07_Wrapper.team_07_WB.instance_to_wrap/gpio_in[21]    1.500000    1.726228   -0.226228 (VIOLATED)
ANTENNA_hold538_X/DIODE                 1.500000    1.726218   -0.226218 (VIOLATED)
mprj.team_04_Wrapper.team_04_WB.instance_to_wrap/gpio_in[20]    1.500000    1.726186   -0.226186 (VIOLATED)
ANTENNA_mprj.team_04_Wrapper.team_04_WB.instance_to_wrap_gpio_in[20]/DIODE    1.500000    1.726104   -0.226104 (VIOLATED)
ANTENNA_mprj.team_05_Wrapper.team_05_WB.instance_to_wrap_gpio_out[32]/DIODE    1.500000    1.725714   -0.225714 (VIOLATED)
mprj.team_05_Wrapper.team_05_WB.instance_to_wrap/gpio_out[32]    1.500000    1.725714   -0.225714 (VIOLATED)
mprj.team_05_Wrapper.team_05_WB.instance_to_wrap/gpio_in[10]    1.500000    1.722616   -0.222616 (VIOLATED)
ANTENNA_mprj.team_05_Wrapper.team_05_WB.instance_to_wrap_gpio_in[10]/DIODE    1.500000    1.722549   -0.222549 (VIOLATED)
ANTENNA_mprj.team_05_Wrapper.team_05_WB.instance_to_wrap_gpio_in[4]/DIODE    1.500000    1.722279   -0.222279 (VIOLATED)
mprj.team_05_Wrapper.team_05_WB.instance_to_wrap/gpio_in[4]    1.500000    1.721946   -0.221946 (VIOLATED)
_4279_/A1                               1.500000    1.721809   -0.221809 (VIOLATED)
ANTENNA__4279__A1/DIODE                 1.500000    1.721799   -0.221799 (VIOLATED)
ANTENNA__4288__B/DIODE                  1.500000    1.721706   -0.221706 (VIOLATED)
_4288_/B                                1.500000    1.721698   -0.221698 (VIOLATED)
_4287_/B                                1.500000    1.721599   -0.221600 (VIOLATED)
ANTENNA__4287__B/DIODE                  1.500000    1.721500   -0.221500 (VIOLATED)
ANTENNA_mprj.team_01_Wrapper.team_01_WB.instance_to_wrap_DAT_O[2]/DIODE    1.500000    1.717519   -0.217519 (VIOLATED)
mprj.team_01_Wrapper.team_01_WB.instance_to_wrap/DAT_O[2]    1.500000    1.717519   -0.217519 (VIOLATED)
_4461_/A2                               1.500000    1.717195   -0.217195 (VIOLATED)
ANTENNA_24/DIODE                        1.500000    1.717186   -0.217186 (VIOLATED)
ANTENNA__4461__A2/DIODE                 1.500000    1.717171   -0.217171 (VIOLATED)
_4435_/A1                               1.500000    1.717120   -0.217120 (VIOLATED)
ANTENNA__4435__A1/DIODE                 1.500000    1.717120   -0.217120 (VIOLATED)
mprj.team_06_Wrapper.team_06_WB.instance_to_wrap/gpio_in[16]    1.500000    1.715675   -0.215675 (VIOLATED)
ANTENNA__4472__A1/DIODE                 1.500000    1.715663   -0.215663 (VIOLATED)
_4472_/A1                               1.500000    1.715645   -0.215646 (VIOLATED)
ANTENNA__4479__A2/DIODE                 1.500000    1.715609   -0.215609 (VIOLATED)
_4479_/A2                               1.500000    1.715577   -0.215577 (VIOLATED)
ANTENNA__7809__A/DIODE                  1.500000    1.715348   -0.215348 (VIOLATED)
_7809_/A                                1.500000    1.715346   -0.215346 (VIOLATED)
ANTENNA_mprj.team_12_Wrapper.team_12_WB.instance_to_wrap_gpio_in[8]/DIODE    1.500000    1.715050   -0.215051 (VIOLATED)
mprj.team_12_Wrapper.team_12_WB.instance_to_wrap/gpio_in[8]    1.500000    1.715044   -0.215044 (VIOLATED)
ANTENNA_mprj.team_08_Wrapper.team_08_WB.instance_to_wrap_gpio_out[28]/DIODE    1.500000    1.714416   -0.214416 (VIOLATED)
mprj.team_08_Wrapper.team_08_WB.instance_to_wrap/gpio_out[28]    1.500000    1.714416   -0.214416 (VIOLATED)
ANTENNA_mprj.team_06_Wrapper.team_06_WB.instance_to_wrap_gpio_in[16]/DIODE    1.500000    1.711875   -0.211875 (VIOLATED)
ANTENNA_mprj.team_06_Wrapper.team_06_WB.instance_to_wrap_gpio_oeb[21]/DIODE    1.500000    1.710894   -0.210894 (VIOLATED)
mprj.team_06_Wrapper.team_06_WB.instance_to_wrap/gpio_oeb[21]    1.500000    1.710894   -0.210894 (VIOLATED)
ANTENNA_mprj.team_05_Wrapper.team_05_WB.instance_to_wrap_gpio_in[11]/DIODE    1.500000    1.709217   -0.209217 (VIOLATED)
ANTENNA_mprj.team_05_Wrapper.team_05_WB.instance_to_wrap_gpio_out[2]/DIODE    1.500000    1.709204   -0.209204 (VIOLATED)
mprj.team_05_Wrapper.team_05_WB.instance_to_wrap/gpio_out[2]    1.500000    1.709186   -0.209186 (VIOLATED)
_4761_/A0                               1.500000    1.709149   -0.209149 (VIOLATED)
mprj.team_05_Wrapper.team_05_WB.instance_to_wrap/gpio_in[11]    1.500000    1.709136   -0.209136 (VIOLATED)
ANTENNA__4761__A0/DIODE                 1.500000    1.709129   -0.209129 (VIOLATED)
ANTENNA__4767__A2/DIODE                 1.500000    1.708936   -0.208937 (VIOLATED)
mprj.team_02_Wrapper.team_02_WB.instance_to_wrap/gpio_in[31]    1.500000    1.708846   -0.208846 (VIOLATED)
_4767_/A2                               1.500000    1.708830   -0.208830 (VIOLATED)
ANTENNA_mprj.team_02_Wrapper.team_02_WB.instance_to_wrap_gpio_in[31]/DIODE    1.500000    1.708710   -0.208710 (VIOLATED)
ANTENNA_mprj.team_09_Wrapper.team_09_WB.instance_to_wrap_gpio_in[12]/DIODE    1.500000    1.707759   -0.207759 (VIOLATED)
mprj.team_09_Wrapper.team_09_WB.instance_to_wrap/gpio_in[12]    1.500000    1.707650   -0.207650 (VIOLATED)
ANTENNA_mprj.team_03_Wrapper.team_03_WB.instance_to_wrap_ADR_O[12]/DIODE    1.500000    1.706630   -0.206630 (VIOLATED)
mprj.team_03_Wrapper.team_03_WB.instance_to_wrap/ADR_O[12]    1.500000    1.706455   -0.206455 (VIOLATED)
ANTENNA_mprj.team_01_Wrapper.team_01_WB.instance_to_wrap_ADR_O[19]/DIODE    1.500000    1.700089   -0.200089 (VIOLATED)
mprj.team_01_Wrapper.team_01_WB.instance_to_wrap/ADR_O[19]    1.500000    1.700089   -0.200089 (VIOLATED)
ANTENNA_mprj.team_03_Wrapper.team_03_WB.instance_to_wrap_ADR_O[2]/DIODE    1.500000    1.698523   -0.198523 (VIOLATED)
mprj.team_03_Wrapper.team_03_WB.instance_to_wrap/ADR_O[2]    1.500000    1.698523   -0.198523 (VIOLATED)
ANTENNA_max_length787_A/DIODE           1.500000    1.696873   -0.196873 (VIOLATED)
_4380_/A2                               1.500000    1.693487   -0.193487 (VIOLATED)
ANTENNA__4380__A2/DIODE                 1.500000    1.693430   -0.193430 (VIOLATED)
_4374_/A1                               1.500000    1.693367   -0.193367 (VIOLATED)
ANTENNA__7709__A/DIODE                  1.500000    1.693305   -0.193305 (VIOLATED)
_7709_/A                                1.500000    1.693287   -0.193287 (VIOLATED)
ANTENNA__4374__A1/DIODE                 1.500000    1.693251   -0.193251 (VIOLATED)
ANTENNA_26/DIODE                        1.500000    1.693165   -0.193165 (VIOLATED)
_7987_/B2                               1.500000    1.690541   -0.190541 (VIOLATED)
ANTENNA__7987__B2/DIODE                 1.500000    1.690540   -0.190540 (VIOLATED)
load_slew780/A                          1.500000    1.689649   -0.189650 (VIOLATED)
max_length787/A                         1.500000    1.688896   -0.188896 (VIOLATED)
ANTENNA_load_slew780_A/DIODE            1.500000    1.687067   -0.187067 (VIOLATED)
ANTENNA_mprj.team_01_Wrapper.team_01_WB.instance_to_wrap_DAT_O[22]/DIODE    1.500000    1.686683   -0.186683 (VIOLATED)
mprj.team_01_Wrapper.team_01_WB.instance_to_wrap/DAT_O[22]    1.500000    1.686683   -0.186683 (VIOLATED)
_7922_/A1                               1.500000    1.686116   -0.186116 (VIOLATED)
ANTENNA__7922__A1/DIODE                 1.500000    1.686109   -0.186109 (VIOLATED)
ANTENNA__4587__A1/DIODE                 1.500000    1.682001   -0.182001 (VIOLATED)
_4587_/A1                               1.500000    1.681997   -0.181997 (VIOLATED)
_4593_/A2                               1.500000    1.681935   -0.181935 (VIOLATED)
ANTENNA__4593__A2/DIODE                 1.500000    1.681879   -0.181879 (VIOLATED)
hold412/X                               1.495067    1.675728   -0.180661 (VIOLATED)
ANTENNA_mprj.team_09_Wrapper.team_09_WB.instance_to_wrap_gpio_out[6]/DIODE    1.500000    1.680652   -0.180652 (VIOLATED)
mprj.team_09_Wrapper.team_09_WB.instance_to_wrap/gpio_out[6]    1.500000    1.680652   -0.180652 (VIOLATED)
ANTENNA_mprj.team_03_Wrapper.team_03_WB.instance_to_wrap_ADR_O[9]/DIODE    1.500000    1.679120   -0.179120 (VIOLATED)
mprj.team_03_Wrapper.team_03_WB.instance_to_wrap/ADR_O[9]    1.500000    1.678995   -0.178995 (VIOLATED)
ANTENNA_363/DIODE                       1.500000    1.678079   -0.178079 (VIOLATED)
_8087_/A1                               1.500000    1.678032   -0.178032 (VIOLATED)
ANTENNA__8087__A1/DIODE                 1.500000    1.677917   -0.177918 (VIOLATED)
ANTENNA_mprj.team_06_Wrapper.team_06_WB.instance_to_wrap_gpio_out[15]/DIODE    1.500000    1.677392   -0.177392 (VIOLATED)
mprj.team_06_Wrapper.team_06_WB.instance_to_wrap/gpio_out[15]    1.500000    1.677381   -0.177381 (VIOLATED)
_7632_/B                                1.500000    1.677260   -0.177260 (VIOLATED)
ANTENNA__7632__B/DIODE                  1.500000    1.677256   -0.177256 (VIOLATED)
ANTENNA_mprj.team_03_Wrapper.team_03_WB.instance_to_wrap_ADR_O[4]/DIODE    1.500000    1.676703   -0.176703 (VIOLATED)
mprj.team_03_Wrapper.team_03_WB.instance_to_wrap/ADR_O[4]    1.500000    1.676703   -0.176703 (VIOLATED)
hold647/X                               1.495067    1.671577   -0.176510 (VIOLATED)
mprj.team_08_Wrapper.team_08_WB.instance_to_wrap/gpio_in[1]    1.500000    1.676351   -0.176351 (VIOLATED)
ANTENNA_mprj.team_08_Wrapper.team_08_WB.instance_to_wrap_gpio_in[1]/DIODE    1.500000    1.676302   -0.176302 (VIOLATED)
max_cap665/A                            1.500000    1.675993   -0.175993 (VIOLATED)
ANTENNA_max_cap665_A/DIODE              1.500000    1.675986   -0.175986 (VIOLATED)
_5061_/A0                               1.500000    1.675961   -0.175961 (VIOLATED)
ANTENNA__5061__A0/DIODE                 1.500000    1.675879   -0.175879 (VIOLATED)
_5067_/B1                               1.500000    1.675856   -0.175856 (VIOLATED)
ANTENNA__5067__B1/DIODE                 1.500000    1.675799   -0.175800 (VIOLATED)
ANTENNA_hold412_X/DIODE                 1.500000    1.675734   -0.175734 (VIOLATED)
ANTENNA_mprj.team_01_Wrapper.team_01_WB.instance_to_wrap_DAT_O[13]/DIODE    1.500000    1.675732   -0.175733 (VIOLATED)
mprj.team_01_Wrapper.team_01_WB.instance_to_wrap/DAT_O[13]    1.500000    1.675732   -0.175733 (VIOLATED)
output155/A                             1.500000    1.674762   -0.174762 (VIOLATED)
ANTENNA_output155_A/DIODE               1.500000    1.674556   -0.174557 (VIOLATED)
ANTENNA__4176__A0/DIODE                 1.500000    1.673501   -0.173501 (VIOLATED)
_4176_/A0                               1.500000    1.673498   -0.173498 (VIOLATED)
_7633_/B                                1.500000    1.673485   -0.173485 (VIOLATED)
ANTENNA__7633__B/DIODE                  1.500000    1.673483   -0.173483 (VIOLATED)
_4182_/A2                               1.500000    1.673423   -0.173423 (VIOLATED)
ANTENNA__4182__A2/DIODE                 1.500000    1.673423   -0.173423 (VIOLATED)
max_cap664/A                            1.500000    1.671898   -0.171898 (VIOLATED)
ANTENNA_max_cap664_A/DIODE              1.500000    1.671894   -0.171894 (VIOLATED)
ANTENNA_hold647_X/DIODE                 1.500000    1.671585   -0.171585 (VIOLATED)
ANTENNA_mprj.team_03_Wrapper.team_03_WB.instance_to_wrap_ADR_O[28]/DIODE    1.500000    1.670539   -0.170539 (VIOLATED)
mprj.team_03_Wrapper.team_03_WB.instance_to_wrap/ADR_O[28]    1.500000    1.670539   -0.170539 (VIOLATED)
ANTENNA__4263__A2/DIODE                 1.500000    1.669943   -0.169943 (VIOLATED)
ANTENNA__4257__A1/DIODE                 1.500000    1.669939   -0.169939 (VIOLATED)
_4263_/A2                               1.500000    1.669933   -0.169933 (VIOLATED)
_4257_/A1                               1.500000    1.669912   -0.169913 (VIOLATED)
_8071_/A                                1.500000    1.669117   -0.169117 (VIOLATED)
ANTENNA__8071__A/DIODE                  1.500000    1.669094   -0.169094 (VIOLATED)
_8048_/B2                               1.500000    1.666524   -0.166524 (VIOLATED)
ANTENNA__8048__B2/DIODE                 1.500000    1.666516   -0.166516 (VIOLATED)
_6795_/A1                               1.500000    1.663733   -0.163733 (VIOLATED)
ANTENNA__6795__A1/DIODE                 1.500000    1.663690   -0.163690 (VIOLATED)
ANTENNA_104/DIODE                       1.500000    1.661994   -0.161994 (VIOLATED)
ANTENNA_573/DIODE                       1.500000    1.661603   -0.161603 (VIOLATED)
_7951_/A                                1.500000    1.661591   -0.161591 (VIOLATED)
ANTENNA_mprj.team_02_Wrapper.team_02_WB.instance_to_wrap_gpio_out[10]/DIODE    1.500000    1.661567   -0.161567 (VIOLATED)
mprj.team_02_Wrapper.team_02_WB.instance_to_wrap/gpio_out[10]    1.500000    1.661567   -0.161567 (VIOLATED)
ANTENNA__7951__A/DIODE                  1.500000    1.661409   -0.161410 (VIOLATED)
ANTENNA_106/DIODE                       1.500000    1.661351   -0.161351 (VIOLATED)
output156/A                             1.500000    1.660708   -0.160708 (VIOLATED)
ANTENNA_output156_A/DIODE               1.500000    1.660470   -0.160470 (VIOLATED)
ANTENNA_mprj.team_02_Wrapper.team_02_WB.instance_to_wrap_gpio_in[28]/DIODE    1.500000    1.658774   -0.158774 (VIOLATED)
ANTENNA_mprj.team_07_Wrapper.team_07_WB.instance_to_wrap_gpio_in[20]/DIODE    1.500000    1.658664   -0.158664 (VIOLATED)
mprj.team_07_Wrapper.team_07_WB.instance_to_wrap/gpio_in[20]    1.500000    1.658619   -0.158619 (VIOLATED)
ANTENNA_289/DIODE                       1.500000    1.655395   -0.155395 (VIOLATED)
ANTENNA_288/DIODE                       1.500000    1.655395   -0.155395 (VIOLATED)
ANTENNA_290/DIODE                       1.500000    1.655384   -0.155384 (VIOLATED)
ANTENNA_291/DIODE                       1.500000    1.655359   -0.155359 (VIOLATED)
ANTENNA_mprj.team_03_Wrapper.team_03_WB.instance_to_wrap_ADR_O[26]/DIODE    1.500000    1.655184   -0.155184 (VIOLATED)
mprj.team_03_Wrapper.team_03_WB.instance_to_wrap/ADR_O[26]    1.500000    1.655114   -0.155114 (VIOLATED)
_8138_/A1                               1.500000    1.654483   -0.154483 (VIOLATED)
ANTENNA__8138__A1/DIODE                 1.500000    1.654383   -0.154383 (VIOLATED)
load_slew747/A                          1.500000    1.653681   -0.153681 (VIOLATED)
ANTENNA_mprj.team_01_Wrapper.team_01_WB.instance_to_wrap_DAT_O[5]/DIODE    1.500000    1.651858   -0.151858 (VIOLATED)
mprj.team_01_Wrapper.team_01_WB.instance_to_wrap/DAT_O[5]    1.500000    1.651858   -0.151858 (VIOLATED)
ANTENNA_mprj.team_10_Wrapper.team_10_WB.instance_to_wrap_gpio_in[28]/DIODE    1.500000    1.650133   -0.150133 (VIOLATED)
ANTENNA_mprj.team_01_Wrapper.team_01_WB.instance_to_wrap_DAT_O[20]/DIODE    1.500000    1.649711   -0.149711 (VIOLATED)
mprj.team_01_Wrapper.team_01_WB.instance_to_wrap/DAT_O[20]    1.500000    1.649711   -0.149711 (VIOLATED)
ANTENNA_load_slew747_A/DIODE            1.500000    1.648407   -0.148407 (VIOLATED)
mprj.team_02_Wrapper.team_02_WB.instance_to_wrap/gpio_in[28]    1.500000    1.647946   -0.147946 (VIOLATED)
_6321_/A1                               1.500000    1.647738   -0.147738 (VIOLATED)
ANTENNA__6321__A1/DIODE                 1.500000    1.647674   -0.147674 (VIOLATED)
ANTENNA_mprj.team_03_Wrapper.team_03_WB.instance_to_wrap_DAT_O[22]/DIODE    1.500000    1.646431   -0.146431 (VIOLATED)
mprj.team_03_Wrapper.team_03_WB.instance_to_wrap/DAT_O[22]    1.500000    1.646431   -0.146431 (VIOLATED)
mprj.team_10_Wrapper.team_10_WB.instance_to_wrap/gpio_in[28]    1.500000    1.640987   -0.140987 (VIOLATED)
_4536_/A2                               1.500000    1.640598   -0.140598 (VIOLATED)
ANTENNA__4536__A2/DIODE                 1.500000    1.640575   -0.140575 (VIOLATED)
_4530_/A1                               1.500000    1.640535   -0.140535 (VIOLATED)
ANTENNA__4530__A1/DIODE                 1.500000    1.640407   -0.140407 (VIOLATED)
ANTENNA_mprj.team_12_Wrapper.team_12_WB.instance_to_wrap_gpio_in[12]/DIODE    1.500000    1.639517   -0.139517 (VIOLATED)
mprj.team_12_Wrapper.team_12_WB.instance_to_wrap/gpio_in[12]    1.500000    1.639514   -0.139515 (VIOLATED)
ANTENNA_mprj.team_01_Wrapper.team_01_WB.instance_to_wrap_DAT_O[17]/DIODE    1.500000    1.637857   -0.137857 (VIOLATED)
mprj.team_01_Wrapper.team_01_WB.instance_to_wrap/DAT_O[17]    1.500000    1.637833   -0.137833 (VIOLATED)
mprj.team_06_Wrapper.team_06_WB.instance_to_wrap/gpio_in[9]    1.500000    1.637721   -0.137721 (VIOLATED)
ANTENNA_mprj.team_08_Wrapper.team_08_WB.instance_to_wrap_gpio_in[20]/DIODE    1.500000    1.637148   -0.137148 (VIOLATED)
ANTENNA_mprj.team_06_Wrapper.team_06_WB.instance_to_wrap_gpio_in[9]/DIODE    1.500000    1.636999   -0.136999 (VIOLATED)
_6504_/A1                               1.500000    1.633397   -0.133397 (VIOLATED)
ANTENNA__6504__A1/DIODE                 1.500000    1.633376   -0.133376 (VIOLATED)
_8050_/A                                1.500000    1.633227   -0.133227 (VIOLATED)
ANTENNA__8050__A/DIODE                  1.500000    1.633224   -0.133224 (VIOLATED)
_6289_/A                                1.500000    1.631928   -0.131928 (VIOLATED)
ANTENNA__6289__A/DIODE                  1.500000    1.631888   -0.131889 (VIOLATED)
mprj.team_08_Wrapper.team_08_WB.instance_to_wrap/gpio_in[20]    1.500000    1.629898   -0.129898 (VIOLATED)
ANTENNA_mprj.team_03_Wrapper.team_03_WB.instance_to_wrap_ADR_O[14]/DIODE    1.500000    1.629522   -0.129523 (VIOLATED)
mprj.team_03_Wrapper.team_03_WB.instance_to_wrap/ADR_O[14]    1.500000    1.629516   -0.129516 (VIOLATED)
ANTENNA_mprj.team_02_Wrapper.team_02_WB.instance_to_wrap_gpio_in[27]/DIODE    1.500000    1.629347   -0.129347 (VIOLATED)
mprj.team_04_Wrapper.team_04_WB.instance_to_wrap/gpio_in[32]    1.500000    1.629010   -0.129010 (VIOLATED)
_6362_/A3                               1.500000    1.628333   -0.128333 (VIOLATED)
ANTENNA__6362__A3/DIODE                 1.500000    1.628315   -0.128315 (VIOLATED)
ANTENNA_mprj.team_05_Wrapper.team_05_WB.instance_to_wrap_gpio_out[10]/DIODE    1.500000    1.628291   -0.128291 (VIOLATED)
mprj.team_05_Wrapper.team_05_WB.instance_to_wrap/gpio_out[10]    1.500000    1.628291   -0.128291 (VIOLATED)
ANTENNA_mprj.team_12_Wrapper.team_12_WB.instance_to_wrap_gpio_in[0]/DIODE    1.500000    1.627059   -0.127059 (VIOLATED)
mprj.team_12_Wrapper.team_12_WB.instance_to_wrap/gpio_in[0]    1.500000    1.626990   -0.126990 (VIOLATED)
ANTENNA_mprj.team_05_Wrapper.team_05_WB.instance_to_wrap_gpio_in[18]/DIODE    1.500000    1.626775   -0.126775 (VIOLATED)
mprj.team_05_Wrapper.team_05_WB.instance_to_wrap/gpio_in[18]    1.500000    1.626526   -0.126526 (VIOLATED)
_5084_/A2                               1.500000    1.624628   -0.124628 (VIOLATED)
ANTENNA__5084__A2/DIODE                 1.500000    1.624615   -0.124615 (VIOLATED)
_5078_/A1                               1.500000    1.624592   -0.124592 (VIOLATED)
ANTENNA__5078__A1/DIODE                 1.500000    1.624499   -0.124499 (VIOLATED)
ANTENNA_41/DIODE                        1.500000    1.624466   -0.124466 (VIOLATED)
ANTENNA_621/DIODE                       1.500000    1.624455   -0.124455 (VIOLATED)
ANTENNA_772/DIODE                       1.500000    1.624431   -0.124431 (VIOLATED)
ANTENNA__4658__A1/DIODE                 1.500000    1.623798   -0.123799 (VIOLATED)
ANTENNA__4665__A2/DIODE                 1.500000    1.623793   -0.123793 (VIOLATED)
_4658_/A1                               1.500000    1.623792   -0.123792 (VIOLATED)
_4665_/A2                               1.500000    1.623783   -0.123783 (VIOLATED)
ANTENNA_mprj.team_04_Wrapper.team_04_WB.instance_to_wrap_gpio_in[32]/DIODE    1.500000    1.622974   -0.122974 (VIOLATED)
ANTENNA__4166__A1/DIODE                 1.500000    1.621440   -0.121440 (VIOLATED)
_4166_/A1                               1.500000    1.621364   -0.121364 (VIOLATED)
ANTENNA__4172__A2/DIODE                 1.500000    1.621356   -0.121356 (VIOLATED)
_4172_/A2                               1.500000    1.621313   -0.121313 (VIOLATED)
mprj.team_01_Wrapper.team_01_WB.instance_to_wrap/gpio_in[0]    1.500000    1.621256   -0.121256 (VIOLATED)
ANTENNA_mprj.team_01_Wrapper.team_01_WB.instance_to_wrap_gpio_in[0]/DIODE    1.500000    1.621228   -0.121228 (VIOLATED)
ANTENNA_mprj.team_07_Wrapper.team_07_WB.instance_to_wrap_gpio_out[16]/DIODE    1.500000    1.620727   -0.120727 (VIOLATED)
mprj.team_07_Wrapper.team_07_WB.instance_to_wrap/gpio_out[16]    1.500000    1.620727   -0.120727 (VIOLATED)
ANTENNA_mprj.team_04_Wrapper.team_04_WB.instance_to_wrap_gpio_in[10]/DIODE    1.500000    1.618097   -0.118097 (VIOLATED)
ANTENNA_mprj.team_06_Wrapper.team_06_WB.instance_to_wrap_gpio_oeb[15]/DIODE    1.500000    1.618033   -0.118033 (VIOLATED)
mprj.team_06_Wrapper.team_06_WB.instance_to_wrap/gpio_oeb[15]    1.500000    1.618026   -0.118026 (VIOLATED)
ANTENNA_mprj.team_03_Wrapper.team_03_WB.instance_to_wrap_ADR_O[0]/DIODE    1.500000    1.616295   -0.116295 (VIOLATED)
mprj.team_03_Wrapper.team_03_WB.instance_to_wrap/ADR_O[0]    1.500000    1.616295   -0.116295 (VIOLATED)
ANTENNA__4964__A1/DIODE                 1.500000    1.616155   -0.116155 (VIOLATED)
_4964_/A1                               1.500000    1.616135   -0.116135 (VIOLATED)
ANTENNA__4970__A2/DIODE                 1.500000    1.616081   -0.116081 (VIOLATED)
_4970_/A2                               1.500000    1.616021   -0.116021 (VIOLATED)
ANTENNA_mprj.team_08_Wrapper.team_08_WB.instance_to_wrap_gpio_in[25]/DIODE    1.500000    1.616017   -0.116017 (VIOLATED)
hold432/X                               1.495067    1.610235   -0.115168 (VIOLATED)
ANTENNA_mprj.team_01_Wrapper.team_01_WB.instance_to_wrap_ADR_O[3]/DIODE    1.500000    1.613913   -0.113913 (VIOLATED)
mprj.team_01_Wrapper.team_01_WB.instance_to_wrap/ADR_O[3]    1.500000    1.613913   -0.113913 (VIOLATED)
ANTENNA_mprj.team_06_Wrapper.team_06_WB.instance_to_wrap_gpio_oeb[10]/DIODE    1.500000    1.612017   -0.112017 (VIOLATED)
ANTENNA_mprj.team_06_Wrapper.team_06_WB.instance_to_wrap_gpio_out[23]/DIODE    1.500000    1.611977   -0.111977 (VIOLATED)
mprj.team_06_Wrapper.team_06_WB.instance_to_wrap/gpio_out[23]    1.500000    1.611967   -0.111967 (VIOLATED)
mprj.team_06_Wrapper.team_06_WB.instance_to_wrap/gpio_oeb[10]    1.500000    1.611947   -0.111947 (VIOLATED)
_7634_/B                                1.500000    1.611282   -0.111282 (VIOLATED)
ANTENNA__7634__B/DIODE                  1.500000    1.611281   -0.111281 (VIOLATED)
max_cap663/A                            1.500000    1.610542   -0.110542 (VIOLATED)
ANTENNA_max_cap663_A/DIODE              1.500000    1.610540   -0.110540 (VIOLATED)
ANTENNA_hold432_X/DIODE                 1.500000    1.610240   -0.110240 (VIOLATED)
ANTENNA_mprj.team_06_Wrapper.team_06_WB.instance_to_wrap_gpio_oeb[6]/DIODE    1.500000    1.609116   -0.109116 (VIOLATED)
mprj.team_06_Wrapper.team_06_WB.instance_to_wrap/gpio_oeb[6]    1.500000    1.609116   -0.109116 (VIOLATED)
ANTENNA_mprj.team_03_Wrapper.team_03_WB.instance_to_wrap_DAT_O[8]/DIODE    1.500000    1.608724   -0.108724 (VIOLATED)
mprj.team_03_Wrapper.team_03_WB.instance_to_wrap/DAT_O[8]    1.500000    1.608715   -0.108715 (VIOLATED)
mprj.team_02_Wrapper.team_02_WB.instance_to_wrap/gpio_in[27]    1.500000    1.606660   -0.106660 (VIOLATED)
mprj.team_02_Wrapper.team_02_WB.instance_to_wrap/gpio_in[9]    1.500000    1.606225   -0.106225 (VIOLATED)
mprj.team_08_Wrapper.team_08_WB.instance_to_wrap/gpio_in[25]    1.500000    1.604342   -0.104342 (VIOLATED)
ANTENNA__4449__A2/DIODE                 1.500000    1.603781   -0.103781 (VIOLATED)
ANTENNA_23/DIODE                        1.500000    1.603764   -0.103764 (VIOLATED)
_4449_/A2                               1.500000    1.603742   -0.103742 (VIOLATED)
_4443_/A1                               1.500000    1.603725   -0.103725 (VIOLATED)
ANTENNA__4443__A1/DIODE                 1.500000    1.603684   -0.103684 (VIOLATED)
ANTENNA_mprj.team_03_Wrapper.team_03_WB.instance_to_wrap_ADR_O[22]/DIODE    1.500000    1.603503   -0.103503 (VIOLATED)
mprj.team_03_Wrapper.team_03_WB.instance_to_wrap/ADR_O[22]    1.500000    1.603487   -0.103487 (VIOLATED)
mprj.team_04_Wrapper.team_04_WB.instance_to_wrap/gpio_in[10]    1.500000    1.601835   -0.101835 (VIOLATED)
ANTENNA_mprj.team_02_Wrapper.team_02_WB.instance_to_wrap_gpio_in[9]/DIODE    1.500000    1.601684   -0.101684 (VIOLATED)
mprj.team_05_Wrapper.team_05_WB.instance_to_wrap/gpio_in[32]    1.500000    1.599978   -0.099978 (VIOLATED)
ANTENNA_mprj.team_05_Wrapper.team_05_WB.instance_to_wrap_gpio_in[32]/DIODE    1.500000    1.599758   -0.099758 (VIOLATED)
_6759_/A1                               1.500000    1.596562   -0.096562 (VIOLATED)
ANTENNA__6759__A1/DIODE                 1.500000    1.596507   -0.096507 (VIOLATED)
_6582_/A1                               1.500000    1.595927   -0.095927 (VIOLATED)
ANTENNA__6582__A1/DIODE                 1.500000    1.595895   -0.095895 (VIOLATED)
mprj.team_12_Wrapper.team_12_WB.instance_to_wrap/gpio_in[31]    1.500000    1.594905   -0.094905 (VIOLATED)
ANTENNA_mprj.team_12_Wrapper.team_12_WB.instance_to_wrap_gpio_in[31]/DIODE    1.500000    1.594894   -0.094894 (VIOLATED)
ANTENNA__4104__A1/DIODE                 1.500000    1.592300   -0.092301 (VIOLATED)
_4104_/A1                               1.500000    1.592300   -0.092300 (VIOLATED)
_4115_/B                                1.500000    1.592277   -0.092277 (VIOLATED)
ANTENNA__4115__B/DIODE                  1.500000    1.592269   -0.092269 (VIOLATED)
ANTENNA_39/DIODE                        1.500000    1.591031   -0.091031 (VIOLATED)
ANTENNA_36/DIODE                        1.500000    1.591030   -0.091031 (VIOLATED)
ANTENNA_38/DIODE                        1.500000    1.591030   -0.091030 (VIOLATED)
ANTENNA_35/DIODE                        1.500000    1.591030   -0.091030 (VIOLATED)
ANTENNA_37/DIODE                        1.500000    1.591030   -0.091030 (VIOLATED)
ANTENNA_mprj.team_03_Wrapper.team_03_WB.instance_to_wrap_DAT_O[13]/DIODE    1.500000    1.591029   -0.091029 (VIOLATED)
mprj.team_03_Wrapper.team_03_WB.instance_to_wrap/DAT_O[13]    1.500000    1.591023   -0.091023 (VIOLATED)
ANTENNA_mprj.team_12_Wrapper.team_12_WB.instance_to_wrap_gpio_in[32]/DIODE    1.500000    1.590213   -0.090213 (VIOLATED)
mprj.team_12_Wrapper.team_12_WB.instance_to_wrap/gpio_in[32]    1.500000    1.590204   -0.090204 (VIOLATED)
mprj.team_04_Wrapper.team_04_WB.instance_to_wrap/gpio_in[14]    1.500000    1.582793   -0.082793 (VIOLATED)
_4525_/A2                               1.500000    1.580082   -0.080082 (VIOLATED)
_4519_/A1                               1.500000    1.580043   -0.080043 (VIOLATED)
ANTENNA__4519__A1/DIODE                 1.500000    1.579983   -0.079983 (VIOLATED)
ANTENNA__4525__A2/DIODE                 1.500000    1.579928   -0.079928 (VIOLATED)
ANTENNA_mprj.team_03_Wrapper.team_03_WB.instance_to_wrap_ADR_O[8]/DIODE    1.500000    1.579271   -0.079271 (VIOLATED)
mprj.team_03_Wrapper.team_03_WB.instance_to_wrap/ADR_O[8]    1.500000    1.579271   -0.079271 (VIOLATED)
ANTENNA_mprj.team_06_Wrapper.team_06_WB.instance_to_wrap_gpio_out[7]/DIODE    1.500000    1.577572   -0.077572 (VIOLATED)
mprj.team_06_Wrapper.team_06_WB.instance_to_wrap/gpio_out[7]    1.500000    1.577570   -0.077570 (VIOLATED)
ANTENNA_mprj.team_01_Wrapper.team_01_WB.instance_to_wrap_DAT_O[1]/DIODE    1.500000    1.577424   -0.077424 (VIOLATED)
mprj.team_01_Wrapper.team_01_WB.instance_to_wrap/DAT_O[1]    1.500000    1.577424   -0.077424 (VIOLATED)
ANTENNA_mprj.team_03_Wrapper.team_03_WB.instance_to_wrap_gpio_in[8]/DIODE    1.500000    1.576874   -0.076874 (VIOLATED)
mprj.team_03_Wrapper.team_03_WB.instance_to_wrap/gpio_in[8]    1.500000    1.576843   -0.076843 (VIOLATED)
ANTENNA_mprj.team_06_Wrapper.team_06_WB.instance_to_wrap_gpio_out[25]/DIODE    1.500000    1.576649   -0.076649 (VIOLATED)
mprj.team_06_Wrapper.team_06_WB.instance_to_wrap/gpio_out[25]    1.500000    1.576603   -0.076603 (VIOLATED)
_4432_/A2                               1.500000    1.576412   -0.076412 (VIOLATED)
ANTENNA__4432__A2/DIODE                 1.500000    1.576370   -0.076370 (VIOLATED)
ANTENNA__4426__A1/DIODE                 1.500000    1.576310   -0.076310 (VIOLATED)
_4426_/A1                               1.500000    1.576282   -0.076282 (VIOLATED)
mprj.team_03_Wrapper.team_03_WB.instance_to_wrap/gpio_in[19]    1.500000    1.576172   -0.076172 (VIOLATED)
ANTENNA_mprj.team_03_Wrapper.team_03_WB.instance_to_wrap_gpio_in[19]/DIODE    1.500000    1.575906   -0.075906 (VIOLATED)
ANTENNA_mprj.team_06_Wrapper.team_06_WB.instance_to_wrap_gpio_out[18]/DIODE    1.500000    1.575195   -0.075195 (VIOLATED)
mprj.team_06_Wrapper.team_06_WB.instance_to_wrap/gpio_out[18]    1.500000    1.575195   -0.075195 (VIOLATED)
mprj.team_02_Wrapper.team_02_WB.instance_to_wrap/gpio_in[18]    1.500000    1.573942   -0.073942 (VIOLATED)
ANTENNA_mprj.team_02_Wrapper.team_02_WB.instance_to_wrap_gpio_in[18]/DIODE    1.500000    1.573845   -0.073845 (VIOLATED)
ANTENNA_mprj.team_11_Wrapper.team_11_WB.instance_to_wrap_gpio_in[22]/DIODE    1.500000    1.573658   -0.073659 (VIOLATED)
mprj.team_11_Wrapper.team_11_WB.instance_to_wrap/gpio_in[22]    1.500000    1.573573   -0.073573 (VIOLATED)
mprj.team_03_Wrapper.team_03_WB.instance_to_wrap/gpio_in[33]    1.500000    1.572205   -0.072205 (VIOLATED)
ANTENNA_mprj.team_04_Wrapper.team_04_WB.instance_to_wrap_gpio_in[14]/DIODE    1.500000    1.571445   -0.071445 (VIOLATED)
ANTENNA_mprj.team_05_Wrapper.team_05_WB.instance_to_wrap_gpio_out[3]/DIODE    1.500000    1.569728   -0.069728 (VIOLATED)
mprj.team_05_Wrapper.team_05_WB.instance_to_wrap/gpio_out[3]    1.500000    1.569728   -0.069728 (VIOLATED)
_6268_/A                                1.500000    1.569416   -0.069416 (VIOLATED)
ANTENNA__6268__A/DIODE                  1.500000    1.569408   -0.069408 (VIOLATED)
mprj.team_04_Wrapper.team_04_WB.instance_to_wrap/gpio_in[19]    1.500000    1.568866   -0.068866 (VIOLATED)
ANTENNA_mprj.team_04_Wrapper.team_04_WB.instance_to_wrap_gpio_in[19]/DIODE    1.500000    1.568727   -0.068727 (VIOLATED)
mprj.team_09_Wrapper.team_09_WB.instance_to_wrap/gpio_in[11]    1.500000    1.567884   -0.067884 (VIOLATED)
ANTENNA_mprj.team_09_Wrapper.team_09_WB.instance_to_wrap_gpio_in[11]/DIODE    1.500000    1.567835   -0.067835 (VIOLATED)
ANTENNA__4610__B/DIODE                  1.500000    1.567469   -0.067469 (VIOLATED)
_4610_/B                                1.500000    1.567461   -0.067461 (VIOLATED)
ANTENNA_mprj.team_06_Wrapper.team_06_WB.instance_to_wrap_gpio_oeb[11]/DIODE    1.500000    1.566054   -0.066055 (VIOLATED)
mprj.team_06_Wrapper.team_06_WB.instance_to_wrap/gpio_oeb[11]    1.500000    1.566038   -0.066038 (VIOLATED)
hold933/X                               1.495067    1.560499   -0.065432 (VIOLATED)
ANTENNA_662/DIODE                       1.500000    1.564626   -0.064626 (VIOLATED)
ANTENNA_660/DIODE                       1.500000    1.564622   -0.064622 (VIOLATED)
ANTENNA_661/DIODE                       1.500000    1.564586   -0.064586 (VIOLATED)
ANTENNA_666/DIODE                       1.500000    1.564526   -0.064526 (VIOLATED)
ANTENNA_663/DIODE                       1.500000    1.564514   -0.064515 (VIOLATED)
ANTENNA_667/DIODE                       1.500000    1.564504   -0.064504 (VIOLATED)
ANTENNA_665/DIODE                       1.500000    1.564496   -0.064496 (VIOLATED)
ANTENNA_664/DIODE                       1.500000    1.564487   -0.064487 (VIOLATED)
_6596_/A1                               1.500000    1.564290   -0.064290 (VIOLATED)
ANTENNA__6596__A1/DIODE                 1.500000    1.564085   -0.064085 (VIOLATED)
mprj.team_10_Wrapper.team_10_WB.instance_to_wrap/gpio_in[21]    1.500000    1.562695   -0.062695 (VIOLATED)
ANTENNA_mprj.team_03_Wrapper.team_03_WB.instance_to_wrap_ADR_O[3]/DIODE    1.500000    1.562192   -0.062192 (VIOLATED)
mprj.team_03_Wrapper.team_03_WB.instance_to_wrap/ADR_O[3]    1.500000    1.562175   -0.062175 (VIOLATED)
ANTENNA_hold933_X/DIODE                 1.500000    1.560511   -0.060511 (VIOLATED)
_6393_/B2                               1.500000    1.560472   -0.060472 (VIOLATED)
ANTENNA__6393__B2/DIODE                 1.500000    1.560457   -0.060458 (VIOLATED)
ANTENNA_mprj.team_03_Wrapper.team_03_WB.instance_to_wrap_ADR_O[21]/DIODE    1.500000    1.558028   -0.058028 (VIOLATED)
mprj.team_03_Wrapper.team_03_WB.instance_to_wrap/ADR_O[21]    1.500000    1.558028   -0.058028 (VIOLATED)
ANTENNA_mprj.team_06_Wrapper.team_06_WB.instance_to_wrap_gpio_out[9]/DIODE    1.500000    1.557854   -0.057854 (VIOLATED)
mprj.team_06_Wrapper.team_06_WB.instance_to_wrap/gpio_out[9]    1.500000    1.557847   -0.057847 (VIOLATED)
ANTENNA_mprj.team_03_Wrapper.team_03_WB.instance_to_wrap_DAT_O[23]/DIODE    1.500000    1.557696   -0.057696 (VIOLATED)
mprj.team_03_Wrapper.team_03_WB.instance_to_wrap/DAT_O[23]    1.500000    1.557674   -0.057674 (VIOLATED)
_6395_/A1                               1.500000    1.557538   -0.057538 (VIOLATED)
ANTENNA__6395__A1/DIODE                 1.500000    1.557506   -0.057506 (VIOLATED)
ANTENNA_mprj.team_01_Wrapper.team_01_WB.instance_to_wrap_ADR_O[17]/DIODE    1.500000    1.556747   -0.056747 (VIOLATED)
mprj.team_01_Wrapper.team_01_WB.instance_to_wrap/ADR_O[17]    1.500000    1.556747   -0.056747 (VIOLATED)
ANTENNA_mprj.team_10_Wrapper.team_10_WB.instance_to_wrap_gpio_in[21]/DIODE    1.500000    1.554496   -0.054496 (VIOLATED)
ANTENNA_mprj.team_01_Wrapper.team_01_WB.instance_to_wrap_DAT_O[16]/DIODE    1.500000    1.554054   -0.054054 (VIOLATED)
mprj.team_01_Wrapper.team_01_WB.instance_to_wrap/DAT_O[16]    1.500000    1.554054   -0.054054 (VIOLATED)
ANTENNA_mprj.team_09_Wrapper.team_09_WB.instance_to_wrap_gpio_out[0]/DIODE    1.500000    1.552534   -0.052534 (VIOLATED)
mprj.team_09_Wrapper.team_09_WB.instance_to_wrap/gpio_out[0]    1.500000    1.552534   -0.052534 (VIOLATED)
ANTENNA_mprj.team_06_Wrapper.team_06_WB.instance_to_wrap_gpio_out[24]/DIODE    1.500000    1.552363   -0.052363 (VIOLATED)
mprj.team_06_Wrapper.team_06_WB.instance_to_wrap/gpio_out[24]    1.500000    1.552359   -0.052359 (VIOLATED)
ANTENNA_mprj.team_05_Wrapper.team_05_WB.instance_to_wrap_gpio_in[9]/DIODE    1.500000    1.552326   -0.052326 (VIOLATED)
mprj.team_05_Wrapper.team_05_WB.instance_to_wrap/gpio_in[9]    1.500000    1.552178   -0.052178 (VIOLATED)
ANTENNA_mprj.team_06_Wrapper.team_06_WB.instance_to_wrap_gpio_out[20]/DIODE    1.500000    1.552127   -0.052128 (VIOLATED)
mprj.team_06_Wrapper.team_06_WB.instance_to_wrap/gpio_out[20]    1.500000    1.552124   -0.052124 (VIOLATED)
ANTENNA_mprj.team_03_Wrapper.team_03_WB.instance_to_wrap_gpio_in[33]/DIODE    1.500000    1.551823   -0.051823 (VIOLATED)
ANTENNA_mprj.team_03_Wrapper.team_03_WB.instance_to_wrap_ADR_O[5]/DIODE    1.500000    1.551678   -0.051678 (VIOLATED)
mprj.team_03_Wrapper.team_03_WB.instance_to_wrap/ADR_O[5]    1.500000    1.551678   -0.051678 (VIOLATED)
ANTENNA_mprj.team_11_Wrapper.team_11_WB.instance_to_wrap_gpio_out[28]/DIODE    1.500000    1.542568   -0.042568 (VIOLATED)
mprj.team_11_Wrapper.team_11_WB.instance_to_wrap/gpio_out[28]    1.500000    1.542529   -0.042529 (VIOLATED)
ANTENNA_mprj.team_01_Wrapper.team_01_WB.instance_to_wrap_gpio_in[2]/DIODE    1.500000    1.540130   -0.040131 (VIOLATED)
mprj.team_01_Wrapper.team_01_WB.instance_to_wrap/gpio_in[2]    1.500000    1.540047   -0.040047 (VIOLATED)
ANTENNA_mprj.team_11_Wrapper.team_11_WB.instance_to_wrap_gpio_out[17]/DIODE    1.500000    1.539671   -0.039671 (VIOLATED)
mprj.team_11_Wrapper.team_11_WB.instance_to_wrap/gpio_out[17]    1.500000    1.539671   -0.039671 (VIOLATED)
ANTENNA_mprj.team_03_Wrapper.team_03_WB.instance_to_wrap_DAT_O[15]/DIODE    1.500000    1.539154   -0.039154 (VIOLATED)
mprj.team_03_Wrapper.team_03_WB.instance_to_wrap/DAT_O[15]    1.500000    1.539154   -0.039154 (VIOLATED)
ANTENNA_mprj.team_01_Wrapper.team_01_WB.instance_to_wrap_gpio_in[20]/DIODE    1.500000    1.538976   -0.038976 (VIOLATED)
_4369_/A2                               1.500000    1.538943   -0.038943 (VIOLATED)
ANTENNA__4369__A2/DIODE                 1.500000    1.538886   -0.038886 (VIOLATED)
_4363_/A1                               1.500000    1.538775   -0.038775 (VIOLATED)
ANTENNA__4363__A1/DIODE                 1.500000    1.538751   -0.038751 (VIOLATED)
ANTENNA_22/DIODE                        1.500000    1.538663   -0.038663 (VIOLATED)
ANTENNA_mprj.team_06_Wrapper.team_06_WB.instance_to_wrap_gpio_in[1]/DIODE    1.500000    1.536921   -0.036921 (VIOLATED)
mprj.team_06_Wrapper.team_06_WB.instance_to_wrap/gpio_in[1]    1.500000    1.533750   -0.033750 (VIOLATED)
ANTENNA_mprj.team_03_Wrapper.team_03_WB.instance_to_wrap_ADR_O[18]/DIODE    1.500000    1.531916   -0.031916 (VIOLATED)
mprj.team_03_Wrapper.team_03_WB.instance_to_wrap/ADR_O[18]    1.500000    1.531916   -0.031916 (VIOLATED)
_8023_/A1                               1.500000    1.530337   -0.030337 (VIOLATED)
ANTENNA__8023__A1/DIODE                 1.500000    1.530312   -0.030312 (VIOLATED)
_4514_/A2                               1.500000    1.529598   -0.029598 (VIOLATED)
ANTENNA__4514__A2/DIODE                 1.500000    1.529563   -0.029563 (VIOLATED)
_4508_/A1                               1.500000    1.529545   -0.029545 (VIOLATED)
ANTENNA__4508__A1/DIODE                 1.500000    1.529507   -0.029507 (VIOLATED)
ANTENNA__4098__A/DIODE                  1.500000    1.527316   -0.027316 (VIOLATED)
_4098_/A                                1.500000    1.527230   -0.027230 (VIOLATED)
ANTENNA__4129__A1/DIODE                 1.500000    1.527220   -0.027220 (VIOLATED)
_4129_/A1                               1.500000    1.527159   -0.027159 (VIOLATED)
_7784_/A1                               1.500000    1.524087   -0.024088 (VIOLATED)
ANTENNA__7784__A1/DIODE                 1.500000    1.524057   -0.024057 (VIOLATED)
ANTENNA_365/DIODE                       1.500000    1.523523   -0.023523 (VIOLATED)
ANTENNA_364/DIODE                       1.500000    1.523512   -0.023512 (VIOLATED)
ANTENNA_687/DIODE                       1.500000    1.523504   -0.023504 (VIOLATED)
ANTENNA_782/DIODE                       1.500000    1.523466   -0.023466 (VIOLATED)
ANTENNA__6291__A1/DIODE                 1.500000    1.523324   -0.023325 (VIOLATED)
_6291_/A1                               1.500000    1.523246   -0.023246 (VIOLATED)
mprj.team_01_Wrapper.team_01_WB.instance_to_wrap/gpio_in[20]    1.500000    1.520893   -0.020893 (VIOLATED)
hold270/X                               1.495067    1.514808   -0.019741 (VIOLATED)
ANTENNA__7802__A1/DIODE                 1.500000    1.519474   -0.019474 (VIOLATED)
_7802_/A1                               1.500000    1.519457   -0.019457 (VIOLATED)
clkbuf_0_wb_clk_i/A                     1.500000    1.516546   -0.016546 (VIOLATED)
ANTENNA_clkbuf_0_wb_clk_i_A/DIODE       1.500000    1.516315   -0.016315 (VIOLATED)
_6639_/A1                               1.500000    1.515837   -0.015837 (VIOLATED)
ANTENNA__6639__A1/DIODE                 1.500000    1.515829   -0.015829 (VIOLATED)
ANTENNA__7289__A1/DIODE                 1.500000    1.515375   -0.015375 (VIOLATED)
_7289_/A1                               1.500000    1.515374   -0.015374 (VIOLATED)
ANTENNA_760/DIODE                       1.500000    1.515371   -0.015371 (VIOLATED)
_7645_/B                                1.500000    1.514930   -0.014930 (VIOLATED)
ANTENNA__7645__B/DIODE                  1.500000    1.514929   -0.014929 (VIOLATED)
load_slew652/A                          1.500000    1.514894   -0.014894 (VIOLATED)
ANTENNA_load_slew652_A/DIODE            1.500000    1.514894   -0.014894 (VIOLATED)
ANTENNA_hold270_X/DIODE                 1.500000    1.514808   -0.014808 (VIOLATED)
ANTENNA_mprj.team_06_Wrapper.team_06_WB.instance_to_wrap_gpio_out[8]/DIODE    1.500000    1.514210   -0.014210 (VIOLATED)
mprj.team_06_Wrapper.team_06_WB.instance_to_wrap/gpio_out[8]    1.500000    1.514210   -0.014210 (VIOLATED)
_4178_/A1                               1.500000    1.511169   -0.011169 (VIOLATED)
ANTENNA__4178__A1/DIODE                 1.500000    1.511140   -0.011141 (VIOLATED)
ANTENNA__4184__A2/DIODE                 1.500000    1.511086   -0.011086 (VIOLATED)
_4184_/A2                               1.500000    1.511062   -0.011062 (VIOLATED)
ANTENNA_mprj.team_11_Wrapper.team_11_WB.instance_to_wrap_gpio_out[20]/DIODE    1.500000    1.509900   -0.009900 (VIOLATED)
mprj.team_11_Wrapper.team_11_WB.instance_to_wrap/gpio_out[20]    1.500000    1.509900   -0.009900 (VIOLATED)
hold1043/X                              1.495067    1.503092   -0.008025 (VIOLATED)
ANTENNA_mprj.team_06_Wrapper.team_06_WB.instance_to_wrap_gpio_out[14]/DIODE    1.500000    1.507918   -0.007918 (VIOLATED)
mprj.team_06_Wrapper.team_06_WB.instance_to_wrap/gpio_out[14]    1.500000    1.507918   -0.007918 (VIOLATED)
ANTENNA_233/DIODE                       1.500000    1.506038   -0.006039 (VIOLATED)
_6367_/A1                               1.500000    1.506000   -0.006000 (VIOLATED)
ANTENNA__6367__A1/DIODE                 1.500000    1.505986   -0.005986 (VIOLATED)
ANTENNA_mprj.team_11_Wrapper.team_11_WB.instance_to_wrap_gpio_in[26]/DIODE    1.500000    1.505342   -0.005342 (VIOLATED)
mprj.team_11_Wrapper.team_11_WB.instance_to_wrap/gpio_in[26]    1.500000    1.505120   -0.005120 (VIOLATED)
_7919_/A1                               1.500000    1.504860   -0.004860 (VIOLATED)
ANTENNA__7919__A1/DIODE                 1.500000    1.504829   -0.004829 (VIOLATED)
_5194_/A                                1.500000    1.503496   -0.003496 (VIOLATED)
ANTENNA__5194__A/DIODE                  1.500000    1.503495   -0.003495 (VIOLATED)
_5103_/A                                1.500000    1.503368   -0.003368 (VIOLATED)
ANTENNA__5103__A/DIODE                  1.500000    1.503365   -0.003365 (VIOLATED)
_5431_/A                                1.500000    1.503322   -0.003323 (VIOLATED)
ANTENNA__5431__A/DIODE                  1.500000    1.503304   -0.003305 (VIOLATED)
ANTENNA_hold1043_X/DIODE                1.500000    1.503110   -0.003110 (VIOLATED)

max fanout

Pin                                   Limit Fanout  Slack
---------------------------------------------------------
clkbuf_5_25_0_wb_clk_i_regs/X            10     31    -21 (VIOLATED)
clkbuf_5_7_0_wb_clk_i_regs/X             10     31    -21 (VIOLATED)
clkbuf_5_19_0_wb_clk_i_regs/X            10     29    -19 (VIOLATED)
clkbuf_5_9_0_wb_clk_i_regs/X             10     27    -17 (VIOLATED)
clkbuf_5_24_0_wb_clk_i_regs/X            10     25    -15 (VIOLATED)
clkbuf_5_26_0_wb_clk_i_regs/X            10     25    -15 (VIOLATED)
input42/X                                10     25    -15 (VIOLATED)
fanout253/X                              10     24    -14 (VIOLATED)
fanout677/X                              10     24    -14 (VIOLATED)
_4293_/Y                                 10     23    -13 (VIOLATED)
clkbuf_5_11_0_wb_clk_i_regs/X            10     23    -13 (VIOLATED)
clkbuf_5_18_0_wb_clk_i_regs/X            10     23    -13 (VIOLATED)
clkbuf_5_30_0_wb_clk_i_regs/X            10     23    -13 (VIOLATED)
clkbuf_5_31_0_wb_clk_i_regs/X            10     23    -13 (VIOLATED)
clkbuf_5_4_0_wb_clk_i_regs/X             10     23    -13 (VIOLATED)
clkbuf_5_6_0_wb_clk_i_regs/X             10     23    -13 (VIOLATED)
fanout373/X                              10     23    -13 (VIOLATED)
fanout393/X                              10     23    -13 (VIOLATED)
fanout252/X                              10     22    -12 (VIOLATED)
fanout255/X                              10     22    -12 (VIOLATED)
fanout314/X                              10     22    -12 (VIOLATED)
fanout366/X                              10     22    -12 (VIOLATED)
fanout429/X                              10     22    -12 (VIOLATED)
fanout434/X                              10     22    -12 (VIOLATED)
fanout446/X                              10     22    -12 (VIOLATED)
fanout492/X                              10     22    -12 (VIOLATED)
fanout499/X                              10     22    -12 (VIOLATED)
fanout504/X                              10     22    -12 (VIOLATED)
fanout549/X                              10     22    -12 (VIOLATED)
fanout556/X                              10     22    -12 (VIOLATED)
fanout586/X                              10     22    -12 (VIOLATED)
fanout618/X                              10     22    -12 (VIOLATED)
_4174_/X                                 10     21    -11 (VIOLATED)
_8592_/Q                                 10     21    -11 (VIOLATED)
_8616_/Q                                 10     21    -11 (VIOLATED)
_8708_/Q                                 10     21    -11 (VIOLATED)
_8883_/Q                                 10     21    -11 (VIOLATED)
clkbuf_5_10_0_wb_clk_i_regs/X            10     21    -11 (VIOLATED)
clkbuf_5_17_0_wb_clk_i_regs/X            10     21    -11 (VIOLATED)
clkbuf_5_23_0_wb_clk_i_regs/X            10     21    -11 (VIOLATED)
clkbuf_5_3_0_wb_clk_i_regs/X             10     21    -11 (VIOLATED)
clkbuf_5_5_0_wb_clk_i_regs/X             10     21    -11 (VIOLATED)
clkbuf_5_8_0_wb_clk_i_regs/X             10     21    -11 (VIOLATED)
fanout208/X                              10     21    -11 (VIOLATED)
fanout210/X                              10     21    -11 (VIOLATED)
fanout213/X                              10     21    -11 (VIOLATED)
fanout214/X                              10     21    -11 (VIOLATED)
fanout215/X                              10     21    -11 (VIOLATED)
fanout216/X                              10     21    -11 (VIOLATED)
fanout217/X                              10     21    -11 (VIOLATED)
fanout218/X                              10     21    -11 (VIOLATED)
fanout221/X                              10     21    -11 (VIOLATED)
fanout222/X                              10     21    -11 (VIOLATED)
fanout224/X                              10     21    -11 (VIOLATED)
fanout226/X                              10     21    -11 (VIOLATED)
fanout227/X                              10     21    -11 (VIOLATED)
fanout228/X                              10     21    -11 (VIOLATED)
fanout230/X                              10     21    -11 (VIOLATED)
fanout232/X                              10     21    -11 (VIOLATED)
fanout234/X                              10     21    -11 (VIOLATED)
fanout235/X                              10     21    -11 (VIOLATED)
fanout237/X                              10     21    -11 (VIOLATED)
fanout239/X                              10     21    -11 (VIOLATED)
fanout241/X                              10     21    -11 (VIOLATED)
fanout242/X                              10     21    -11 (VIOLATED)
fanout245/X                              10     21    -11 (VIOLATED)
fanout247/X                              10     21    -11 (VIOLATED)
fanout249/X                              10     21    -11 (VIOLATED)
fanout256/X                              10     21    -11 (VIOLATED)
fanout257/X                              10     21    -11 (VIOLATED)
fanout260/X                              10     21    -11 (VIOLATED)
fanout261/X                              10     21    -11 (VIOLATED)
fanout262/X                              10     21    -11 (VIOLATED)
fanout263/X                              10     21    -11 (VIOLATED)
fanout265/X                              10     21    -11 (VIOLATED)
fanout267/X                              10     21    -11 (VIOLATED)
fanout269/X                              10     21    -11 (VIOLATED)
fanout270/X                              10     21    -11 (VIOLATED)
fanout273/X                              10     21    -11 (VIOLATED)
fanout274/X                              10     21    -11 (VIOLATED)
fanout276/X                              10     21    -11 (VIOLATED)
fanout277/X                              10     21    -11 (VIOLATED)
fanout279/X                              10     21    -11 (VIOLATED)
fanout280/X                              10     21    -11 (VIOLATED)
fanout282/X                              10     21    -11 (VIOLATED)
fanout284/X                              10     21    -11 (VIOLATED)
fanout285/X                              10     21    -11 (VIOLATED)
fanout288/X                              10     21    -11 (VIOLATED)
fanout291/X                              10     21    -11 (VIOLATED)
fanout295/X                              10     21    -11 (VIOLATED)
fanout296/X                              10     21    -11 (VIOLATED)
fanout297/X                              10     21    -11 (VIOLATED)
fanout299/X                              10     21    -11 (VIOLATED)
fanout300/X                              10     21    -11 (VIOLATED)
fanout302/X                              10     21    -11 (VIOLATED)
fanout303/X                              10     21    -11 (VIOLATED)
fanout305/X                              10     21    -11 (VIOLATED)
fanout307/X                              10     21    -11 (VIOLATED)
fanout309/X                              10     21    -11 (VIOLATED)
fanout310/X                              10     21    -11 (VIOLATED)
fanout312/X                              10     21    -11 (VIOLATED)
fanout316/X                              10     21    -11 (VIOLATED)
fanout318/X                              10     21    -11 (VIOLATED)
fanout320/X                              10     21    -11 (VIOLATED)
fanout322/X                              10     21    -11 (VIOLATED)
fanout324/X                              10     21    -11 (VIOLATED)
fanout325/X                              10     21    -11 (VIOLATED)
fanout327/X                              10     21    -11 (VIOLATED)
fanout329/X                              10     21    -11 (VIOLATED)
fanout331/X                              10     21    -11 (VIOLATED)
fanout334/X                              10     21    -11 (VIOLATED)
fanout336/X                              10     21    -11 (VIOLATED)
fanout337/X                              10     21    -11 (VIOLATED)
fanout341/X                              10     21    -11 (VIOLATED)
fanout342/X                              10     21    -11 (VIOLATED)
fanout344/X                              10     21    -11 (VIOLATED)
fanout345/X                              10     21    -11 (VIOLATED)
fanout348/X                              10     21    -11 (VIOLATED)
fanout349/X                              10     21    -11 (VIOLATED)
fanout350/X                              10     21    -11 (VIOLATED)
fanout367/X                              10     21    -11 (VIOLATED)
fanout368/X                              10     21    -11 (VIOLATED)
fanout370/X                              10     21    -11 (VIOLATED)
fanout371/X                              10     21    -11 (VIOLATED)
fanout378/X                              10     21    -11 (VIOLATED)
fanout382/X                              10     21    -11 (VIOLATED)
fanout383/X                              10     21    -11 (VIOLATED)
fanout385/X                              10     21    -11 (VIOLATED)
fanout388/X                              10     21    -11 (VIOLATED)
fanout390/X                              10     21    -11 (VIOLATED)
fanout397/X                              10     21    -11 (VIOLATED)
fanout399/X                              10     21    -11 (VIOLATED)
fanout401/X                              10     21    -11 (VIOLATED)
fanout402/X                              10     21    -11 (VIOLATED)
fanout403/X                              10     21    -11 (VIOLATED)
fanout405/X                              10     21    -11 (VIOLATED)
fanout407/X                              10     21    -11 (VIOLATED)
fanout409/X                              10     21    -11 (VIOLATED)
fanout410/X                              10     21    -11 (VIOLATED)
fanout411/X                              10     21    -11 (VIOLATED)
fanout413/X                              10     21    -11 (VIOLATED)
fanout414/X                              10     21    -11 (VIOLATED)
fanout415/X                              10     21    -11 (VIOLATED)
fanout417/X                              10     21    -11 (VIOLATED)
fanout418/X                              10     21    -11 (VIOLATED)
fanout421/X                              10     21    -11 (VIOLATED)
fanout423/X                              10     21    -11 (VIOLATED)
fanout424/X                              10     21    -11 (VIOLATED)
fanout426/X                              10     21    -11 (VIOLATED)
fanout427/X                              10     21    -11 (VIOLATED)
fanout430/X                              10     21    -11 (VIOLATED)
fanout432/X                              10     21    -11 (VIOLATED)
fanout435/X                              10     21    -11 (VIOLATED)
fanout437/X                              10     21    -11 (VIOLATED)
fanout438/X                              10     21    -11 (VIOLATED)
fanout441/X                              10     21    -11 (VIOLATED)
fanout443/X                              10     21    -11 (VIOLATED)
fanout444/X                              10     21    -11 (VIOLATED)
fanout447/X                              10     21    -11 (VIOLATED)
fanout449/X                              10     21    -11 (VIOLATED)
fanout451/X                              10     21    -11 (VIOLATED)
fanout452/X                              10     21    -11 (VIOLATED)
fanout454/X                              10     21    -11 (VIOLATED)
fanout455/X                              10     21    -11 (VIOLATED)
fanout458/X                              10     21    -11 (VIOLATED)
fanout460/X                              10     21    -11 (VIOLATED)
fanout461/X                              10     21    -11 (VIOLATED)
fanout463/X                              10     21    -11 (VIOLATED)
fanout464/X                              10     21    -11 (VIOLATED)
fanout467/X                              10     21    -11 (VIOLATED)
fanout469/X                              10     21    -11 (VIOLATED)
fanout470/X                              10     21    -11 (VIOLATED)
fanout473/X                              10     21    -11 (VIOLATED)
fanout474/X                              10     21    -11 (VIOLATED)
fanout477/X                              10     21    -11 (VIOLATED)
fanout479/X                              10     21    -11 (VIOLATED)
fanout481/X                              10     21    -11 (VIOLATED)
fanout482/X                              10     21    -11 (VIOLATED)
fanout483/X                              10     21    -11 (VIOLATED)
fanout485/X                              10     21    -11 (VIOLATED)
fanout486/X                              10     21    -11 (VIOLATED)
fanout489/X                              10     21    -11 (VIOLATED)
fanout493/X                              10     21    -11 (VIOLATED)
fanout494/X                              10     21    -11 (VIOLATED)
fanout495/X                              10     21    -11 (VIOLATED)
fanout496/X                              10     21    -11 (VIOLATED)
fanout498/X                              10     21    -11 (VIOLATED)
fanout503/X                              10     21    -11 (VIOLATED)
fanout505/X                              10     21    -11 (VIOLATED)
fanout508/X                              10     21    -11 (VIOLATED)
fanout509/X                              10     21    -11 (VIOLATED)
fanout512/X                              10     21    -11 (VIOLATED)
fanout514/X                              10     21    -11 (VIOLATED)
fanout515/X                              10     21    -11 (VIOLATED)
fanout517/X                              10     21    -11 (VIOLATED)
fanout518/X                              10     21    -11 (VIOLATED)
fanout534/X                              10     21    -11 (VIOLATED)
fanout535/X                              10     21    -11 (VIOLATED)
fanout536/X                              10     21    -11 (VIOLATED)
fanout539/X                              10     21    -11 (VIOLATED)
fanout541/X                              10     21    -11 (VIOLATED)
fanout542/X                              10     21    -11 (VIOLATED)
fanout543/X                              10     21    -11 (VIOLATED)
fanout547/X                              10     21    -11 (VIOLATED)
fanout551/X                              10     21    -11 (VIOLATED)
fanout552/X                              10     21    -11 (VIOLATED)
fanout553/X                              10     21    -11 (VIOLATED)
fanout557/X                              10     21    -11 (VIOLATED)
fanout558/X                              10     21    -11 (VIOLATED)
fanout559/X                              10     21    -11 (VIOLATED)
fanout560/X                              10     21    -11 (VIOLATED)
fanout561/X                              10     21    -11 (VIOLATED)
fanout562/X                              10     21    -11 (VIOLATED)
fanout563/X                              10     21    -11 (VIOLATED)
fanout565/X                              10     21    -11 (VIOLATED)
fanout566/X                              10     21    -11 (VIOLATED)
fanout568/X                              10     21    -11 (VIOLATED)
fanout569/X                              10     21    -11 (VIOLATED)
fanout571/X                              10     21    -11 (VIOLATED)
fanout572/X                              10     21    -11 (VIOLATED)
fanout574/X                              10     21    -11 (VIOLATED)
fanout577/X                              10     21    -11 (VIOLATED)
fanout578/X                              10     21    -11 (VIOLATED)
fanout580/X                              10     21    -11 (VIOLATED)
fanout583/X                              10     21    -11 (VIOLATED)
fanout588/X                              10     21    -11 (VIOLATED)
fanout589/X                              10     21    -11 (VIOLATED)
fanout590/X                              10     21    -11 (VIOLATED)
fanout591/X                              10     21    -11 (VIOLATED)
fanout593/X                              10     21    -11 (VIOLATED)
fanout594/X                              10     21    -11 (VIOLATED)
fanout595/X                              10     21    -11 (VIOLATED)
fanout597/X                              10     21    -11 (VIOLATED)
fanout602/X                              10     21    -11 (VIOLATED)
fanout607/X                              10     21    -11 (VIOLATED)
fanout609/X                              10     21    -11 (VIOLATED)
fanout610/X                              10     21    -11 (VIOLATED)
fanout611/X                              10     21    -11 (VIOLATED)
fanout612/X                              10     21    -11 (VIOLATED)
fanout615/X                              10     21    -11 (VIOLATED)
fanout617/X                              10     21    -11 (VIOLATED)
fanout620/X                              10     21    -11 (VIOLATED)
fanout622/X                              10     21    -11 (VIOLATED)
fanout624/X                              10     21    -11 (VIOLATED)
fanout626/X                              10     21    -11 (VIOLATED)
fanout628/X                              10     21    -11 (VIOLATED)
fanout629/X                              10     21    -11 (VIOLATED)
fanout630/X                              10     21    -11 (VIOLATED)
fanout633/X                              10     21    -11 (VIOLATED)
fanout635/X                              10     21    -11 (VIOLATED)
fanout637/X                              10     21    -11 (VIOLATED)
fanout640/X                              10     21    -11 (VIOLATED)
fanout675/X                              10     21    -11 (VIOLATED)
fanout676/X                              10     21    -11 (VIOLATED)
fanout693/X                              10     21    -11 (VIOLATED)
fanout694/X                              10     21    -11 (VIOLATED)
fanout695/X                              10     21    -11 (VIOLATED)
fanout700/X                              10     21    -11 (VIOLATED)
fanout702/X                              10     21    -11 (VIOLATED)
fanout703/X                              10     21    -11 (VIOLATED)
fanout705/X                              10     21    -11 (VIOLATED)
fanout707/X                              10     21    -11 (VIOLATED)
fanout708/X                              10     21    -11 (VIOLATED)
fanout709/X                              10     21    -11 (VIOLATED)
fanout710/X                              10     21    -11 (VIOLATED)
fanout714/X                              10     21    -11 (VIOLATED)
fanout716/X                              10     21    -11 (VIOLATED)
fanout718/X                              10     21    -11 (VIOLATED)
fanout720/X                              10     21    -11 (VIOLATED)
fanout723/X                              10     21    -11 (VIOLATED)
fanout724/X                              10     21    -11 (VIOLATED)
fanout725/X                              10     21    -11 (VIOLATED)
fanout727/X                              10     21    -11 (VIOLATED)
fanout728/X                              10     21    -11 (VIOLATED)
fanout730/X                              10     21    -11 (VIOLATED)
fanout732/X                              10     21    -11 (VIOLATED)
fanout733/X                              10     21    -11 (VIOLATED)
fanout735/X                              10     21    -11 (VIOLATED)
fanout736/X                              10     21    -11 (VIOLATED)
fanout737/X                              10     21    -11 (VIOLATED)
hold162/X                                10     21    -11 (VIOLATED)
hold244/X                                10     21    -11 (VIOLATED)
hold274/X                                10     21    -11 (VIOLATED)
hold35/X                                 10     21    -11 (VIOLATED)
hold552/X                                10     21    -11 (VIOLATED)
hold580/X                                10     21    -11 (VIOLATED)
fanout236/X                              10     20    -10 (VIOLATED)
_4324_/Y                                 10     19     -9 (VIOLATED)
_4841_/X                                 10     19     -9 (VIOLATED)
_5149_/X                                 10     19     -9 (VIOLATED)
_5156_/Y                                 10     19     -9 (VIOLATED)
_5227_/Y                                 10     19     -9 (VIOLATED)
_6030_/X                                 10     19     -9 (VIOLATED)
_8572_/Q                                 10     19     -9 (VIOLATED)
_8573_/Q                                 10     19     -9 (VIOLATED)
_8593_/Q                                 10     19     -9 (VIOLATED)
_8617_/Q                                 10     19     -9 (VIOLATED)
_8628_/Q                                 10     19     -9 (VIOLATED)
_8709_/Q                                 10     19     -9 (VIOLATED)
_8884_/Q                                 10     19     -9 (VIOLATED)
clkbuf_5_2_0_wb_clk_i_regs/X             10     19     -9 (VIOLATED)
fanout212/X                              10     19     -9 (VIOLATED)
fanout219/X                              10     19     -9 (VIOLATED)
fanout238/X                              10     19     -9 (VIOLATED)
fanout250/X                              10     19     -9 (VIOLATED)
fanout258/X                              10     19     -9 (VIOLATED)
fanout271/X                              10     19     -9 (VIOLATED)
fanout372/X                              10     19     -9 (VIOLATED)
fanout478/X                              10     19     -9 (VIOLATED)
fanout537/X                              10     19     -9 (VIOLATED)
fanout540/X                              10     19     -9 (VIOLATED)
fanout545/X                              10     19     -9 (VIOLATED)
fanout564/X                              10     19     -9 (VIOLATED)
fanout567/X                              10     19     -9 (VIOLATED)
fanout570/X                              10     19     -9 (VIOLATED)
fanout598/X                              10     19     -9 (VIOLATED)
fanout606/X                              10     19     -9 (VIOLATED)
fanout632/X                              10     19     -9 (VIOLATED)
fanout699/X                              10     19     -9 (VIOLATED)
fanout715/X                              10     19     -9 (VIOLATED)
hold315/X                                10     19     -9 (VIOLATED)
hold452/X                                10     19     -9 (VIOLATED)
hold726/X                                10     19     -9 (VIOLATED)
clkbuf_5_16_0_wb_clk_i_regs/X            10     18     -8 (VIOLATED)
hold348/X                                10     18     -8 (VIOLATED)
mprj.team_05_Wrapper.team_05_WB.instance_to_wrap/gpio_oeb[32]     10     18     -8 (VIOLATED)
_4048_/Y                                 10     17     -7 (VIOLATED)
_4325_/Y                                 10     17     -7 (VIOLATED)
_5138_/X                                 10     17     -7 (VIOLATED)
_5464_/Y                                 10     17     -7 (VIOLATED)
_6243_/X                                 10     17     -7 (VIOLATED)
_6249_/X                                 10     17     -7 (VIOLATED)
_6267_/X                                 10     17     -7 (VIOLATED)
_6270_/X                                 10     17     -7 (VIOLATED)
_6302_/X                                 10     17     -7 (VIOLATED)
_6303_/X                                 10     17     -7 (VIOLATED)
_6334_/X                                 10     17     -7 (VIOLATED)
_6340_/X                                 10     17     -7 (VIOLATED)
_6411_/X                                 10     17     -7 (VIOLATED)
_6414_/X                                 10     17     -7 (VIOLATED)
_6444_/X                                 10     17     -7 (VIOLATED)
_6447_/X                                 10     17     -7 (VIOLATED)
_6483_/X                                 10     17     -7 (VIOLATED)
_6516_/X                                 10     17     -7 (VIOLATED)
_6520_/X                                 10     17     -7 (VIOLATED)
_6553_/X                                 10     17     -7 (VIOLATED)
_6556_/X                                 10     17     -7 (VIOLATED)
_6590_/X                                 10     17     -7 (VIOLATED)
_6594_/X                                 10     17     -7 (VIOLATED)
_6626_/X                                 10     17     -7 (VIOLATED)
_6627_/X                                 10     17     -7 (VIOLATED)
_6663_/X                                 10     17     -7 (VIOLATED)
_6664_/X                                 10     17     -7 (VIOLATED)
_6700_/X                                 10     17     -7 (VIOLATED)
_6702_/X                                 10     17     -7 (VIOLATED)
_6738_/X                                 10     17     -7 (VIOLATED)
_6773_/X                                 10     17     -7 (VIOLATED)
_6776_/X                                 10     17     -7 (VIOLATED)
_6811_/X                                 10     17     -7 (VIOLATED)
_6843_/X                                 10     17     -7 (VIOLATED)
_6847_/X                                 10     17     -7 (VIOLATED)
_6878_/X                                 10     17     -7 (VIOLATED)
_6880_/X                                 10     17     -7 (VIOLATED)
_6912_/X                                 10     17     -7 (VIOLATED)
_6943_/X                                 10     17     -7 (VIOLATED)
_6951_/X                                 10     17     -7 (VIOLATED)
_6985_/Y                                 10     17     -7 (VIOLATED)
_7473_/Y                                 10     17     -7 (VIOLATED)
_7692_/X                                 10     17     -7 (VIOLATED)
_7729_/X                                 10     17     -7 (VIOLATED)
_7755_/X                                 10     17     -7 (VIOLATED)
_7762_/X                                 10     17     -7 (VIOLATED)
_7792_/X                                 10     17     -7 (VIOLATED)
_7793_/X                                 10     17     -7 (VIOLATED)
_7827_/X                                 10     17     -7 (VIOLATED)
_7829_/Y                                 10     17     -7 (VIOLATED)
_7860_/X                                 10     17     -7 (VIOLATED)
_7863_/X                                 10     17     -7 (VIOLATED)
_7894_/X                                 10     17     -7 (VIOLATED)
_7895_/X                                 10     17     -7 (VIOLATED)
_7930_/X                                 10     17     -7 (VIOLATED)
_7964_/X                                 10     17     -7 (VIOLATED)
_7997_/X                                 10     17     -7 (VIOLATED)
_7998_/X                                 10     17     -7 (VIOLATED)
_8031_/X                                 10     17     -7 (VIOLATED)
_8064_/X                                 10     17     -7 (VIOLATED)
_8066_/X                                 10     17     -7 (VIOLATED)
_8641_/Q                                 10     17     -7 (VIOLATED)
_8688_/Q                                 10     17     -7 (VIOLATED)
_8690_/Q                                 10     17     -7 (VIOLATED)
_8691_/Q                                 10     17     -7 (VIOLATED)
_8696_/Q                                 10     17     -7 (VIOLATED)
_8877_/Q                                 10     17     -7 (VIOLATED)
_8886_/Q                                 10     17     -7 (VIOLATED)
clkbuf_5_12_0_wb_clk_i_regs/X            10     17     -7 (VIOLATED)
clkbuf_5_14_0_wb_clk_i_regs/X            10     17     -7 (VIOLATED)
clkbuf_5_1_0_wb_clk_i_regs/X             10     17     -7 (VIOLATED)
clkbuf_5_22_0_wb_clk_i_regs/X            10     17     -7 (VIOLATED)
clkbuf_5_27_0_wb_clk_i_regs/X            10     17     -7 (VIOLATED)
clkbuf_5_28_0_wb_clk_i_regs/X            10     17     -7 (VIOLATED)
fanout225/X                              10     17     -7 (VIOLATED)
fanout246/X                              10     17     -7 (VIOLATED)
fanout259/X                              10     17     -7 (VIOLATED)
fanout268/X                              10     17     -7 (VIOLATED)
fanout289/X                              10     17     -7 (VIOLATED)
fanout290/X                              10     17     -7 (VIOLATED)
fanout292/X                              10     17     -7 (VIOLATED)
fanout293/X                              10     17     -7 (VIOLATED)
fanout301/X                              10     17     -7 (VIOLATED)
fanout306/X                              10     17     -7 (VIOLATED)
fanout313/X                              10     17     -7 (VIOLATED)
fanout326/X                              10     17     -7 (VIOLATED)
fanout346/X                              10     17     -7 (VIOLATED)
fanout369/X                              10     17     -7 (VIOLATED)
fanout375/X                              10     17     -7 (VIOLATED)
fanout377/X                              10     17     -7 (VIOLATED)
fanout379/X                              10     17     -7 (VIOLATED)
fanout387/X                              10     17     -7 (VIOLATED)
fanout389/X                              10     17     -7 (VIOLATED)
fanout398/X                              10     17     -7 (VIOLATED)
fanout416/X                              10     17     -7 (VIOLATED)
fanout420/X                              10     17     -7 (VIOLATED)
fanout442/X                              10     17     -7 (VIOLATED)
fanout459/X                              10     17     -7 (VIOLATED)
fanout491/X                              10     17     -7 (VIOLATED)
fanout548/X                              10     17     -7 (VIOLATED)
fanout582/X                              10     17     -7 (VIOLATED)
fanout584/X                              10     17     -7 (VIOLATED)
fanout599/X                              10     17     -7 (VIOLATED)
fanout608/X                              10     17     -7 (VIOLATED)
fanout616/X                              10     17     -7 (VIOLATED)
fanout639/X                              10     17     -7 (VIOLATED)
fanout696/X                              10     17     -7 (VIOLATED)
fanout711/X                              10     17     -7 (VIOLATED)
fanout731/X                              10     17     -7 (VIOLATED)
hold127/X                                10     17     -7 (VIOLATED)
hold198/X                                10     17     -7 (VIOLATED)
hold314/X                                10     17     -7 (VIOLATED)
hold326/X                                10     17     -7 (VIOLATED)
hold388/X                                10     17     -7 (VIOLATED)
hold52/X                                 10     17     -7 (VIOLATED)
hold530/X                                10     17     -7 (VIOLATED)
mprj.team_05_Wrapper.team_05_WB.instance_to_wrap/gpio_oeb[15]     10     17     -7 (VIOLATED)
mprj.team_08_Wrapper.team_08_WB.instance_to_wrap/gpio_oeb[15]     10     17     -7 (VIOLATED)
_8640_/Q                                 10     16     -6 (VIOLATED)
fanout519/X                              10     16     -6 (VIOLATED)
fanout550/X                              10     16     -6 (VIOLATED)
hold136/X                                10     16     -6 (VIOLATED)
input43/X                                10     16     -6 (VIOLATED)
input53/X                                10     16     -6 (VIOLATED)
input70/X                                10     16     -6 (VIOLATED)
input71/X                                10     16     -6 (VIOLATED)
_4057_/Y                                 10     15     -5 (VIOLATED)
_4063_/Y                                 10     15     -5 (VIOLATED)
_4065_/Y                                 10     15     -5 (VIOLATED)
_4066_/Y                                 10     15     -5 (VIOLATED)
_4073_/Y                                 10     15     -5 (VIOLATED)
_4150_/Y                                 10     15     -5 (VIOLATED)
_4151_/Y                                 10     15     -5 (VIOLATED)
_4163_/Y                                 10     15     -5 (VIOLATED)
_4187_/Y                                 10     15     -5 (VIOLATED)
_4312_/X                                 10     15     -5 (VIOLATED)
_4557_/Y                                 10     15     -5 (VIOLATED)
_5265_/Y                                 10     15     -5 (VIOLATED)
_6237_/Y                                 10     15     -5 (VIOLATED)
_6238_/Y                                 10     15     -5 (VIOLATED)
_6261_/Y                                 10     15     -5 (VIOLATED)
_6262_/Y                                 10     15     -5 (VIOLATED)
_6298_/Y                                 10     15     -5 (VIOLATED)
_6336_/Y                                 10     15     -5 (VIOLATED)
_6373_/X                                 10     15     -5 (VIOLATED)
_6374_/Y                                 10     15     -5 (VIOLATED)
_6378_/X                                 10     15     -5 (VIOLATED)
_6407_/Y                                 10     15     -5 (VIOLATED)
_6440_/Y                                 10     15     -5 (VIOLATED)
_6475_/Y                                 10     15     -5 (VIOLATED)
_6476_/Y                                 10     15     -5 (VIOLATED)
_6479_/X                                 10     15     -5 (VIOLATED)
_6513_/Y                                 10     15     -5 (VIOLATED)
_6548_/Y                                 10     15     -5 (VIOLATED)
_6549_/Y                                 10     15     -5 (VIOLATED)
_6584_/Y                                 10     15     -5 (VIOLATED)
_6585_/Y                                 10     15     -5 (VIOLATED)
_6621_/Y                                 10     15     -5 (VIOLATED)
_6622_/Y                                 10     15     -5 (VIOLATED)
_6657_/Y                                 10     15     -5 (VIOLATED)
_6658_/Y                                 10     15     -5 (VIOLATED)
_6693_/Y                                 10     15     -5 (VIOLATED)
_6694_/Y                                 10     15     -5 (VIOLATED)
_6730_/Y                                 10     15     -5 (VIOLATED)
_6734_/X                                 10     15     -5 (VIOLATED)
_6767_/Y                                 10     15     -5 (VIOLATED)
_6768_/Y                                 10     15     -5 (VIOLATED)
_6803_/Y                                 10     15     -5 (VIOLATED)
_6837_/Y                                 10     15     -5 (VIOLATED)
_6838_/Y                                 10     15     -5 (VIOLATED)
_6873_/Y                                 10     15     -5 (VIOLATED)
_6907_/Y                                 10     15     -5 (VIOLATED)
_6939_/Y                                 10     15     -5 (VIOLATED)
_7687_/Y                                 10     15     -5 (VIOLATED)
_7688_/Y                                 10     15     -5 (VIOLATED)
_7722_/Y                                 10     15     -5 (VIOLATED)
_7726_/X                                 10     15     -5 (VIOLATED)
_7758_/Y                                 10     15     -5 (VIOLATED)
_7822_/Y                                 10     15     -5 (VIOLATED)
_7856_/Y                                 10     15     -5 (VIOLATED)
_7857_/Y                                 10     15     -5 (VIOLATED)
_7889_/Y                                 10     15     -5 (VIOLATED)
_7924_/Y                                 10     15     -5 (VIOLATED)
_7932_/X                                 10     15     -5 (VIOLATED)
_7959_/Y                                 10     15     -5 (VIOLATED)
_7965_/X                                 10     15     -5 (VIOLATED)
_8027_/Y                                 10     15     -5 (VIOLATED)
_8033_/X                                 10     15     -5 (VIOLATED)
_8060_/Y                                 10     15     -5 (VIOLATED)
_8096_/Y                                 10     15     -5 (VIOLATED)
_8097_/Y                                 10     15     -5 (VIOLATED)
_8101_/X                                 10     15     -5 (VIOLATED)
_8104_/X                                 10     15     -5 (VIOLATED)
_8622_/Q                                 10     15     -5 (VIOLATED)
_8623_/Q                                 10     15     -5 (VIOLATED)
_8697_/Q                                 10     15     -5 (VIOLATED)
_8875_/Q                                 10     15     -5 (VIOLATED)
_8881_/Q                                 10     15     -5 (VIOLATED)
_8885_/Q                                 10     15     -5 (VIOLATED)
clkbuf_5_20_0_wb_clk_i_regs/X            10     15     -5 (VIOLATED)
clkbuf_5_29_0_wb_clk_i_regs/X            10     15     -5 (VIOLATED)
fanout209/X                              10     15     -5 (VIOLATED)
fanout243/X                              10     15     -5 (VIOLATED)
fanout251/X                              10     15     -5 (VIOLATED)
fanout275/X                              10     15     -5 (VIOLATED)
fanout283/X                              10     15     -5 (VIOLATED)
fanout286/X                              10     15     -5 (VIOLATED)
fanout332/X                              10     15     -5 (VIOLATED)
fanout335/X                              10     15     -5 (VIOLATED)
fanout343/X                              10     15     -5 (VIOLATED)
fanout391/X                              10     15     -5 (VIOLATED)
fanout394/X                              10     15     -5 (VIOLATED)
fanout395/X                              10     15     -5 (VIOLATED)
fanout404/X                              10     15     -5 (VIOLATED)
fanout412/X                              10     15     -5 (VIOLATED)
fanout419/X                              10     15     -5 (VIOLATED)
fanout433/X                              10     15     -5 (VIOLATED)
fanout448/X                              10     15     -5 (VIOLATED)
fanout450/X                              10     15     -5 (VIOLATED)
fanout465/X                              10     15     -5 (VIOLATED)
fanout475/X                              10     15     -5 (VIOLATED)
fanout484/X                              10     15     -5 (VIOLATED)
fanout490/X                              10     15     -5 (VIOLATED)
fanout506/X                              10     15     -5 (VIOLATED)
fanout510/X                              10     15     -5 (VIOLATED)
fanout554/X                              10     15     -5 (VIOLATED)
fanout576/X                              10     15     -5 (VIOLATED)
fanout604/X                              10     15     -5 (VIOLATED)
fanout605/X                              10     15     -5 (VIOLATED)
fanout619/X                              10     15     -5 (VIOLATED)
fanout636/X                              10     15     -5 (VIOLATED)
fanout638/X                              10     15     -5 (VIOLATED)
fanout717/X                              10     15     -5 (VIOLATED)
fanout738/X                              10     15     -5 (VIOLATED)
hold106/X                                10     15     -5 (VIOLATED)
hold528/X                                10     15     -5 (VIOLATED)
hold70/X                                 10     15     -5 (VIOLATED)
hold96/X                                 10     15     -5 (VIOLATED)
load_slew692/X                           10     15     -5 (VIOLATED)
mprj.team_08_Wrapper.team_08_WB.instance_to_wrap/gpio_oeb[6]     10     15     -5 (VIOLATED)
_5144_/Y                                 10     14     -4 (VIOLATED)
_7420_/Y                                 10     14     -4 (VIOLATED)
_8631_/Q                                 10     14     -4 (VIOLATED)
fanout254/X                              10     14     -4 (VIOLATED)
load_slew742/X                           10     14     -4 (VIOLATED)
mprj.team_07_Wrapper.team_07_WB.instance_to_wrap/gpio_out[10]     10     14     -4 (VIOLATED)
mprj.team_08_Wrapper.team_08_WB.instance_to_wrap/gpio_oeb[10]     10     14     -4 (VIOLATED)
mprj.team_08_Wrapper.team_08_WB.instance_to_wrap/gpio_oeb[12]     10     14     -4 (VIOLATED)
mprj.team_08_Wrapper.team_08_WB.instance_to_wrap/gpio_oeb[4]     10     14     -4 (VIOLATED)
mprj.team_08_Wrapper.team_08_WB.instance_to_wrap/gpio_out[10]     10     14     -4 (VIOLATED)
mprj.team_09_Wrapper.team_09_WB.instance_to_wrap/gpio_oeb[12]     10     14     -4 (VIOLATED)
mprj.team_09_Wrapper.team_09_WB.instance_to_wrap/gpio_oeb[13]     10     14     -4 (VIOLATED)
mprj.team_09_Wrapper.team_09_WB.instance_to_wrap/gpio_out[14]     10     14     -4 (VIOLATED)
mprj.team_12_Wrapper.team_12_WB.instance_to_wrap/gpio_out[13]     10     14     -4 (VIOLATED)
_4056_/Y                                 10     13     -3 (VIOLATED)
_4058_/Y                                 10     13     -3 (VIOLATED)
_4105_/Y                                 10     13     -3 (VIOLATED)
_4267_/X                                 10     13     -3 (VIOLATED)
_4797_/X                                 10     13     -3 (VIOLATED)
_4831_/X                                 10     13     -3 (VIOLATED)
_5151_/X                                 10     13     -3 (VIOLATED)
_5295_/Y                                 10     13     -3 (VIOLATED)
_5322_/Y                                 10     13     -3 (VIOLATED)
_5361_/Y                                 10     13     -3 (VIOLATED)
_5537_/Y                                 10     13     -3 (VIOLATED)
_5942_/Y                                 10     13     -3 (VIOLATED)
_6244_/X                                 10     13     -3 (VIOLATED)
_6248_/X                                 10     13     -3 (VIOLATED)
_6265_/X                                 10     13     -3 (VIOLATED)
_6266_/X                                 10     13     -3 (VIOLATED)
_6274_/X                                 10     13     -3 (VIOLATED)
_6299_/Y                                 10     13     -3 (VIOLATED)
_6305_/X                                 10     13     -3 (VIOLATED)
_6307_/X                                 10     13     -3 (VIOLATED)
_6333_/X                                 10     13     -3 (VIOLATED)
_6338_/Y                                 10     13     -3 (VIOLATED)
_6354_/X                                 10     13     -3 (VIOLATED)
_6370_/X                                 10     13     -3 (VIOLATED)
_6371_/Y                                 10     13     -3 (VIOLATED)
_6405_/Y                                 10     13     -3 (VIOLATED)
_6406_/X                                 10     13     -3 (VIOLATED)
_6480_/X                                 10     13     -3 (VIOLATED)
_6481_/Y                                 10     13     -3 (VIOLATED)
_6512_/Y                                 10     13     -3 (VIOLATED)
_6518_/X                                 10     13     -3 (VIOLATED)
_6521_/X                                 10     13     -3 (VIOLATED)
_6523_/X                                 10     13     -3 (VIOLATED)
_6552_/X                                 10     13     -3 (VIOLATED)
_6554_/X                                 10     13     -3 (VIOLATED)
_6561_/X                                 10     13     -3 (VIOLATED)
_6588_/X                                 10     13     -3 (VIOLATED)
_6591_/X                                 10     13     -3 (VIOLATED)
_6597_/X                                 10     13     -3 (VIOLATED)
_6625_/X                                 10     13     -3 (VIOLATED)
_6629_/X                                 10     13     -3 (VIOLATED)
_6661_/X                                 10     13     -3 (VIOLATED)
_6662_/X                                 10     13     -3 (VIOLATED)
_6697_/X                                 10     13     -3 (VIOLATED)
_6698_/X                                 10     13     -3 (VIOLATED)
_6705_/X                                 10     13     -3 (VIOLATED)
_6731_/Y                                 10     13     -3 (VIOLATED)
_6739_/Y                                 10     13     -3 (VIOLATED)
_6771_/X                                 10     13     -3 (VIOLATED)
_6774_/X                                 10     13     -3 (VIOLATED)
_6777_/X                                 10     13     -3 (VIOLATED)
_6804_/Y                                 10     13     -3 (VIOLATED)
_6808_/X                                 10     13     -3 (VIOLATED)
_6809_/X                                 10     13     -3 (VIOLATED)
_6841_/X                                 10     13     -3 (VIOLATED)
_6844_/X                                 10     13     -3 (VIOLATED)
_6846_/X                                 10     13     -3 (VIOLATED)
_6874_/Y                                 10     13     -3 (VIOLATED)
_6911_/X                                 10     13     -3 (VIOLATED)
_6946_/X                                 10     13     -3 (VIOLATED)
_6948_/X                                 10     13     -3 (VIOLATED)
_7695_/X                                 10     13     -3 (VIOLATED)
_7696_/X                                 10     13     -3 (VIOLATED)
_7723_/Y                                 10     13     -3 (VIOLATED)
_7727_/X                                 10     13     -3 (VIOLATED)
_7757_/Y                                 10     13     -3 (VIOLATED)
_7788_/Y                                 10     13     -3 (VIOLATED)
_7794_/X                                 10     13     -3 (VIOLATED)
_7799_/X                                 10     13     -3 (VIOLATED)
_7830_/X                                 10     13     -3 (VIOLATED)
_7832_/X                                 10     13     -3 (VIOLATED)
_7861_/X                                 10     13     -3 (VIOLATED)
_7890_/Y                                 10     13     -3 (VIOLATED)
_7893_/X                                 10     13     -3 (VIOLATED)
_7896_/X                                 10     13     -3 (VIOLATED)
_7925_/Y                                 10     13     -3 (VIOLATED)
_7928_/X                                 10     13     -3 (VIOLATED)
_7960_/Y                                 10     13     -3 (VIOLATED)
_7993_/Y                                 10     13     -3 (VIOLATED)
_7994_/Y                                 10     13     -3 (VIOLATED)
_8002_/X                                 10     13     -3 (VIOLATED)
_8032_/X                                 10     13     -3 (VIOLATED)
_8039_/X                                 10     13     -3 (VIOLATED)
_8061_/Y                                 10     13     -3 (VIOLATED)
_8067_/X                                 10     13     -3 (VIOLATED)
_8069_/X                                 10     13     -3 (VIOLATED)
_8103_/X                                 10     13     -3 (VIOLATED)
_8106_/Y                                 10     13     -3 (VIOLATED)
_8549_/Q                                 10     13     -3 (VIOLATED)
_8574_/Q                                 10     13     -3 (VIOLATED)
_8575_/Q                                 10     13     -3 (VIOLATED)
_8598_/Q                                 10     13     -3 (VIOLATED)
_8600_/Q                                 10     13     -3 (VIOLATED)
_8602_/Q                                 10     13     -3 (VIOLATED)
_8606_/Q                                 10     13     -3 (VIOLATED)
_8607_/Q                                 10     13     -3 (VIOLATED)
_8612_/Q                                 10     13     -3 (VIOLATED)
_8618_/Q                                 10     13     -3 (VIOLATED)
_8619_/Q                                 10     13     -3 (VIOLATED)
_8620_/Q                                 10     13     -3 (VIOLATED)
_8621_/Q                                 10     13     -3 (VIOLATED)
_8624_/Q                                 10     13     -3 (VIOLATED)
_8626_/Q                                 10     13     -3 (VIOLATED)
_8630_/Q                                 10     13     -3 (VIOLATED)
_8632_/Q                                 10     13     -3 (VIOLATED)
_8635_/Q                                 10     13     -3 (VIOLATED)
_8636_/Q                                 10     13     -3 (VIOLATED)
_8642_/Q                                 10     13     -3 (VIOLATED)
_8643_/Q                                 10     13     -3 (VIOLATED)
_8647_/Q                                 10     13     -3 (VIOLATED)
_8648_/Q                                 10     13     -3 (VIOLATED)
_8650_/Q                                 10     13     -3 (VIOLATED)
_8654_/Q                                 10     13     -3 (VIOLATED)
_8662_/Q                                 10     13     -3 (VIOLATED)
_8663_/Q                                 10     13     -3 (VIOLATED)
_8664_/Q                                 10     13     -3 (VIOLATED)
_8667_/Q                                 10     13     -3 (VIOLATED)
_8668_/Q                                 10     13     -3 (VIOLATED)
_8672_/Q                                 10     13     -3 (VIOLATED)
_8674_/Q                                 10     13     -3 (VIOLATED)
_8675_/Q                                 10     13     -3 (VIOLATED)
_8686_/Q                                 10     13     -3 (VIOLATED)
_8692_/Q                                 10     13     -3 (VIOLATED)
_8693_/Q                                 10     13     -3 (VIOLATED)
_8694_/Q                                 10     13     -3 (VIOLATED)
_8699_/Q                                 10     13     -3 (VIOLATED)
_8700_/Q                                 10     13     -3 (VIOLATED)
_8704_/Q                                 10     13     -3 (VIOLATED)
_8706_/Q                                 10     13     -3 (VIOLATED)
_8707_/Q                                 10     13     -3 (VIOLATED)
_8710_/Q                                 10     13     -3 (VIOLATED)
_8711_/Q                                 10     13     -3 (VIOLATED)
_8714_/Q                                 10     13     -3 (VIOLATED)
_8718_/Q                                 10     13     -3 (VIOLATED)
_8720_/Q                                 10     13     -3 (VIOLATED)
_8722_/Q                                 10     13     -3 (VIOLATED)
_8723_/Q                                 10     13     -3 (VIOLATED)
_8854_/Q                                 10     13     -3 (VIOLATED)
_8876_/Q                                 10     13     -3 (VIOLATED)
clkbuf_5_0_0_wb_clk_i_regs/X             10     13     -3 (VIOLATED)
clkbuf_5_13_0_wb_clk_i_regs/X            10     13     -3 (VIOLATED)
clkbuf_5_15_0_wb_clk_i_regs/X            10     13     -3 (VIOLATED)
clkbuf_5_21_0_wb_clk_i_regs/X            10     13     -3 (VIOLATED)
fanout220/X                              10     13     -3 (VIOLATED)
fanout231/X                              10     13     -3 (VIOLATED)
fanout233/X                              10     13     -3 (VIOLATED)
fanout240/X                              10     13     -3 (VIOLATED)
fanout272/X                              10     13     -3 (VIOLATED)
fanout278/X                              10     13     -3 (VIOLATED)
fanout308/X                              10     13     -3 (VIOLATED)
fanout311/X                              10     13     -3 (VIOLATED)
fanout319/X                              10     13     -3 (VIOLATED)
fanout321/X                              10     13     -3 (VIOLATED)
fanout328/X                              10     13     -3 (VIOLATED)
fanout333/X                              10     13     -3 (VIOLATED)
fanout347/X                              10     13     -3 (VIOLATED)
fanout376/X                              10     13     -3 (VIOLATED)
fanout384/X                              10     13     -3 (VIOLATED)
fanout406/X                              10     13     -3 (VIOLATED)
fanout431/X                              10     13     -3 (VIOLATED)
fanout436/X                              10     13     -3 (VIOLATED)
fanout453/X                              10     13     -3 (VIOLATED)
fanout457/X                              10     13     -3 (VIOLATED)
fanout462/X                              10     13     -3 (VIOLATED)
fanout468/X                              10     13     -3 (VIOLATED)
fanout476/X                              10     13     -3 (VIOLATED)
fanout488/X                              10     13     -3 (VIOLATED)
fanout497/X                              10     13     -3 (VIOLATED)
fanout500/X                              10     13     -3 (VIOLATED)
fanout501/X                              10     13     -3 (VIOLATED)
fanout513/X                              10     13     -3 (VIOLATED)
fanout516/X                              10     13     -3 (VIOLATED)
fanout546/X                              10     13     -3 (VIOLATED)
fanout575/X                              10     13     -3 (VIOLATED)
fanout581/X                              10     13     -3 (VIOLATED)
fanout623/X                              10     13     -3 (VIOLATED)
fanout625/X                              10     13     -3 (VIOLATED)
fanout631/X                              10     13     -3 (VIOLATED)
fanout701/X                              10     13     -3 (VIOLATED)
fanout712/X                              10     13     -3 (VIOLATED)
fanout721/X                              10     13     -3 (VIOLATED)
fanout722/X                              10     13     -3 (VIOLATED)
fanout734/X                              10     13     -3 (VIOLATED)
hold163/X                                10     13     -3 (VIOLATED)
hold207/X                                10     13     -3 (VIOLATED)
hold208/X                                10     13     -3 (VIOLATED)
hold218/X                                10     13     -3 (VIOLATED)
hold271/X                                10     13     -3 (VIOLATED)
hold34/X                                 10     13     -3 (VIOLATED)
hold347/X                                10     13     -3 (VIOLATED)
hold43/X                                 10     13     -3 (VIOLATED)
hold450/X                                10     13     -3 (VIOLATED)
hold46/X                                 10     13     -3 (VIOLATED)
hold471/X                                10     13     -3 (VIOLATED)
hold49/X                                 10     13     -3 (VIOLATED)
hold492/X                                10     13     -3 (VIOLATED)
hold54/X                                 10     13     -3 (VIOLATED)
hold57/X                                 10     13     -3 (VIOLATED)
hold654/X                                10     13     -3 (VIOLATED)
hold663/X                                10     13     -3 (VIOLATED)
hold664/X                                10     13     -3 (VIOLATED)
hold80/X                                 10     13     -3 (VIOLATED)
hold99/X                                 10     13     -3 (VIOLATED)
hold994/X                                10     13     -3 (VIOLATED)
load_slew688/X                           10     13     -3 (VIOLATED)
mprj.team_08_Wrapper.team_08_WB.instance_to_wrap/gpio_oeb[18]     10     13     -3 (VIOLATED)
mprj.team_08_Wrapper.team_08_WB.instance_to_wrap/gpio_oeb[9]     10     13     -3 (VIOLATED)
wire340/X                                10     13     -3 (VIOLATED)
wire532/X                                10     13     -3 (VIOLATED)
_7402_/Y                                 10     12     -2 (VIOLATED)
fanout287/X                              10     12     -2 (VIOLATED)
fanout698/X                              10     12     -2 (VIOLATED)
hold1165/X                               10     12     -2 (VIOLATED)
hold436/X                                10     12     -2 (VIOLATED)
hold736/X                                10     12     -2 (VIOLATED)
mprj.team_05_Wrapper.team_05_WB.instance_to_wrap/gpio_oeb[23]     10     12     -2 (VIOLATED)
mprj.team_05_Wrapper.team_05_WB.instance_to_wrap/gpio_oeb[30]     10     12     -2 (VIOLATED)
mprj.team_08_Wrapper.team_08_WB.instance_to_wrap/gpio_oeb[8]     10     12     -2 (VIOLATED)
mprj.team_08_Wrapper.team_08_WB.instance_to_wrap/gpio_out[2]     10     12     -2 (VIOLATED)
_4049_/Y                                 10     11        (VIOLATED)
_4055_/Y                                 10     11        (VIOLATED)
_4059_/Y                                 10     11        (VIOLATED)
_4122_/X                                 10     11        (VIOLATED)
_4131_/Y                                 10     11        (VIOLATED)
_4138_/X                                 10     11        (VIOLATED)
_4162_/X                                 10     11        (VIOLATED)
_4300_/X                                 10     11        (VIOLATED)
_4467_/X                                 10     11        (VIOLATED)
_4541_/X                                 10     11        (VIOLATED)
_4559_/Y                                 10     11        (VIOLATED)
_5280_/X                                 10     11        (VIOLATED)
_5378_/Y                                 10     11        (VIOLATED)
_5380_/Y                                 10     11        (VIOLATED)
_5397_/X                                 10     11        (VIOLATED)
_5421_/Y                                 10     11        (VIOLATED)
_5423_/Y                                 10     11        (VIOLATED)
_5425_/Y                                 10     11        (VIOLATED)
_5427_/Y                                 10     11        (VIOLATED)
_5429_/Y                                 10     11        (VIOLATED)
_5433_/Y                                 10     11        (VIOLATED)
_5435_/Y                                 10     11        (VIOLATED)
_5437_/Y                                 10     11        (VIOLATED)
_5439_/Y                                 10     11        (VIOLATED)
_5441_/Y                                 10     11        (VIOLATED)
_5443_/Y                                 10     11        (VIOLATED)
_5445_/Y                                 10     11        (VIOLATED)
_5447_/Y                                 10     11        (VIOLATED)
_5449_/Y                                 10     11        (VIOLATED)
_5451_/Y                                 10     11        (VIOLATED)
_5453_/Y                                 10     11        (VIOLATED)
_5455_/Y                                 10     11        (VIOLATED)
_5457_/Y                                 10     11        (VIOLATED)
_5459_/Y                                 10     11        (VIOLATED)
_5499_/Y                                 10     11        (VIOLATED)
_5601_/Y                                 10     11        (VIOLATED)
_5630_/X                                 10     11        (VIOLATED)
_5668_/X                                 10     11        (VIOLATED)
_5934_/X                                 10     11        (VIOLATED)
_5948_/Y                                 10     11        (VIOLATED)
_5957_/X                                 10     11        (VIOLATED)
_5961_/Y                                 10     11        (VIOLATED)
_5963_/Y                                 10     11        (VIOLATED)
_5967_/X                                 10     11        (VIOLATED)
_5971_/Y                                 10     11        (VIOLATED)
_6001_/Y                                 10     11        (VIOLATED)
_6004_/Y                                 10     11        (VIOLATED)
_6246_/X                                 10     11        (VIOLATED)
_6341_/X                                 10     11        (VIOLATED)
_6381_/X                                 10     11        (VIOLATED)
_6417_/X                                 10     11        (VIOLATED)
_6441_/Y                                 10     11        (VIOLATED)
_6445_/X                                 10     11        (VIOLATED)
_6449_/X                                 10     11        (VIOLATED)
_6453_/X                                 10     11        (VIOLATED)
_6735_/X                                 10     11        (VIOLATED)
_6736_/X                                 10     11        (VIOLATED)
_6915_/X                                 10     11        (VIOLATED)
_6940_/Y                                 10     11        (VIOLATED)
_7041_/X                                 10     11        (VIOLATED)
_7435_/X                                 10     11        (VIOLATED)
_7691_/X                                 10     11        (VIOLATED)
_7756_/X                                 10     11        (VIOLATED)
_7796_/X                                 10     11        (VIOLATED)
_7826_/X                                 10     11        (VIOLATED)
_7864_/X                                 10     11        (VIOLATED)
_7898_/X                                 10     11        (VIOLATED)
_7931_/X                                 10     11        (VIOLATED)
_7933_/X                                 10     11        (VIOLATED)
_7968_/X                                 10     11        (VIOLATED)
_8000_/X                                 10     11        (VIOLATED)
_8028_/Y                                 10     11        (VIOLATED)
_8036_/X                                 10     11        (VIOLATED)
_8065_/X                                 10     11        (VIOLATED)
_8594_/Q                                 10     11        (VIOLATED)
_8595_/Q                                 10     11        (VIOLATED)
_8599_/Q                                 10     11        (VIOLATED)
_8601_/Q                                 10     11        (VIOLATED)
_8603_/Q                                 10     11        (VIOLATED)
_8608_/Q                                 10     11        (VIOLATED)
_8614_/Q                                 10     11        (VIOLATED)
_8615_/Q                                 10     11        (VIOLATED)
_8627_/Q                                 10     11        (VIOLATED)
_8629_/Q                                 10     11        (VIOLATED)
_8633_/Q                                 10     11        (VIOLATED)
_8638_/Q                                 10     11        (VIOLATED)
_8639_/Q                                 10     11        (VIOLATED)
_8649_/Q                                 10     11        (VIOLATED)
_8655_/Q                                 10     11        (VIOLATED)
_8658_/Q                                 10     11        (VIOLATED)
_8659_/Q                                 10     11        (VIOLATED)
_8661_/Q                                 10     11        (VIOLATED)
_8670_/Q                                 10     11        (VIOLATED)
_8673_/Q                                 10     11        (VIOLATED)
_8678_/Q                                 10     11        (VIOLATED)
_8679_/Q                                 10     11        (VIOLATED)
_8683_/Q                                 10     11        (VIOLATED)
_8685_/Q                                 10     11        (VIOLATED)
_8689_/Q                                 10     11        (VIOLATED)
_8698_/Q                                 10     11        (VIOLATED)
_8701_/Q                                 10     11        (VIOLATED)
_8702_/Q                                 10     11        (VIOLATED)
_8703_/Q                                 10     11        (VIOLATED)
_8705_/Q                                 10     11        (VIOLATED)
_8715_/Q                                 10     11        (VIOLATED)
_8717_/Q                                 10     11        (VIOLATED)
_8719_/Q                                 10     11        (VIOLATED)
_8721_/Q                                 10     11        (VIOLATED)
fanout211/X                              10     11        (VIOLATED)
fanout223/X                              10     11        (VIOLATED)
fanout229/X                              10     11        (VIOLATED)
fanout244/X                              10     11        (VIOLATED)
fanout248/X                              10     11        (VIOLATED)
fanout264/X                              10     11        (VIOLATED)
fanout266/X                              10     11        (VIOLATED)
fanout281/X                              10     11        (VIOLATED)
fanout298/X                              10     11        (VIOLATED)
fanout315/X                              10     11        (VIOLATED)
fanout317/X                              10     11        (VIOLATED)
fanout330/X                              10     11        (VIOLATED)
fanout351/X                              10     11        (VIOLATED)
fanout374/X                              10     11        (VIOLATED)
fanout380/X                              10     11        (VIOLATED)
fanout386/X                              10     11        (VIOLATED)
fanout400/X                              10     11        (VIOLATED)
fanout408/X                              10     11        (VIOLATED)
fanout428/X                              10     11        (VIOLATED)
fanout439/X                              10     11        (VIOLATED)
fanout440/X                              10     11        (VIOLATED)
fanout445/X                              10     11        (VIOLATED)
fanout456/X                              10     11        (VIOLATED)
fanout466/X                              10     11        (VIOLATED)
fanout471/X                              10     11        (VIOLATED)
fanout472/X                              10     11        (VIOLATED)
fanout480/X                              10     11        (VIOLATED)
fanout487/X                              10     11        (VIOLATED)
fanout502/X                              10     11        (VIOLATED)
fanout507/X                              10     11        (VIOLATED)
fanout511/X                              10     11        (VIOLATED)
fanout520/X                              10     11        (VIOLATED)
fanout538/X                              10     11        (VIOLATED)
fanout544/X                              10     11        (VIOLATED)
fanout592/X                              10     11        (VIOLATED)
fanout596/X                              10     11        (VIOLATED)
fanout613/X                              10     11        (VIOLATED)
fanout621/X                              10     11        (VIOLATED)
fanout634/X                              10     11        (VIOLATED)
fanout678/X                              10     11        (VIOLATED)
fanout697/X                              10     11        (VIOLATED)
fanout704/X                              10     11        (VIOLATED)
fanout706/X                              10     11        (VIOLATED)
fanout713/X                              10     11        (VIOLATED)
fanout719/X                              10     11        (VIOLATED)
fanout726/X                              10     11        (VIOLATED)
fanout729/X                              10     11        (VIOLATED)
fanout739/X                              10     11        (VIOLATED)
fanout740/X                              10     11        (VIOLATED)
hold1044/X                               10     11        (VIOLATED)
hold11/X                                 10     11        (VIOLATED)
hold150/X                                10     11        (VIOLATED)
hold176/X                                10     11        (VIOLATED)
hold179/X                                10     11        (VIOLATED)
hold243/X                                10     11        (VIOLATED)
hold257/X                                10     11        (VIOLATED)
hold298/X                                10     11        (VIOLATED)
hold331/X                                10     11        (VIOLATED)
hold398/X                                10     11        (VIOLATED)
hold399/X                                10     11        (VIOLATED)
hold484/X                                10     11        (VIOLATED)
hold497/X                                10     11        (VIOLATED)
hold503/X                                10     11        (VIOLATED)
hold621/X                                10     11        (VIOLATED)
hold693/X                                10     11        (VIOLATED)
hold73/X                                 10     11        (VIOLATED)
hold740/X                                10     11        (VIOLATED)
hold868/X                                10     11        (VIOLATED)
input39/X                                10     11        (VIOLATED)
mprj.team_01_Wrapper.team_01_WB.instance_to_wrap/gpio_out[27]     10     11        (VIOLATED)
mprj.team_05_Wrapper.team_05_WB.instance_to_wrap/gpio_oeb[7]     10     11        (VIOLATED)
mprj.team_06_Wrapper.team_06_WB.instance_to_wrap/gpio_oeb[5]     10     11        (VIOLATED)
mprj.team_08_Wrapper.team_08_WB.instance_to_wrap/gpio_oeb[23]     10     11        (VIOLATED)

max capacitance

Pin                                        Limit         Cap       Slack
------------------------------------------------------------------------
clkbuf_1_0_1_wb_clk_i/X                 0.909128    1.363892   -0.454764 (VIOLATED)
clkbuf_1_1_1_wb_clk_i/X                 0.909128    1.300149   -0.391021 (VIOLATED)
hold218/X                               0.154734    0.270374   -0.115640 (VIOLATED)
hold400/X                               0.154734    0.217651   -0.062917 (VIOLATED)
hold399/X                               0.154734    0.213492   -0.058758 (VIOLATED)
hold1782/X                              0.154734    0.195388   -0.040654 (VIOLATED)
hold477/X                               0.154734    0.192633   -0.037899 (VIOLATED)
hold408/X                               0.154734    0.191520   -0.036786 (VIOLATED)
hold398/X                               0.154734    0.188649   -0.033915 (VIOLATED)
hold506/X                               0.154734    0.183335   -0.028601 (VIOLATED)
hold538/X                               0.154734    0.179759   -0.025025 (VIOLATED)
hold412/X                               0.154734    0.175331   -0.020597 (VIOLATED)
hold647/X                               0.154734    0.174915   -0.020181 (VIOLATED)
hold432/X                               0.154734    0.167823   -0.013089 (VIOLATED)
hold933/X                               0.154734    0.162075   -0.007341 (VIOLATED)
hold270/X                               0.154734    0.157893   -0.003159 (VIOLATED)
hold1043/X                              0.154734    0.156653   -0.001919 (VIOLATED)



===========================================================================
report_parasitic_annotation -report_unannotated
============================================================================
Found 497 unannotated drivers.
 analog_io[0]
 analog_io[10]
 analog_io[11]
 analog_io[12]
 analog_io[13]
 analog_io[14]
 analog_io[15]
 analog_io[16]
 analog_io[17]
 analog_io[18]
 analog_io[19]
 analog_io[1]
 analog_io[20]
 analog_io[21]
 analog_io[22]
 analog_io[23]
 analog_io[24]
 analog_io[25]
 analog_io[26]
 analog_io[27]
 analog_io[28]
 analog_io[2]
 analog_io[3]
 analog_io[4]
 analog_io[5]
 analog_io[6]
 analog_io[7]
 analog_io[8]
 analog_io[9]
 io_in[1]
 io_in[2]
 io_in[3]
 io_in[4]
 la_data_in[100]
 la_data_in[101]
 la_data_in[102]
 la_data_in[103]
 la_data_in[104]
 la_data_in[105]
 la_data_in[106]
 la_data_in[107]
 la_data_in[108]
 la_data_in[109]
 la_data_in[10]
 la_data_in[110]
 la_data_in[111]
 la_data_in[112]
 la_data_in[113]
 la_data_in[114]
 la_data_in[115]
 la_data_in[116]
 la_data_in[117]
 la_data_in[118]
 la_data_in[119]
 la_data_in[11]
 la_data_in[120]
 la_data_in[121]
 la_data_in[122]
 la_data_in[123]
 la_data_in[124]
 la_data_in[125]
 la_data_in[126]
 la_data_in[127]
 la_data_in[12]
 la_data_in[13]
 la_data_in[14]
 la_data_in[15]
 la_data_in[16]
 la_data_in[17]
 la_data_in[18]
 la_data_in[19]
 la_data_in[20]
 la_data_in[21]
 la_data_in[22]
 la_data_in[23]
 la_data_in[24]
 la_data_in[25]
 la_data_in[26]
 la_data_in[27]
 la_data_in[28]
 la_data_in[29]
 la_data_in[2]
 la_data_in[30]
 la_data_in[31]
 la_data_in[32]
 la_data_in[33]
 la_data_in[34]
 la_data_in[35]
 la_data_in[36]
 la_data_in[37]
 la_data_in[38]
 la_data_in[39]
 la_data_in[3]
 la_data_in[40]
 la_data_in[41]
 la_data_in[42]
 la_data_in[43]
 la_data_in[44]
 la_data_in[45]
 la_data_in[46]
 la_data_in[47]
 la_data_in[48]
 la_data_in[49]
 la_data_in[4]
 la_data_in[50]
 la_data_in[51]
 la_data_in[52]
 la_data_in[53]
 la_data_in[54]
 la_data_in[55]
 la_data_in[56]
 la_data_in[57]
 la_data_in[58]
 la_data_in[59]
 la_data_in[5]
 la_data_in[60]
 la_data_in[61]
 la_data_in[62]
 la_data_in[63]
 la_data_in[64]
 la_data_in[65]
 la_data_in[66]
 la_data_in[67]
 la_data_in[68]
 la_data_in[69]
 la_data_in[6]
 la_data_in[70]
 la_data_in[71]
 la_data_in[72]
 la_data_in[73]
 la_data_in[74]
 la_data_in[75]
 la_data_in[76]
 la_data_in[77]
 la_data_in[78]
 la_data_in[79]
 la_data_in[7]
 la_data_in[80]
 la_data_in[81]
 la_data_in[82]
 la_data_in[83]
 la_data_in[84]
 la_data_in[85]
 la_data_in[86]
 la_data_in[87]
 la_data_in[88]
 la_data_in[89]
 la_data_in[8]
 la_data_in[90]
 la_data_in[91]
 la_data_in[92]
 la_data_in[93]
 la_data_in[94]
 la_data_in[95]
 la_data_in[96]
 la_data_in[97]
 la_data_in[98]
 la_data_in[99]
 la_data_in[9]
 la_oenb[100]
 la_oenb[101]
 la_oenb[102]
 la_oenb[103]
 la_oenb[104]
 la_oenb[105]
 la_oenb[106]
 la_oenb[107]
 la_oenb[108]
 la_oenb[109]
 la_oenb[10]
 la_oenb[110]
 la_oenb[111]
 la_oenb[112]
 la_oenb[113]
 la_oenb[114]
 la_oenb[115]
 la_oenb[116]
 la_oenb[117]
 la_oenb[118]
 la_oenb[119]
 la_oenb[11]
 la_oenb[120]
 la_oenb[121]
 la_oenb[122]
 la_oenb[123]
 la_oenb[124]
 la_oenb[125]
 la_oenb[126]
 la_oenb[127]
 la_oenb[12]
 la_oenb[13]
 la_oenb[14]
 la_oenb[15]
 la_oenb[16]
 la_oenb[17]
 la_oenb[18]
 la_oenb[19]
 la_oenb[20]
 la_oenb[21]
 la_oenb[22]
 la_oenb[23]
 la_oenb[24]
 la_oenb[25]
 la_oenb[26]
 la_oenb[27]
 la_oenb[28]
 la_oenb[29]
 la_oenb[2]
 la_oenb[30]
 la_oenb[31]
 la_oenb[32]
 la_oenb[33]
 la_oenb[34]
 la_oenb[35]
 la_oenb[36]
 la_oenb[37]
 la_oenb[38]
 la_oenb[39]
 la_oenb[3]
 la_oenb[40]
 la_oenb[41]
 la_oenb[42]
 la_oenb[43]
 la_oenb[44]
 la_oenb[45]
 la_oenb[46]
 la_oenb[47]
 la_oenb[48]
 la_oenb[49]
 la_oenb[4]
 la_oenb[50]
 la_oenb[51]
 la_oenb[52]
 la_oenb[53]
 la_oenb[54]
 la_oenb[55]
 la_oenb[56]
 la_oenb[57]
 la_oenb[58]
 la_oenb[59]
 la_oenb[5]
 la_oenb[60]
 la_oenb[61]
 la_oenb[62]
 la_oenb[63]
 la_oenb[64]
 la_oenb[65]
 la_oenb[66]
 la_oenb[67]
 la_oenb[68]
 la_oenb[69]
 la_oenb[6]
 la_oenb[70]
 la_oenb[71]
 la_oenb[72]
 la_oenb[73]
 la_oenb[74]
 la_oenb[75]
 la_oenb[76]
 la_oenb[77]
 la_oenb[78]
 la_oenb[79]
 la_oenb[7]
 la_oenb[80]
 la_oenb[81]
 la_oenb[82]
 la_oenb[83]
 la_oenb[84]
 la_oenb[85]
 la_oenb[86]
 la_oenb[87]
 la_oenb[88]
 la_oenb[89]
 la_oenb[8]
 la_oenb[90]
 la_oenb[91]
 la_oenb[92]
 la_oenb[93]
 la_oenb[94]
 la_oenb[95]
 la_oenb[96]
 la_oenb[97]
 la_oenb[98]
 la_oenb[99]
 la_oenb[9]
 user_clock2
 wbs_sel_i[0]
 wbs_sel_i[1]
 wbs_sel_i[2]
 wbs_sel_i[3]
 _8505__933/LO
 clkload0/X
 clkload1/Y
 clkload10/X
 clkload11/Y
 clkload12/Y
 clkload13/Y
 clkload14/Y
 clkload15/X
 clkload16/X
 clkload17/X
 clkload18/X
 clkload19/X
 clkload2/X
 clkload20/X
 clkload21/X
 clkload22/X
 clkload23/X
 clkload24/X
 clkload25/X
 clkload26/X
 clkload27/X
 clkload28/X
 clkload29/X
 clkload3/Y
 clkload30/X
 clkload31/X
 clkload32/X
 clkload33/X
 clkload34/X
 clkload35/X
 clkload36/X
 clkload37/X
 clkload38/X
 clkload39/X
 clkload4/Y
 clkload40/X
 clkload41/X
 clkload42/X
 clkload43/X
 clkload44/X
 clkload45/X
 clkload46/X
 clkload5/Y
 clkload6/Y
 clkload7/Y
 clkload8/Y
 clkload9/Y
 mprj.team_01_Wrapper.team_01_WB.instance_to_wrap/SEL_O[0]
 mprj.team_01_Wrapper.team_01_WB.instance_to_wrap/SEL_O[1]
 mprj.team_01_Wrapper.team_01_WB.instance_to_wrap/SEL_O[2]
 mprj.team_01_Wrapper.team_01_WB.instance_to_wrap/SEL_O[3]
 mprj.team_02_Wrapper.team_02_WB.instance_to_wrap/SEL_O[0]
 mprj.team_02_Wrapper.team_02_WB.instance_to_wrap/SEL_O[1]
 mprj.team_02_Wrapper.team_02_WB.instance_to_wrap/SEL_O[2]
 mprj.team_02_Wrapper.team_02_WB.instance_to_wrap/SEL_O[3]
 mprj.team_03_Wrapper.team_03_WB.instance_to_wrap/SEL_O[0]
 mprj.team_03_Wrapper.team_03_WB.instance_to_wrap/SEL_O[1]
 mprj.team_03_Wrapper.team_03_WB.instance_to_wrap/SEL_O[2]
 mprj.team_03_Wrapper.team_03_WB.instance_to_wrap/SEL_O[3]
 mprj.team_04_Wrapper.team_04_WB.instance_to_wrap/SEL_O[0]
 mprj.team_04_Wrapper.team_04_WB.instance_to_wrap/SEL_O[1]
 mprj.team_04_Wrapper.team_04_WB.instance_to_wrap/SEL_O[2]
 mprj.team_04_Wrapper.team_04_WB.instance_to_wrap/SEL_O[3]
 mprj.team_05_Wrapper.team_05_WB.instance_to_wrap/SEL_O[0]
 mprj.team_05_Wrapper.team_05_WB.instance_to_wrap/SEL_O[1]
 mprj.team_05_Wrapper.team_05_WB.instance_to_wrap/SEL_O[2]
 mprj.team_05_Wrapper.team_05_WB.instance_to_wrap/SEL_O[3]
 user_project_wrapper_798/HI
 user_project_wrapper_799/HI
 user_project_wrapper_800/HI
 user_project_wrapper_801/HI
 user_project_wrapper_802/HI
 user_project_wrapper_803/HI
 user_project_wrapper_804/HI
 user_project_wrapper_805/HI
 user_project_wrapper_806/HI
 user_project_wrapper_807/HI
 user_project_wrapper_808/HI
 user_project_wrapper_809/HI
 user_project_wrapper_810/HI
 user_project_wrapper_811/HI
 user_project_wrapper_812/HI
 user_project_wrapper_813/HI
 user_project_wrapper_814/HI
 user_project_wrapper_815/HI
 user_project_wrapper_816/HI
 user_project_wrapper_817/HI
 user_project_wrapper_818/HI
 user_project_wrapper_819/HI
 user_project_wrapper_820/HI
 user_project_wrapper_821/HI
 user_project_wrapper_822/HI
 user_project_wrapper_823/HI
 user_project_wrapper_824/HI
 user_project_wrapper_825/HI
 user_project_wrapper_826/HI
 user_project_wrapper_827/HI
 user_project_wrapper_828/HI
 user_project_wrapper_829/HI
 user_project_wrapper_830/HI
 user_project_wrapper_831/HI
 user_project_wrapper_832/HI
 user_project_wrapper_833/HI
 user_project_wrapper_834/HI
 user_project_wrapper_835/HI
 user_project_wrapper_836/HI
 user_project_wrapper_837/HI
 user_project_wrapper_838/HI
 user_project_wrapper_839/HI
 user_project_wrapper_840/HI
 user_project_wrapper_841/HI
 user_project_wrapper_842/HI
 user_project_wrapper_843/HI
 user_project_wrapper_844/HI
 user_project_wrapper_845/HI
 user_project_wrapper_846/HI
 user_project_wrapper_847/HI
 user_project_wrapper_848/HI
 user_project_wrapper_849/HI
 user_project_wrapper_850/HI
 user_project_wrapper_851/HI
 user_project_wrapper_852/HI
 user_project_wrapper_853/HI
 user_project_wrapper_854/HI
 user_project_wrapper_855/HI
 user_project_wrapper_856/HI
 user_project_wrapper_857/HI
 user_project_wrapper_858/HI
 user_project_wrapper_859/HI
 user_project_wrapper_860/HI
 user_project_wrapper_861/HI
 user_project_wrapper_862/HI
 user_project_wrapper_863/HI
 user_project_wrapper_864/HI
 user_project_wrapper_865/HI
 user_project_wrapper_866/HI
 user_project_wrapper_867/HI
 user_project_wrapper_868/HI
 user_project_wrapper_869/HI
 user_project_wrapper_870/HI
 user_project_wrapper_871/HI
 user_project_wrapper_872/HI
 user_project_wrapper_873/HI
 user_project_wrapper_874/HI
 user_project_wrapper_875/HI
 user_project_wrapper_876/HI
 user_project_wrapper_877/HI
 user_project_wrapper_878/HI
 user_project_wrapper_879/HI
 user_project_wrapper_880/HI
 user_project_wrapper_881/HI
 user_project_wrapper_882/HI
 user_project_wrapper_883/HI
 user_project_wrapper_884/HI
 user_project_wrapper_885/HI
 user_project_wrapper_886/HI
 user_project_wrapper_887/HI
 user_project_wrapper_888/HI
 user_project_wrapper_889/HI
 user_project_wrapper_890/HI
 user_project_wrapper_891/HI
 user_project_wrapper_892/HI
 user_project_wrapper_893/HI
 user_project_wrapper_894/HI
 user_project_wrapper_895/HI
 user_project_wrapper_896/HI
 user_project_wrapper_897/HI
 user_project_wrapper_898/HI
 user_project_wrapper_899/HI
 user_project_wrapper_900/HI
 user_project_wrapper_901/HI
 user_project_wrapper_902/HI
 user_project_wrapper_903/HI
 user_project_wrapper_904/HI
 user_project_wrapper_905/HI
 user_project_wrapper_906/HI
 user_project_wrapper_907/HI
 user_project_wrapper_908/HI
 user_project_wrapper_909/HI
 user_project_wrapper_910/HI
 user_project_wrapper_911/HI
 user_project_wrapper_912/HI
 user_project_wrapper_913/HI
 user_project_wrapper_914/HI
 user_project_wrapper_915/HI
 user_project_wrapper_916/HI
 user_project_wrapper_917/HI
 user_project_wrapper_918/HI
 user_project_wrapper_919/HI
 user_project_wrapper_920/HI
 user_project_wrapper_921/HI
 user_project_wrapper_922/HI
 user_project_wrapper_923/HI
 user_project_wrapper_924/HI
 user_project_wrapper_925/HI
 user_project_wrapper_926/HI
 user_project_wrapper_927/HI
 user_project_wrapper_928/HI
 user_project_wrapper_929/HI
 user_project_wrapper_930/HI
 user_project_wrapper_931/HI
 user_project_wrapper_932/HI
 user_project_wrapper_934/LO
 user_project_wrapper_935/LO
 user_project_wrapper_936/LO
 user_project_wrapper_937/LO
Found 40 partially unannotated drivers.
 _7393_/X
  mprj.sram.sram_inst/din0[31]
 _7394_/Y
  mprj.sram.sram_inst/din0[30]
 _7395_/Y
  mprj.sram.sram_inst/din0[29]
 _7396_/Y
  mprj.sram.sram_inst/din0[28]
 _7397_/Y
  mprj.sram.sram_inst/din0[27]
 _7398_/Y
  mprj.sram.sram_inst/din0[26]
 _7399_/Y
  mprj.sram.sram_inst/din0[25]
 _7400_/Y
  mprj.sram.sram_inst/din0[24]
 _7401_/Y
  mprj.sram.sram_inst/din0[23]
 _7402_/Y
  mprj.sram.sram_inst/din0[22]
 _7403_/Y
  mprj.sram.sram_inst/din0[21]
 _7404_/Y
  mprj.sram.sram_inst/din0[20]
 _7405_/Y
  mprj.sram.sram_inst/din0[19]
 _7406_/Y
  mprj.sram.sram_inst/din0[18]
 _7407_/Y
  mprj.sram.sram_inst/din0[17]
 _7408_/Y
  mprj.sram.sram_inst/din0[16]
 _7409_/Y
  mprj.sram.sram_inst/din0[15]
 _7410_/Y
  mprj.sram.sram_inst/din0[14]
 _7411_/Y
  mprj.sram.sram_inst/din0[13]
 _7412_/Y
  mprj.sram.sram_inst/din0[12]
 _7413_/Y
  mprj.sram.sram_inst/din0[11]
 _7414_/Y
  mprj.sram.sram_inst/din0[10]
 _7415_/Y
  mprj.sram.sram_inst/din0[9]
 _7416_/Y
  mprj.sram.sram_inst/din0[8]
 _7417_/Y
  mprj.sram.sram_inst/din0[7]
 _7418_/Y
  mprj.sram.sram_inst/din0[6]
 _7419_/Y
  mprj.sram.sram_inst/din0[5]
 _7420_/Y
  mprj.sram.sram_inst/din0[4]
 _7421_/Y
  mprj.sram.sram_inst/din0[3]
 _7422_/Y
  mprj.sram.sram_inst/din0[2]
 _7423_/Y
  mprj.sram.sram_inst/din0[1]
 _7424_/Y
  mprj.sram.sram_inst/din0[0]
 _7425_/Y
  mprj.sram.sram_inst/addr0[7]
  mprj.sram.sram_inst/addr1[7]
 _7426_/Y
  mprj.sram.sram_inst/addr0[6]
  mprj.sram.sram_inst/addr1[6]
 _7427_/X
  mprj.sram.sram_inst/addr0[5]
  mprj.sram.sram_inst/addr1[5]
 _7428_/Y
  mprj.sram.sram_inst/addr0[4]
  mprj.sram.sram_inst/addr1[4]
 _7429_/Y
  mprj.sram.sram_inst/addr0[3]
  mprj.sram.sram_inst/addr1[3]
 _7430_/Y
  mprj.sram.sram_inst/addr0[2]
  mprj.sram.sram_inst/addr1[2]
 _7431_/Y
  mprj.sram.sram_inst/addr0[1]
  mprj.sram.sram_inst/addr1[1]
 _7432_/Y
  mprj.sram.sram_inst/addr0[0]
  mprj.sram.sram_inst/addr1[0]

===========================================================================
max slew violation count 1511
max fanout violation count 980
max cap violation count 17
============================================================================

===========================================================================
check_setup -verbose -unconstrained_endpoints -multiple_clock -no_clock -no_input_delay -loops -generated_clocks
===========================================================================
Warning: There are 68 input ports missing set_input_delay.
  analog_io[0]
  analog_io[10]
  analog_io[11]
  analog_io[12]
  analog_io[13]
  analog_io[14]
  analog_io[15]
  analog_io[16]
  analog_io[17]
  analog_io[18]
  analog_io[19]
  analog_io[1]
  analog_io[20]
  analog_io[21]
  analog_io[22]
  analog_io[23]
  analog_io[24]
  analog_io[25]
  analog_io[26]
  analog_io[27]
  analog_io[28]
  analog_io[2]
  analog_io[3]
  analog_io[4]
  analog_io[5]
  analog_io[6]
  analog_io[7]
  analog_io[8]
  analog_io[9]
  io_in[0]
  io_in[10]
  io_in[11]
  io_in[12]
  io_in[13]
  io_in[14]
  io_in[15]
  io_in[16]
  io_in[17]
  io_in[18]
  io_in[19]
  io_in[1]
  io_in[20]
  io_in[21]
  io_in[22]
  io_in[23]
  io_in[24]
  io_in[25]
  io_in[26]
  io_in[27]
  io_in[28]
  io_in[29]
  io_in[2]
  io_in[30]
  io_in[31]
  io_in[32]
  io_in[33]
  io_in[34]
  io_in[35]
  io_in[36]
  io_in[37]
  io_in[3]
  io_in[4]
  io_in[5]
  io_in[6]
  io_in[7]
  io_in[8]
  io_in[9]
  user_clock2
Warning: There are 316 unconstrained endpoints.
  analog_io[0]
  analog_io[10]
  analog_io[11]
  analog_io[12]
  analog_io[13]
  analog_io[14]
  analog_io[15]
  analog_io[16]
  analog_io[17]
  analog_io[18]
  analog_io[19]
  analog_io[1]
  analog_io[20]
  analog_io[21]
  analog_io[22]
  analog_io[23]
  analog_io[24]
  analog_io[25]
  analog_io[26]
  analog_io[27]
  analog_io[28]
  analog_io[2]
  analog_io[3]
  analog_io[4]
  analog_io[5]
  analog_io[6]
  analog_io[7]
  analog_io[8]
  analog_io[9]
  io_oeb[0]
  io_oeb[10]
  io_oeb[11]
  io_oeb[12]
  io_oeb[13]
  io_oeb[14]
  io_oeb[15]
  io_oeb[16]
  io_oeb[17]
  io_oeb[18]
  io_oeb[19]
  io_oeb[1]
  io_oeb[20]
  io_oeb[21]
  io_oeb[22]
  io_oeb[23]
  io_oeb[24]
  io_oeb[25]
  io_oeb[26]
  io_oeb[27]
  io_oeb[28]
  io_oeb[29]
  io_oeb[2]
  io_oeb[30]
  io_oeb[31]
  io_oeb[32]
  io_oeb[33]
  io_oeb[34]
  io_oeb[35]
  io_oeb[36]
  io_oeb[37]
  io_oeb[3]
  io_oeb[4]
  io_oeb[5]
  io_oeb[6]
  io_oeb[7]
  io_oeb[8]
  io_oeb[9]
  io_out[0]
  io_out[10]
  io_out[11]
  io_out[12]
  io_out[13]
  io_out[14]
  io_out[15]
  io_out[16]
  io_out[17]
  io_out[18]
  io_out[19]
  io_out[1]
  io_out[20]
  io_out[21]
  io_out[22]
  io_out[23]
  io_out[24]
  io_out[25]
  io_out[26]
  io_out[27]
  io_out[28]
  io_out[29]
  io_out[2]
  io_out[30]
  io_out[31]
  io_out[32]
  io_out[33]
  io_out[34]
  io_out[35]
  io_out[36]
  io_out[37]
  io_out[3]
  io_out[4]
  io_out[5]
  io_out[6]
  io_out[7]
  io_out[8]
  io_out[9]
  la_data_out[0]
  la_data_out[100]
  la_data_out[101]
  la_data_out[102]
  la_data_out[103]
  la_data_out[104]
  la_data_out[105]
  la_data_out[106]
  la_data_out[107]
  la_data_out[108]
  la_data_out[109]
  la_data_out[10]
  la_data_out[110]
  la_data_out[111]
  la_data_out[112]
  la_data_out[113]
  la_data_out[114]
  la_data_out[115]
  la_data_out[116]
  la_data_out[117]
  la_data_out[118]
  la_data_out[119]
  la_data_out[11]
  la_data_out[120]
  la_data_out[121]
  la_data_out[122]
  la_data_out[123]
  la_data_out[124]
  la_data_out[125]
  la_data_out[126]
  la_data_out[127]
  la_data_out[12]
  la_data_out[13]
  la_data_out[14]
  la_data_out[15]
  la_data_out[16]
  la_data_out[17]
  la_data_out[18]
  la_data_out[19]
  la_data_out[1]
  la_data_out[20]
  la_data_out[21]
  la_data_out[22]
  la_data_out[23]
  la_data_out[24]
  la_data_out[25]
  la_data_out[26]
  la_data_out[27]
  la_data_out[28]
  la_data_out[29]
  la_data_out[2]
  la_data_out[30]
  la_data_out[31]
  la_data_out[32]
  la_data_out[33]
  la_data_out[34]
  la_data_out[35]
  la_data_out[36]
  la_data_out[37]
  la_data_out[38]
  la_data_out[39]
  la_data_out[3]
  la_data_out[40]
  la_data_out[41]
  la_data_out[42]
  la_data_out[43]
  la_data_out[44]
  la_data_out[45]
  la_data_out[46]
  la_data_out[47]
  la_data_out[48]
  la_data_out[49]
  la_data_out[4]
  la_data_out[50]
  la_data_out[51]
  la_data_out[52]
  la_data_out[53]
  la_data_out[54]
  la_data_out[55]
  la_data_out[56]
  la_data_out[57]
  la_data_out[58]
  la_data_out[59]
  la_data_out[5]
  la_data_out[60]
  la_data_out[61]
  la_data_out[62]
  la_data_out[63]
  la_data_out[64]
  la_data_out[65]
  la_data_out[66]
  la_data_out[67]
  la_data_out[68]
  la_data_out[69]
  la_data_out[6]
  la_data_out[70]
  la_data_out[71]
  la_data_out[72]
  la_data_out[73]
  la_data_out[74]
  la_data_out[75]
  la_data_out[76]
  la_data_out[77]
  la_data_out[78]
  la_data_out[79]
  la_data_out[7]
  la_data_out[80]
  la_data_out[81]
  la_data_out[82]
  la_data_out[83]
  la_data_out[84]
  la_data_out[85]
  la_data_out[86]
  la_data_out[87]
  la_data_out[88]
  la_data_out[89]
  la_data_out[8]
  la_data_out[90]
  la_data_out[91]
  la_data_out[92]
  la_data_out[93]
  la_data_out[94]
  la_data_out[95]
  la_data_out[96]
  la_data_out[97]
  la_data_out[98]
  la_data_out[99]
  la_data_out[9]
  user_irq[0]
  user_irq[1]
  user_irq[2]
  _8505_/D
  mprj.team_01_Wrapper.team_01_WB.instance_to_wrap/gpio_in[12]
  mprj.team_01_Wrapper.team_01_WB.instance_to_wrap/gpio_in[13]
  mprj.team_01_Wrapper.team_01_WB.instance_to_wrap/gpio_in[14]
  mprj.team_01_Wrapper.team_01_WB.instance_to_wrap/gpio_in[15]
  mprj.team_02_Wrapper.team_02_WB.instance_to_wrap/gpio_in[15]
  mprj.team_02_Wrapper.team_02_WB.instance_to_wrap/gpio_in[16]
  mprj.team_02_Wrapper.team_02_WB.instance_to_wrap/gpio_in[17]
  mprj.team_02_Wrapper.team_02_WB.instance_to_wrap/gpio_in[18]
  mprj.team_03_Wrapper.team_03_WB.instance_to_wrap/gpio_in[0]
  mprj.team_03_Wrapper.team_03_WB.instance_to_wrap/gpio_in[10]
  mprj.team_03_Wrapper.team_03_WB.instance_to_wrap/gpio_in[11]
  mprj.team_03_Wrapper.team_03_WB.instance_to_wrap/gpio_in[12]
  mprj.team_03_Wrapper.team_03_WB.instance_to_wrap/gpio_in[13]
  mprj.team_03_Wrapper.team_03_WB.instance_to_wrap/gpio_in[14]
  mprj.team_03_Wrapper.team_03_WB.instance_to_wrap/gpio_in[15]
  mprj.team_03_Wrapper.team_03_WB.instance_to_wrap/gpio_in[16]
  mprj.team_03_Wrapper.team_03_WB.instance_to_wrap/gpio_in[17]
  mprj.team_03_Wrapper.team_03_WB.instance_to_wrap/gpio_in[18]
  mprj.team_03_Wrapper.team_03_WB.instance_to_wrap/gpio_in[19]
  mprj.team_03_Wrapper.team_03_WB.instance_to_wrap/gpio_in[1]
  mprj.team_03_Wrapper.team_03_WB.instance_to_wrap/gpio_in[20]
  mprj.team_03_Wrapper.team_03_WB.instance_to_wrap/gpio_in[21]
  mprj.team_03_Wrapper.team_03_WB.instance_to_wrap/gpio_in[22]
  mprj.team_03_Wrapper.team_03_WB.instance_to_wrap/gpio_in[23]
  mprj.team_03_Wrapper.team_03_WB.instance_to_wrap/gpio_in[24]
  mprj.team_03_Wrapper.team_03_WB.instance_to_wrap/gpio_in[25]
  mprj.team_03_Wrapper.team_03_WB.instance_to_wrap/gpio_in[26]
  mprj.team_03_Wrapper.team_03_WB.instance_to_wrap/gpio_in[27]
  mprj.team_03_Wrapper.team_03_WB.instance_to_wrap/gpio_in[28]
  mprj.team_03_Wrapper.team_03_WB.instance_to_wrap/gpio_in[29]
  mprj.team_03_Wrapper.team_03_WB.instance_to_wrap/gpio_in[2]
  mprj.team_03_Wrapper.team_03_WB.instance_to_wrap/gpio_in[30]
  mprj.team_03_Wrapper.team_03_WB.instance_to_wrap/gpio_in[31]
  mprj.team_03_Wrapper.team_03_WB.instance_to_wrap/gpio_in[3]
  mprj.team_03_Wrapper.team_03_WB.instance_to_wrap/gpio_in[4]
  mprj.team_03_Wrapper.team_03_WB.instance_to_wrap/gpio_in[5]
  mprj.team_03_Wrapper.team_03_WB.instance_to_wrap/gpio_in[6]
  mprj.team_03_Wrapper.team_03_WB.instance_to_wrap/gpio_in[7]
  mprj.team_03_Wrapper.team_03_WB.instance_to_wrap/gpio_in[8]
  mprj.team_03_Wrapper.team_03_WB.instance_to_wrap/gpio_in[9]
  mprj.team_04_Wrapper.team_04_WB.instance_to_wrap/gpio_in[5]
  mprj.team_05_Wrapper.team_05_WB.instance_to_wrap/gpio_in[30]
  mprj.team_05_Wrapper.team_05_WB.instance_to_wrap/gpio_in[31]
  mprj.team_05_Wrapper.team_05_WB.instance_to_wrap/gpio_in[32]
  mprj.team_05_Wrapper.team_05_WB.instance_to_wrap/gpio_in[33]
  mprj.team_06_Wrapper.team_06_WB.instance_to_wrap/gpio_in[0]
  mprj.team_06_Wrapper.team_06_WB.instance_to_wrap/gpio_in[1]
  mprj.team_06_Wrapper.team_06_WB.instance_to_wrap/gpio_in[2]
  mprj.team_06_Wrapper.team_06_WB.instance_to_wrap/gpio_in[3]
  mprj.team_06_Wrapper.team_06_WB.instance_to_wrap/gpio_in[4]
  mprj.team_06_Wrapper.team_06_WB.instance_to_wrap/gpio_in[5]
  mprj.team_07_Wrapper.team_07_WB.instance_to_wrap/gpio_in[18]
  mprj.team_07_Wrapper.team_07_WB.instance_to_wrap/gpio_in[19]
  mprj.team_07_Wrapper.team_07_WB.instance_to_wrap/gpio_in[20]
  mprj.team_07_Wrapper.team_07_WB.instance_to_wrap/gpio_in[21]
  mprj.team_07_Wrapper.team_07_WB.instance_to_wrap/gpio_in[22]
  mprj.team_07_Wrapper.team_07_WB.instance_to_wrap/gpio_in[23]
  mprj.team_08_Wrapper.team_08_WB.instance_to_wrap/gpio_in[0]
  mprj.team_08_Wrapper.team_08_WB.instance_to_wrap/gpio_in[1]
  mprj.team_09_Wrapper.team_09_WB.instance_to_wrap/gpio_in[25]
  mprj.team_09_Wrapper.team_09_WB.instance_to_wrap/gpio_in[26]
  mprj.team_09_Wrapper.team_09_WB.instance_to_wrap/gpio_in[27]
  mprj.team_09_Wrapper.team_09_WB.instance_to_wrap/gpio_in[28]
  mprj.team_09_Wrapper.team_09_WB.instance_to_wrap/gpio_in[29]
  mprj.team_09_Wrapper.team_09_WB.instance_to_wrap/gpio_in[30]
  mprj.team_09_Wrapper.team_09_WB.instance_to_wrap/gpio_in[31]
  mprj.team_10_Wrapper.team_10_WB.instance_to_wrap/gpio_in[20]
  mprj.team_10_Wrapper.team_10_WB.instance_to_wrap/gpio_in[21]
  mprj.team_10_Wrapper.team_10_WB.instance_to_wrap/gpio_in[22]
  mprj.team_10_Wrapper.team_10_WB.instance_to_wrap/gpio_in[23]
  mprj.team_10_Wrapper.team_10_WB.instance_to_wrap/gpio_in[24]
  mprj.team_10_Wrapper.team_10_WB.instance_to_wrap/gpio_in[33]
  mprj.team_11_Wrapper.team_11_WB.instance_to_wrap/gpio_in[30]
  mprj.team_11_Wrapper.team_11_WB.instance_to_wrap/gpio_in[31]
  mprj.team_11_Wrapper.team_11_WB.instance_to_wrap/gpio_in[32]
  mprj.team_11_Wrapper.team_11_WB.instance_to_wrap/gpio_in[33]
  mprj.team_12_Wrapper.team_12_WB.instance_to_wrap/gpio_in[0]
  mprj.team_12_Wrapper.team_12_WB.instance_to_wrap/gpio_in[1]
  mprj.team_12_Wrapper.team_12_WB.instance_to_wrap/gpio_in[2]
