
===========================================================================
report_checks -unconstrained
===========================================================================
======================= min_ss_100C_1v60 Corner ===================================

Startpoint: wb_rst_i (input port clocked by clk)
Endpoint: _8675_ (recovery check against rising-edge clock clk)
Path Group: asynchronous
Path Type: max

Fanout         Cap        Slew       Delay        Time   Description
---------------------------------------------------------------------------------------------
                                  0.000000    0.000000   clock clk (rise edge)
                                  5.570000    5.570000   clock network delay (propagated)
                                 50.000000   55.570000 v input external delay
     2    0.016096    0.000000    0.000000   55.570000 v wb_rst_i (in)
                                                         wb_rst_i (net)
                      0.000716    0.000359   55.570358 v input39/A (sky130_fd_sc_hd__buf_12)
    11    0.358199    0.192813    0.260055   55.830414 v input39/X (sky130_fd_sc_hd__buf_12)
                                                         net39 (net)
                      0.653217    0.306564   56.136978 v fanout740/A (sky130_fd_sc_hd__buf_12)
    11    0.460698    0.331490    0.688218   56.825195 v fanout740/X (sky130_fd_sc_hd__buf_12)
                                                         net740 (net)
                      0.442165    0.137749   56.962944 v fanout739/A (sky130_fd_sc_hd__buf_8)
    11    0.163962    0.212438    0.498730   57.461674 v fanout739/X (sky130_fd_sc_hd__buf_8)
                                                         net739 (net)
                      0.232605    0.049813   57.511486 v fanout738/A (sky130_fd_sc_hd__clkbuf_16)
    15    0.217223    0.234135    0.471932   57.983418 v fanout738/X (sky130_fd_sc_hd__clkbuf_16)
                                                         net738 (net)
                      0.244452    0.036948   58.020367 v fanout737/A (sky130_fd_sc_hd__buf_8)
    21    0.149142    0.194013    0.403336   58.423702 v fanout737/X (sky130_fd_sc_hd__buf_8)
                                                         net737 (net)
                      0.196258    0.017263   58.440968 v fanout735/A (sky130_fd_sc_hd__buf_6)
    21    0.119183    0.185849    0.403517   58.844482 v fanout735/X (sky130_fd_sc_hd__buf_6)
                                                         net735 (net)
                      0.185935    0.003869   58.848351 v _8326_/A (sky130_fd_sc_hd__inv_2)
     1    0.004314    0.066530    0.119609   58.967960 ^ _8326_/Y (sky130_fd_sc_hd__inv_2)
                                                         _0172_ (net)
                      0.066530    0.000046   58.968006 ^ _8675_/RESET_B (sky130_fd_sc_hd__dfrtp_4)
                                             58.968006   data arrival time

                                100.000000  100.000000   clock clk (rise edge)
                                  4.650000  104.649994   clock source latency
     4    0.351479    0.610000    0.000000  104.649994 ^ wb_clk_i (in)
                                                         wb_clk_i (net)
                      1.279239    0.334623  104.984619 ^ clkbuf_regs_0_clk/A (sky130_fd_sc_hd__clkbuf_16)
     1    0.015824    0.088553    0.619927  105.604546 ^ clkbuf_regs_0_clk/X (sky130_fd_sc_hd__clkbuf_16)
                                                         delaynet_0_clk (net)
                      0.088553    0.000689  105.605232 ^ delaybuf_0_clk/A (sky130_fd_sc_hd__clkbuf_16)
     1    0.016329    0.062862    0.224681  105.829918 ^ delaybuf_0_clk/X (sky130_fd_sc_hd__clkbuf_16)
                                                         delaynet_1_clk (net)
                      0.062862    0.000760  105.830673 ^ delaybuf_1_clk/A (sky130_fd_sc_hd__clkbuf_16)
     1    0.013892    0.059834    0.209610  106.040283 ^ delaybuf_1_clk/X (sky130_fd_sc_hd__clkbuf_16)
                                                         wb_clk_i_regs (net)
                      0.059834    0.000554  106.040840 ^ clkbuf_0_wb_clk_i_regs/A (sky130_fd_sc_hd__clkbuf_16)
     5    0.103997    0.182461    0.312554  106.353394 ^ clkbuf_0_wb_clk_i_regs/X (sky130_fd_sc_hd__clkbuf_16)
                                                         clknet_0_wb_clk_i_regs (net)
                      0.182917    0.007333  106.360725 ^ clkbuf_1_0_0_wb_clk_i_regs/A (sky130_fd_sc_hd__clkbuf_8)
     5    0.056423    0.170235    0.356252  106.716980 ^ clkbuf_1_0_0_wb_clk_i_regs/X (sky130_fd_sc_hd__clkbuf_8)
                                                         clknet_1_0_0_wb_clk_i_regs (net)
                      0.171109    0.009727  106.726707 ^ clkbuf_2_1_0_wb_clk_i_regs/A (sky130_fd_sc_hd__clkbuf_8)
     3    0.063207    0.186947    0.361467  107.088173 ^ clkbuf_2_1_0_wb_clk_i_regs/X (sky130_fd_sc_hd__clkbuf_8)
                                                         clknet_2_1_0_wb_clk_i_regs (net)
                      0.188519    0.013678  107.101852 ^ clkbuf_2_1_1_wb_clk_i_regs/A (sky130_fd_sc_hd__clkbuf_8)
     9    0.108018    0.297902    0.452793  107.554642 ^ clkbuf_2_1_1_wb_clk_i_regs/X (sky130_fd_sc_hd__clkbuf_8)
                                                         clknet_2_1_1_wb_clk_i_regs (net)
                      0.298586    0.011717  107.566360 ^ clkbuf_4_7_0_wb_clk_i_regs/A (sky130_fd_sc_hd__clkbuf_8)
     5    0.041836    0.135548    0.381547  107.947906 ^ clkbuf_4_7_0_wb_clk_i_regs/X (sky130_fd_sc_hd__clkbuf_8)
                                                         clknet_4_7_0_wb_clk_i_regs (net)
                      0.135744    0.004597  107.952507 ^ clkbuf_5_15_0_wb_clk_i_regs/A (sky130_fd_sc_hd__clkbuf_8)
    13    0.073953    0.212700    0.369596  108.322098 ^ clkbuf_5_15_0_wb_clk_i_regs/X (sky130_fd_sc_hd__clkbuf_8)
                                                         clknet_5_15_0_wb_clk_i_regs (net)
                      0.212703    0.001435  108.323540 ^ _8675_/CLK (sky130_fd_sc_hd__dfrtp_4)
                                 -0.200000  108.123543   clock uncertainty
                                  0.000000  108.123543   clock reconvergence pessimism
                                  0.493057  108.616600   library recovery time
                                            108.616600   data required time
---------------------------------------------------------------------------------------------
                                            108.616600   data required time
                                            -58.968006   data arrival time
---------------------------------------------------------------------------------------------
                                             49.648594   slack (MET)


Startpoint: _8731_ (rising edge-triggered flip-flop clocked by clk)
Endpoint: mprj.team_04_Wrapper.team_04_WB.instance_to_wrap
          (rising edge-triggered flip-flop clocked by clk)
Path Group: clk
Path Type: max

Fanout         Cap        Slew       Delay        Time   Description
---------------------------------------------------------------------------------------------
                                  0.000000    0.000000   clock clk (rise edge)
                                  5.570000    5.570000   clock source latency
     4    0.351479    0.610000    0.000000    5.570000 ^ wb_clk_i (in)
                                                         wb_clk_i (net)
                      1.279239    0.334619    5.904620 ^ clkbuf_regs_0_clk/A (sky130_fd_sc_hd__clkbuf_16)
     1    0.015824    0.088553    0.619927    6.524547 ^ clkbuf_regs_0_clk/X (sky130_fd_sc_hd__clkbuf_16)
                                                         delaynet_0_clk (net)
                      0.088553    0.000688    6.525234 ^ delaybuf_0_clk/A (sky130_fd_sc_hd__clkbuf_16)
     1    0.016329    0.062862    0.224686    6.749920 ^ delaybuf_0_clk/X (sky130_fd_sc_hd__clkbuf_16)
                                                         delaynet_1_clk (net)
                      0.062862    0.000758    6.750678 ^ delaybuf_1_clk/A (sky130_fd_sc_hd__clkbuf_16)
     1    0.013892    0.059834    0.209610    6.960288 ^ delaybuf_1_clk/X (sky130_fd_sc_hd__clkbuf_16)
                                                         wb_clk_i_regs (net)
                      0.059834    0.000558    6.960845 ^ clkbuf_0_wb_clk_i_regs/A (sky130_fd_sc_hd__clkbuf_16)
     5    0.103997    0.182461    0.312552    7.273397 ^ clkbuf_0_wb_clk_i_regs/X (sky130_fd_sc_hd__clkbuf_16)
                                                         clknet_0_wb_clk_i_regs (net)
                      0.183132    0.008851    7.282249 ^ clkbuf_1_1_0_wb_clk_i_regs/A (sky130_fd_sc_hd__clkbuf_8)
     5    0.078362    0.223054    0.398443    7.680692 ^ clkbuf_1_1_0_wb_clk_i_regs/X (sky130_fd_sc_hd__clkbuf_8)
                                                         clknet_1_1_0_wb_clk_i_regs (net)
                      0.223498    0.006956    7.687648 ^ clkbuf_2_2_0_wb_clk_i_regs/A (sky130_fd_sc_hd__clkbuf_8)
     3    0.120387    0.332827    0.474374    8.162023 ^ clkbuf_2_2_0_wb_clk_i_regs/X (sky130_fd_sc_hd__clkbuf_8)
                                                         clknet_2_2_0_wb_clk_i_regs (net)
                      0.341453    0.042554    8.204576 ^ clkbuf_2_2_1_wb_clk_i_regs/A (sky130_fd_sc_hd__clkbuf_8)
     9    0.187613    0.500436    0.625970    8.830547 ^ clkbuf_2_2_1_wb_clk_i_regs/X (sky130_fd_sc_hd__clkbuf_8)
                                                         clknet_2_2_1_wb_clk_i_regs (net)
                      0.502768    0.028952    8.859499 ^ clkbuf_4_8_0_wb_clk_i_regs/A (sky130_fd_sc_hd__clkbuf_8)
     5    0.097376    0.273683    0.567396    9.426895 ^ clkbuf_4_8_0_wb_clk_i_regs/X (sky130_fd_sc_hd__clkbuf_8)
                                                         clknet_4_8_0_wb_clk_i_regs (net)
                      0.274212    0.008353    9.435248 ^ clkbuf_5_16_0_wb_clk_i_regs/A (sky130_fd_sc_hd__clkbuf_8)
    18    0.224862    0.589938    0.696087   10.131335 ^ clkbuf_5_16_0_wb_clk_i_regs/X (sky130_fd_sc_hd__clkbuf_8)
                                                         clknet_5_16_0_wb_clk_i_regs (net)
                      0.590826    0.019009   10.150344 ^ _8731_/CLK (sky130_fd_sc_hd__dfrtp_4)
     1    0.007312    0.108621    1.035032   11.185375 ^ _8731_/Q (sky130_fd_sc_hd__dfrtp_4)
                                                         mprj.team_04_Wrapper.team_04_WB.EN_VAL_REG (net)
                      0.108621    0.000202   11.185577 ^ hold2049/A (sky130_fd_sc_hd__dlygate4sd3_1)
     1    0.002352    0.089528    1.049585   12.235163 ^ hold2049/X (sky130_fd_sc_hd__dlygate4sd3_1)
                                                         net2986 (net)
                      0.089528    0.000024   12.235187 ^ hold1771/A (sky130_fd_sc_hd__dlygate4sd3_1)
     5    0.044106    0.670551    1.500782   13.735969 ^ hold1771/X (sky130_fd_sc_hd__dlygate4sd3_1)
                                                         net2708 (net)
                      0.670589    0.005667   13.741635 ^ hold639/A (sky130_fd_sc_hd__dlygate4sd3_1)
     7    0.082354    1.226113    2.083779   15.825415 ^ hold639/X (sky130_fd_sc_hd__dlygate4sd3_1)
                                                         net1576 (net)
                      1.226113    0.001156   15.826571 ^ hold1772/A (sky130_fd_sc_hd__dlygate4sd3_1)
     3    0.028713    0.451330    1.651657   17.478228 ^ hold1772/X (sky130_fd_sc_hd__dlygate4sd3_1)
                                                         net2709 (net)
                      0.451331    0.001810   17.480038 ^ mprj.team_04_Wrapper.team_04_WB.instance_to_wrap/en (team_04)
                                             17.480038   data arrival time

                                 50.000000   50.000000   clock clk (fall edge)
                                  4.650000   54.650002   clock source latency
     4    0.349603    0.610000    0.000000   54.650002 v wb_clk_i (in)
                                                         wb_clk_i (net)
                      1.307250    0.348624   54.998623 v clkbuf_0_wb_clk_i/A (sky130_fd_sc_hd__clkbuf_16)
     5    0.092219    0.141511    0.829768   55.828392 v clkbuf_0_wb_clk_i/X (sky130_fd_sc_hd__clkbuf_16)
                                                         clknet_0_wb_clk_i (net)
                      0.142554    0.010218   55.838612 v clkbuf_1_0_0_wb_clk_i/A (sky130_fd_sc_hd__clkbuf_8)
     3    0.057877    0.128182    0.343171   56.181782 v clkbuf_1_0_0_wb_clk_i/X (sky130_fd_sc_hd__clkbuf_8)
                                                         clknet_1_0_0_wb_clk_i (net)
                      0.130865    0.014481   56.196262 v clkbuf_1_0_1_wb_clk_i/A (sky130_fd_sc_hd__clkbuf_8)
    13    1.286043    2.200243    1.739711   57.935974 v clkbuf_1_0_1_wb_clk_i/X (sky130_fd_sc_hd__clkbuf_8)
                                                         clknet_1_0_1_wb_clk_i (net)
                      2.217855    0.161585   58.097557 v mprj.team_04_Wrapper.team_04_WB.instance_to_wrap/clk (team_04)
                                 -0.200000   57.897556   clock uncertainty
                                  0.920000   58.817558   clock reconvergence pessimism
                                -11.255480   47.562077   library setup time
                                             47.562077   data required time
---------------------------------------------------------------------------------------------
                                             47.562077   data required time
                                            -17.480038   data arrival time
---------------------------------------------------------------------------------------------
                                             30.082039   slack (MET)




===========================================================================
report_checks --slack_max -0.01
============================================================================
======================= min_ss_100C_1v60 Corner ===================================

No paths found.


===========================================================================
 report_check_types -max_slew -max_cap -max_fanout -violators
============================================================================
======================= min_ss_100C_1v60 Corner ===================================

max slew

Pin                                        Limit        Slew       Slack
------------------------------------------------------------------------
ANTENNA__7556__A/DIODE                  1.500000    3.592937   -2.092937 (VIOLATED)
_7556_/A                                1.500000    3.592932   -2.092932 (VIOLATED)
_7531_/A                                1.500000    3.592930   -2.092930 (VIOLATED)
ANTENNA__7531__A/DIODE                  1.500000    3.592923   -2.092923 (VIOLATED)
ANTENNA__7555__A/DIODE                  1.500000    3.592904   -2.092904 (VIOLATED)
_7555_/A                                1.500000    3.592906   -2.092906 (VIOLATED)
_7558_/A                                1.500000    3.592893   -2.092893 (VIOLATED)
ANTENNA__7558__A/DIODE                  1.500000    3.592890   -2.092890 (VIOLATED)
hold218/X                               1.498918    3.588828   -2.089910 (VIOLATED)
ANTENNA_fanout586_A/DIODE               1.500000    3.588903   -2.088903 (VIOLATED)
fanout586/A                             1.500000    3.588903   -2.088903 (VIOLATED)
ANTENNA_fanout585_A/DIODE               1.500000    3.588828   -2.088828 (VIOLATED)
ANTENNA_hold218_X/DIODE                 1.500000    3.588828   -2.088828 (VIOLATED)
fanout585/A                             1.500000    3.588828   -2.088828 (VIOLATED)
mprj.team_12_Wrapper.team_12_WB.instance_to_wrap/clk    1.500000    3.429255   -1.929255 (VIOLATED)
ANTENNA_mprj.team_12_Wrapper.team_12_WB.instance_to_wrap_clk/DIODE    1.500000    3.429000   -1.929000 (VIOLATED)
mprj.team_09_Wrapper.team_09_WB.instance_to_wrap/clk    1.500000    3.337580   -1.837580 (VIOLATED)
ANTENNA_mprj.team_09_Wrapper.team_09_WB.instance_to_wrap_clk/DIODE    1.500000    3.337553   -1.837553 (VIOLATED)
ANTENNA_mprj.team_08_Wrapper.team_08_WB.instance_to_wrap_clk/DIODE    1.500000    3.315759   -1.815759 (VIOLATED)
mprj.team_08_Wrapper.team_08_WB.instance_to_wrap/clk    1.500000    3.315750   -1.815750 (VIOLATED)
ANTENNA_mprj.team_04_Wrapper.team_04_WB.instance_to_wrap_clk/DIODE    1.500000    3.284178   -1.784178 (VIOLATED)
mprj.team_04_Wrapper.team_04_WB.instance_to_wrap/clk    1.500000    3.284173   -1.784173 (VIOLATED)
mprj.team_03_Wrapper.team_03_WB.instance_to_wrap/clk    1.500000    3.280001   -1.780002 (VIOLATED)
ANTENNA_mprj.team_03_Wrapper.team_03_WB.instance_to_wrap_clk/DIODE    1.500000    3.279870   -1.779870 (VIOLATED)
mprj.team_05_Wrapper.team_05_WB.instance_to_wrap/clk    1.500000    3.278116   -1.778116 (VIOLATED)
ANTENNA_mprj.team_05_Wrapper.team_05_WB.instance_to_wrap_clk/DIODE    1.500000    3.278067   -1.778067 (VIOLATED)
mprj.team_02_Wrapper.team_02_WB.instance_to_wrap/clk    1.500000    3.276110   -1.776110 (VIOLATED)
ANTENNA_mprj.team_02_Wrapper.team_02_WB.instance_to_wrap_clk/DIODE    1.500000    3.276092   -1.776092 (VIOLATED)
ANTENNA_mprj.team_06_Wrapper.team_06_WB.instance_to_wrap_clk/DIODE    1.500000    3.274806   -1.774806 (VIOLATED)
mprj.team_06_Wrapper.team_06_WB.instance_to_wrap/clk    1.500000    3.274759   -1.774759 (VIOLATED)
ANTENNA_clkbuf_1_0_1_wb_clk_i_X/DIODE    1.500000    3.272488   -1.772488 (VIOLATED)
clkbuf_1_0_1_wb_clk_i/X                 1.500000    3.272412   -1.772412 (VIOLATED)
ANTENNA_mprj.team_07_Wrapper.team_07_WB.instance_to_wrap_clk/DIODE    1.500000    3.217973   -1.717974 (VIOLATED)
mprj.team_07_Wrapper.team_07_WB.instance_to_wrap/clk    1.500000    3.217973   -1.717973 (VIOLATED)
ANTENNA_mprj.team_11_Wrapper.team_11_WB.instance_to_wrap_clk/DIODE    1.500000    3.206846   -1.706846 (VIOLATED)
mprj.team_11_Wrapper.team_11_WB.instance_to_wrap/clk    1.500000    3.206523   -1.706523 (VIOLATED)
mprj.team_01_Wrapper.team_01_WB.instance_to_wrap/clk    1.500000    3.175699   -1.675699 (VIOLATED)
ANTENNA_mprj.team_01_Wrapper.team_01_WB.instance_to_wrap_clk/DIODE    1.500000    3.175293   -1.675294 (VIOLATED)
mprj.team_10_Wrapper.team_10_WB.instance_to_wrap/clk    1.500000    3.168942   -1.668942 (VIOLATED)
ANTENNA_mprj.team_10_Wrapper.team_10_WB.instance_to_wrap_clk/DIODE    1.500000    3.168923   -1.668923 (VIOLATED)
ANTENNA_clkbuf_1_1_1_wb_clk_i_X/DIODE    1.500000    3.157225   -1.657225 (VIOLATED)
clkbuf_1_1_1_wb_clk_i/X                 1.500000    3.157154   -1.657154 (VIOLATED)
mprj.team_03_Wrapper.team_03_WB.instance_to_wrap/nrst    1.500000    3.047538   -1.547538 (VIOLATED)
ANTENNA_mprj.team_03_Wrapper.team_03_WB.instance_to_wrap_nrst/DIODE    1.500000    3.047507   -1.547507 (VIOLATED)
mprj.team_04_Wrapper.team_04_WB.instance_to_wrap/nrst    1.500000    3.023566   -1.523566 (VIOLATED)
ANTENNA_mprj.team_04_Wrapper.team_04_WB.instance_to_wrap_nrst/DIODE    1.500000    3.023397   -1.523397 (VIOLATED)
ANTENNA_mprj.team_03_Wrapper.team_03_WB.instance_to_wrap_DAT_I[21]/DIODE    1.500000    2.919960   -1.419960 (VIOLATED)
mprj.team_03_Wrapper.team_03_WB.instance_to_wrap/DAT_I[21]    1.500000    2.919958   -1.419958 (VIOLATED)
hold400/X                               1.498918    2.913974   -1.415056 (VIOLATED)
ANTENNA_hold400_X/DIODE                 1.500000    2.913974   -1.413974 (VIOLATED)
mprj.team_05_Wrapper.team_05_WB.instance_to_wrap/nrst    1.500000    2.906895   -1.406896 (VIOLATED)
ANTENNA_mprj.team_05_Wrapper.team_05_WB.instance_to_wrap_nrst/DIODE    1.500000    2.902864   -1.402864 (VIOLATED)
fanout599/A                             1.500000    2.870252   -1.370252 (VIOLATED)
ANTENNA_fanout599_A/DIODE               1.500000    2.870246   -1.370246 (VIOLATED)
hold399/X                               1.498918    2.866696   -1.367778 (VIOLATED)
ANTENNA__7564__A/DIODE                  1.500000    2.866721   -1.366721 (VIOLATED)
ANTENNA__7580__A/DIODE                  1.500000    2.866720   -1.366720 (VIOLATED)
_7564_/A                                1.500000    2.866721   -1.366721 (VIOLATED)
_7580_/A                                1.500000    2.866721   -1.366721 (VIOLATED)
ANTENNA__7563__A/DIODE                  1.500000    2.866718   -1.366718 (VIOLATED)
ANTENNA__7571__A/DIODE                  1.500000    2.866718   -1.366718 (VIOLATED)
_7563_/A                                1.500000    2.866719   -1.366719 (VIOLATED)
_7571_/A                                1.500000    2.866718   -1.366718 (VIOLATED)
ANTENNA_hold399_X/DIODE                 1.500000    2.866696   -1.366696 (VIOLATED)
ANTENNA_mprj.team_07_Wrapper.team_07_WB.instance_to_wrap_gpio_in[18]/DIODE    1.500000    2.721146   -1.221146 (VIOLATED)
mprj.team_07_Wrapper.team_07_WB.instance_to_wrap/gpio_in[18]    1.500000    2.721126   -1.221126 (VIOLATED)
ANTENNA_mprj.team_02_Wrapper.team_02_WB.instance_to_wrap_nrst/DIODE    1.500000    2.693562   -1.193562 (VIOLATED)
mprj.team_02_Wrapper.team_02_WB.instance_to_wrap/nrst    1.500000    2.687021   -1.187021 (VIOLATED)
ANTENNA_mprj.team_08_Wrapper.team_08_WB.instance_to_wrap_gpio_in[8]/DIODE    1.500000    2.677821   -1.177821 (VIOLATED)
mprj.team_08_Wrapper.team_08_WB.instance_to_wrap/gpio_in[8]    1.500000    2.677814   -1.177815 (VIOLATED)
mprj.team_11_Wrapper.team_11_WB.instance_to_wrap/en    1.500000    2.648294   -1.148294 (VIOLATED)
ANTENNA_mprj.team_11_Wrapper.team_11_WB.instance_to_wrap_en/DIODE    1.500000    2.648278   -1.148278 (VIOLATED)
ANTENNA_mprj.team_08_Wrapper.team_08_WB.instance_to_wrap_gpio_in[3]/DIODE    1.500000    2.647375   -1.147375 (VIOLATED)
mprj.team_08_Wrapper.team_08_WB.instance_to_wrap/gpio_in[3]    1.500000    2.647373   -1.147373 (VIOLATED)
hold1782/X                              1.498918    2.642804   -1.143886 (VIOLATED)
ANTENNA_hold1782_X/DIODE                1.500000    2.642804   -1.142805 (VIOLATED)
mprj.team_08_Wrapper.team_08_WB.instance_to_wrap/gpio_in[13]    1.500000    2.611591   -1.111591 (VIOLATED)
ANTENNA_mprj.team_08_Wrapper.team_08_WB.instance_to_wrap_gpio_in[13]/DIODE    1.500000    2.611570   -1.111570 (VIOLATED)
mprj.team_08_Wrapper.team_08_WB.instance_to_wrap/gpio_in[7]    1.500000    2.600641   -1.100641 (VIOLATED)
ANTENNA_mprj.team_08_Wrapper.team_08_WB.instance_to_wrap_gpio_in[7]/DIODE    1.500000    2.600634   -1.100634 (VIOLATED)
ANTENNA_mprj.team_05_Wrapper.team_05_WB.instance_to_wrap_gpio_in[21]/DIODE    1.500000    2.587830   -1.087830 (VIOLATED)
mprj.team_05_Wrapper.team_05_WB.instance_to_wrap/gpio_in[21]    1.500000    2.587827   -1.087827 (VIOLATED)
mprj.team_06_Wrapper.team_06_WB.instance_to_wrap/gpio_in[8]    1.500000    2.577012   -1.077012 (VIOLATED)
ANTENNA_mprj.team_06_Wrapper.team_06_WB.instance_to_wrap_gpio_in[8]/DIODE    1.500000    2.575656   -1.075656 (VIOLATED)
mprj.team_06_Wrapper.team_06_WB.instance_to_wrap/gpio_in[3]    1.500000    2.563317   -1.063317 (VIOLATED)
ANTENNA_mprj.team_06_Wrapper.team_06_WB.instance_to_wrap_gpio_in[3]/DIODE    1.500000    2.563145   -1.063145 (VIOLATED)
ANTENNA_mprj.team_11_Wrapper.team_11_WB.instance_to_wrap_gpio_in[18]/DIODE    1.500000    2.559926   -1.059926 (VIOLATED)
mprj.team_11_Wrapper.team_11_WB.instance_to_wrap/gpio_in[18]    1.500000    2.559855   -1.059855 (VIOLATED)
mprj.team_02_Wrapper.team_02_WB.instance_to_wrap/gpio_in[8]    1.500000    2.555208   -1.055208 (VIOLATED)
ANTENNA_mprj.team_02_Wrapper.team_02_WB.instance_to_wrap_gpio_in[8]/DIODE    1.500000    2.554984   -1.054984 (VIOLATED)
ANTENNA__7637__B/DIODE                  1.500000    2.549002   -1.049003 (VIOLATED)
_7637_/B                                1.500000    2.549003   -1.049003 (VIOLATED)
hold408/X                               1.498918    2.547686   -1.048768 (VIOLATED)
ANTENNA_load_slew660_A/DIODE            1.500000    2.547706   -1.047706 (VIOLATED)
load_slew660/A                          1.500000    2.547707   -1.047707 (VIOLATED)
ANTENNA_hold408_X/DIODE                 1.500000    2.547686   -1.047686 (VIOLATED)
ANTENNA__4282__A2/DIODE                 1.500000    2.541695   -1.041695 (VIOLATED)
_4282_/A2                               1.500000    2.541694   -1.041694 (VIOLATED)
_4277_/A1                               1.500000    2.541691   -1.041691 (VIOLATED)
ANTENNA__4277__A1/DIODE                 1.500000    2.541686   -1.041686 (VIOLATED)
hold477/X                               1.498918    2.537585   -1.038667 (VIOLATED)
ANTENNA_hold477_X/DIODE                 1.500000    2.537585   -1.037585 (VIOLATED)
ANTENNA__8150__A/DIODE                  1.500000    2.525409   -1.025409 (VIOLATED)
_8150_/A                                1.500000    2.525409   -1.025409 (VIOLATED)
hold398/X                               1.498918    2.523434   -1.024516 (VIOLATED)
ANTENNA__7570__A/DIODE                  1.500000    2.523444   -1.023444 (VIOLATED)
ANTENNA__7586__A/DIODE                  1.500000    2.523442   -1.023442 (VIOLATED)
_7570_/A                                1.500000    2.523442   -1.023442 (VIOLATED)
_7586_/A                                1.500000    2.523442   -1.023442 (VIOLATED)
ANTENNA_fanout600_A/DIODE               1.500000    2.523434   -1.023434 (VIOLATED)
ANTENNA_hold398_X/DIODE                 1.500000    2.523434   -1.023434 (VIOLATED)
ANTENNA_hold592_A/DIODE                 1.500000    2.523434   -1.023434 (VIOLATED)
fanout600/A                             1.500000    2.523434   -1.023434 (VIOLATED)
hold592/A                               1.500000    2.523434   -1.023434 (VIOLATED)
mprj.team_06_Wrapper.team_06_WB.instance_to_wrap/gpio_in[7]    1.500000    2.520810   -1.020810 (VIOLATED)
ANTENNA_mprj.team_06_Wrapper.team_06_WB.instance_to_wrap_gpio_in[7]/DIODE    1.500000    2.520787   -1.020787 (VIOLATED)
ANTENNA_mprj.team_02_Wrapper.team_02_WB.instance_to_wrap_gpio_in[21]/DIODE    1.500000    2.517341   -1.017341 (VIOLATED)
ANTENNA_mprj.team_02_Wrapper.team_02_WB.instance_to_wrap_gpio_in[3]/DIODE    1.500000    2.517103   -1.017103 (VIOLATED)
mprj.team_02_Wrapper.team_02_WB.instance_to_wrap/gpio_in[21]    1.500000    2.516770   -1.016770 (VIOLATED)
mprj.team_02_Wrapper.team_02_WB.instance_to_wrap/gpio_in[3]    1.500000    2.508806   -1.008806 (VIOLATED)
ANTENNA_mprj.team_05_Wrapper.team_05_WB.instance_to_wrap_gpio_in[8]/DIODE    1.500000    2.507152   -1.007152 (VIOLATED)
mprj.team_05_Wrapper.team_05_WB.instance_to_wrap/gpio_in[8]    1.500000    2.507047   -1.007047 (VIOLATED)
mprj.team_06_Wrapper.team_06_WB.instance_to_wrap/gpio_in[13]    1.500000    2.503156   -1.003156 (VIOLATED)
ANTENNA_mprj.team_06_Wrapper.team_06_WB.instance_to_wrap_gpio_in[13]/DIODE    1.500000    2.501523   -1.001524 (VIOLATED)
load_slew786/A                          1.500000    2.485147   -0.985147 (VIOLATED)
mprj.team_02_Wrapper.team_02_WB.instance_to_wrap/gpio_in[13]    1.500000    2.481024   -0.981024 (VIOLATED)
ANTENNA_mprj.team_02_Wrapper.team_02_WB.instance_to_wrap_gpio_in[13]/DIODE    1.500000    2.481021   -0.981022 (VIOLATED)
ANTENNA_load_slew786_A/DIODE            1.500000    2.480455   -0.980455 (VIOLATED)
ANTENNA_mprj.team_05_Wrapper.team_05_WB.instance_to_wrap_gpio_in[3]/DIODE    1.500000    2.467099   -0.967099 (VIOLATED)
mprj.team_05_Wrapper.team_05_WB.instance_to_wrap/gpio_in[3]    1.500000    2.467024   -0.967024 (VIOLATED)
_4209_/A2                               1.500000    2.443347   -0.943347 (VIOLATED)
ANTENNA__4204__A1/DIODE                 1.500000    2.443345   -0.943345 (VIOLATED)
ANTENNA__4209__A2/DIODE                 1.500000    2.443344   -0.943344 (VIOLATED)
_4204_/A1                               1.500000    2.443344   -0.943344 (VIOLATED)
mprj.team_04_Wrapper.team_04_WB.instance_to_wrap/gpio_in[8]    1.500000    2.441123   -0.941123 (VIOLATED)
ANTENNA_mprj.team_04_Wrapper.team_04_WB.instance_to_wrap_gpio_in[8]/DIODE    1.500000    2.440859   -0.940859 (VIOLATED)
hold506/X                               1.498918    2.439385   -0.940467 (VIOLATED)
ANTENNA_hold506_X/DIODE                 1.500000    2.439385   -0.939385 (VIOLATED)
ANTENNA_mprj.team_05_Wrapper.team_05_WB.instance_to_wrap_gpio_in[13]/DIODE    1.500000    2.427961   -0.927961 (VIOLATED)
mprj.team_05_Wrapper.team_05_WB.instance_to_wrap/gpio_in[13]    1.500000    2.427918   -0.927918 (VIOLATED)
ANTENNA_mprj.team_11_Wrapper.team_11_WB.instance_to_wrap_gpio_in[32]/DIODE    1.500000    2.424981   -0.924981 (VIOLATED)
mprj.team_11_Wrapper.team_11_WB.instance_to_wrap/gpio_in[32]    1.500000    2.424938   -0.924938 (VIOLATED)
ANTENNA_mprj.team_06_Wrapper.team_06_WB.instance_to_wrap_gpio_in[21]/DIODE    1.500000    2.405502   -0.905502 (VIOLATED)
mprj.team_06_Wrapper.team_06_WB.instance_to_wrap/gpio_in[21]    1.500000    2.403670   -0.903670 (VIOLATED)
ANTENNA_mprj.team_02_Wrapper.team_02_WB.instance_to_wrap_gpio_in[7]/DIODE    1.500000    2.402564   -0.902564 (VIOLATED)
mprj.team_02_Wrapper.team_02_WB.instance_to_wrap/gpio_in[7]    1.500000    2.397535   -0.897535 (VIOLATED)
hold538/X                               1.498918    2.396436   -0.897518 (VIOLATED)
ANTENNA__7636__B/DIODE                  1.500000    2.397463   -0.897463 (VIOLATED)
_7636_/B                                1.500000    2.397464   -0.897464 (VIOLATED)
ANTENNA_max_cap661_A/DIODE              1.500000    2.396581   -0.896581 (VIOLATED)
max_cap661/A                            1.500000    2.396582   -0.896582 (VIOLATED)
ANTENNA_hold538_X/DIODE                 1.500000    2.396436   -0.896437 (VIOLATED)
mprj.team_06_Wrapper.team_06_WB.instance_to_wrap/nrst    1.500000    2.392936   -0.892936 (VIOLATED)
ANTENNA_mprj.team_06_Wrapper.team_06_WB.instance_to_wrap_nrst/DIODE    1.500000    2.392923   -0.892923 (VIOLATED)
ANTENNA_mprj.team_09_Wrapper.team_09_WB.instance_to_wrap_gpio_in[5]/DIODE    1.500000    2.386450   -0.886450 (VIOLATED)
mprj.team_09_Wrapper.team_09_WB.instance_to_wrap/gpio_in[5]    1.500000    2.386439   -0.886439 (VIOLATED)
ANTENNA_mprj.team_05_Wrapper.team_05_WB.instance_to_wrap_gpio_in[7]/DIODE    1.500000    2.384359   -0.884359 (VIOLATED)
mprj.team_05_Wrapper.team_05_WB.instance_to_wrap/gpio_in[7]    1.500000    2.384276   -0.884276 (VIOLATED)
mprj.team_07_Wrapper.team_07_WB.instance_to_wrap/gpio_in[32]    1.500000    2.375578   -0.875578 (VIOLATED)
ANTENNA_mprj.team_07_Wrapper.team_07_WB.instance_to_wrap_gpio_in[32]/DIODE    1.500000    2.375507   -0.875507 (VIOLATED)
hold412/X                               1.498918    2.354497   -0.855579 (VIOLATED)
_7632_/B                                1.500000    2.355052   -0.855052 (VIOLATED)
ANTENNA__7632__B/DIODE                  1.500000    2.355050   -0.855051 (VIOLATED)
max_cap665/A                            1.500000    2.354583   -0.854583 (VIOLATED)
ANTENNA_max_cap665_A/DIODE              1.500000    2.354582   -0.854582 (VIOLATED)
ANTENNA_hold412_X/DIODE                 1.500000    2.354497   -0.854497 (VIOLATED)
hold647/X                               1.498918    2.343349   -0.844431 (VIOLATED)
ANTENNA__7633__B/DIODE                  1.500000    2.344064   -0.844064 (VIOLATED)
_7633_/B                                1.500000    2.344064   -0.844064 (VIOLATED)
ANTENNA_max_cap664_A/DIODE              1.500000    2.343454   -0.843454 (VIOLATED)
max_cap664/A                            1.500000    2.343454   -0.843454 (VIOLATED)
ANTENNA_hold647_X/DIODE                 1.500000    2.343349   -0.843349 (VIOLATED)
ANTENNA_mprj.team_05_Wrapper.team_05_WB.instance_to_wrap_gpio_in[24]/DIODE    1.500000    2.338322   -0.838322 (VIOLATED)
mprj.team_05_Wrapper.team_05_WB.instance_to_wrap/gpio_in[24]    1.500000    2.338311   -0.838311 (VIOLATED)
mprj.team_01_Wrapper.team_01_WB.instance_to_wrap/gpio_in[27]    1.500000    2.333929   -0.833929 (VIOLATED)
ANTENNA_mprj.team_01_Wrapper.team_01_WB.instance_to_wrap_gpio_in[27]/DIODE    1.500000    2.333890   -0.833890 (VIOLATED)
ANTENNA_mprj.team_03_Wrapper.team_03_WB.instance_to_wrap_gpio_in[27]/DIODE    1.500000    2.329815   -0.829815 (VIOLATED)
mprj.team_03_Wrapper.team_03_WB.instance_to_wrap/gpio_in[27]    1.500000    2.329658   -0.829658 (VIOLATED)
mprj.team_01_Wrapper.team_01_WB.instance_to_wrap/gpio_in[28]    1.500000    2.328572   -0.828572 (VIOLATED)
ANTENNA_mprj.team_01_Wrapper.team_01_WB.instance_to_wrap_gpio_in[28]/DIODE    1.500000    2.328547   -0.828547 (VIOLATED)
ANTENNA_mprj.team_02_Wrapper.team_02_WB.instance_to_wrap_gpio_in[24]/DIODE    1.500000    2.322460   -0.822461 (VIOLATED)
mprj.team_12_Wrapper.team_12_WB.instance_to_wrap/gpio_in[5]    1.500000    2.322337   -0.822337 (VIOLATED)
ANTENNA_mprj.team_12_Wrapper.team_12_WB.instance_to_wrap_gpio_in[5]/DIODE    1.500000    2.322319   -0.822319 (VIOLATED)
mprj.team_02_Wrapper.team_02_WB.instance_to_wrap/gpio_in[24]    1.500000    2.322257   -0.822257 (VIOLATED)
ANTENNA_mprj.team_10_Wrapper.team_10_WB.instance_to_wrap_gpio_in[18]/DIODE    1.500000    2.304520   -0.804520 (VIOLATED)
ANTENNA_mprj.team_06_Wrapper.team_06_WB.instance_to_wrap_gpio_in[24]/DIODE    1.500000    2.304101   -0.804101 (VIOLATED)
mprj.team_06_Wrapper.team_06_WB.instance_to_wrap/gpio_in[24]    1.500000    2.303855   -0.803855 (VIOLATED)
mprj.team_10_Wrapper.team_10_WB.instance_to_wrap/gpio_in[18]    1.500000    2.295604   -0.795604 (VIOLATED)
ANTENNA_813/DIODE                       1.500000    2.285318   -0.785318 (VIOLATED)
ANTENNA_812/DIODE                       1.500000    2.282523   -0.782523 (VIOLATED)
ANTENNA_mprj.team_10_Wrapper.team_10_WB.instance_to_wrap_gpio_in[32]/DIODE    1.500000    2.279474   -0.779474 (VIOLATED)
mprj.team_10_Wrapper.team_10_WB.instance_to_wrap/gpio_in[32]    1.500000    2.270699   -0.770699 (VIOLATED)
_7885_/A1                               1.500000    2.264050   -0.764050 (VIOLATED)
ANTENNA__7885__A1/DIODE                 1.500000    2.264045   -0.764045 (VIOLATED)
mprj.team_03_Wrapper.team_03_WB.instance_to_wrap/gpio_in[28]    1.500000    2.263351   -0.763351 (VIOLATED)
ANTENNA_mprj.team_03_Wrapper.team_03_WB.instance_to_wrap_gpio_in[28]/DIODE    1.500000    2.263102   -0.763102 (VIOLATED)
ANTENNA_mprj.team_05_Wrapper.team_05_WB.instance_to_wrap_gpio_out[5]/DIODE    1.500000    2.257839   -0.757839 (VIOLATED)
mprj.team_05_Wrapper.team_05_WB.instance_to_wrap/gpio_out[5]    1.500000    2.257839   -0.757839 (VIOLATED)
hold432/X                               1.498918    2.251373   -0.752455 (VIOLATED)
ANTENNA__7634__B/DIODE                  1.500000    2.252350   -0.752350 (VIOLATED)
_7634_/B                                1.500000    2.252350   -0.752350 (VIOLATED)
ANTENNA_max_cap663_A/DIODE              1.500000    2.251416   -0.751416 (VIOLATED)
max_cap663/A                            1.500000    2.251416   -0.751416 (VIOLATED)
ANTENNA_hold432_X/DIODE                 1.500000    2.251373   -0.751373 (VIOLATED)
ANTENNA__4284__A2/DIODE                 1.500000    2.244516   -0.744516 (VIOLATED)
_4284_/A2                               1.500000    2.244513   -0.744513 (VIOLATED)
_4277_/A0                               1.500000    2.244506   -0.744506 (VIOLATED)
ANTENNA__4277__A0/DIODE                 1.500000    2.244503   -0.744503 (VIOLATED)
ANTENNA_mprj.team_05_Wrapper.team_05_WB.instance_to_wrap_gpio_in[22]/DIODE    1.500000    2.241972   -0.741972 (VIOLATED)
mprj.team_05_Wrapper.team_05_WB.instance_to_wrap/gpio_in[22]    1.500000    2.241961   -0.741961 (VIOLATED)
ANTENNA_mprj.team_08_Wrapper.team_08_WB.instance_to_wrap_gpio_in[24]/DIODE    1.500000    2.238273   -0.738273 (VIOLATED)
mprj.team_08_Wrapper.team_08_WB.instance_to_wrap/gpio_in[24]    1.500000    2.232157   -0.732157 (VIOLATED)
mprj.team_08_Wrapper.team_08_WB.instance_to_wrap/gpio_in[14]    1.500000    2.232074   -0.732074 (VIOLATED)
ANTENNA_mprj.team_08_Wrapper.team_08_WB.instance_to_wrap_gpio_in[14]/DIODE    1.500000    2.232071   -0.732071 (VIOLATED)
ANTENNA_mprj.team_01_Wrapper.team_01_WB.instance_to_wrap_ADR_O[28]/DIODE    1.500000    2.225215   -0.725215 (VIOLATED)
mprj.team_01_Wrapper.team_01_WB.instance_to_wrap/ADR_O[28]    1.500000    2.225215   -0.725215 (VIOLATED)
_4244_/A0                               1.500000    2.218599   -0.718599 (VIOLATED)
ANTENNA__4244__A0/DIODE                 1.500000    2.218588   -0.718588 (VIOLATED)
ANTENNA__4250__B1/DIODE                 1.500000    2.218543   -0.718543 (VIOLATED)
_4250_/B1                               1.500000    2.218508   -0.718508 (VIOLATED)
ANTENNA__4776__A0/DIODE                 1.500000    2.217519   -0.717519 (VIOLATED)
_4776_/A0                               1.500000    2.217515   -0.717516 (VIOLATED)
ANTENNA__4782__A2/DIODE                 1.500000    2.217492   -0.717492 (VIOLATED)
_4782_/A2                               1.500000    2.217489   -0.717489 (VIOLATED)
mprj.team_04_Wrapper.team_04_WB.instance_to_wrap/gpio_in[28]    1.500000    2.209633   -0.709633 (VIOLATED)
ANTENNA_mprj.team_04_Wrapper.team_04_WB.instance_to_wrap_gpio_in[28]/DIODE    1.500000    2.209592   -0.709592 (VIOLATED)
ANTENNA_mprj.team_01_Wrapper.team_01_WB.instance_to_wrap_DAT_O[0]/DIODE    1.500000    2.208877   -0.708877 (VIOLATED)
mprj.team_01_Wrapper.team_01_WB.instance_to_wrap/DAT_O[0]    1.500000    2.208877   -0.708877 (VIOLATED)
mprj.team_08_Wrapper.team_08_WB.instance_to_wrap/gpio_in[6]    1.500000    2.204041   -0.704041 (VIOLATED)
ANTENNA_mprj.team_08_Wrapper.team_08_WB.instance_to_wrap_gpio_in[6]/DIODE    1.500000    2.204025   -0.704025 (VIOLATED)
mprj.team_10_Wrapper.team_10_WB.instance_to_wrap/gpio_in[33]    1.500000    2.197813   -0.697813 (VIOLATED)
ANTENNA_mprj.team_10_Wrapper.team_10_WB.instance_to_wrap_gpio_in[33]/DIODE    1.500000    2.197800   -0.697800 (VIOLATED)
ANTENNA__4271__A0/DIODE                 1.500000    2.197531   -0.697531 (VIOLATED)
ANTENNA__4283__A2/DIODE                 1.500000    2.197524   -0.697524 (VIOLATED)
_4271_/A0                               1.500000    2.197517   -0.697517 (VIOLATED)
_4283_/A2                               1.500000    2.197506   -0.697506 (VIOLATED)
mprj.team_06_Wrapper.team_06_WB.instance_to_wrap/gpio_in[6]    1.500000    2.186623   -0.686623 (VIOLATED)
ANTENNA_mprj.team_06_Wrapper.team_06_WB.instance_to_wrap_gpio_in[6]/DIODE    1.500000    2.185770   -0.685770 (VIOLATED)
mprj.team_07_Wrapper.team_07_WB.instance_to_wrap/gpio_in[33]    1.500000    2.179136   -0.679136 (VIOLATED)
ANTENNA_mprj.team_07_Wrapper.team_07_WB.instance_to_wrap_gpio_in[33]/DIODE    1.500000    2.177782   -0.677782 (VIOLATED)
ANTENNA_mprj.team_02_Wrapper.team_02_WB.instance_to_wrap_gpio_in[22]/DIODE    1.500000    2.172409   -0.672409 (VIOLATED)
mprj.team_02_Wrapper.team_02_WB.instance_to_wrap/gpio_in[22]    1.500000    2.171031   -0.671031 (VIOLATED)
ANTENNA__4610__B/DIODE                  1.500000    2.166415   -0.666415 (VIOLATED)
_4610_/B                                1.500000    2.166412   -0.666412 (VIOLATED)
hold933/X                               1.498918    2.163706   -0.664788 (VIOLATED)
ANTENNA_hold933_X/DIODE                 1.500000    2.163706   -0.663706 (VIOLATED)
_6542_/A1                               1.500000    2.154881   -0.654881 (VIOLATED)
ANTENNA__6542__A1/DIODE                 1.500000    2.154876   -0.654876 (VIOLATED)
ANTENNA_mprj.team_11_Wrapper.team_11_WB.instance_to_wrap_gpio_in[27]/DIODE    1.500000    2.150079   -0.650080 (VIOLATED)
mprj.team_11_Wrapper.team_11_WB.instance_to_wrap/gpio_in[27]    1.500000    2.149915   -0.649915 (VIOLATED)
_5033_/A0                               1.500000    2.149543   -0.649543 (VIOLATED)
ANTENNA__5033__A0/DIODE                 1.500000    2.149542   -0.649542 (VIOLATED)
ANTENNA__5039__A2/DIODE                 1.500000    2.149479   -0.649479 (VIOLATED)
_5039_/A2                               1.500000    2.149454   -0.649454 (VIOLATED)
mprj.team_11_Wrapper.team_11_WB.instance_to_wrap/gpio_in[33]    1.500000    2.145056   -0.645056 (VIOLATED)
ANTENNA_mprj.team_11_Wrapper.team_11_WB.instance_to_wrap_gpio_in[33]/DIODE    1.500000    2.145032   -0.645032 (VIOLATED)
ANTENNA_mprj.team_06_Wrapper.team_06_WB.instance_to_wrap_gpio_in[14]/DIODE    1.500000    2.142836   -0.642836 (VIOLATED)
mprj.team_06_Wrapper.team_06_WB.instance_to_wrap/gpio_in[14]    1.500000    2.142149   -0.642149 (VIOLATED)
ANTENNA_mprj.team_05_Wrapper.team_05_WB.instance_to_wrap_gpio_in[19]/DIODE    1.500000    2.140129   -0.640129 (VIOLATED)
mprj.team_05_Wrapper.team_05_WB.instance_to_wrap/gpio_in[19]    1.500000    2.140116   -0.640116 (VIOLATED)
ANTENNA_mprj.team_01_Wrapper.team_01_WB.instance_to_wrap_ADR_O[29]/DIODE    1.500000    2.132377   -0.632377 (VIOLATED)
mprj.team_01_Wrapper.team_01_WB.instance_to_wrap/ADR_O[29]    1.500000    2.132361   -0.632361 (VIOLATED)
ANTENNA_mprj.team_02_Wrapper.team_02_WB.instance_to_wrap_gpio_out[21]/DIODE    1.500000    2.128236   -0.628236 (VIOLATED)
mprj.team_02_Wrapper.team_02_WB.instance_to_wrap/gpio_out[21]    1.500000    2.128219   -0.628219 (VIOLATED)
ANTENNA__4391__B1/DIODE                 1.500000    2.126490   -0.626490 (VIOLATED)
_4391_/B1                               1.500000    2.126481   -0.626481 (VIOLATED)
ANTENNA__4385__A0/DIODE                 1.500000    2.126469   -0.626469 (VIOLATED)
_4385_/A0                               1.500000    2.126445   -0.626445 (VIOLATED)
_7916_/A                                1.500000    2.124447   -0.624447 (VIOLATED)
ANTENNA_217/DIODE                       1.500000    2.124429   -0.624429 (VIOLATED)
ANTENNA__7916__A/DIODE                  1.500000    2.124413   -0.624413 (VIOLATED)
ANTENNA_218/DIODE                       1.500000    2.124384   -0.624384 (VIOLATED)
mprj.team_07_Wrapper.team_07_WB.instance_to_wrap/gpio_in[27]    1.500000    2.117808   -0.617808 (VIOLATED)
ANTENNA_mprj.team_07_Wrapper.team_07_WB.instance_to_wrap_gpio_in[27]/DIODE    1.500000    2.117748   -0.617749 (VIOLATED)
hold270/X                               1.498918    2.110096   -0.611178 (VIOLATED)
ANTENNA__7289__A1/DIODE                 1.500000    2.110212   -0.610212 (VIOLATED)
_7289_/A1                               1.500000    2.110212   -0.610212 (VIOLATED)
ANTENNA_760/DIODE                       1.500000    2.110211   -0.610211 (VIOLATED)
ANTENNA__7645__B/DIODE                  1.500000    2.110100   -0.610100 (VIOLATED)
_7645_/B                                1.500000    2.110100   -0.610100 (VIOLATED)
ANTENNA_hold270_X/DIODE                 1.500000    2.110096   -0.610096 (VIOLATED)
ANTENNA_load_slew652_A/DIODE            1.500000    2.110096   -0.610096 (VIOLATED)
load_slew652/A                          1.500000    2.110096   -0.610096 (VIOLATED)
ANTENNA_mprj.team_09_Wrapper.team_09_WB.instance_to_wrap_gpio_in[6]/DIODE    1.500000    2.104628   -0.604628 (VIOLATED)
mprj.team_09_Wrapper.team_09_WB.instance_to_wrap/gpio_in[6]    1.500000    2.104545   -0.604545 (VIOLATED)
ANTENNA_mprj.team_05_Wrapper.team_05_WB.instance_to_wrap_gpio_in[23]/DIODE    1.500000    2.099478   -0.599478 (VIOLATED)
mprj.team_05_Wrapper.team_05_WB.instance_to_wrap/gpio_in[23]    1.500000    2.099469   -0.599469 (VIOLATED)
hold1043/X                              1.498918    2.094675   -0.595756 (VIOLATED)
ANTENNA__5194__A/DIODE                  1.500000    2.094741   -0.594741 (VIOLATED)
_5194_/A                                1.500000    2.094742   -0.594742 (VIOLATED)
ANTENNA__5103__A/DIODE                  1.500000    2.094712   -0.594712 (VIOLATED)
_5103_/A                                1.500000    2.094712   -0.594712 (VIOLATED)
_5431_/A                                1.500000    2.094700   -0.594700 (VIOLATED)
ANTENNA__5431__A/DIODE                  1.500000    2.094697   -0.594697 (VIOLATED)
ANTENNA_hold1043_X/DIODE                1.500000    2.094675   -0.594675 (VIOLATED)
ANTENNA_mprj.team_04_Wrapper.team_04_WB.instance_to_wrap_gpio_in[27]/DIODE    1.500000    2.093765   -0.593765 (VIOLATED)
mprj.team_04_Wrapper.team_04_WB.instance_to_wrap/gpio_in[27]    1.500000    2.093468   -0.593468 (VIOLATED)
ANTENNA_mprj.team_02_Wrapper.team_02_WB.instance_to_wrap_gpio_in[23]/DIODE    1.500000    2.086570   -0.586570 (VIOLATED)
mprj.team_02_Wrapper.team_02_WB.instance_to_wrap/gpio_in[23]    1.500000    2.086251   -0.586251 (VIOLATED)
ANTENNA_mprj.team_08_Wrapper.team_08_WB.instance_to_wrap_gpio_in[21]/DIODE    1.500000    2.082538   -0.582538 (VIOLATED)
ANTENNA__6498__A/DIODE                  1.500000    2.081483   -0.581483 (VIOLATED)
_6498_/A                                1.500000    2.081479   -0.581479 (VIOLATED)
_4397_/A0                               1.500000    2.077815   -0.577815 (VIOLATED)
ANTENNA__4397__A0/DIODE                 1.500000    2.077813   -0.577813 (VIOLATED)
ANTENNA_16/DIODE                        1.500000    2.077769   -0.577769 (VIOLATED)
ANTENNA__4403__B1/DIODE                 1.500000    2.077737   -0.577737 (VIOLATED)
_4403_/B1                               1.500000    2.077711   -0.577711 (VIOLATED)
ANTENNA_17/DIODE                        1.500000    2.077600   -0.577600 (VIOLATED)
mprj.team_06_Wrapper.team_06_WB.instance_to_wrap/gpio_in[22]    1.500000    2.076858   -0.576858 (VIOLATED)
ANTENNA_mprj.team_06_Wrapper.team_06_WB.instance_to_wrap_gpio_in[22]/DIODE    1.500000    2.076285   -0.576285 (VIOLATED)
hold884/X                               1.498918    2.074167   -0.575248 (VIOLATED)
_7653_/B                                1.500000    2.074918   -0.574918 (VIOLATED)
ANTENNA__7653__B/DIODE                  1.500000    2.074917   -0.574917 (VIOLATED)
load_slew644/A                          1.500000    2.074209   -0.574209 (VIOLATED)
ANTENNA_load_slew644_A/DIODE            1.500000    2.074208   -0.574208 (VIOLATED)
ANTENNA_hold884_X/DIODE                 1.500000    2.074167   -0.574167 (VIOLATED)
mprj.team_08_Wrapper.team_08_WB.instance_to_wrap/gpio_in[21]    1.500000    2.074001   -0.574001 (VIOLATED)
ANTENNA_mprj.team_02_Wrapper.team_02_WB.instance_to_wrap_gpio_in[19]/DIODE    1.500000    2.072242   -0.572242 (VIOLATED)
mprj.team_02_Wrapper.team_02_WB.instance_to_wrap/gpio_in[19]    1.500000    2.071703   -0.571703 (VIOLATED)
_4656_/A0                               1.500000    2.071421   -0.571421 (VIOLATED)
ANTENNA_34/DIODE                        1.500000    2.071417   -0.571417 (VIOLATED)
ANTENNA__4656__A0/DIODE                 1.500000    2.071405   -0.571405 (VIOLATED)
_4662_/B1                               1.500000    2.071373   -0.571373 (VIOLATED)
ANTENNA__4662__B1/DIODE                 1.500000    2.071336   -0.571336 (VIOLATED)
_4599_/A0                               1.500000    2.070833   -0.570833 (VIOLATED)
ANTENNA__4599__A0/DIODE                 1.500000    2.070823   -0.570823 (VIOLATED)
_4605_/A2                               1.500000    2.070813   -0.570813 (VIOLATED)
ANTENNA__4605__A2/DIODE                 1.500000    2.070812   -0.570812 (VIOLATED)
ANTENNA_mprj.team_02_Wrapper.team_02_WB.instance_to_wrap_gpio_in[6]/DIODE    1.500000    2.070285   -0.570285 (VIOLATED)
mprj.team_06_Wrapper.team_06_WB.instance_to_wrap/gpio_in[23]    1.500000    2.069856   -0.569856 (VIOLATED)
ANTENNA_mprj.team_06_Wrapper.team_06_WB.instance_to_wrap_gpio_in[23]/DIODE    1.500000    2.069187   -0.569187 (VIOLATED)
ANTENNA_mprj.team_08_Wrapper.team_08_WB.instance_to_wrap_en/DIODE    1.500000    2.064335   -0.564335 (VIOLATED)
mprj.team_08_Wrapper.team_08_WB.instance_to_wrap/en    1.500000    2.064332   -0.564331 (VIOLATED)
ANTENNA_mprj.team_08_Wrapper.team_08_WB.instance_to_wrap_gpio_in[4]/DIODE    1.500000    2.064070   -0.564069 (VIOLATED)
mprj.team_08_Wrapper.team_08_WB.instance_to_wrap/gpio_in[4]    1.500000    2.064058   -0.564058 (VIOLATED)
hold1661/X                              1.498918    2.062205   -0.563287 (VIOLATED)
ANTENNA_hold1661_X/DIODE                1.500000    2.062205   -0.562205 (VIOLATED)
ANTENNA_mprj.team_01_Wrapper.team_01_WB.instance_to_wrap_ADR_O[10]/DIODE    1.500000    2.061525   -0.561526 (VIOLATED)
mprj.team_01_Wrapper.team_01_WB.instance_to_wrap/ADR_O[10]    1.500000    2.061502   -0.561502 (VIOLATED)
mprj.team_02_Wrapper.team_02_WB.instance_to_wrap/gpio_in[6]    1.500000    2.061416   -0.561417 (VIOLATED)
_4409_/A0                               1.500000    2.058991   -0.558991 (VIOLATED)
ANTENNA__4409__A0/DIODE                 1.500000    2.058976   -0.558976 (VIOLATED)
_4415_/B1                               1.500000    2.058946   -0.558946 (VIOLATED)
ANTENNA__4415__B1/DIODE                 1.500000    2.058944   -0.558944 (VIOLATED)
_4447_/A2                               1.500000    2.058258   -0.558258 (VIOLATED)
ANTENNA__4447__A2/DIODE                 1.500000    2.058254   -0.558255 (VIOLATED)
ANTENNA__4441__A0/DIODE                 1.500000    2.058252   -0.558252 (VIOLATED)
ANTENNA_18/DIODE                        1.500000    2.058247   -0.558247 (VIOLATED)
_4441_/A0                               1.500000    2.058157   -0.558157 (VIOLATED)
hold357/X                               1.498918    2.054949   -0.556031 (VIOLATED)
_7652_/B                                1.500000    2.055466   -0.555467 (VIOLATED)
ANTENNA__7652__B/DIODE                  1.500000    2.055466   -0.555466 (VIOLATED)
load_slew645/A                          1.500000    2.054984   -0.554984 (VIOLATED)
ANTENNA_load_slew645_A/DIODE            1.500000    2.054983   -0.554983 (VIOLATED)
ANTENNA_hold357_X/DIODE                 1.500000    2.054949   -0.554949 (VIOLATED)
ANTENNA_mprj.team_01_Wrapper.team_01_WB.instance_to_wrap_DAT_O[12]/DIODE    1.500000    2.054005   -0.554005 (VIOLATED)
mprj.team_01_Wrapper.team_01_WB.instance_to_wrap/DAT_O[12]    1.500000    2.053960   -0.553960 (VIOLATED)
_4255_/A0                               1.500000    2.051892   -0.551892 (VIOLATED)
ANTENNA__4255__A0/DIODE                 1.500000    2.051871   -0.551871 (VIOLATED)
ANTENNA__4261__A2/DIODE                 1.500000    2.051846   -0.551846 (VIOLATED)
_4261_/A2                               1.500000    2.051815   -0.551815 (VIOLATED)
mprj.team_03_Wrapper.team_03_WB.instance_to_wrap/en    1.500000    2.047576   -0.547576 (VIOLATED)
ANTENNA_mprj.team_03_Wrapper.team_03_WB.instance_to_wrap_en/DIODE    1.500000    2.047573   -0.547573 (VIOLATED)
ANTENNA_mprj.team_01_Wrapper.team_01_WB.instance_to_wrap_ADR_O[27]/DIODE    1.500000    2.047143   -0.547143 (VIOLATED)
mprj.team_01_Wrapper.team_01_WB.instance_to_wrap/ADR_O[27]    1.500000    2.047038   -0.547038 (VIOLATED)
hold1766/X                              1.498918    2.045699   -0.546781 (VIOLATED)
ANTENNA_mprj.team_12_Wrapper.team_12_WB.instance_to_wrap_gpio_in[6]/DIODE    1.500000    2.046266   -0.546266 (VIOLATED)
mprj.team_12_Wrapper.team_12_WB.instance_to_wrap/gpio_in[6]    1.500000    2.046264   -0.546264 (VIOLATED)
ANTENNA_hold1766_X/DIODE                1.500000    2.045699   -0.545699 (VIOLATED)
_4424_/A0                               1.500000    2.040666   -0.540666 (VIOLATED)
_4430_/A2                               1.500000    2.040635   -0.540635 (VIOLATED)
ANTENNA__4424__A0/DIODE                 1.500000    2.040620   -0.540620 (VIOLATED)
ANTENNA__4430__A2/DIODE                 1.500000    2.040610   -0.540610 (VIOLATED)
ANTENNA_mprj.team_02_Wrapper.team_02_WB.instance_to_wrap_gpio_in[14]/DIODE    1.500000    2.033581   -0.533582 (VIOLATED)
mprj.team_05_Wrapper.team_05_WB.instance_to_wrap/gpio_in[26]    1.500000    2.032047   -0.532047 (VIOLATED)
ANTENNA_mprj.team_05_Wrapper.team_05_WB.instance_to_wrap_gpio_in[26]/DIODE    1.500000    2.032038   -0.532038 (VIOLATED)
mprj.team_02_Wrapper.team_02_WB.instance_to_wrap/gpio_in[14]    1.500000    2.029421   -0.529421 (VIOLATED)
mprj.team_04_Wrapper.team_04_WB.instance_to_wrap/gpio_in[7]    1.500000    2.028549   -0.528549 (VIOLATED)
ANTENNA_mprj.team_04_Wrapper.team_04_WB.instance_to_wrap_gpio_in[7]/DIODE    1.500000    2.028334   -0.528334 (VIOLATED)
ANTENNA_mprj.team_10_Wrapper.team_10_WB.instance_to_wrap_gpio_in[27]/DIODE    1.500000    2.023224   -0.523224 (VIOLATED)
_5603_/A2                               1.500000    2.021148   -0.521148 (VIOLATED)
ANTENNA__5603__A2/DIODE                 1.500000    2.021147   -0.521147 (VIOLATED)
_5605_/A1                               1.500000    2.021114   -0.521114 (VIOLATED)
ANTENNA__5605__A1/DIODE                 1.500000    2.021103   -0.521103 (VIOLATED)
_4835_/A1                               1.500000    2.021046   -0.521047 (VIOLATED)
ANTENNA__4835__A1/DIODE                 1.500000    2.021046   -0.521046 (VIOLATED)
_4567_/B1                               1.500000    2.021033   -0.521033 (VIOLATED)
ANTENNA__4544__A2/DIODE                 1.500000    2.021025   -0.521025 (VIOLATED)
_4544_/A2                               1.500000    2.021024   -0.521023 (VIOLATED)
ANTENNA__4567__B1/DIODE                 1.500000    2.021017   -0.521017 (VIOLATED)
_4467_/B                                1.500000    2.021017   -0.521017 (VIOLATED)
ANTENNA__4467__B/DIODE                  1.500000    2.021011   -0.521011 (VIOLATED)
_5128_/B                                1.500000    2.020708   -0.520708 (VIOLATED)
ANTENNA__5128__B/DIODE                  1.500000    2.020676   -0.520676 (VIOLATED)
_7747_/A1                               1.500000    2.020409   -0.520409 (VIOLATED)
ANTENNA__7747__A1/DIODE                 1.500000    2.020403   -0.520403 (VIOLATED)
hold528/X                               1.498918    2.019291   -0.520373 (VIOLATED)
ANTENNA__4204__A0/DIODE                 1.500000    2.020329   -0.520329 (VIOLATED)
_4204_/A0                               1.500000    2.020328   -0.520328 (VIOLATED)
ANTENNA__4210__A2/DIODE                 1.500000    2.020321   -0.520321 (VIOLATED)
_4210_/A2                               1.500000    2.020316   -0.520316 (VIOLATED)
mprj.team_08_Wrapper.team_08_WB.instance_to_wrap/gpio_in[12]    1.500000    2.019576   -0.519576 (VIOLATED)
ANTENNA_mprj.team_08_Wrapper.team_08_WB.instance_to_wrap_gpio_in[12]/DIODE    1.500000    2.019553   -0.519554 (VIOLATED)
ANTENNA_hold528_X/DIODE                 1.500000    2.019291   -0.519291 (VIOLATED)
mprj.team_10_Wrapper.team_10_WB.instance_to_wrap/gpio_in[27]    1.500000    2.019211   -0.519211 (VIOLATED)
_8014_/A                                1.500000    2.018714   -0.518714 (VIOLATED)
ANTENNA__8014__A/DIODE                  1.500000    2.018700   -0.518700 (VIOLATED)
ANTENNA_mprj.team_01_Wrapper.team_01_WB.instance_to_wrap_ADR_O[30]/DIODE    1.500000    2.014724   -0.514724 (VIOLATED)
mprj.team_01_Wrapper.team_01_WB.instance_to_wrap/ADR_O[30]    1.500000    2.014724   -0.514724 (VIOLATED)
ANTENNA_mprj.team_02_Wrapper.team_02_WB.instance_to_wrap_gpio_in[26]/DIODE    1.500000    2.013507   -0.513507 (VIOLATED)
mprj.team_02_Wrapper.team_02_WB.instance_to_wrap/gpio_in[26]    1.500000    2.013381   -0.513381 (VIOLATED)
ANTENNA_mprj.team_08_Wrapper.team_08_WB.instance_to_wrap_gpio_in[23]/DIODE    1.500000    2.011324   -0.511324 (VIOLATED)
mprj.team_01_Wrapper.team_01_WB.instance_to_wrap/gpio_in[31]    1.500000    2.010474   -0.510474 (VIOLATED)
ANTENNA_mprj.team_01_Wrapper.team_01_WB.instance_to_wrap_gpio_in[31]/DIODE    1.500000    2.010446   -0.510446 (VIOLATED)
mprj.team_08_Wrapper.team_08_WB.instance_to_wrap/gpio_in[23]    1.500000    2.004863   -0.504863 (VIOLATED)
ANTENNA_mprj.team_05_Wrapper.team_05_WB.instance_to_wrap_gpio_out[1]/DIODE    1.500000    2.003135   -0.503135 (VIOLATED)
mprj.team_05_Wrapper.team_05_WB.instance_to_wrap/gpio_out[1]    1.500000    2.003135   -0.503135 (VIOLATED)
mprj.team_03_Wrapper.team_03_WB.instance_to_wrap/gpio_in[31]    1.500000    2.002571   -0.502571 (VIOLATED)
ANTENNA_mprj.team_03_Wrapper.team_03_WB.instance_to_wrap_gpio_in[31]/DIODE    1.500000    2.002244   -0.502244 (VIOLATED)
hold1710/A                              1.500000    2.001105   -0.501105 (VIOLATED)
ANTENNA_hold1710_A/DIODE                1.500000    2.001103   -0.501103 (VIOLATED)
hold1781/X                              1.498918    1.998761   -0.499843 (VIOLATED)
ANTENNA_hold1781_X/DIODE                1.500000    1.998761   -0.498761 (VIOLATED)
ANTENNA_mprj.team_05_Wrapper.team_05_WB.instance_to_wrap_gpio_in[14]/DIODE    1.500000    1.998328   -0.498328 (VIOLATED)
mprj.team_05_Wrapper.team_05_WB.instance_to_wrap/gpio_in[14]    1.500000    1.998231   -0.498231 (VIOLATED)
ANTENNA__4372__A0/DIODE                 1.500000    1.997677   -0.497677 (VIOLATED)
_4372_/A0                               1.500000    1.997656   -0.497656 (VIOLATED)
_4378_/A2                               1.500000    1.997575   -0.497575 (VIOLATED)
ANTENNA__4378__A2/DIODE                 1.500000    1.997496   -0.497496 (VIOLATED)
mprj.team_06_Wrapper.team_06_WB.instance_to_wrap/gpio_in[26]    1.500000    1.993073   -0.493073 (VIOLATED)
ANTENNA_mprj.team_06_Wrapper.team_06_WB.instance_to_wrap_gpio_in[26]/DIODE    1.500000    1.992784   -0.492784 (VIOLATED)
ANTENNA__4476__B1/DIODE                 1.500000    1.992182   -0.492182 (VIOLATED)
_4476_/B1                               1.500000    1.992180   -0.492180 (VIOLATED)
ANTENNA__4470__A0/DIODE                 1.500000    1.992175   -0.492175 (VIOLATED)
_4470_/A0                               1.500000    1.992166   -0.492166 (VIOLATED)
ANTENNA_mprj.team_01_Wrapper.team_01_WB.instance_to_wrap_ADR_O[0]/DIODE    1.500000    1.986478   -0.486478 (VIOLATED)
mprj.team_01_Wrapper.team_01_WB.instance_to_wrap/ADR_O[0]    1.500000    1.986478   -0.486478 (VIOLATED)
mprj.team_06_Wrapper.team_06_WB.instance_to_wrap/gpio_in[4]    1.500000    1.985294   -0.485294 (VIOLATED)
ANTENNA_mprj.team_06_Wrapper.team_06_WB.instance_to_wrap_gpio_in[4]/DIODE    1.500000    1.985171   -0.485171 (VIOLATED)
mprj.team_06_Wrapper.team_06_WB.instance_to_wrap/gpio_in[19]    1.500000    1.983548   -0.483548 (VIOLATED)
ANTENNA_mprj.team_06_Wrapper.team_06_WB.instance_to_wrap_gpio_in[19]/DIODE    1.500000    1.983128   -0.483128 (VIOLATED)
ANTENNA__4367__A2/DIODE                 1.500000    1.981936   -0.481937 (VIOLATED)
_4367_/A2                               1.500000    1.981924   -0.481924 (VIOLATED)
ANTENNA__4361__A0/DIODE                 1.500000    1.981892   -0.481892 (VIOLATED)
_4361_/A0                               1.500000    1.981846   -0.481846 (VIOLATED)
hold274/X                               1.498918    1.976019   -0.477101 (VIOLATED)
ANTENNA__7637__A/DIODE                  1.500000    1.976930   -0.476930 (VIOLATED)
_7637_/A                                1.500000    1.976929   -0.476929 (VIOLATED)
ANTENNA__7627__A/DIODE                  1.500000    1.976924   -0.476924 (VIOLATED)
ANTENNA__7629__A/DIODE                  1.500000    1.976924   -0.476925 (VIOLATED)
_7627_/A                                1.500000    1.976924   -0.476924 (VIOLATED)
_7629_/A                                1.500000    1.976924   -0.476925 (VIOLATED)
_7635_/A                                1.500000    1.976924   -0.476924 (VIOLATED)
ANTENNA__7635__A/DIODE                  1.500000    1.976923   -0.476923 (VIOLATED)
ANTENNA__7634__A/DIODE                  1.500000    1.976912   -0.476913 (VIOLATED)
_7634_/A                                1.500000    1.976913   -0.476913 (VIOLATED)
ANTENNA__7626__A/DIODE                  1.500000    1.976903   -0.476903 (VIOLATED)
_7626_/A                                1.500000    1.976901   -0.476901 (VIOLATED)
_7631_/A                                1.500000    1.976853   -0.476853 (VIOLATED)
ANTENNA__7631__A/DIODE                  1.500000    1.976844   -0.476844 (VIOLATED)
ANTENNA_mprj.team_01_Wrapper.team_01_WB.instance_to_wrap_DAT_O[18]/DIODE    1.500000    1.976614   -0.476614 (VIOLATED)
mprj.team_01_Wrapper.team_01_WB.instance_to_wrap/DAT_O[18]    1.500000    1.976614   -0.476614 (VIOLATED)
ANTENNA__7650__A/DIODE                  1.500000    1.976019   -0.476019 (VIOLATED)
ANTENNA__7654__A/DIODE                  1.500000    1.976019   -0.476019 (VIOLATED)
ANTENNA_fanout626_A/DIODE               1.500000    1.976019   -0.476019 (VIOLATED)
ANTENNA_hold274_X/DIODE                 1.500000    1.976019   -0.476019 (VIOLATED)
_7650_/A                                1.500000    1.976019   -0.476019 (VIOLATED)
_7654_/A                                1.500000    1.976019   -0.476019 (VIOLATED)
fanout626/A                             1.500000    1.976019   -0.476019 (VIOLATED)
mprj.team_03_Wrapper.team_03_WB.instance_to_wrap/gpio_in[22]    1.500000    1.966134   -0.466134 (VIOLATED)
ANTENNA_mprj.team_03_Wrapper.team_03_WB.instance_to_wrap_gpio_in[22]/DIODE    1.500000    1.965870   -0.465870 (VIOLATED)
_7981_/A                                1.500000    1.965861   -0.465861 (VIOLATED)
ANTENNA__7981__A/DIODE                  1.500000    1.965848   -0.465848 (VIOLATED)
ANTENNA_mprj.team_04_Wrapper.team_04_WB.instance_to_wrap_gpio_in[22]/DIODE    1.500000    1.962816   -0.462816 (VIOLATED)
mprj.team_04_Wrapper.team_04_WB.instance_to_wrap/gpio_in[22]    1.500000    1.962664   -0.462664 (VIOLATED)
ANTENNA_mprj.team_01_Wrapper.team_01_WB.instance_to_wrap_ADR_O[21]/DIODE    1.500000    1.959385   -0.459385 (VIOLATED)
mprj.team_01_Wrapper.team_01_WB.instance_to_wrap/ADR_O[21]    1.500000    1.959361   -0.459361 (VIOLATED)
ANTENNA_mprj.team_01_Wrapper.team_01_WB.instance_to_wrap_ADR_O[26]/DIODE    1.500000    1.957651   -0.457651 (VIOLATED)
mprj.team_01_Wrapper.team_01_WB.instance_to_wrap/ADR_O[26]    1.500000    1.957636   -0.457636 (VIOLATED)
ANTENNA_mprj.team_01_Wrapper.team_01_WB.instance_to_wrap_gpio_in[30]/DIODE    1.500000    1.956827   -0.456827 (VIOLATED)
mprj.team_01_Wrapper.team_01_WB.instance_to_wrap/gpio_in[30]    1.500000    1.956815   -0.456815 (VIOLATED)
ANTENNA__7912__A/DIODE                  1.500000    1.956009   -0.456009 (VIOLATED)
_7912_/A                                1.500000    1.955960   -0.455960 (VIOLATED)
mprj.team_04_Wrapper.team_04_WB.instance_to_wrap/gpio_in[31]    1.500000    1.953028   -0.453028 (VIOLATED)
ANTENNA_mprj.team_04_Wrapper.team_04_WB.instance_to_wrap_gpio_in[31]/DIODE    1.500000    1.952947   -0.452947 (VIOLATED)
_7970_/B2                               1.500000    1.947123   -0.447123 (VIOLATED)
ANTENNA__7970__B2/DIODE                 1.500000    1.947122   -0.447122 (VIOLATED)
mprj.team_08_Wrapper.team_08_WB.instance_to_wrap/nrst    1.500000    1.945568   -0.445568 (VIOLATED)
ANTENNA_mprj.team_08_Wrapper.team_08_WB.instance_to_wrap_nrst/DIODE    1.500000    1.945479   -0.445479 (VIOLATED)
ANTENNA_mprj.team_04_Wrapper.team_04_WB.instance_to_wrap_gpio_in[3]/DIODE    1.500000    1.942688   -0.442688 (VIOLATED)
ANTENNA_mprj.team_01_Wrapper.team_01_WB.instance_to_wrap_DAT_O[8]/DIODE    1.500000    1.939096   -0.439096 (VIOLATED)
mprj.team_01_Wrapper.team_01_WB.instance_to_wrap/DAT_O[8]    1.500000    1.939063   -0.439063 (VIOLATED)
mprj.team_05_Wrapper.team_05_WB.instance_to_wrap/gpio_in[31]    1.500000    1.936805   -0.436805 (VIOLATED)
ANTENNA_mprj.team_05_Wrapper.team_05_WB.instance_to_wrap_gpio_in[31]/DIODE    1.500000    1.936579   -0.436579 (VIOLATED)
mprj.team_10_Wrapper.team_10_WB.instance_to_wrap/gpio_in[5]    1.500000    1.936555   -0.436555 (VIOLATED)
ANTENNA_mprj.team_05_Wrapper.team_05_WB.instance_to_wrap_gpio_out[6]/DIODE    1.500000    1.934141   -0.434141 (VIOLATED)
mprj.team_05_Wrapper.team_05_WB.instance_to_wrap/gpio_out[6]    1.500000    1.934141   -0.434141 (VIOLATED)
ANTENNA_mprj.team_04_Wrapper.team_04_WB.instance_to_wrap_memory_size[5]/DIODE    1.500000    1.931587   -0.431587 (VIOLATED)
mprj.team_04_Wrapper.team_04_WB.instance_to_wrap/memory_size[5]    1.500000    1.931575   -0.431575 (VIOLATED)
hold1393/X                              1.498918    1.930225   -0.431307 (VIOLATED)
ANTENNA__7094__B2/DIODE                 1.500000    1.930255   -0.430255 (VIOLATED)
_7094_/B2                               1.500000    1.930248   -0.430248 (VIOLATED)
ANTENNA__5255__A0/DIODE                 1.500000    1.930225   -0.430225 (VIOLATED)
ANTENNA_hold1393_X/DIODE                1.500000    1.930225   -0.430225 (VIOLATED)
_5255_/A0                               1.500000    1.930225   -0.430225 (VIOLATED)
mprj.team_06_Wrapper.team_06_WB.instance_to_wrap/gpio_in[12]    1.500000    1.930189   -0.430189 (VIOLATED)
ANTENNA_mprj.team_06_Wrapper.team_06_WB.instance_to_wrap_gpio_in[12]/DIODE    1.500000    1.929069   -0.429069 (VIOLATED)
mprj.team_03_Wrapper.team_03_WB.instance_to_wrap/gpio_in[30]    1.500000    1.928193   -0.428193 (VIOLATED)
ANTENNA_mprj.team_03_Wrapper.team_03_WB.instance_to_wrap_gpio_in[30]/DIODE    1.500000    1.928150   -0.428150 (VIOLATED)
ANTENNA__4356__A2/DIODE                 1.500000    1.927988   -0.427988 (VIOLATED)
_4356_/A2                               1.500000    1.927969   -0.427969 (VIOLATED)
ANTENNA__4350__A0/DIODE                 1.500000    1.927931   -0.427931 (VIOLATED)
_4350_/A0                               1.500000    1.927911   -0.427911 (VIOLATED)
ANTENNA__4433__A0/DIODE                 1.500000    1.925995   -0.425995 (VIOLATED)
_4433_/A0                               1.500000    1.925973   -0.425973 (VIOLATED)
ANTENNA__4439__A2/DIODE                 1.500000    1.925910   -0.425910 (VIOLATED)
_4439_/A2                               1.500000    1.925863   -0.425863 (VIOLATED)
ANTENNA_mprj.team_10_Wrapper.team_10_WB.instance_to_wrap_gpio_in[5]/DIODE    1.500000    1.925203   -0.425203 (VIOLATED)
ANTENNA_mprj.team_08_Wrapper.team_08_WB.instance_to_wrap_gpio_in[26]/DIODE    1.500000    1.924054   -0.424054 (VIOLATED)
ANTENNA__4387__A1/DIODE                 1.500000    1.922659   -0.422659 (VIOLATED)
_4387_/A1                               1.500000    1.922651   -0.422651 (VIOLATED)
_4394_/A2                               1.500000    1.922348   -0.422348 (VIOLATED)
ANTENNA__4394__A2/DIODE                 1.500000    1.922301   -0.422301 (VIOLATED)
_6247_/A1                               1.500000    1.921431   -0.421431 (VIOLATED)
ANTENNA__6247__A1/DIODE                 1.500000    1.921425   -0.421425 (VIOLATED)
ANTENNA_mprj.team_01_Wrapper.team_01_WB.instance_to_wrap_ADR_O[9]/DIODE    1.500000    1.921382   -0.421382 (VIOLATED)
mprj.team_01_Wrapper.team_01_WB.instance_to_wrap/ADR_O[9]    1.500000    1.921351   -0.421351 (VIOLATED)
ANTENNA_757/DIODE                       1.500000    1.920994   -0.420994 (VIOLATED)
hold244/X                               1.498918    1.918195   -0.419277 (VIOLATED)
_4218_/A1                               1.500000    1.918240   -0.418240 (VIOLATED)
ANTENNA__4218__A1/DIODE                 1.500000    1.918239   -0.418239 (VIOLATED)
_4132_/B                                1.500000    1.918215   -0.418215 (VIOLATED)
ANTENNA__4134__B/DIODE                  1.500000    1.918215   -0.418215 (VIOLATED)
ANTENNA__4254__A1/DIODE                 1.500000    1.918215   -0.418215 (VIOLATED)
ANTENNA__4270__B2/DIODE                 1.500000    1.918215   -0.418215 (VIOLATED)
_4078_/A                                1.500000    1.918215   -0.418215 (VIOLATED)
_4134_/B                                1.500000    1.918214   -0.418214 (VIOLATED)
_4254_/A1                               1.500000    1.918215   -0.418215 (VIOLATED)
_4270_/B2                               1.500000    1.918215   -0.418215 (VIOLATED)
ANTENNA__7522__A/DIODE                  1.500000    1.918214   -0.418214 (VIOLATED)
_7522_/A                                1.500000    1.918214   -0.418214 (VIOLATED)
ANTENNA__4132__B/DIODE                  1.500000    1.918213   -0.418213 (VIOLATED)
ANTENNA__4078__A/DIODE                  1.500000    1.918211   -0.418211 (VIOLATED)
ANTENNA__7520__A/DIODE                  1.500000    1.918208   -0.418208 (VIOLATED)
_7520_/A                                1.500000    1.918208   -0.418208 (VIOLATED)
ANTENNA__4131__B/DIODE                  1.500000    1.918195   -0.418195 (VIOLATED)
ANTENNA__7486__C1/DIODE                 1.500000    1.918195   -0.418195 (VIOLATED)
ANTENNA_hold244_X/DIODE                 1.500000    1.918195   -0.418195 (VIOLATED)
_4131_/B                                1.500000    1.918195   -0.418195 (VIOLATED)
_7486_/C1                               1.500000    1.918195   -0.418195 (VIOLATED)
ANTENNA_750/DIODE                       1.500000    1.917462   -0.417462 (VIOLATED)
_4339_/A0                               1.500000    1.915470   -0.415470 (VIOLATED)
ANTENNA__4339__A0/DIODE                 1.500000    1.915458   -0.415458 (VIOLATED)
ANTENNA_755/DIODE                       1.500000    1.915448   -0.415448 (VIOLATED)
_4345_/A2                               1.500000    1.915441   -0.415441 (VIOLATED)
ANTENNA__4345__A2/DIODE                 1.500000    1.915400   -0.415400 (VIOLATED)
ANTENNA__5090__A0/DIODE                 1.500000    1.913910   -0.413910 (VIOLATED)
_5090_/A0                               1.500000    1.913907   -0.413907 (VIOLATED)
_5096_/B1                               1.500000    1.913888   -0.413888 (VIOLATED)
ANTENNA__5096__B1/DIODE                 1.500000    1.913880   -0.413880 (VIOLATED)
ANTENNA_mprj.team_05_Wrapper.team_05_WB.instance_to_wrap_gpio_in[6]/DIODE    1.500000    1.913765   -0.413765 (VIOLATED)
mprj.team_05_Wrapper.team_05_WB.instance_to_wrap/gpio_in[6]    1.500000    1.913705   -0.413705 (VIOLATED)
mprj.team_08_Wrapper.team_08_WB.instance_to_wrap/gpio_in[26]    1.500000    1.913209   -0.413209 (VIOLATED)
ANTENNA_752/DIODE                       1.500000    1.913062   -0.413062 (VIOLATED)
mprj.team_04_Wrapper.team_04_WB.instance_to_wrap/gpio_in[3]    1.500000    1.911358   -0.411358 (VIOLATED)
ANTENNA_mprj.team_08_Wrapper.team_08_WB.instance_to_wrap_gpio_in[5]/DIODE    1.500000    1.909470   -0.409470 (VIOLATED)
mprj.team_08_Wrapper.team_08_WB.instance_to_wrap/gpio_in[5]    1.500000    1.909465   -0.409465 (VIOLATED)
ANTENNA_mprj.team_01_Wrapper.team_01_WB.instance_to_wrap_DAT_O[14]/DIODE    1.500000    1.907478   -0.407478 (VIOLATED)
mprj.team_01_Wrapper.team_01_WB.instance_to_wrap/DAT_O[14]    1.500000    1.907478   -0.407478 (VIOLATED)
ANTENNA_mprj.team_05_Wrapper.team_05_WB.instance_to_wrap_gpio_in[28]/DIODE    1.500000    1.906229   -0.406229 (VIOLATED)
mprj.team_05_Wrapper.team_05_WB.instance_to_wrap/gpio_in[28]    1.500000    1.906208   -0.406208 (VIOLATED)
mprj.team_04_Wrapper.team_04_WB.instance_to_wrap/gpio_in[26]    1.500000    1.904456   -0.404456 (VIOLATED)
ANTENNA_mprj.team_04_Wrapper.team_04_WB.instance_to_wrap_gpio_in[26]/DIODE    1.500000    1.904411   -0.404411 (VIOLATED)
ANTENNA_756/DIODE                       1.500000    1.902801   -0.402801 (VIOLATED)
_5498_/A                                1.500000    1.900057   -0.400057 (VIOLATED)
ANTENNA__5498__A/DIODE                  1.500000    1.900055   -0.400055 (VIOLATED)
ANTENNA__5392__B/DIODE                  1.500000    1.900049   -0.400049 (VIOLATED)
_5392_/B                                1.500000    1.900042   -0.400042 (VIOLATED)
ANTENNA__5388__A/DIODE                  1.500000    1.900041   -0.400041 (VIOLATED)
_5388_/A                                1.500000    1.900040   -0.400040 (VIOLATED)
_4576_/A                                1.500000    1.900030   -0.400030 (VIOLATED)
ANTENNA__4576__A/DIODE                  1.500000    1.900028   -0.400028 (VIOLATED)
_4571_/B                                1.500000    1.899963   -0.399963 (VIOLATED)
ANTENNA__4571__B/DIODE                  1.500000    1.899957   -0.399957 (VIOLATED)
_4793_/A                                1.500000    1.899817   -0.399817 (VIOLATED)
ANTENNA__4793__A/DIODE                  1.500000    1.899803   -0.399803 (VIOLATED)
hold326/X                               1.498918    1.898685   -0.399767 (VIOLATED)
_4794_/A                                1.500000    1.899753   -0.399753 (VIOLATED)
ANTENNA__4794__A/DIODE                  1.500000    1.899734   -0.399734 (VIOLATED)
_5147_/B                                1.500000    1.898987   -0.398987 (VIOLATED)
ANTENNA__5147__B/DIODE                  1.500000    1.898984   -0.398984 (VIOLATED)
ANTENNA_hold326_X/DIODE                 1.500000    1.898685   -0.398685 (VIOLATED)
ANTENNA_751/DIODE                       1.500000    1.898668   -0.398668 (VIOLATED)
hold34/X                                1.498918    1.896826   -0.397908 (VIOLATED)
ANTENNA__6156__A2/DIODE                 1.500000    1.896926   -0.396926 (VIOLATED)
_6156_/A2                               1.500000    1.896925   -0.396925 (VIOLATED)
fanout424/A                             1.500000    1.896879   -0.396879 (VIOLATED)
ANTENNA_fanout424_A/DIODE               1.500000    1.896878   -0.396879 (VIOLATED)
ANTENNA__6100__B1/DIODE                 1.500000    1.896846   -0.396846 (VIOLATED)
_6100_/B1                               1.500000    1.896846   -0.396846 (VIOLATED)
_6089_/B1                               1.500000    1.896845   -0.396845 (VIOLATED)
ANTENNA__6089__B1/DIODE                 1.500000    1.896845   -0.396845 (VIOLATED)
_6097_/A2                               1.500000    1.896838   -0.396838 (VIOLATED)
ANTENNA__6097__A2/DIODE                 1.500000    1.896837   -0.396837 (VIOLATED)
ANTENNA_fanout422_A/DIODE               1.500000    1.896826   -0.396826 (VIOLATED)
ANTENNA_hold34_X/DIODE                  1.500000    1.896826   -0.396826 (VIOLATED)
fanout422/A                             1.500000    1.896826   -0.396826 (VIOLATED)
ANTENNA_mprj.team_02_Wrapper.team_02_WB.instance_to_wrap_gpio_out[13]/DIODE    1.500000    1.895807   -0.395807 (VIOLATED)
mprj.team_02_Wrapper.team_02_WB.instance_to_wrap/gpio_out[13]    1.500000    1.895807   -0.395807 (VIOLATED)
ANTENNA_mprj.team_01_Wrapper.team_01_WB.instance_to_wrap_ADR_O[15]/DIODE    1.500000    1.895105   -0.395105 (VIOLATED)
mprj.team_01_Wrapper.team_01_WB.instance_to_wrap/ADR_O[15]    1.500000    1.895101   -0.395102 (VIOLATED)
ANTENNA__4634__A2/DIODE                 1.500000    1.894849   -0.394849 (VIOLATED)
ANTENNA__4628__A0/DIODE                 1.500000    1.894845   -0.394845 (VIOLATED)
ANTENNA_753/DIODE                       1.500000    1.894819   -0.394819 (VIOLATED)
_4628_/A0                               1.500000    1.894800   -0.394800 (VIOLATED)
_4634_/A2                               1.500000    1.894780   -0.394780 (VIOLATED)
ANTENNA__4302__A0/DIODE                 1.500000    1.894564   -0.394564 (VIOLATED)
_4302_/A0                               1.500000    1.894558   -0.394558 (VIOLATED)
_4308_/A2                               1.500000    1.894453   -0.394453 (VIOLATED)
ANTENNA__4308__A2/DIODE                 1.500000    1.894315   -0.394315 (VIOLATED)
ANTENNA_754/DIODE                       1.500000    1.889733   -0.389733 (VIOLATED)
ANTENNA_mprj.team_01_Wrapper.team_01_WB.instance_to_wrap_ADR_O[11]/DIODE    1.500000    1.888960   -0.388960 (VIOLATED)
mprj.team_01_Wrapper.team_01_WB.instance_to_wrap/ADR_O[11]    1.500000    1.888946   -0.388946 (VIOLATED)
_4683_/B                                1.500000    1.888451   -0.388451 (VIOLATED)
ANTENNA__4683__B/DIODE                  1.500000    1.888449   -0.388449 (VIOLATED)
_6396_/B2                               1.500000    1.888213   -0.388213 (VIOLATED)
ANTENNA__6396__B2/DIODE                 1.500000    1.888195   -0.388195 (VIOLATED)
ANTENNA_263/DIODE                       1.500000    1.888187   -0.388187 (VIOLATED)
ANTENNA_262/DIODE                       1.500000    1.888170   -0.388170 (VIOLATED)
ANTENNA_265/DIODE                       1.500000    1.888129   -0.388129 (VIOLATED)
ANTENNA_264/DIODE                       1.500000    1.888100   -0.388100 (VIOLATED)
hold1146/X                              1.498918    1.886037   -0.387119 (VIOLATED)
mprj.team_04_Wrapper.team_04_WB.instance_to_wrap/gpio_in[30]    1.500000    1.886791   -0.386791 (VIOLATED)
ANTENNA_mprj.team_04_Wrapper.team_04_WB.instance_to_wrap_gpio_in[30]/DIODE    1.500000    1.886559   -0.386559 (VIOLATED)
ANTENNA_mprj.team_05_Wrapper.team_05_WB.instance_to_wrap_gpio_out[9]/DIODE    1.500000    1.886277   -0.386277 (VIOLATED)
mprj.team_05_Wrapper.team_05_WB.instance_to_wrap/gpio_out[9]    1.500000    1.886277   -0.386277 (VIOLATED)
ANTENNA_hold1146_X/DIODE                1.500000    1.886037   -0.386037 (VIOLATED)
_4152_/A0                               1.500000    1.885373   -0.385373 (VIOLATED)
_4158_/A2                               1.500000    1.885368   -0.385368 (VIOLATED)
ANTENNA__4152__A0/DIODE                 1.500000    1.885362   -0.385362 (VIOLATED)
ANTENNA__4158__A2/DIODE                 1.500000    1.885357   -0.385357 (VIOLATED)
_7935_/A                                1.500000    1.884301   -0.384301 (VIOLATED)
ANTENNA__7935__A/DIODE                  1.500000    1.884286   -0.384286 (VIOLATED)
ANTENNA_mprj.team_04_Wrapper.team_04_WB.instance_to_wrap_gpio_in[13]/DIODE    1.500000    1.883253   -0.383253 (VIOLATED)
_4686_/A0                               1.500000    1.880626   -0.380626 (VIOLATED)
ANTENNA__4686__A0/DIODE                 1.500000    1.880621   -0.380622 (VIOLATED)
_4692_/A2                               1.500000    1.880574   -0.380574 (VIOLATED)
ANTENNA__4692__A2/DIODE                 1.500000    1.880518   -0.380519 (VIOLATED)
output155/A                             1.500000    1.880195   -0.380195 (VIOLATED)
ANTENNA_output155_A/DIODE               1.500000    1.880136   -0.380136 (VIOLATED)
_4231_/A0                               1.500000    1.877597   -0.377597 (VIOLATED)
ANTENNA__4231__A0/DIODE                 1.500000    1.877589   -0.377589 (VIOLATED)
ANTENNA__4237__A2/DIODE                 1.500000    1.877564   -0.377564 (VIOLATED)
_4237_/A2                               1.500000    1.877549   -0.377549 (VIOLATED)
ANTENNA_mprj.team_01_Wrapper.team_01_WB.instance_to_wrap_ADR_O[16]/DIODE    1.500000    1.877118   -0.377118 (VIOLATED)
mprj.team_01_Wrapper.team_01_WB.instance_to_wrap/ADR_O[16]    1.500000    1.877118   -0.377118 (VIOLATED)
output156/A                             1.500000    1.875735   -0.375735 (VIOLATED)
ANTENNA_output156_A/DIODE               1.500000    1.875657   -0.375657 (VIOLATED)
mprj.team_09_Wrapper.team_09_WB.instance_to_wrap/gpio_in[3]    1.500000    1.873504   -0.373504 (VIOLATED)
ANTENNA_mprj.team_09_Wrapper.team_09_WB.instance_to_wrap_gpio_in[3]/DIODE    1.500000    1.873331   -0.373331 (VIOLATED)
ANTENNA_mprj.team_05_Wrapper.team_05_WB.instance_to_wrap_gpio_in[20]/DIODE    1.500000    1.873211   -0.373211 (VIOLATED)
mprj.team_05_Wrapper.team_05_WB.instance_to_wrap/gpio_in[20]    1.500000    1.873179   -0.373179 (VIOLATED)
mprj.team_04_Wrapper.team_04_WB.instance_to_wrap/gpio_in[13]    1.500000    1.872900   -0.372900 (VIOLATED)
ANTENNA_mprj.team_01_Wrapper.team_01_WB.instance_to_wrap_gpio_in[33]/DIODE    1.500000    1.863925   -0.363925 (VIOLATED)
mprj.team_01_Wrapper.team_01_WB.instance_to_wrap/gpio_in[33]    1.500000    1.863917   -0.363918 (VIOLATED)
_4333_/A2                               1.500000    1.863823   -0.363823 (VIOLATED)
ANTENNA__4327__A0/DIODE                 1.500000    1.863812   -0.363813 (VIOLATED)
_4327_/A0                               1.500000    1.863811   -0.363811 (VIOLATED)
ANTENNA__4333__A2/DIODE                 1.500000    1.863789   -0.363789 (VIOLATED)
ANTENNA_mprj.team_08_Wrapper.team_08_WB.instance_to_wrap_gpio_out[20]/DIODE    1.500000    1.862858   -0.362858 (VIOLATED)
mprj.team_08_Wrapper.team_08_WB.instance_to_wrap/gpio_out[20]    1.500000    1.862823   -0.362823 (VIOLATED)
ANTENNA_mprj.team_01_Wrapper.team_01_WB.instance_to_wrap_ADR_O[20]/DIODE    1.500000    1.861851   -0.361851 (VIOLATED)
mprj.team_01_Wrapper.team_01_WB.instance_to_wrap/ADR_O[20]    1.500000    1.861851   -0.361851 (VIOLATED)
mprj.team_06_Wrapper.team_06_WB.instance_to_wrap/gpio_in[5]    1.500000    1.861809   -0.361809 (VIOLATED)
ANTENNA_mprj.team_06_Wrapper.team_06_WB.instance_to_wrap_gpio_in[5]/DIODE    1.500000    1.861726   -0.361726 (VIOLATED)
ANTENNA_mprj.team_06_Wrapper.team_06_WB.instance_to_wrap_gpio_in[18]/DIODE    1.500000    1.861610   -0.361610 (VIOLATED)
mprj.team_06_Wrapper.team_06_WB.instance_to_wrap/gpio_in[18]    1.500000    1.861594   -0.361594 (VIOLATED)
ANTENNA__4457__A2/DIODE                 1.500000    1.861096   -0.361096 (VIOLATED)
_4457_/A2                               1.500000    1.861096   -0.361096 (VIOLATED)
ANTENNA__4451__A0/DIODE                 1.500000    1.861055   -0.361056 (VIOLATED)
_4451_/A0                               1.500000    1.860983   -0.360984 (VIOLATED)
ANTENNA_mprj.team_08_Wrapper.team_08_WB.instance_to_wrap_gpio_in[11]/DIODE    1.500000    1.860217   -0.360217 (VIOLATED)
mprj.team_08_Wrapper.team_08_WB.instance_to_wrap/gpio_in[11]    1.500000    1.860118   -0.360118 (VIOLATED)
ANTENNA__4164__A0/DIODE                 1.500000    1.858427   -0.358427 (VIOLATED)
_4164_/A0                               1.500000    1.858426   -0.358426 (VIOLATED)
ANTENNA__4170__A2/DIODE                 1.500000    1.858406   -0.358406 (VIOLATED)
_4170_/A2                               1.500000    1.858376   -0.358376 (VIOLATED)
ANTENNA_mprj.team_09_Wrapper.team_09_WB.instance_to_wrap_gpio_in[9]/DIODE    1.500000    1.857147   -0.357147 (VIOLATED)
mprj.team_09_Wrapper.team_09_WB.instance_to_wrap/gpio_in[9]    1.500000    1.857123   -0.357123 (VIOLATED)
ANTENNA__4482__A0/DIODE                 1.500000    1.855175   -0.355175 (VIOLATED)
_4482_/A0                               1.500000    1.855173   -0.355173 (VIOLATED)
ANTENNA__4488__A2/DIODE                 1.500000    1.855118   -0.355118 (VIOLATED)
_4488_/A2                               1.500000    1.855094   -0.355094 (VIOLATED)
ANTENNA__4973__B/DIODE                  1.500000    1.852720   -0.352720 (VIOLATED)
_4973_/B                                1.500000    1.852720   -0.352720 (VIOLATED)
fanout607/A                             1.500000    1.852223   -0.352223 (VIOLATED)
ANTENNA_fanout607_A/DIODE               1.500000    1.852219   -0.352219 (VIOLATED)
ANTENNA_fanout609_A/DIODE               1.500000    1.852055   -0.352055 (VIOLATED)
fanout609/A                             1.500000    1.852054   -0.352055 (VIOLATED)
ANTENNA_mprj.team_01_Wrapper.team_01_WB.instance_to_wrap_ADR_O[18]/DIODE    1.500000    1.852018   -0.352018 (VIOLATED)
mprj.team_01_Wrapper.team_01_WB.instance_to_wrap/ADR_O[18]    1.500000    1.852018   -0.352018 (VIOLATED)
hold866/X                               1.498918    1.850825   -0.351907 (VIOLATED)
fanout613/A                             1.500000    1.851848   -0.351848 (VIOLATED)
ANTENNA_fanout613_A/DIODE               1.500000    1.851835   -0.351835 (VIOLATED)
hold497/X                               1.498918    1.850646   -0.351728 (VIOLATED)
_4251_/A1                               1.500000    1.851438   -0.351438 (VIOLATED)
ANTENNA__4251__A1/DIODE                 1.500000    1.851418   -0.351418 (VIOLATED)
ANTENNA_hold497_X/DIODE                 1.500000    1.851243   -0.351243 (VIOLATED)
ANTENNA_hold866_X/DIODE                 1.500000    1.850825   -0.350825 (VIOLATED)
ANTENNA_fanout606_A/DIODE               1.500000    1.850646   -0.350646 (VIOLATED)
fanout606/A                             1.500000    1.850646   -0.350646 (VIOLATED)
ANTENNA__4897__B1/DIODE                 1.500000    1.848279   -0.348279 (VIOLATED)
_4897_/B1                               1.500000    1.848278   -0.348278 (VIOLATED)
ANTENNA__4891__A0/DIODE                 1.500000    1.848269   -0.348269 (VIOLATED)
_4891_/A0                               1.500000    1.848256   -0.348256 (VIOLATED)
ANTENNA_mprj.team_01_Wrapper.team_01_WB.instance_to_wrap_ADR_O[14]/DIODE    1.500000    1.846849   -0.346849 (VIOLATED)
mprj.team_01_Wrapper.team_01_WB.instance_to_wrap/ADR_O[14]    1.500000    1.846827   -0.346827 (VIOLATED)
_4554_/A2                               1.500000    1.843229   -0.343229 (VIOLATED)
ANTENNA__4554__A2/DIODE                 1.500000    1.843197   -0.343197 (VIOLATED)
_4548_/A1                               1.500000    1.843173   -0.343173 (VIOLATED)
_4546_/A0                               1.500000    1.843124   -0.343124 (VIOLATED)
ANTENNA__4546__A0/DIODE                 1.500000    1.843109   -0.343109 (VIOLATED)
ANTENNA__4548__A1/DIODE                 1.500000    1.843109   -0.343109 (VIOLATED)
_4552_/A2                               1.500000    1.843057   -0.343057 (VIOLATED)
ANTENNA_mprj.team_01_Wrapper.team_01_WB.instance_to_wrap_DAT_O[28]/DIODE    1.500000    1.843055   -0.343055 (VIOLATED)
mprj.team_01_Wrapper.team_01_WB.instance_to_wrap/DAT_O[28]    1.500000    1.843055   -0.343055 (VIOLATED)
ANTENNA__4552__A2/DIODE                 1.500000    1.842967   -0.342967 (VIOLATED)
ANTENNA_mprj.team_03_Wrapper.team_03_WB.instance_to_wrap_ADR_O[10]/DIODE    1.500000    1.838382   -0.338382 (VIOLATED)
mprj.team_03_Wrapper.team_03_WB.instance_to_wrap/ADR_O[10]    1.500000    1.838382   -0.338382 (VIOLATED)
_4534_/A2                               1.500000    1.838000   -0.338000 (VIOLATED)
ANTENNA__4534__A2/DIODE                 1.500000    1.837988   -0.337988 (VIOLATED)
ANTENNA__4528__A0/DIODE                 1.500000    1.837954   -0.337954 (VIOLATED)
_4528_/A0                               1.500000    1.837876   -0.337876 (VIOLATED)
_4500_/B1                               1.500000    1.837749   -0.337749 (VIOLATED)
ANTENNA__4500__B1/DIODE                 1.500000    1.837740   -0.337740 (VIOLATED)
ANTENNA__4494__A0/DIODE                 1.500000    1.837726   -0.337726 (VIOLATED)
_4494_/A0                               1.500000    1.837683   -0.337683 (VIOLATED)
mprj.team_02_Wrapper.team_02_WB.instance_to_wrap/gpio_in[12]    1.500000    1.835446   -0.335446 (VIOLATED)
ANTENNA_mprj.team_02_Wrapper.team_02_WB.instance_to_wrap_gpio_in[12]/DIODE    1.500000    1.835431   -0.335431 (VIOLATED)
ANTENNA_379/DIODE                       1.500000    1.829205   -0.329205 (VIOLATED)
ANTENNA_378/DIODE                       1.500000    1.829196   -0.329196 (VIOLATED)
ANTENNA_377/DIODE                       1.500000    1.829186   -0.329186 (VIOLATED)
ANTENNA__7886__A1/DIODE                 1.500000    1.829115   -0.329115 (VIOLATED)
_7886_/A1                               1.500000    1.829111   -0.329111 (VIOLATED)
ANTENNA_mprj.team_11_Wrapper.team_11_WB.instance_to_wrap_gpio_in[31]/DIODE    1.500000    1.825551   -0.325551 (VIOLATED)
mprj.team_11_Wrapper.team_11_WB.instance_to_wrap/gpio_in[31]    1.500000    1.825544   -0.325544 (VIOLATED)
ANTENNA__4154__A1/DIODE                 1.500000    1.824470   -0.324470 (VIOLATED)
_4154_/A1                               1.500000    1.824468   -0.324468 (VIOLATED)
ANTENNA__4160__A2/DIODE                 1.500000    1.824453   -0.324453 (VIOLATED)
_4160_/A2                               1.500000    1.824442   -0.324442 (VIOLATED)
ANTENNA_mprj.team_04_Wrapper.team_04_WB.instance_to_wrap_gpio_in[25]/DIODE    1.500000    1.822993   -0.322993 (VIOLATED)
mprj.team_02_Wrapper.team_02_WB.instance_to_wrap/gpio_in[5]    1.500000    1.822855   -0.322856 (VIOLATED)
mprj.team_04_Wrapper.team_04_WB.instance_to_wrap/gpio_in[25]    1.500000    1.822829   -0.322830 (VIOLATED)
ANTENNA_mprj.team_02_Wrapper.team_02_WB.instance_to_wrap_gpio_in[5]/DIODE    1.500000    1.822792   -0.322792 (VIOLATED)
ANTENNA_mprj.team_04_Wrapper.team_04_WB.instance_to_wrap_memory_size[8]/DIODE    1.500000    1.822622   -0.322623 (VIOLATED)
mprj.team_04_Wrapper.team_04_WB.instance_to_wrap/memory_size[8]    1.500000    1.822619   -0.322619 (VIOLATED)
hold1165/X                              1.498918    1.821092   -0.322174 (VIOLATED)
ANTENNA_mprj.team_01_Wrapper.team_01_WB.instance_to_wrap_ADR_O[13]/DIODE    1.500000    1.821387   -0.321387 (VIOLATED)
mprj.team_01_Wrapper.team_01_WB.instance_to_wrap/ADR_O[13]    1.500000    1.821372   -0.321372 (VIOLATED)
ANTENNA_601/DIODE                       1.500000    1.821116   -0.321116 (VIOLATED)
ANTENNA_604/DIODE                       1.500000    1.821113   -0.321113 (VIOLATED)
ANTENNA_598/DIODE                       1.500000    1.821107   -0.321107 (VIOLATED)
ANTENNA_599/DIODE                       1.500000    1.821105   -0.321105 (VIOLATED)
ANTENNA_602/DIODE                       1.500000    1.821105   -0.321105 (VIOLATED)
ANTENNA_603/DIODE                       1.500000    1.821102   -0.321102 (VIOLATED)
ANTENNA_605/DIODE                       1.500000    1.821102   -0.321102 (VIOLATED)
ANTENNA_600/DIODE                       1.500000    1.821101   -0.321101 (VIOLATED)
ANTENNA__5252__A0/DIODE                 1.500000    1.821095   -0.321095 (VIOLATED)
ANTENNA_hold1165_X/DIODE                1.500000    1.821092   -0.321092 (VIOLATED)
_5252_/A0                               1.500000    1.821092   -0.321092 (VIOLATED)
mprj.team_11_Wrapper.team_11_WB.instance_to_wrap/gpio_in[30]    1.500000    1.820709   -0.320710 (VIOLATED)
ANTENNA_mprj.team_11_Wrapper.team_11_WB.instance_to_wrap_gpio_in[30]/DIODE    1.500000    1.820708   -0.320708 (VIOLATED)
ANTENNA_mprj.team_05_Wrapper.team_05_WB.instance_to_wrap_gpio_in[27]/DIODE    1.500000    1.820628   -0.320628 (VIOLATED)
mprj.team_05_Wrapper.team_05_WB.instance_to_wrap/gpio_in[27]    1.500000    1.820605   -0.320605 (VIOLATED)
ANTENNA_mprj.team_05_Wrapper.team_05_WB.instance_to_wrap_gpio_in[29]/DIODE    1.500000    1.820251   -0.320251 (VIOLATED)
mprj.team_05_Wrapper.team_05_WB.instance_to_wrap/gpio_in[29]    1.500000    1.820251   -0.320251 (VIOLATED)
_7953_/A1                               1.500000    1.819064   -0.319064 (VIOLATED)
ANTENNA__7953__A1/DIODE                 1.500000    1.819051   -0.319051 (VIOLATED)
ANTENNA_mprj.team_08_Wrapper.team_08_WB.instance_to_wrap_gpio_in[10]/DIODE    1.500000    1.818609   -0.318609 (VIOLATED)
mprj.team_08_Wrapper.team_08_WB.instance_to_wrap/gpio_in[10]    1.500000    1.818570   -0.318570 (VIOLATED)
ANTENNA_mprj.team_05_Wrapper.team_05_WB.instance_to_wrap_gpio_in[5]/DIODE    1.500000    1.818016   -0.318016 (VIOLATED)
mprj.team_05_Wrapper.team_05_WB.instance_to_wrap/gpio_in[5]    1.500000    1.817903   -0.317903 (VIOLATED)
mprj.team_03_Wrapper.team_03_WB.instance_to_wrap/gpio_in[25]    1.500000    1.817565   -0.317565 (VIOLATED)
ANTENNA_mprj.team_03_Wrapper.team_03_WB.instance_to_wrap_gpio_in[25]/DIODE    1.500000    1.817479   -0.317479 (VIOLATED)
_8132_/A                                1.500000    1.817146   -0.317146 (VIOLATED)
ANTENNA__8132__A/DIODE                  1.500000    1.817132   -0.317132 (VIOLATED)
hold452/X                               1.498918    1.815583   -0.316665 (VIOLATED)
ANTENNA_mprj.team_08_Wrapper.team_08_WB.instance_to_wrap_gpio_in[9]/DIODE    1.500000    1.816188   -0.316188 (VIOLATED)
mprj.team_08_Wrapper.team_08_WB.instance_to_wrap/gpio_in[9]    1.500000    1.816186   -0.316186 (VIOLATED)
ANTENNA__5307__A/DIODE                  1.500000    1.815827   -0.315827 (VIOLATED)
ANTENNA__7459__A/DIODE                  1.500000    1.815826   -0.315826 (VIOLATED)
_5307_/A                                1.500000    1.815827   -0.315827 (VIOLATED)
_7459_/A                                1.500000    1.815826   -0.315826 (VIOLATED)
wire761/A                               1.500000    1.815816   -0.315816 (VIOLATED)
mprj.team_08_Wrapper.team_08_WB.instance_to_wrap/gpio_in[17]    1.500000    1.815760   -0.315761 (VIOLATED)
ANTENNA_wire761_A/DIODE                 1.500000    1.815750   -0.315750 (VIOLATED)
_5270_/A                                1.500000    1.815744   -0.315744 (VIOLATED)
ANTENNA__5270__A/DIODE                  1.500000    1.815743   -0.315744 (VIOLATED)
ANTENNA_mprj.team_08_Wrapper.team_08_WB.instance_to_wrap_gpio_in[17]/DIODE    1.500000    1.815742   -0.315742 (VIOLATED)
_7443_/B                                1.500000    1.815720   -0.315720 (VIOLATED)
ANTENNA__7443__B/DIODE                  1.500000    1.815719   -0.315719 (VIOLATED)
_5610_/B                                1.500000    1.815692   -0.315692 (VIOLATED)
ANTENNA__5610__B/DIODE                  1.500000    1.815677   -0.315677 (VIOLATED)
_5609_/A1                               1.500000    1.815625   -0.315625 (VIOLATED)
ANTENNA__5609__A1/DIODE                 1.500000    1.815614   -0.315614 (VIOLATED)
ANTENNA__4300__B/DIODE                  1.500000    1.815610   -0.315610 (VIOLATED)
_4300_/B                                1.500000    1.815611   -0.315611 (VIOLATED)
ANTENNA__4834__B/DIODE                  1.500000    1.815606   -0.315606 (VIOLATED)
_4834_/B                                1.500000    1.815606   -0.315607 (VIOLATED)
ANTENNA__5271__A2/DIODE                 1.500000    1.815583   -0.315583 (VIOLATED)
ANTENNA_hold452_X/DIODE                 1.500000    1.815583   -0.315583 (VIOLATED)
_5271_/A2                               1.500000    1.815583   -0.315583 (VIOLATED)
ANTENNA_mprj.team_02_Wrapper.team_02_WB.instance_to_wrap_gpio_in[20]/DIODE    1.500000    1.815183   -0.315183 (VIOLATED)
mprj.team_02_Wrapper.team_02_WB.instance_to_wrap/gpio_in[20]    1.500000    1.813825   -0.313825 (VIOLATED)
mprj.team_02_Wrapper.team_02_WB.instance_to_wrap/gpio_in[4]    1.500000    1.809312   -0.309312 (VIOLATED)
ANTENNA_mprj.team_02_Wrapper.team_02_WB.instance_to_wrap_gpio_in[4]/DIODE    1.500000    1.809239   -0.309239 (VIOLATED)
mprj.team_12_Wrapper.team_12_WB.instance_to_wrap/gpio_in[3]    1.500000    1.808911   -0.308911 (VIOLATED)
ANTENNA_mprj.team_12_Wrapper.team_12_WB.instance_to_wrap_gpio_in[3]/DIODE    1.500000    1.808895   -0.308895 (VIOLATED)
ANTENNA_mprj.team_02_Wrapper.team_02_WB.instance_to_wrap_gpio_in[29]/DIODE    1.500000    1.808070   -0.308070 (VIOLATED)
ANTENNA__4778__A1/DIODE                 1.500000    1.806964   -0.306964 (VIOLATED)
_4778_/A1                               1.500000    1.806953   -0.306953 (VIOLATED)
ANTENNA_mprj.team_01_Wrapper.team_01_WB.instance_to_wrap_ADR_O[2]/DIODE    1.500000    1.806925   -0.306925 (VIOLATED)
mprj.team_01_Wrapper.team_01_WB.instance_to_wrap/ADR_O[2]    1.500000    1.806922   -0.306922 (VIOLATED)
ANTENNA__4784__A2/DIODE                 1.500000    1.806912   -0.306912 (VIOLATED)
_4784_/A2                               1.500000    1.806896   -0.306897 (VIOLATED)
mprj.team_02_Wrapper.team_02_WB.instance_to_wrap/gpio_in[29]    1.500000    1.806594   -0.306594 (VIOLATED)
mprj.team_12_Wrapper.team_12_WB.instance_to_wrap/en    1.500000    1.803467   -0.303467 (VIOLATED)
ANTENNA_mprj.team_12_Wrapper.team_12_WB.instance_to_wrap_en/DIODE    1.500000    1.803466   -0.303466 (VIOLATED)
ANTENNA_mprj.team_06_Wrapper.team_06_WB.instance_to_wrap_gpio_oeb[8]/DIODE    1.500000    1.802554   -0.302554 (VIOLATED)
mprj.team_06_Wrapper.team_06_WB.instance_to_wrap/gpio_oeb[8]    1.500000    1.802545   -0.302545 (VIOLATED)
ANTENNA_mprj.team_03_Wrapper.team_03_WB.instance_to_wrap_ADR_O[16]/DIODE    1.500000    1.802195   -0.302195 (VIOLATED)
mprj.team_03_Wrapper.team_03_WB.instance_to_wrap/ADR_O[16]    1.500000    1.802195   -0.302195 (VIOLATED)
hold1764/X                              1.498918    1.800255   -0.301337 (VIOLATED)
ANTENNA_hold1764_X/DIODE                1.500000    1.800255   -0.300255 (VIOLATED)
mprj.team_07_Wrapper.team_07_WB.instance_to_wrap/gpio_in[31]    1.500000    1.799262   -0.299262 (VIOLATED)
ANTENNA_mprj.team_07_Wrapper.team_07_WB.instance_to_wrap_gpio_in[31]/DIODE    1.500000    1.799203   -0.299203 (VIOLATED)
ANTENNA_mprj.team_01_Wrapper.team_01_WB.instance_to_wrap_ADR_O[23]/DIODE    1.500000    1.798329   -0.298329 (VIOLATED)
mprj.team_01_Wrapper.team_01_WB.instance_to_wrap/ADR_O[23]    1.500000    1.798293   -0.298293 (VIOLATED)
hold552/X                               1.498918    1.795356   -0.296438 (VIOLATED)
ANTENNA_mprj.team_01_Wrapper.team_01_WB.instance_to_wrap_ADR_O[25]/DIODE    1.500000    1.796317   -0.296317 (VIOLATED)
mprj.team_01_Wrapper.team_01_WB.instance_to_wrap/ADR_O[25]    1.500000    1.796294   -0.296294 (VIOLATED)
_4730_/A0                               1.500000    1.796033   -0.296033 (VIOLATED)
ANTENNA__4730__A0/DIODE                 1.500000    1.796026   -0.296026 (VIOLATED)
_4736_/A2                               1.500000    1.795956   -0.295956 (VIOLATED)
ANTENNA__4736__A2/DIODE                 1.500000    1.795887   -0.295887 (VIOLATED)
_7453_/C1                               1.500000    1.795411   -0.295411 (VIOLATED)
ANTENNA__7453__C1/DIODE                 1.500000    1.795410   -0.295410 (VIOLATED)
ANTENNA__7460__C1/DIODE                 1.500000    1.795409   -0.295409 (VIOLATED)
_7460_/C1                               1.500000    1.795408   -0.295408 (VIOLATED)
_7452_/C1                               1.500000    1.795406   -0.295406 (VIOLATED)
ANTENNA__7452__C1/DIODE                 1.500000    1.795404   -0.295404 (VIOLATED)
ANTENNA__7462__C1/DIODE                 1.500000    1.795393   -0.295393 (VIOLATED)
_7462_/C1                               1.500000    1.795392   -0.295392 (VIOLATED)
ANTENNA__7457__A/DIODE                  1.500000    1.795380   -0.295380 (VIOLATED)
_7457_/A                                1.500000    1.795380   -0.295380 (VIOLATED)
_7455_/B1                               1.500000    1.795370   -0.295370 (VIOLATED)
ANTENNA__7455__B1/DIODE                 1.500000    1.795367   -0.295367 (VIOLATED)
ANTENNA__7445__C1/DIODE                 1.500000    1.795356   -0.295356 (VIOLATED)
ANTENNA__7447__B1/DIODE                 1.500000    1.795356   -0.295356 (VIOLATED)
ANTENNA__7448__C1/DIODE                 1.500000    1.795356   -0.295356 (VIOLATED)
ANTENNA__7458__C1/DIODE                 1.500000    1.795356   -0.295356 (VIOLATED)
ANTENNA_hold552_X/DIODE                 1.500000    1.795356   -0.295356 (VIOLATED)
_7445_/C1                               1.500000    1.795356   -0.295356 (VIOLATED)
_7447_/B1                               1.500000    1.795356   -0.295356 (VIOLATED)
_7448_/C1                               1.500000    1.795356   -0.295356 (VIOLATED)
_7458_/C1                               1.500000    1.795356   -0.295356 (VIOLATED)
ANTENNA_mprj.team_01_Wrapper.team_01_WB.instance_to_wrap_ADR_O[8]/DIODE    1.500000    1.795168   -0.295168 (VIOLATED)
mprj.team_01_Wrapper.team_01_WB.instance_to_wrap/ADR_O[8]    1.500000    1.795166   -0.295166 (VIOLATED)
ANTENNA_mprj.team_01_Wrapper.team_01_WB.instance_to_wrap_ADR_O[12]/DIODE    1.500000    1.795086   -0.295086 (VIOLATED)
mprj.team_01_Wrapper.team_01_WB.instance_to_wrap/ADR_O[12]    1.500000    1.795070   -0.295070 (VIOLATED)
mprj.team_08_Wrapper.team_08_WB.instance_to_wrap/gpio_in[22]    1.500000    1.794994   -0.294994 (VIOLATED)
ANTENNA_mprj.team_01_Wrapper.team_01_WB.instance_to_wrap_ADR_O[22]/DIODE    1.500000    1.794770   -0.294770 (VIOLATED)
mprj.team_01_Wrapper.team_01_WB.instance_to_wrap/ADR_O[22]    1.500000    1.794768   -0.294768 (VIOLATED)
_6252_/B2                               1.500000    1.794254   -0.294254 (VIOLATED)
ANTENNA__6252__B2/DIODE                 1.500000    1.794233   -0.294234 (VIOLATED)
ANTENNA_mprj.team_05_Wrapper.team_05_WB.instance_to_wrap_gpio_in[25]/DIODE    1.500000    1.790096   -0.290097 (VIOLATED)
mprj.team_05_Wrapper.team_05_WB.instance_to_wrap/gpio_in[25]    1.500000    1.790001   -0.290001 (VIOLATED)
_4273_/A1                               1.500000    1.789878   -0.289878 (VIOLATED)
ANTENNA__4273__A1/DIODE                 1.500000    1.789869   -0.289869 (VIOLATED)
ANTENNA_mprj.team_07_Wrapper.team_07_WB.instance_to_wrap_gpio_in[0]/DIODE    1.500000    1.789806   -0.289806 (VIOLATED)
mprj.team_07_Wrapper.team_07_WB.instance_to_wrap/gpio_in[0]    1.500000    1.789757   -0.289757 (VIOLATED)
_4295_/B                                1.500000    1.789660   -0.289660 (VIOLATED)
ANTENNA__4295__B/DIODE                  1.500000    1.789612   -0.289612 (VIOLATED)
_4288_/C                                1.500000    1.789372   -0.289372 (VIOLATED)
ANTENNA__4288__C/DIODE                  1.500000    1.789306   -0.289306 (VIOLATED)
ANTENNA_mprj.team_06_Wrapper.team_06_WB.instance_to_wrap_gpio_in[11]/DIODE    1.500000    1.789191   -0.289191 (VIOLATED)
ANTENNA_mprj.team_08_Wrapper.team_08_WB.instance_to_wrap_gpio_in[22]/DIODE    1.500000    1.786677   -0.286677 (VIOLATED)
mprj.team_06_Wrapper.team_06_WB.instance_to_wrap/gpio_in[29]    1.500000    1.786029   -0.286029 (VIOLATED)
mprj.team_06_Wrapper.team_06_WB.instance_to_wrap/gpio_in[11]    1.500000    1.785990   -0.285991 (VIOLATED)
ANTENNA_mprj.team_06_Wrapper.team_06_WB.instance_to_wrap_gpio_in[29]/DIODE    1.500000    1.784184   -0.284184 (VIOLATED)
ANTENNA__8120__A/DIODE                  1.500000    1.783110   -0.283110 (VIOLATED)
_8120_/A                                1.500000    1.783110   -0.283110 (VIOLATED)
ANTENNA__4991__A0/DIODE                 1.500000    1.781081   -0.281081 (VIOLATED)
_4991_/A0                               1.500000    1.781072   -0.281072 (VIOLATED)
_4997_/A2                               1.500000    1.781007   -0.281007 (VIOLATED)
ANTENNA__4997__A2/DIODE                 1.500000    1.780936   -0.280936 (VIOLATED)
ANTENNA_mprj.team_05_Wrapper.team_05_WB.instance_to_wrap_gpio_out[8]/DIODE    1.500000    1.780002   -0.280002 (VIOLATED)
mprj.team_05_Wrapper.team_05_WB.instance_to_wrap/gpio_out[8]    1.500000    1.780002   -0.280002 (VIOLATED)
_4968_/A2                               1.500000    1.774938   -0.274938 (VIOLATED)
ANTENNA__4968__A2/DIODE                 1.500000    1.774907   -0.274907 (VIOLATED)
ANTENNA__4962__A0/DIODE                 1.500000    1.774842   -0.274842 (VIOLATED)
_4962_/A0                               1.500000    1.774775   -0.274775 (VIOLATED)
mprj.team_11_Wrapper.team_11_WB.instance_to_wrap/gpio_in[0]    1.500000    1.774024   -0.274024 (VIOLATED)
ANTENNA_mprj.team_11_Wrapper.team_11_WB.instance_to_wrap_gpio_in[0]/DIODE    1.500000    1.774004   -0.274004 (VIOLATED)
mprj.team_07_Wrapper.team_07_WB.instance_to_wrap/gpio_in[30]    1.500000    1.773420   -0.273420 (VIOLATED)
ANTENNA_mprj.team_07_Wrapper.team_07_WB.instance_to_wrap_gpio_in[30]/DIODE    1.500000    1.773389   -0.273389 (VIOLATED)
mprj.team_12_Wrapper.team_12_WB.instance_to_wrap/gpio_in[9]    1.500000    1.772753   -0.272753 (VIOLATED)
ANTENNA_mprj.team_12_Wrapper.team_12_WB.instance_to_wrap_gpio_in[9]/DIODE    1.500000    1.772746   -0.272746 (VIOLATED)
ANTENNA_mprj.team_07_Wrapper.team_07_WB.instance_to_wrap_gpio_out[17]/DIODE    1.500000    1.770893   -0.270893 (VIOLATED)
mprj.team_07_Wrapper.team_07_WB.instance_to_wrap/gpio_out[17]    1.500000    1.770893   -0.270893 (VIOLATED)
ANTENNA_220/DIODE                       1.500000    1.770570   -0.270570 (VIOLATED)
ANTENNA__6598__A/DIODE                  1.500000    1.770558   -0.270559 (VIOLATED)
_6598_/A                                1.500000    1.770548   -0.270548 (VIOLATED)
ANTENNA_219/DIODE                       1.500000    1.770526   -0.270526 (VIOLATED)
ANTENNA__4671__A0/DIODE                 1.500000    1.769150   -0.269150 (VIOLATED)
_4671_/A0                               1.500000    1.769133   -0.269134 (VIOLATED)
ANTENNA__4677__B1/DIODE                 1.500000    1.769105   -0.269105 (VIOLATED)
_4677_/B1                               1.500000    1.769087   -0.269087 (VIOLATED)
ANTENNA_mprj.team_06_Wrapper.team_06_WB.instance_to_wrap_gpio_out[6]/DIODE    1.500000    1.768436   -0.268436 (VIOLATED)
mprj.team_06_Wrapper.team_06_WB.instance_to_wrap/gpio_out[6]    1.500000    1.768436   -0.268436 (VIOLATED)
mprj.team_08_Wrapper.team_08_WB.instance_to_wrap/gpio_in[18]    1.500000    1.768299   -0.268299 (VIOLATED)
ANTENNA__5076__A0/DIODE                 1.500000    1.767385   -0.267385 (VIOLATED)
ANTENNA__5082__A2/DIODE                 1.500000    1.767382   -0.267382 (VIOLATED)
_5082_/A2                               1.500000    1.767376   -0.267376 (VIOLATED)
_5076_/A0                               1.500000    1.767292   -0.267292 (VIOLATED)
ANTENNA_mprj.team_08_Wrapper.team_08_WB.instance_to_wrap_gpio_in[18]/DIODE    1.500000    1.766855   -0.266855 (VIOLATED)
mprj.team_05_Wrapper.team_05_WB.instance_to_wrap/gpio_in[30]    1.500000    1.766845   -0.266845 (VIOLATED)
ANTENNA_mprj.team_05_Wrapper.team_05_WB.instance_to_wrap_gpio_in[30]/DIODE    1.500000    1.766663   -0.266663 (VIOLATED)
ANTENNA_mprj.team_03_Wrapper.team_03_WB.instance_to_wrap_gpio_in[26]/DIODE    1.500000    1.764307   -0.264307 (VIOLATED)
mprj.team_03_Wrapper.team_03_WB.instance_to_wrap/gpio_in[26]    1.500000    1.764017   -0.264017 (VIOLATED)
mprj.team_06_Wrapper.team_06_WB.instance_to_wrap/gpio_in[9]    1.500000    1.762679   -0.262679 (VIOLATED)
ANTENNA_mprj.team_06_Wrapper.team_06_WB.instance_to_wrap_gpio_in[9]/DIODE    1.500000    1.762280   -0.262281 (VIOLATED)
ANTENNA_mprj.team_01_Wrapper.team_01_WB.instance_to_wrap_ADR_O[1]/DIODE    1.500000    1.759956   -0.259956 (VIOLATED)
mprj.team_01_Wrapper.team_01_WB.instance_to_wrap/ADR_O[1]    1.500000    1.759947   -0.259947 (VIOLATED)
ANTENNA__4716__A0/DIODE                 1.500000    1.759647   -0.259647 (VIOLATED)
_4716_/A0                               1.500000    1.759626   -0.259626 (VIOLATED)
_4722_/A2                               1.500000    1.759545   -0.259545 (VIOLATED)
_4757_/A                                1.500000    1.759513   -0.259513 (VIOLATED)
ANTENNA__4757__A/DIODE                  1.500000    1.759510   -0.259510 (VIOLATED)
ANTENNA__4722__A2/DIODE                 1.500000    1.759494   -0.259494 (VIOLATED)
_4758_/B                                1.500000    1.759375   -0.259375 (VIOLATED)
ANTENNA__4758__B/DIODE                  1.500000    1.759360   -0.259360 (VIOLATED)
hold429/X                               1.498918    1.757609   -0.258691 (VIOLATED)
mprj.team_06_Wrapper.team_06_WB.instance_to_wrap/gpio_in[17]    1.500000    1.757980   -0.257980 (VIOLATED)
ANTENNA_mprj.team_06_Wrapper.team_06_WB.instance_to_wrap_gpio_in[17]/DIODE    1.500000    1.757952   -0.257953 (VIOLATED)
ANTENNA_hold429_X/DIODE                 1.500000    1.757609   -0.257609 (VIOLATED)
_4940_/A2                               1.500000    1.754934   -0.254934 (VIOLATED)
ANTENNA__4940__A2/DIODE                 1.500000    1.754908   -0.254909 (VIOLATED)
ANTENNA__4934__A0/DIODE                 1.500000    1.754873   -0.254873 (VIOLATED)
_4934_/A0                               1.500000    1.754793   -0.254793 (VIOLATED)
ANTENNA__5025__A2/DIODE                 1.500000    1.754529   -0.254529 (VIOLATED)
_5025_/A2                               1.500000    1.754511   -0.254511 (VIOLATED)
ANTENNA__4195__A0/DIODE                 1.500000    1.754431   -0.254431 (VIOLATED)
_4195_/A0                               1.500000    1.754428   -0.254428 (VIOLATED)
_4201_/A2                               1.500000    1.754413   -0.254413 (VIOLATED)
ANTENNA__4201__A2/DIODE                 1.500000    1.754397   -0.254397 (VIOLATED)
_5019_/A0                               1.500000    1.754375   -0.254375 (VIOLATED)
ANTENNA__5019__A0/DIODE                 1.500000    1.754277   -0.254277 (VIOLATED)
ANTENNA_mprj.team_01_Wrapper.team_01_WB.instance_to_wrap_DAT_O[6]/DIODE    1.500000    1.752415   -0.252415 (VIOLATED)
mprj.team_01_Wrapper.team_01_WB.instance_to_wrap/DAT_O[6]    1.500000    1.752415   -0.252415 (VIOLATED)
mprj.team_02_Wrapper.team_02_WB.instance_to_wrap/gpio_in[25]    1.500000    1.751884   -0.251884 (VIOLATED)
ANTENNA_mprj.team_07_Wrapper.team_07_WB.instance_to_wrap_gpio_out[12]/DIODE    1.500000    1.751312   -0.251313 (VIOLATED)
mprj.team_07_Wrapper.team_07_WB.instance_to_wrap/gpio_out[12]    1.500000    1.751312   -0.251313 (VIOLATED)
ANTENNA_mprj.team_02_Wrapper.team_02_WB.instance_to_wrap_gpio_in[25]/DIODE    1.500000    1.749779   -0.249779 (VIOLATED)
ANTENNA_mprj.team_01_Wrapper.team_01_WB.instance_to_wrap_gpio_in[32]/DIODE    1.500000    1.748664   -0.248664 (VIOLATED)
mprj.team_01_Wrapper.team_01_WB.instance_to_wrap/gpio_in[32]    1.500000    1.748647   -0.248648 (VIOLATED)
ANTENNA_mprj.team_01_Wrapper.team_01_WB.instance_to_wrap_ADR_O[31]/DIODE    1.500000    1.747434   -0.247434 (VIOLATED)
mprj.team_01_Wrapper.team_01_WB.instance_to_wrap/ADR_O[31]    1.500000    1.747434   -0.247434 (VIOLATED)
mprj.team_02_Wrapper.team_02_WB.instance_to_wrap/gpio_in[9]    1.500000    1.747342   -0.247342 (VIOLATED)
_8058_/A1                               1.500000    1.746734   -0.246734 (VIOLATED)
ANTENNA__8058__A1/DIODE                 1.500000    1.746732   -0.246732 (VIOLATED)
ANTENNA_mprj.team_02_Wrapper.team_02_WB.instance_to_wrap_gpio_in[9]/DIODE    1.500000    1.745351   -0.245351 (VIOLATED)
ANTENNA__5063__A1/DIODE                 1.500000    1.744682   -0.244682 (VIOLATED)
_5063_/A1                               1.500000    1.744682   -0.244682 (VIOLATED)
ANTENNA__5070__A2/DIODE                 1.500000    1.744676   -0.244676 (VIOLATED)
_5070_/A2                               1.500000    1.744671   -0.244671 (VIOLATED)
hold315/X                               1.498918    1.743394   -0.244476 (VIOLATED)
ANTENNA__5323__A/DIODE                  1.500000    1.743433   -0.243433 (VIOLATED)
_5323_/A                                1.500000    1.743433   -0.243433 (VIOLATED)
_4189_/B                                1.500000    1.743423   -0.243423 (VIOLATED)
ANTENNA__4189__B/DIODE                  1.500000    1.743422   -0.243422 (VIOLATED)
ANTENNA__5600__C/DIODE                  1.500000    1.743412   -0.243412 (VIOLATED)
_5600_/C                                1.500000    1.743412   -0.243412 (VIOLATED)
ANTENNA__4565__B_N/DIODE                1.500000    1.743400   -0.243400 (VIOLATED)
_4565_/B_N                              1.500000    1.743400   -0.243400 (VIOLATED)
_5145_/A                                1.500000    1.743400   -0.243400 (VIOLATED)
ANTENNA__5145__A/DIODE                  1.500000    1.743400   -0.243400 (VIOLATED)
ANTENNA__4191__A/DIODE                  1.500000    1.743398   -0.243398 (VIOLATED)
_4191_/A                                1.500000    1.743398   -0.243398 (VIOLATED)
ANTENNA__6993__A/DIODE                  1.500000    1.743396   -0.243396 (VIOLATED)
_6993_/A                                1.500000    1.743396   -0.243396 (VIOLATED)
ANTENNA__4799__A/DIODE                  1.500000    1.743394   -0.243394 (VIOLATED)
ANTENNA__5151__B/DIODE                  1.500000    1.743394   -0.243394 (VIOLATED)
ANTENNA_hold315_X/DIODE                 1.500000    1.743394   -0.243394 (VIOLATED)
_4799_/A                                1.500000    1.743394   -0.243394 (VIOLATED)
_5151_/B                                1.500000    1.743394   -0.243394 (VIOLATED)
mprj.team_08_Wrapper.team_08_WB.instance_to_wrap/gpio_in[15]    1.500000    1.740167   -0.240167 (VIOLATED)
ANTENNA_mprj.team_08_Wrapper.team_08_WB.instance_to_wrap_gpio_in[15]/DIODE    1.500000    1.740158   -0.240158 (VIOLATED)
ANTENNA_mprj.team_03_Wrapper.team_03_WB.instance_to_wrap_DAT_O[16]/DIODE    1.500000    1.739851   -0.239852 (VIOLATED)
mprj.team_03_Wrapper.team_03_WB.instance_to_wrap/DAT_O[16]    1.500000    1.739851   -0.239852 (VIOLATED)
ANTENNA_mprj.team_01_Wrapper.team_01_WB.instance_to_wrap_DAT_O[10]/DIODE    1.500000    1.739471   -0.239471 (VIOLATED)
mprj.team_01_Wrapper.team_01_WB.instance_to_wrap/DAT_O[10]    1.500000    1.739323   -0.239323 (VIOLATED)
ANTENNA_mprj.team_10_Wrapper.team_10_WB.instance_to_wrap_gpio_in[3]/DIODE    1.500000    1.737499   -0.237499 (VIOLATED)
mprj.team_10_Wrapper.team_10_WB.instance_to_wrap/gpio_in[3]    1.500000    1.737387   -0.237387 (VIOLATED)
ANTENNA_mprj.team_06_Wrapper.team_06_WB.instance_to_wrap_gpio_in[10]/DIODE    1.500000    1.736763   -0.236763 (VIOLATED)
ANTENNA_mprj.team_06_Wrapper.team_06_WB.instance_to_wrap_gpio_out[10]/DIODE    1.500000    1.736646   -0.236646 (VIOLATED)
mprj.team_06_Wrapper.team_06_WB.instance_to_wrap/gpio_out[10]    1.500000    1.736646   -0.236646 (VIOLATED)
mprj.team_06_Wrapper.team_06_WB.instance_to_wrap/gpio_in[10]    1.500000    1.734190   -0.234190 (VIOLATED)
_7989_/A1                               1.500000    1.733761   -0.233761 (VIOLATED)
ANTENNA__7989__A1/DIODE                 1.500000    1.733722   -0.233722 (VIOLATED)
ANTENNA_mprj.team_03_Wrapper.team_03_WB.instance_to_wrap_WE_O/DIODE    1.500000    1.733378   -0.233378 (VIOLATED)
mprj.team_03_Wrapper.team_03_WB.instance_to_wrap/WE_O    1.500000    1.733341   -0.233341 (VIOLATED)
ANTENNA_mprj.team_06_Wrapper.team_06_WB.instance_to_wrap_gpio_in[25]/DIODE    1.500000    1.732898   -0.232898 (VIOLATED)
mprj.team_06_Wrapper.team_06_WB.instance_to_wrap/gpio_in[25]    1.500000    1.732798   -0.232798 (VIOLATED)
_4453_/A1                               1.500000    1.732785   -0.232785 (VIOLATED)
ANTENNA__4453__A1/DIODE                 1.500000    1.732771   -0.232771 (VIOLATED)
ANTENNA__4463__A2/DIODE                 1.500000    1.732759   -0.232759 (VIOLATED)
_4463_/A2                               1.500000    1.732738   -0.232738 (VIOLATED)
_6762_/A1                               1.500000    1.731828   -0.231828 (VIOLATED)
ANTENNA__6762__A1/DIODE                 1.500000    1.731817   -0.231817 (VIOLATED)
mprj.team_03_Wrapper.team_03_WB.instance_to_wrap/gpio_in[32]    1.500000    1.731363   -0.231363 (VIOLATED)
ANTENNA_mprj.team_01_Wrapper.team_01_WB.instance_to_wrap_ADR_O[4]/DIODE    1.500000    1.729981   -0.229981 (VIOLATED)
mprj.team_01_Wrapper.team_01_WB.instance_to_wrap/ADR_O[4]    1.500000    1.729958   -0.229958 (VIOLATED)
ANTENNA_mprj.team_03_Wrapper.team_03_WB.instance_to_wrap_gpio_in[32]/DIODE    1.500000    1.729247   -0.229247 (VIOLATED)
_4352_/A1                               1.500000    1.728646   -0.228646 (VIOLATED)
ANTENNA__4352__A1/DIODE                 1.500000    1.728631   -0.228631 (VIOLATED)
ANTENNA_mprj.team_10_Wrapper.team_10_WB.instance_to_wrap_gpio_in[0]/DIODE    1.500000    1.728622   -0.228622 (VIOLATED)
_4358_/A2                               1.500000    1.728603   -0.228603 (VIOLATED)
mprj.team_10_Wrapper.team_10_WB.instance_to_wrap/gpio_in[0]    1.500000    1.728555   -0.228555 (VIOLATED)
ANTENNA__4358__A2/DIODE                 1.500000    1.728544   -0.228544 (VIOLATED)
mprj.team_06_Wrapper.team_06_WB.instance_to_wrap/gpio_in[15]    1.500000    1.726505   -0.226505 (VIOLATED)
ANTENNA_mprj.team_01_Wrapper.team_01_WB.instance_to_wrap_ADR_O[5]/DIODE    1.500000    1.725274   -0.225274 (VIOLATED)
mprj.team_01_Wrapper.team_01_WB.instance_to_wrap/ADR_O[5]    1.500000    1.725259   -0.225259 (VIOLATED)
ANTENNA_mprj.team_06_Wrapper.team_06_WB.instance_to_wrap_gpio_in[15]/DIODE    1.500000    1.724571   -0.224571 (VIOLATED)
ANTENNA_mprj.team_10_Wrapper.team_10_WB.instance_to_wrap_gpio_in[31]/DIODE    1.500000    1.723760   -0.223760 (VIOLATED)
ANTENNA_mprj.team_01_Wrapper.team_01_WB.instance_to_wrap_gpio_in[22]/DIODE    1.500000    1.722986   -0.222986 (VIOLATED)
mprj.team_01_Wrapper.team_01_WB.instance_to_wrap/gpio_in[22]    1.500000    1.722906   -0.222906 (VIOLATED)
ANTENNA_mprj.team_05_Wrapper.team_05_WB.instance_to_wrap_gpio_in[9]/DIODE    1.500000    1.721675   -0.221675 (VIOLATED)
mprj.team_05_Wrapper.team_05_WB.instance_to_wrap/gpio_in[9]    1.500000    1.721615   -0.221615 (VIOLATED)
ANTENNA_mprj.team_01_Wrapper.team_01_WB.instance_to_wrap_gpio_in[26]/DIODE    1.500000    1.720294   -0.220294 (VIOLATED)
ANTENNA_235/DIODE                       1.500000    1.719239   -0.219239 (VIOLATED)
ANTENNA_234/DIODE                       1.500000    1.719235   -0.219235 (VIOLATED)
_6721_/A1                               1.500000    1.719185   -0.219185 (VIOLATED)
ANTENNA__6721__A1/DIODE                 1.500000    1.719135   -0.219135 (VIOLATED)
ANTENNA_mprj.team_06_Wrapper.team_06_WB.instance_to_wrap_gpio_in[20]/DIODE    1.500000    1.718945   -0.218945 (VIOLATED)
mprj.team_06_Wrapper.team_06_WB.instance_to_wrap/gpio_in[20]    1.500000    1.718887   -0.218887 (VIOLATED)
hold348/X                               1.498918    1.716083   -0.217165 (VIOLATED)
ANTENNA__7451__A/DIODE                  1.500000    1.716127   -0.216127 (VIOLATED)
_7451_/A                                1.500000    1.716127   -0.216127 (VIOLATED)
ANTENNA__4292__B/DIODE                  1.500000    1.716125   -0.216126 (VIOLATED)
_4292_/B                                1.500000    1.716125   -0.216125 (VIOLATED)
_7461_/A                                1.500000    1.716122   -0.216122 (VIOLATED)
ANTENNA__7461__A/DIODE                  1.500000    1.716121   -0.216121 (VIOLATED)
ANTENNA__5340__A/DIODE                  1.500000    1.716099   -0.216099 (VIOLATED)
_5340_/A                                1.500000    1.716098   -0.216098 (VIOLATED)
ANTENNA_762/DIODE                       1.500000    1.716097   -0.216097 (VIOLATED)
ANTENNA__5157__A/DIODE                  1.500000    1.716097   -0.216097 (VIOLATED)
_5157_/A                                1.500000    1.716097   -0.216097 (VIOLATED)
_5604_/B                                1.500000    1.716087   -0.216087 (VIOLATED)
ANTENNA__5604__B/DIODE                  1.500000    1.716086   -0.216086 (VIOLATED)
ANTENNA__7449__A/DIODE                  1.500000    1.716084   -0.216084 (VIOLATED)
_7449_/A                                1.500000    1.716084   -0.216084 (VIOLATED)
ANTENNA__5341__B/DIODE                  1.500000    1.716083   -0.216083 (VIOLATED)
ANTENNA_hold348_X/DIODE                 1.500000    1.716083   -0.216083 (VIOLATED)
_5341_/B                                1.500000    1.716083   -0.216083 (VIOLATED)
_6320_/A                                1.500000    1.715734   -0.215734 (VIOLATED)
ANTENNA__6320__A/DIODE                  1.500000    1.715722   -0.215722 (VIOLATED)
_6567_/A1                               1.500000    1.715407   -0.215407 (VIOLATED)
ANTENNA__6567__A1/DIODE                 1.500000    1.715383   -0.215383 (VIOLATED)
ANTENNA__6531__A1/DIODE                 1.500000    1.714421   -0.214421 (VIOLATED)
_6531_/A1                               1.500000    1.714413   -0.214413 (VIOLATED)
ANTENNA_mprj.sram.sram_inst_din0[17]/DIODE    1.500000    1.714097   -0.214097 (VIOLATED)
ANTENNA_mprj.team_03_Wrapper.team_03_WB.instance_to_wrap_DAT_O[0]/DIODE    1.500000    1.713529   -0.213530 (VIOLATED)
mprj.team_03_Wrapper.team_03_WB.instance_to_wrap/DAT_O[0]    1.500000    1.713521   -0.213521 (VIOLATED)
mprj.team_01_Wrapper.team_01_WB.instance_to_wrap/gpio_in[26]    1.500000    1.713239   -0.213240 (VIOLATED)
mprj.team_10_Wrapper.team_10_WB.instance_to_wrap/gpio_in[31]    1.500000    1.712533   -0.212533 (VIOLATED)
output113/A                             1.500000    1.711798   -0.211798 (VIOLATED)
ANTENNA_output113_A/DIODE               1.500000    1.711770   -0.211770 (VIOLATED)
hold1752/X                              1.498918    1.706666   -0.207748 (VIOLATED)
mprj.team_04_Wrapper.team_04_WB.instance_to_wrap/memory_size[6]    1.500000    1.706670   -0.206670 (VIOLATED)
ANTENNA_mprj.team_04_Wrapper.team_04_WB.instance_to_wrap_memory_size[6]/DIODE    1.500000    1.706669   -0.206669 (VIOLATED)
ANTENNA__5254__A0/DIODE                 1.500000    1.706666   -0.206666 (VIOLATED)
ANTENNA_hold1752_X/DIODE                1.500000    1.706666   -0.206666 (VIOLATED)
_5254_/A0                               1.500000    1.706666   -0.206666 (VIOLATED)
_6897_/C                                1.500000    1.706585   -0.206585 (VIOLATED)
ANTENNA__6897__C/DIODE                  1.500000    1.706569   -0.206569 (VIOLATED)
ANTENNA__4948__A0/DIODE                 1.500000    1.705182   -0.205182 (VIOLATED)
_4948_/A0                               1.500000    1.705174   -0.205174 (VIOLATED)
ANTENNA_33/DIODE                        1.500000    1.705133   -0.205133 (VIOLATED)
_4954_/A2                               1.500000    1.705106   -0.205106 (VIOLATED)
ANTENNA__4954__A2/DIODE                 1.500000    1.705094   -0.205094 (VIOLATED)
ANTENNA_mprj.team_08_Wrapper.team_08_WB.instance_to_wrap_gpio_in[19]/DIODE    1.500000    1.704329   -0.204329 (VIOLATED)
_4219_/A0                               1.500000    1.701770   -0.201770 (VIOLATED)
ANTENNA__4219__A0/DIODE                 1.500000    1.701765   -0.201765 (VIOLATED)
ANTENNA__4225__A2/DIODE                 1.500000    1.701765   -0.201765 (VIOLATED)
_4225_/A2                               1.500000    1.701748   -0.201748 (VIOLATED)
mprj.team_07_Wrapper.team_07_WB.instance_to_wrap/gpio_in[3]    1.500000    1.700247   -0.200247 (VIOLATED)
ANTENNA_mprj.team_07_Wrapper.team_07_WB.instance_to_wrap_gpio_in[3]/DIODE    1.500000    1.700205   -0.200206 (VIOLATED)
ANTENNA_mprj.team_03_Wrapper.team_03_WB.instance_to_wrap_gpio_in[8]/DIODE    1.500000    1.699532   -0.199532 (VIOLATED)
mprj.team_03_Wrapper.team_03_WB.instance_to_wrap/gpio_in[8]    1.500000    1.699524   -0.199524 (VIOLATED)
ANTENNA_mprj.team_03_Wrapper.team_03_WB.instance_to_wrap_ADR_O[23]/DIODE    1.500000    1.699374   -0.199374 (VIOLATED)
mprj.team_03_Wrapper.team_03_WB.instance_to_wrap/ADR_O[23]    1.500000    1.699374   -0.199374 (VIOLATED)
ANTENNA__4876__A0/DIODE                 1.500000    1.697905   -0.197905 (VIOLATED)
_4876_/A0                               1.500000    1.697905   -0.197905 (VIOLATED)
_4882_/B1                               1.500000    1.697890   -0.197890 (VIOLATED)
ANTENNA__4882__B1/DIODE                 1.500000    1.697862   -0.197862 (VIOLATED)
mprj.team_08_Wrapper.team_08_WB.instance_to_wrap/gpio_in[19]    1.500000    1.697329   -0.197329 (VIOLATED)
_8081_/X                                1.497633    1.692678   -0.195045 (VIOLATED)
mprj.team_02_Wrapper.team_02_WB.instance_to_wrap/gpio_in[31]    1.500000    1.694011   -0.194011 (VIOLATED)
ANTENNA_mprj.team_02_Wrapper.team_02_WB.instance_to_wrap_gpio_in[31]/DIODE    1.500000    1.693926   -0.193926 (VIOLATED)
ANTENNA__8081__X/DIODE                  1.500000    1.692678   -0.192678 (VIOLATED)
_6933_/A1                               1.500000    1.691729   -0.191729 (VIOLATED)
ANTENNA__6933__A1/DIODE                 1.500000    1.691726   -0.191726 (VIOLATED)
mprj.team_02_Wrapper.team_02_WB.instance_to_wrap/gpio_in[11]    1.500000    1.690246   -0.190246 (VIOLATED)
ANTENNA_mprj.team_02_Wrapper.team_02_WB.instance_to_wrap_gpio_in[11]/DIODE    1.500000    1.690216   -0.190216 (VIOLATED)
ANTENNA_mprj.team_08_Wrapper.team_08_WB.instance_to_wrap_gpio_out[27]/DIODE    1.500000    1.689417   -0.189417 (VIOLATED)
mprj.team_08_Wrapper.team_08_WB.instance_to_wrap/gpio_out[27]    1.500000    1.689417   -0.189417 (VIOLATED)
ANTENNA_mprj.sram.sram_inst_din0[16]/DIODE    1.500000    1.688698   -0.188698 (VIOLATED)
ANTENNA__4246__A1/DIODE                 1.500000    1.685025   -0.185025 (VIOLATED)
_4246_/A1                               1.500000    1.685012   -0.185012 (VIOLATED)
ANTENNA__4253__A2/DIODE                 1.500000    1.684985   -0.184985 (VIOLATED)
_4253_/A2                               1.500000    1.684970   -0.184970 (VIOLATED)
ANTENNA_319/DIODE                       1.500000    1.683262   -0.183262 (VIOLATED)
ANTENNA_659/DIODE                       1.500000    1.683240   -0.183240 (VIOLATED)
ANTENNA_780/DIODE                       1.500000    1.683214   -0.183214 (VIOLATED)
ANTENNA_318/DIODE                       1.500000    1.683124   -0.183124 (VIOLATED)
ANTENNA_658/DIODE                       1.500000    1.683120   -0.183120 (VIOLATED)
ANTENNA_779/DIODE                       1.500000    1.683103   -0.183103 (VIOLATED)
ANTENNA_mprj.team_01_Wrapper.team_01_WB.instance_to_wrap_DAT_O[29]/DIODE    1.500000    1.683074   -0.183074 (VIOLATED)
mprj.team_01_Wrapper.team_01_WB.instance_to_wrap/DAT_O[29]    1.500000    1.683074   -0.183074 (VIOLATED)
_6970_/A1                               1.500000    1.683035   -0.183035 (VIOLATED)
ANTENNA__6970__A1/DIODE                 1.500000    1.683029   -0.183029 (VIOLATED)
ANTENNA__6527__A1/DIODE                 1.500000    1.682842   -0.182842 (VIOLATED)
_6527_/A1                               1.500000    1.682823   -0.182823 (VIOLATED)
ANTENNA_mprj.team_03_Wrapper.team_03_WB.instance_to_wrap_ADR_O[29]/DIODE    1.500000    1.681987   -0.181987 (VIOLATED)
mprj.team_03_Wrapper.team_03_WB.instance_to_wrap/ADR_O[29]    1.500000    1.681935   -0.181935 (VIOLATED)
mprj.team_07_Wrapper.team_07_WB.instance_to_wrap/gpio_in[5]    1.500000    1.681821   -0.181821 (VIOLATED)
ANTENNA_mprj.team_07_Wrapper.team_07_WB.instance_to_wrap_gpio_in[5]/DIODE    1.500000    1.681800   -0.181800 (VIOLATED)
ANTENNA_mprj.team_05_Wrapper.team_05_WB.instance_to_wrap_gpio_out[31]/DIODE    1.500000    1.678927   -0.178927 (VIOLATED)
mprj.team_05_Wrapper.team_05_WB.instance_to_wrap/gpio_out[31]    1.500000    1.678923   -0.178923 (VIOLATED)
ANTENNA_mprj.team_01_Wrapper.team_01_WB.instance_to_wrap_gpio_in[25]/DIODE    1.500000    1.678592   -0.178592 (VIOLATED)
mprj.team_01_Wrapper.team_01_WB.instance_to_wrap/gpio_in[25]    1.500000    1.678492   -0.178492 (VIOLATED)
ANTENNA_mprj.team_01_Wrapper.team_01_WB.instance_to_wrap_DAT_O[3]/DIODE    1.500000    1.677613   -0.177613 (VIOLATED)
mprj.team_01_Wrapper.team_01_WB.instance_to_wrap/DAT_O[3]    1.500000    1.677613   -0.177613 (VIOLATED)
ANTENNA_mprj.team_03_Wrapper.team_03_WB.instance_to_wrap_ADR_O[13]/DIODE    1.500000    1.676802   -0.176802 (VIOLATED)
mprj.team_03_Wrapper.team_03_WB.instance_to_wrap/ADR_O[13]    1.500000    1.676802   -0.176802 (VIOLATED)
_7986_/A1                               1.500000    1.676509   -0.176509 (VIOLATED)
ANTENNA__7986__A1/DIODE                 1.500000    1.676503   -0.176503 (VIOLATED)
ANTENNA_mprj.team_03_Wrapper.team_03_WB.instance_to_wrap_gpio_in[20]/DIODE    1.500000    1.676270   -0.176270 (VIOLATED)
mprj.team_03_Wrapper.team_03_WB.instance_to_wrap/gpio_in[20]    1.500000    1.676226   -0.176226 (VIOLATED)
ANTENNA__4746__A0/DIODE                 1.500000    1.676092   -0.176092 (VIOLATED)
_4746_/A0                               1.500000    1.676081   -0.176081 (VIOLATED)
_4752_/A2                               1.500000    1.676025   -0.176025 (VIOLATED)
ANTENNA__4752__A2/DIODE                 1.500000    1.675953   -0.175953 (VIOLATED)
mprj.team_04_Wrapper.team_04_WB.instance_to_wrap/gpio_in[20]    1.500000    1.675564   -0.175564 (VIOLATED)
ANTENNA_mprj.team_04_Wrapper.team_04_WB.instance_to_wrap_gpio_in[20]/DIODE    1.500000    1.675516   -0.175516 (VIOLATED)
hold347/X                               1.498918    1.672459   -0.173541 (VIOLATED)
ANTENNA_mprj.team_02_Wrapper.team_02_WB.instance_to_wrap_gpio_out[8]/DIODE    1.500000    1.673035   -0.173035 (VIOLATED)
mprj.team_02_Wrapper.team_02_WB.instance_to_wrap/gpio_out[8]    1.500000    1.673035   -0.173035 (VIOLATED)
_4290_/B                                1.500000    1.672844   -0.172844 (VIOLATED)
ANTENNA__4291__B/DIODE                  1.500000    1.672843   -0.172843 (VIOLATED)
ANTENNA__4290__B/DIODE                  1.500000    1.672843   -0.172843 (VIOLATED)
_4291_/B                                1.500000    1.672842   -0.172842 (VIOLATED)
_4801_/A_N                              1.500000    1.672823   -0.172823 (VIOLATED)
ANTENNA__4801__A_N/DIODE                1.500000    1.672822   -0.172822 (VIOLATED)
ANTENNA__5129__A/DIODE                  1.500000    1.672720   -0.172720 (VIOLATED)
_5129_/A                                1.500000    1.672719   -0.172720 (VIOLATED)
ANTENNA__5285__C/DIODE                  1.500000    1.672685   -0.172685 (VIOLATED)
_5285_/C                                1.500000    1.672684   -0.172684 (VIOLATED)
_4541_/A                                1.500000    1.672637   -0.172638 (VIOLATED)
ANTENNA__4541__A/DIODE                  1.500000    1.672619   -0.172619 (VIOLATED)
ANTENNA_hold347_X/DIODE                 1.500000    1.672459   -0.172459 (VIOLATED)
_4506_/A0                               1.500000    1.670774   -0.170774 (VIOLATED)
ANTENNA__4506__A0/DIODE                 1.500000    1.670773   -0.170773 (VIOLATED)
ANTENNA__4512__A2/DIODE                 1.500000    1.670753   -0.170753 (VIOLATED)
_4512_/A2                               1.500000    1.670749   -0.170749 (VIOLATED)
_5393_/A                                1.500000    1.670678   -0.170678 (VIOLATED)
ANTENNA__5393__A/DIODE                  1.500000    1.670676   -0.170676 (VIOLATED)
ANTENNA__5375__A/DIODE                  1.500000    1.670671   -0.170671 (VIOLATED)
_5375_/A                                1.500000    1.670671   -0.170671 (VIOLATED)
_5378_/A                                1.500000    1.670637   -0.170637 (VIOLATED)
ANTENNA__5378__A/DIODE                  1.500000    1.670625   -0.170626 (VIOLATED)
_4243_/A                                1.500000    1.670616   -0.170616 (VIOLATED)
ANTENNA__4243__A/DIODE                  1.500000    1.670598   -0.170598 (VIOLATED)
ANTENNA__4596__B/DIODE                  1.500000    1.669955   -0.169955 (VIOLATED)
_4596_/B                                1.500000    1.669954   -0.169954 (VIOLATED)
hold956/X                               1.498918    1.668445   -0.169527 (VIOLATED)
ANTENNA__5092__A1/DIODE                 1.500000    1.669336   -0.169336 (VIOLATED)
ANTENNA_40/DIODE                        1.500000    1.669332   -0.169332 (VIOLATED)
_5092_/A1                               1.500000    1.669309   -0.169309 (VIOLATED)
ANTENNA__5099__A2/DIODE                 1.500000    1.669301   -0.169301 (VIOLATED)
_5099_/A2                               1.500000    1.669277   -0.169277 (VIOLATED)
_4242_/Y                                1.498454    1.667641   -0.169187 (VIOLATED)
ANTENNA__6615__A1/DIODE                 1.500000    1.668824   -0.168824 (VIOLATED)
_6615_/A1                               1.500000    1.668823   -0.168823 (VIOLATED)
ANTENNA_hold956_X/DIODE                 1.500000    1.668445   -0.168445 (VIOLATED)
ANTENNA_mprj.team_09_Wrapper.team_09_WB.instance_to_wrap_gpio_in[2]/DIODE    1.500000    1.668298   -0.168298 (VIOLATED)
mprj.team_09_Wrapper.team_09_WB.instance_to_wrap/gpio_in[2]    1.500000    1.668123   -0.168123 (VIOLATED)
ANTENNA__4242__Y/DIODE                  1.500000    1.667641   -0.167641 (VIOLATED)
ANTENNA_mprj.team_05_Wrapper.team_05_WB.instance_to_wrap_gpio_in[12]/DIODE    1.500000    1.666700   -0.166700 (VIOLATED)
_6316_/A1                               1.500000    1.666697   -0.166697 (VIOLATED)
ANTENNA_mprj.team_01_Wrapper.team_01_WB.instance_to_wrap_WE_O/DIODE    1.500000    1.666672   -0.166672 (VIOLATED)
mprj.team_01_Wrapper.team_01_WB.instance_to_wrap/WE_O    1.500000    1.666672   -0.166672 (VIOLATED)
ANTENNA__6316__A1/DIODE                 1.500000    1.666669   -0.166669 (VIOLATED)
mprj.team_05_Wrapper.team_05_WB.instance_to_wrap/gpio_in[12]    1.500000    1.666645   -0.166645 (VIOLATED)
ANTENNA_mprj.team_01_Wrapper.team_01_WB.instance_to_wrap_ADR_O[6]/DIODE    1.500000    1.666106   -0.166106 (VIOLATED)
mprj.team_01_Wrapper.team_01_WB.instance_to_wrap/ADR_O[6]    1.500000    1.666106   -0.166106 (VIOLATED)
ANTENNA__4648__A2/DIODE                 1.500000    1.666052   -0.166052 (VIOLATED)
_4648_/A2                               1.500000    1.666051   -0.166051 (VIOLATED)
ANTENNA__4642__A0/DIODE                 1.500000    1.666045   -0.166045 (VIOLATED)
_4642_/A0                               1.500000    1.666038   -0.166038 (VIOLATED)
ANTENNA_mprj.team_01_Wrapper.team_01_WB.instance_to_wrap_DAT_O[19]/DIODE    1.500000    1.665775   -0.165775 (VIOLATED)
mprj.team_01_Wrapper.team_01_WB.instance_to_wrap/DAT_O[19]    1.500000    1.665775   -0.165775 (VIOLATED)
_4653_/B                                1.500000    1.665034   -0.165034 (VIOLATED)
ANTENNA__4653__B/DIODE                  1.500000    1.665032   -0.165032 (VIOLATED)
hold763/X                               1.498918    1.663287   -0.164369 (VIOLATED)
ANTENNA_mprj.team_01_Wrapper.team_01_WB.instance_to_wrap_DAT_O[23]/DIODE    1.500000    1.664160   -0.164160 (VIOLATED)
mprj.team_01_Wrapper.team_01_WB.instance_to_wrap/DAT_O[23]    1.500000    1.664141   -0.164141 (VIOLATED)
ANTENNA_mprj.sram.sram_inst_din0[9]/DIODE    1.500000    1.664101   -0.164101 (VIOLATED)
ANTENNA_hold763_X/DIODE                 1.500000    1.663287   -0.163287 (VIOLATED)
ANTENNA_mprj.team_05_Wrapper.team_05_WB.instance_to_wrap_gpio_out[33]/DIODE    1.500000    1.663148   -0.163148 (VIOLATED)
mprj.team_05_Wrapper.team_05_WB.instance_to_wrap/gpio_out[33]    1.500000    1.663148   -0.163148 (VIOLATED)
ANTENNA_mprj.team_01_Wrapper.team_01_WB.instance_to_wrap_DAT_O[9]/DIODE    1.500000    1.662288   -0.162288 (VIOLATED)
mprj.team_01_Wrapper.team_01_WB.instance_to_wrap/DAT_O[9]    1.500000    1.662288   -0.162288 (VIOLATED)
ANTENNA__4140__A0/DIODE                 1.500000    1.661577   -0.161577 (VIOLATED)
_4140_/A0                               1.500000    1.661564   -0.161564 (VIOLATED)
_4146_/A2                               1.500000    1.661475   -0.161475 (VIOLATED)
ANTENNA__4146__A2/DIODE                 1.500000    1.661392   -0.161392 (VIOLATED)
mprj.team_10_Wrapper.team_10_WB.instance_to_wrap/gpio_in[30]    1.500000    1.660364   -0.160365 (VIOLATED)
ANTENNA_max_length787_A/DIODE           1.500000    1.658494   -0.158494 (VIOLATED)
_7781_/A1                               1.500000    1.657905   -0.157905 (VIOLATED)
ANTENNA__7781__A1/DIODE                 1.500000    1.657875   -0.157875 (VIOLATED)
ANTENNA_mprj.team_06_Wrapper.team_06_WB.instance_to_wrap_gpio_oeb[7]/DIODE    1.500000    1.656776   -0.156776 (VIOLATED)
mprj.team_06_Wrapper.team_06_WB.instance_to_wrap/gpio_oeb[7]    1.500000    1.656766   -0.156766 (VIOLATED)
ANTENNA_mprj.sram.sram_inst_din0[14]/DIODE    1.500000    1.656659   -0.156659 (VIOLATED)
_7138_/A1                               1.500000    1.654780   -0.154780 (VIOLATED)
ANTENNA__7138__A1/DIODE                 1.500000    1.654779   -0.154779 (VIOLATED)
hold722/X                               1.498918    1.653178   -0.154260 (VIOLATED)
ANTENNA_mprj.team_10_Wrapper.team_10_WB.instance_to_wrap_gpio_in[30]/DIODE    1.500000    1.654123   -0.154123 (VIOLATED)
max_length787/A                         1.500000    1.653791   -0.153791 (VIOLATED)
ANTENNA_hold722_X/DIODE                 1.500000    1.653178   -0.153178 (VIOLATED)
ANTENNA_mprj.team_01_Wrapper.team_01_WB.instance_to_wrap_DAT_O[15]/DIODE    1.500000    1.651413   -0.151414 (VIOLATED)
ANTENNA_mprj.team_06_Wrapper.team_06_WB.instance_to_wrap_gpio_oeb[13]/DIODE    1.500000    1.651382   -0.151382 (VIOLATED)
mprj.team_06_Wrapper.team_06_WB.instance_to_wrap/gpio_oeb[13]    1.500000    1.651309   -0.151309 (VIOLATED)
mprj.team_01_Wrapper.team_01_WB.instance_to_wrap/DAT_O[15]    1.500000    1.651277   -0.151277 (VIOLATED)
ANTENNA_mprj.team_01_Wrapper.team_01_WB.instance_to_wrap_DAT_O[4]/DIODE    1.500000    1.650406   -0.150406 (VIOLATED)
mprj.team_01_Wrapper.team_01_WB.instance_to_wrap/DAT_O[4]    1.500000    1.650258   -0.150258 (VIOLATED)
ANTENNA_mprj.team_02_Wrapper.team_02_WB.instance_to_wrap_gpio_in[28]/DIODE    1.500000    1.649936   -0.149936 (VIOLATED)
ANTENNA_mprj.team_07_Wrapper.team_07_WB.instance_to_wrap_gpio_in[20]/DIODE    1.500000    1.646525   -0.146525 (VIOLATED)
mprj.team_07_Wrapper.team_07_WB.instance_to_wrap/gpio_in[20]    1.500000    1.646505   -0.146506 (VIOLATED)
ANTENNA_mprj.team_09_Wrapper.team_09_WB.instance_to_wrap_gpio_in[1]/DIODE    1.500000    1.646427   -0.146427 (VIOLATED)
mprj.team_09_Wrapper.team_09_WB.instance_to_wrap/gpio_in[1]    1.500000    1.646260   -0.146260 (VIOLATED)
ANTENNA_mprj.team_03_Wrapper.team_03_WB.instance_to_wrap_ADR_O[27]/DIODE    1.500000    1.646177   -0.146177 (VIOLATED)
mprj.team_03_Wrapper.team_03_WB.instance_to_wrap/ADR_O[27]    1.500000    1.646177   -0.146177 (VIOLATED)
_7409_/Y                                1.495733    1.641290   -0.145557 (VIOLATED)
ANTENNA_mprj.team_02_Wrapper.team_02_WB.instance_to_wrap_gpio_in[10]/DIODE    1.500000    1.644363   -0.144363 (VIOLATED)
mprj.team_07_Wrapper.team_07_WB.instance_to_wrap/gpio_in[29]    1.500000    1.644022   -0.144022 (VIOLATED)
ANTENNA_mprj.team_07_Wrapper.team_07_WB.instance_to_wrap_gpio_in[29]/DIODE    1.500000    1.643993   -0.143994 (VIOLATED)
mprj.team_02_Wrapper.team_02_WB.instance_to_wrap/gpio_in[28]    1.500000    1.643761   -0.143761 (VIOLATED)
ANTENNA__7409__Y/DIODE                  1.500000    1.641290   -0.141290 (VIOLATED)
mprj.sram.sram_inst/din0[15]            1.500000    1.641290   -0.141290 (VIOLATED)
ANTENNA__4619__B1/DIODE                 1.500000    1.639824   -0.139824 (VIOLATED)
_4619_/B1                               1.500000    1.639821   -0.139821 (VIOLATED)
ANTENNA__4613__A0/DIODE                 1.500000    1.639812   -0.139812 (VIOLATED)
_4613_/A0                               1.500000    1.639802   -0.139802 (VIOLATED)
mprj.team_02_Wrapper.team_02_WB.instance_to_wrap/gpio_in[10]    1.500000    1.638990   -0.138990 (VIOLATED)
ANTENNA_mprj.team_11_Wrapper.team_11_WB.instance_to_wrap_gpio_in[21]/DIODE    1.500000    1.638731   -0.138731 (VIOLATED)
mprj.team_11_Wrapper.team_11_WB.instance_to_wrap/gpio_in[21]    1.500000    1.638656   -0.138656 (VIOLATED)
_4335_/A2                               1.500000    1.638637   -0.138637 (VIOLATED)
ANTENNA__4335__A2/DIODE                 1.500000    1.638610   -0.138610 (VIOLATED)
ANTENNA__4329__A1/DIODE                 1.500000    1.638602   -0.138602 (VIOLATED)
_4329_/A1                               1.500000    1.638596   -0.138596 (VIOLATED)
ANTENNA_19/DIODE                        1.500000    1.638475   -0.138475 (VIOLATED)
_7402_/Y                                1.495733    1.633512   -0.137779 (VIOLATED)
ANTENNA_mprj.team_01_Wrapper.team_01_WB.instance_to_wrap_DAT_O[11]/DIODE    1.500000    1.635347   -0.135348 (VIOLATED)
mprj.team_01_Wrapper.team_01_WB.instance_to_wrap/DAT_O[11]    1.500000    1.635347   -0.135348 (VIOLATED)
ANTENNA_mprj.team_01_Wrapper.team_01_WB.instance_to_wrap_DAT_O[25]/DIODE    1.500000    1.634444   -0.134444 (VIOLATED)
mprj.team_01_Wrapper.team_01_WB.instance_to_wrap/DAT_O[25]    1.500000    1.634444   -0.134444 (VIOLATED)
ANTENNA_63/DIODE                        1.500000    1.633517   -0.133517 (VIOLATED)
ANTENNA_64/DIODE                        1.500000    1.633517   -0.133517 (VIOLATED)
ANTENNA_65/DIODE                        1.500000    1.633517   -0.133517 (VIOLATED)
ANTENNA_66/DIODE                        1.500000    1.633517   -0.133517 (VIOLATED)
ANTENNA_67/DIODE                        1.500000    1.633517   -0.133517 (VIOLATED)
ANTENNA_68/DIODE                        1.500000    1.633517   -0.133517 (VIOLATED)
ANTENNA_69/DIODE                        1.500000    1.633517   -0.133517 (VIOLATED)
ANTENNA_62/DIODE                        1.500000    1.633517   -0.133517 (VIOLATED)
ANTENNA_70/DIODE                        1.500000    1.633517   -0.133517 (VIOLATED)
ANTENNA__7402__Y/DIODE                  1.500000    1.633517   -0.133517 (VIOLATED)
mprj.sram.sram_inst/din0[22]            1.500000    1.633512   -0.133512 (VIOLATED)
ANTENNA_mprj.team_01_Wrapper.team_01_WB.instance_to_wrap_DAT_O[21]/DIODE    1.500000    1.633316   -0.133316 (VIOLATED)
mprj.team_01_Wrapper.team_01_WB.instance_to_wrap/DAT_O[21]    1.500000    1.633316   -0.133316 (VIOLATED)
ANTENNA_mprj.team_01_Wrapper.team_01_WB.instance_to_wrap_DAT_O[7]/DIODE    1.500000    1.633221   -0.133221 (VIOLATED)
mprj.team_01_Wrapper.team_01_WB.instance_to_wrap/DAT_O[7]    1.500000    1.633221   -0.133221 (VIOLATED)
_5005_/A0                               1.500000    1.630605   -0.130605 (VIOLATED)
ANTENNA__5005__A0/DIODE                 1.500000    1.630595   -0.130595 (VIOLATED)
_5011_/A2                               1.500000    1.630539   -0.130539 (VIOLATED)
ANTENNA__5011__A2/DIODE                 1.500000    1.630501   -0.130501 (VIOLATED)
mprj.team_01_Wrapper.team_01_WB.instance_to_wrap/gpio_in[0]    1.500000    1.627429   -0.127430 (VIOLATED)
ANTENNA_mprj.team_01_Wrapper.team_01_WB.instance_to_wrap_gpio_in[0]/DIODE    1.500000    1.627409   -0.127409 (VIOLATED)
ANTENNA__6256__A1/DIODE                 1.500000    1.626781   -0.126781 (VIOLATED)
_6256_/A1                               1.500000    1.626772   -0.126772 (VIOLATED)
ANTENNA_mprj.team_06_Wrapper.team_06_WB.instance_to_wrap_gpio_oeb[23]/DIODE    1.500000    1.625271   -0.125271 (VIOLATED)
mprj.team_06_Wrapper.team_06_WB.instance_to_wrap/gpio_oeb[23]    1.500000    1.625271   -0.125271 (VIOLATED)
_7410_/Y                                1.495733    1.620785   -0.125052 (VIOLATED)
_6511_/X                                1.498177    1.621495   -0.123318 (VIOLATED)
mprj.team_11_Wrapper.team_11_WB.instance_to_wrap/gpio_in[29]    1.500000    1.623172   -0.123172 (VIOLATED)
mprj.team_05_Wrapper.team_05_WB.instance_to_wrap/gpio_in[10]    1.500000    1.621935   -0.121935 (VIOLATED)
ANTENNA_mprj.team_05_Wrapper.team_05_WB.instance_to_wrap_gpio_in[10]/DIODE    1.500000    1.621888   -0.121889 (VIOLATED)
ANTENNA__6511__X/DIODE                  1.500000    1.621495   -0.121495 (VIOLATED)
ANTENNA_mprj.team_11_Wrapper.team_11_WB.instance_to_wrap_gpio_in[29]/DIODE    1.500000    1.621046   -0.121046 (VIOLATED)
ANTENNA__7410__Y/DIODE                  1.500000    1.620787   -0.120787 (VIOLATED)
mprj.sram.sram_inst/din0[14]            1.500000    1.620785   -0.120785 (VIOLATED)
ANTENNA_mprj.team_09_Wrapper.team_09_WB.instance_to_wrap_gpio_in[8]/DIODE    1.500000    1.619542   -0.119542 (VIOLATED)
_7407_/Y                                1.495733    1.615260   -0.119527 (VIOLATED)
mprj.team_09_Wrapper.team_09_WB.instance_to_wrap/gpio_in[8]    1.500000    1.619505   -0.119505 (VIOLATED)
ANTENNA__4701__A0/DIODE                 1.500000    1.618980   -0.118980 (VIOLATED)
ANTENNA__4707__A2/DIODE                 1.500000    1.618971   -0.118971 (VIOLATED)
_4701_/A0                               1.500000    1.618964   -0.118964 (VIOLATED)
_4707_/A2                               1.500000    1.618941   -0.118941 (VIOLATED)
_6650_/A1                               1.500000    1.616326   -0.116326 (VIOLATED)
ANTENNA__6650__A1/DIODE                 1.500000    1.616303   -0.116304 (VIOLATED)
ANTENNA_32/DIODE                        1.500000    1.616137   -0.116137 (VIOLATED)
ANTENNA__4982__B1/DIODE                 1.500000    1.616136   -0.116136 (VIOLATED)
ANTENNA_31/DIODE                        1.500000    1.616124   -0.116124 (VIOLATED)
ANTENNA__4976__A0/DIODE                 1.500000    1.616106   -0.116106 (VIOLATED)
_4982_/B1                               1.500000    1.616100   -0.116100 (VIOLATED)
_4976_/A0                               1.500000    1.616020   -0.116020 (VIOLATED)
ANTENNA_mprj.team_01_Wrapper.team_01_WB.instance_to_wrap_ADR_O[24]/DIODE    1.500000    1.615528   -0.115528 (VIOLATED)
mprj.team_01_Wrapper.team_01_WB.instance_to_wrap/ADR_O[24]    1.500000    1.615521   -0.115521 (VIOLATED)
_6871_/A1                               1.500000    1.615453   -0.115453 (VIOLATED)
ANTENNA__6871__A1/DIODE                 1.500000    1.615441   -0.115441 (VIOLATED)
ANTENNA__7407__Y/DIODE                  1.500000    1.615260   -0.115260 (VIOLATED)
mprj.sram.sram_inst/din0[17]            1.500000    1.615260   -0.115260 (VIOLATED)
ANTENNA_mprj.team_06_Wrapper.team_06_WB.instance_to_wrap_gpio_out[13]/DIODE    1.500000    1.615096   -0.115096 (VIOLATED)
mprj.team_06_Wrapper.team_06_WB.instance_to_wrap/gpio_out[13]    1.500000    1.615096   -0.115096 (VIOLATED)
mprj.team_04_Wrapper.team_04_WB.instance_to_wrap/gpio_in[32]    1.500000    1.615002   -0.115002 (VIOLATED)
ANTENNA_mprj.team_04_Wrapper.team_04_WB.instance_to_wrap_gpio_in[32]/DIODE    1.500000    1.612115   -0.112115 (VIOLATED)
ANTENNA__7407__A/DIODE                  1.500000    1.611909   -0.111909 (VIOLATED)
_7407_/A                                1.500000    1.611906   -0.111906 (VIOLATED)
ANTENNA__4585__A0/DIODE                 1.500000    1.611219   -0.111219 (VIOLATED)
_4585_/A0                               1.500000    1.611214   -0.111214 (VIOLATED)
_4591_/A2                               1.500000    1.611116   -0.111116 (VIOLATED)
mprj.team_08_Wrapper.team_08_WB.instance_to_wrap/gpio_in[16]    1.500000    1.611032   -0.111032 (VIOLATED)
ANTENNA__4591__A2/DIODE                 1.500000    1.611027   -0.111027 (VIOLATED)
ANTENNA_mprj.team_08_Wrapper.team_08_WB.instance_to_wrap_gpio_in[16]/DIODE    1.500000    1.610997   -0.110997 (VIOLATED)
hold1042/A                              1.500000    1.610787   -0.110787 (VIOLATED)
ANTENNA_hold1042_A/DIODE                1.500000    1.610770   -0.110770 (VIOLATED)
_5101_/Y                                1.498454    1.609153   -0.110699 (VIOLATED)
_6796_/A1                               1.500000    1.610574   -0.110574 (VIOLATED)
ANTENNA__6796__A1/DIODE                 1.500000    1.610566   -0.110566 (VIOLATED)
_7843_/A                                1.500000    1.609885   -0.109885 (VIOLATED)
ANTENNA__7843__A/DIODE                  1.500000    1.609884   -0.109884 (VIOLATED)
ANTENNA__5101__Y/DIODE                  1.500000    1.609153   -0.109153 (VIOLATED)
mprj.team_10_Wrapper.team_10_WB.instance_to_wrap/gpio_in[29]    1.500000    1.609016   -0.109016 (VIOLATED)
ANTENNA_mprj.team_10_Wrapper.team_10_WB.instance_to_wrap_gpio_in[29]/DIODE    1.500000    1.608848   -0.108848 (VIOLATED)
ANTENNA__6572__A/DIODE                  1.500000    1.608178   -0.108178 (VIOLATED)
_6572_/A                                1.500000    1.608177   -0.108177 (VIOLATED)
_6474_/X                                1.498177    1.604829   -0.106652 (VIOLATED)
ANTENNA_620/DIODE                       1.500000    1.606023   -0.106023 (VIOLATED)
ANTENNA_mprj.team_01_Wrapper.team_01_WB.instance_to_wrap_DAT_O[24]/DIODE    1.500000    1.606012   -0.106012 (VIOLATED)
mprj.team_01_Wrapper.team_01_WB.instance_to_wrap/DAT_O[24]    1.500000    1.605987   -0.105987 (VIOLATED)
_7405_/Y                                1.495733    1.600840   -0.105107 (VIOLATED)
ANTENNA__6474__X/DIODE                  1.500000    1.604833   -0.104833 (VIOLATED)
mprj.team_10_Wrapper.team_10_WB.instance_to_wrap/en    1.500000    1.604348   -0.104348 (VIOLATED)
ANTENNA_mprj.team_10_Wrapper.team_10_WB.instance_to_wrap_en/DIODE    1.500000    1.604236   -0.104236 (VIOLATED)
ANTENNA_mprj.team_06_Wrapper.team_06_WB.instance_to_wrap_gpio_oeb[22]/DIODE    1.500000    1.603434   -0.103434 (VIOLATED)
mprj.team_06_Wrapper.team_06_WB.instance_to_wrap/gpio_oeb[22]    1.500000    1.603429   -0.103429 (VIOLATED)
ANTENNA_mprj.sram.sram_inst_din0[12]/DIODE    1.500000    1.602788   -0.102788 (VIOLATED)
hold35/X                                1.498918    1.600617   -0.101699 (VIOLATED)
mprj.team_05_Wrapper.team_05_WB.instance_to_wrap/gpio_in[32]    1.500000    1.600914   -0.100914 (VIOLATED)
ANTENNA_630/DIODE                       1.500000    1.600845   -0.100845 (VIOLATED)
ANTENNA__7405__Y/DIODE                  1.500000    1.600845   -0.100845 (VIOLATED)
mprj.sram.sram_inst/din0[19]            1.500000    1.600840   -0.100840 (VIOLATED)
ANTENNA_mprj.team_05_Wrapper.team_05_WB.instance_to_wrap_gpio_in[32]/DIODE    1.500000    1.600785   -0.100786 (VIOLATED)
ANTENNA__6068__B1/DIODE                 1.500000    1.600717   -0.100717 (VIOLATED)
_6068_/B1                               1.500000    1.600717   -0.100717 (VIOLATED)
ANTENNA__6070__A2/DIODE                 1.500000    1.600716   -0.100716 (VIOLATED)
_6070_/A2                               1.500000    1.600716   -0.100716 (VIOLATED)
ANTENNA__6073__B1/DIODE                 1.500000    1.600708   -0.100708 (VIOLATED)
_6073_/B1                               1.500000    1.600705   -0.100705 (VIOLATED)
ANTENNA__6080__A2/DIODE                 1.500000    1.600699   -0.100699 (VIOLATED)
_6080_/A2                               1.500000    1.600699   -0.100699 (VIOLATED)
ANTENNA__6084__B1/DIODE                 1.500000    1.600663   -0.100663 (VIOLATED)
_6084_/B1                               1.500000    1.600660   -0.100660 (VIOLATED)
_6085_/B                                1.500000    1.600656   -0.100656 (VIOLATED)
ANTENNA__6085__B/DIODE                  1.500000    1.600656   -0.100656 (VIOLATED)
_6064_/B                                1.500000    1.600617   -0.100617 (VIOLATED)
ANTENNA__6040__A2/DIODE                 1.500000    1.600617   -0.100617 (VIOLATED)
ANTENNA__6042__C/DIODE                  1.500000    1.600617   -0.100617 (VIOLATED)
ANTENNA__6064__B/DIODE                  1.500000    1.600617   -0.100617 (VIOLATED)
ANTENNA_fanout421_A/DIODE               1.500000    1.600617   -0.100617 (VIOLATED)
ANTENNA_hold35_X/DIODE                  1.500000    1.600617   -0.100617 (VIOLATED)
_6040_/A2                               1.500000    1.600617   -0.100617 (VIOLATED)
_6042_/C                                1.500000    1.600617   -0.100617 (VIOLATED)
fanout421/A                             1.500000    1.600617   -0.100617 (VIOLATED)
ANTENNA_mprj.team_06_Wrapper.team_06_WB.instance_to_wrap_gpio_out[26]/DIODE    1.500000    1.600324   -0.100324 (VIOLATED)
mprj.team_06_Wrapper.team_06_WB.instance_to_wrap/gpio_out[26]    1.500000    1.600324   -0.100324 (VIOLATED)
ANTENNA_mprj.team_02_Wrapper.team_02_WB.instance_to_wrap_gpio_out[22]/DIODE    1.500000    1.599680   -0.099680 (VIOLATED)
mprj.team_02_Wrapper.team_02_WB.instance_to_wrap/gpio_out[22]    1.500000    1.599680   -0.099680 (VIOLATED)
ANTENNA__4411__A1/DIODE                 1.500000    1.599144   -0.099144 (VIOLATED)
_4411_/A1                               1.500000    1.599132   -0.099132 (VIOLATED)
ANTENNA_mprj.team_05_Wrapper.team_05_WB.instance_to_wrap_gpio_out[4]/DIODE    1.500000    1.599129   -0.099129 (VIOLATED)
mprj.team_05_Wrapper.team_05_WB.instance_to_wrap/gpio_out[4]    1.500000    1.599129   -0.099129 (VIOLATED)
_4418_/A2                               1.500000    1.599110   -0.099110 (VIOLATED)
ANTENNA__4418__A2/DIODE                 1.500000    1.599097   -0.099097 (VIOLATED)
ANTENNA_mprj.sram.sram_inst_addr0[7]/DIODE    1.500000    1.598610   -0.098610 (VIOLATED)
ANTENNA_97/DIODE                        1.500000    1.597671   -0.097671 (VIOLATED)
ANTENNA__6285__A/DIODE                  1.500000    1.597671   -0.097671 (VIOLATED)
_6285_/A                                1.500000    1.597665   -0.097665 (VIOLATED)
ANTENNA_25/DIODE                        1.500000    1.597561   -0.097561 (VIOLATED)
_4240_/A2                               1.500000    1.597538   -0.097538 (VIOLATED)
ANTENNA__4240__A2/DIODE                 1.500000    1.597533   -0.097533 (VIOLATED)
ANTENNA__4233__A1/DIODE                 1.500000    1.597527   -0.097527 (VIOLATED)
_4233_/A1                               1.500000    1.597525   -0.097526 (VIOLATED)
ANTENNA_mprj.sram.sram_inst_addr0[6]/DIODE    1.500000    1.595670   -0.095670 (VIOLATED)
_4129_/A2                               1.500000    1.595298   -0.095298 (VIOLATED)
_4098_/B                                1.500000    1.595298   -0.095298 (VIOLATED)
ANTENNA__4129__A2/DIODE                 1.500000    1.595297   -0.095297 (VIOLATED)
ANTENNA__4098__B/DIODE                  1.500000    1.595295   -0.095295 (VIOLATED)
ANTENNA_mprj.team_02_Wrapper.team_02_WB.instance_to_wrap_gpio_out[14]/DIODE    1.500000    1.594582   -0.094582 (VIOLATED)
mprj.team_02_Wrapper.team_02_WB.instance_to_wrap/gpio_out[14]    1.500000    1.594582   -0.094582 (VIOLATED)
ANTENNA_mprj.team_01_Wrapper.team_01_WB.instance_to_wrap_STB_O/DIODE    1.500000    1.592773   -0.092773 (VIOLATED)
mprj.team_01_Wrapper.team_01_WB.instance_to_wrap/STB_O    1.500000    1.592773   -0.092773 (VIOLATED)
hold43/X                                1.498918    1.591518   -0.092600 (VIOLATED)
_6177_/C1                               1.500000    1.591779   -0.091779 (VIOLATED)
ANTENNA__6177__C1/DIODE                 1.500000    1.591778   -0.091778 (VIOLATED)
_6172_/C1                               1.500000    1.591772   -0.091772 (VIOLATED)
ANTENNA__6172__C1/DIODE                 1.500000    1.591768   -0.091768 (VIOLATED)
_6437_/A1                               1.500000    1.591760   -0.091760 (VIOLATED)
ANTENNA__6437__A1/DIODE                 1.500000    1.591749   -0.091749 (VIOLATED)
_6182_/C1                               1.500000    1.591726   -0.091726 (VIOLATED)
ANTENNA__6182__C1/DIODE                 1.500000    1.591720   -0.091720 (VIOLATED)
_6187_/C1                               1.500000    1.591714   -0.091714 (VIOLATED)
ANTENNA__6187__C1/DIODE                 1.500000    1.591713   -0.091713 (VIOLATED)
_6096_/C1                               1.500000    1.591532   -0.091532 (VIOLATED)
_6079_/C1                               1.500000    1.591527   -0.091527 (VIOLATED)
ANTENNA__6096__C1/DIODE                 1.500000    1.591527   -0.091527 (VIOLATED)
ANTENNA__6079__C1/DIODE                 1.500000    1.591527   -0.091527 (VIOLATED)
ANTENNA_hold43_X/DIODE                  1.500000    1.591518   -0.091518 (VIOLATED)
ANTENNA_mprj.team_05_Wrapper.team_05_WB.instance_to_wrap_gpio_out[30]/DIODE    1.500000    1.591148   -0.091148 (VIOLATED)
mprj.team_05_Wrapper.team_05_WB.instance_to_wrap/gpio_out[30]    1.500000    1.591086   -0.091086 (VIOLATED)
load_slew747/A                          1.500000    1.591076   -0.091076 (VIOLATED)
ANTENNA_mprj.team_02_Wrapper.team_02_WB.instance_to_wrap_gpio_in[27]/DIODE    1.500000    1.590741   -0.090741 (VIOLATED)
_4310_/A2                               1.500000    1.589978   -0.089978 (VIOLATED)
ANTENNA__4304__A1/DIODE                 1.500000    1.589956   -0.089956 (VIOLATED)
ANTENNA__4310__A2/DIODE                 1.500000    1.589951   -0.089951 (VIOLATED)
_4304_/A1                               1.500000    1.589935   -0.089935 (VIOLATED)
ANTENNA_load_slew747_A/DIODE            1.500000    1.588547   -0.088547 (VIOLATED)
ANTENNA_mprj.team_05_Wrapper.team_05_WB.instance_to_wrap_gpio_in[11]/DIODE    1.500000    1.588238   -0.088238 (VIOLATED)
mprj.team_05_Wrapper.team_05_WB.instance_to_wrap/gpio_in[11]    1.500000    1.588196   -0.088196 (VIOLATED)
ANTENNA_mprj.team_05_Wrapper.team_05_WB.instance_to_wrap_gpio_in[17]/DIODE    1.500000    1.587494   -0.087494 (VIOLATED)
mprj.team_05_Wrapper.team_05_WB.instance_to_wrap/gpio_in[17]    1.500000    1.587340   -0.087340 (VIOLATED)
_7948_/A                                1.500000    1.586882   -0.086883 (VIOLATED)
ANTENNA__7948__A/DIODE                  1.500000    1.586873   -0.086873 (VIOLATED)
ANTENNA_mprj.sram.sram_inst_addr1[7]/DIODE    1.500000    1.586587   -0.086587 (VIOLATED)
ANTENNA__4100__A0/DIODE                 1.500000    1.586401   -0.086401 (VIOLATED)
_4100_/A0                               1.500000    1.586396   -0.086396 (VIOLATED)
ANTENNA__4112__B1/DIODE                 1.500000    1.586339   -0.086339 (VIOLATED)
_4112_/B1                               1.500000    1.586332   -0.086332 (VIOLATED)
ANTENNA_mprj.sram.sram_inst_addr1[6]/DIODE    1.500000    1.582788   -0.082788 (VIOLATED)
ANTENNA_mprj.team_05_Wrapper.team_05_WB.instance_to_wrap_gpio_out[32]/DIODE    1.500000    1.581056   -0.081056 (VIOLATED)
mprj.team_05_Wrapper.team_05_WB.instance_to_wrap/gpio_out[32]    1.500000    1.581056   -0.081056 (VIOLATED)
ANTENNA__4978__A1/DIODE                 1.500000    1.580970   -0.080970 (VIOLATED)
ANTENNA_42/DIODE                        1.500000    1.580968   -0.080968 (VIOLATED)
ANTENNA_623/DIODE                       1.500000    1.580963   -0.080963 (VIOLATED)
ANTENNA_773/DIODE                       1.500000    1.580953   -0.080953 (VIOLATED)
ANTENNA__4985__A2/DIODE                 1.500000    1.580930   -0.080930 (VIOLATED)
_7975_/A1                               1.500000    1.580915   -0.080915 (VIOLATED)
ANTENNA__7975__A1/DIODE                 1.500000    1.580895   -0.080896 (VIOLATED)
_4985_/A2                               1.500000    1.580880   -0.080880 (VIOLATED)
_4978_/A1                               1.500000    1.580863   -0.080863 (VIOLATED)
ANTENNA_337/DIODE                       1.500000    1.580446   -0.080447 (VIOLATED)
ANTENNA_338/DIODE                       1.500000    1.580424   -0.080424 (VIOLATED)
ANTENNA_mprj.team_01_Wrapper.team_01_WB.instance_to_wrap_DAT_O[2]/DIODE    1.500000    1.579778   -0.079778 (VIOLATED)
mprj.team_01_Wrapper.team_01_WB.instance_to_wrap/DAT_O[2]    1.500000    1.579774   -0.079774 (VIOLATED)
ANTENNA_mprj.team_05_Wrapper.team_05_WB.instance_to_wrap_gpio_in[4]/DIODE    1.500000    1.579726   -0.079727 (VIOLATED)
mprj.team_05_Wrapper.team_05_WB.instance_to_wrap/gpio_in[4]    1.500000    1.579545   -0.079545 (VIOLATED)
ANTENNA_mprj.team_08_Wrapper.team_08_WB.instance_to_wrap_gpio_out[28]/DIODE    1.500000    1.579362   -0.079362 (VIOLATED)
mprj.team_08_Wrapper.team_08_WB.instance_to_wrap/gpio_out[28]    1.500000    1.579362   -0.079362 (VIOLATED)
_7420_/Y                                1.495733    1.574683   -0.078950 (VIOLATED)
ANTENNA_mprj.team_03_Wrapper.team_03_WB.instance_to_wrap_DAT_O[14]/DIODE    1.500000    1.578764   -0.078764 (VIOLATED)
mprj.team_03_Wrapper.team_03_WB.instance_to_wrap/DAT_O[14]    1.500000    1.578764   -0.078764 (VIOLATED)
mprj.team_02_Wrapper.team_02_WB.instance_to_wrap/gpio_in[27]    1.500000    1.577366   -0.077366 (VIOLATED)
ANTENNA_mprj.team_06_Wrapper.team_06_WB.instance_to_wrap_gpio_oeb[21]/DIODE    1.500000    1.577345   -0.077345 (VIOLATED)
mprj.team_06_Wrapper.team_06_WB.instance_to_wrap/gpio_oeb[21]    1.500000    1.577343   -0.077343 (VIOLATED)
ANTENNA_mprj.sram.sram_inst_din0[27]/DIODE    1.500000    1.575981   -0.075981 (VIOLATED)
ANTENNA_52/DIODE                        1.500000    1.574686   -0.074686 (VIOLATED)
ANTENNA_53/DIODE                        1.500000    1.574686   -0.074686 (VIOLATED)
ANTENNA_54/DIODE                        1.500000    1.574686   -0.074686 (VIOLATED)
ANTENNA_55/DIODE                        1.500000    1.574686   -0.074686 (VIOLATED)
ANTENNA_56/DIODE                        1.500000    1.574686   -0.074686 (VIOLATED)
ANTENNA_59/DIODE                        1.500000    1.574686   -0.074686 (VIOLATED)
ANTENNA_60/DIODE                        1.500000    1.574686   -0.074686 (VIOLATED)
ANTENNA_61/DIODE                        1.500000    1.574686   -0.074686 (VIOLATED)
ANTENNA_57/DIODE                        1.500000    1.574686   -0.074686 (VIOLATED)
ANTENNA_58/DIODE                        1.500000    1.574686   -0.074686 (VIOLATED)
ANTENNA_51/DIODE                        1.500000    1.574686   -0.074686 (VIOLATED)
ANTENNA__7420__Y/DIODE                  1.500000    1.574685   -0.074685 (VIOLATED)
mprj.sram.sram_inst/din0[4]             1.500000    1.574683   -0.074683 (VIOLATED)
_7900_/A                                1.500000    1.569058   -0.069058 (VIOLATED)
ANTENNA__7900__A/DIODE                  1.500000    1.569049   -0.069049 (VIOLATED)
_5053_/A2                               1.500000    1.568800   -0.068800 (VIOLATED)
ANTENNA__5047__A0/DIODE                 1.500000    1.568797   -0.068797 (VIOLATED)
ANTENNA__5053__A2/DIODE                 1.500000    1.568797   -0.068797 (VIOLATED)
ANTENNA_mprj.team_01_Wrapper.team_01_WB.instance_to_wrap_gpio_in[20]/DIODE    1.500000    1.568788   -0.068788 (VIOLATED)
_5047_/A0                               1.500000    1.568752   -0.068752 (VIOLATED)
ANTENNA_mprj.team_07_Wrapper.team_07_WB.instance_to_wrap_gpio_in[21]/DIODE    1.500000    1.568681   -0.068681 (VIOLATED)
mprj.team_07_Wrapper.team_07_WB.instance_to_wrap/gpio_in[21]    1.500000    1.568658   -0.068658 (VIOLATED)
mprj.team_12_Wrapper.team_12_WB.instance_to_wrap/gpio_in[1]    1.500000    1.567063   -0.067063 (VIOLATED)
ANTENNA_mprj.team_12_Wrapper.team_12_WB.instance_to_wrap_gpio_in[1]/DIODE    1.500000    1.566983   -0.066983 (VIOLATED)
mprj.team_06_Wrapper.team_06_WB.instance_to_wrap/gpio_in[16]    1.500000    1.564002   -0.064002 (VIOLATED)
_6685_/A1                               1.500000    1.563030   -0.063030 (VIOLATED)
ANTENNA__6685__A1/DIODE                 1.500000    1.563013   -0.063013 (VIOLATED)
ANTENNA_mprj.team_06_Wrapper.team_06_WB.instance_to_wrap_gpio_in[16]/DIODE    1.500000    1.561445   -0.061445 (VIOLATED)
ANTENNA__4503__A2/DIODE                 1.500000    1.561356   -0.061356 (VIOLATED)
_4503_/A2                               1.500000    1.561354   -0.061354 (VIOLATED)
_4496_/A1                               1.500000    1.561335   -0.061335 (VIOLATED)
ANTENNA_mprj.team_01_Wrapper.team_01_WB.instance_to_wrap_ADR_O[19]/DIODE    1.500000    1.561283   -0.061283 (VIOLATED)
mprj.team_01_Wrapper.team_01_WB.instance_to_wrap/ADR_O[19]    1.500000    1.561283   -0.061283 (VIOLATED)
ANTENNA__4496__A1/DIODE                 1.500000    1.561278   -0.061279 (VIOLATED)
ANTENNA_mprj.team_03_Wrapper.team_03_WB.instance_to_wrap_ADR_O[12]/DIODE    1.500000    1.560969   -0.060969 (VIOLATED)
mprj.team_03_Wrapper.team_03_WB.instance_to_wrap/ADR_O[12]    1.500000    1.560935   -0.060935 (VIOLATED)
mprj.team_01_Wrapper.team_01_WB.instance_to_wrap/gpio_in[20]    1.500000    1.560028   -0.060028 (VIOLATED)
_8045_/A1                               1.500000    1.559784   -0.059784 (VIOLATED)
ANTENNA__8045__A1/DIODE                 1.500000    1.559765   -0.059765 (VIOLATED)
output129/A                             1.500000    1.559695   -0.059695 (VIOLATED)
ANTENNA_output129_A/DIODE               1.500000    1.559689   -0.059689 (VIOLATED)
ANTENNA_fanout584_A/DIODE               1.500000    1.559636   -0.059636 (VIOLATED)
fanout584/A                             1.500000    1.559634   -0.059634 (VIOLATED)
ANTENNA__7547__A/DIODE                  1.500000    1.559552   -0.059552 (VIOLATED)
_7547_/A                                1.500000    1.559536   -0.059536 (VIOLATED)
ANTENNA__7535__A/DIODE                  1.500000    1.559464   -0.059464 (VIOLATED)
_7535_/A                                1.500000    1.559454   -0.059454 (VIOLATED)
hold219/X                               1.498918    1.558336   -0.059418 (VIOLATED)
ANTENNA_hold219_X/DIODE                 1.500000    1.558336   -0.058336 (VIOLATED)
_6509_/A1                               1.500000    1.557920   -0.057920 (VIOLATED)
ANTENNA__6509__A1/DIODE                 1.500000    1.557906   -0.057906 (VIOLATED)
ANTENNA_mprj.team_04_Wrapper.team_04_WB.instance_to_wrap_gpio_in[10]/DIODE    1.500000    1.557005   -0.057005 (VIOLATED)
ANTENNA__4347__A2/DIODE                 1.500000    1.556386   -0.056387 (VIOLATED)
_4347_/A2                               1.500000    1.556379   -0.056379 (VIOLATED)
ANTENNA_21/DIODE                        1.500000    1.556333   -0.056333 (VIOLATED)
ANTENNA__4341__A1/DIODE                 1.500000    1.556298   -0.056298 (VIOLATED)
_4341_/A1                               1.500000    1.556289   -0.056289 (VIOLATED)
ANTENNA_20/DIODE                        1.500000    1.556218   -0.056218 (VIOLATED)
mprj.team_08_Wrapper.team_08_WB.instance_to_wrap/gpio_in[1]    1.500000    1.554641   -0.054641 (VIOLATED)
ANTENNA_mprj.team_08_Wrapper.team_08_WB.instance_to_wrap_gpio_in[1]/DIODE    1.500000    1.554616   -0.054616 (VIOLATED)
ANTENNA_mprj.team_03_Wrapper.team_03_WB.instance_to_wrap_ADR_O[25]/DIODE    1.500000    1.550788   -0.050788 (VIOLATED)
mprj.team_03_Wrapper.team_03_WB.instance_to_wrap/ADR_O[25]    1.500000    1.550788   -0.050788 (VIOLATED)
_7432_/Y                                1.495733    1.545472   -0.049739 (VIOLATED)
ANTENNA_mprj.team_11_Wrapper.team_11_WB.instance_to_wrap_gpio_in[28]/DIODE    1.500000    1.548145   -0.048145 (VIOLATED)
mprj.team_11_Wrapper.team_11_WB.instance_to_wrap/gpio_in[28]    1.500000    1.548141   -0.048141 (VIOLATED)
mprj.team_04_Wrapper.team_04_WB.instance_to_wrap/gpio_in[10]    1.500000    1.547805   -0.047805 (VIOLATED)
_7431_/Y                                1.495733    1.543278   -0.047545 (VIOLATED)
mprj.team_04_Wrapper.team_04_WB.instance_to_wrap/gpio_in[6]    1.500000    1.546086   -0.046086 (VIOLATED)
ANTENNA_mprj.team_05_Wrapper.team_05_WB.instance_to_wrap_gpio_out[2]/DIODE    1.500000    1.545910   -0.045910 (VIOLATED)
mprj.team_05_Wrapper.team_05_WB.instance_to_wrap/gpio_out[2]    1.500000    1.545910   -0.045910 (VIOLATED)
ANTENNA__7432__Y/DIODE                  1.500000    1.545472   -0.045472 (VIOLATED)
mprj.sram.sram_inst/addr0[0]            1.500000    1.545472   -0.045472 (VIOLATED)
mprj.sram.sram_inst/addr1[0]            1.500000    1.545472   -0.045472 (VIOLATED)
ANTENNA__4812__A1/DIODE                 1.500000    1.543961   -0.043961 (VIOLATED)
_4812_/A1                               1.500000    1.543961   -0.043961 (VIOLATED)
_4787_/B                                1.500000    1.543939   -0.043939 (VIOLATED)
ANTENNA__4787__B/DIODE                  1.500000    1.543929   -0.043929 (VIOLATED)
output123/A                             1.500000    1.543492   -0.043492 (VIOLATED)
hold386/X                               1.498918    1.542399   -0.043481 (VIOLATED)
ANTENNA_output123_A/DIODE               1.500000    1.543433   -0.043433 (VIOLATED)
load_slew780/A                          1.500000    1.543404   -0.043404 (VIOLATED)
ANTENNA__7431__Y/DIODE                  1.500000    1.543278   -0.043278 (VIOLATED)
mprj.sram.sram_inst/addr0[1]            1.500000    1.543278   -0.043278 (VIOLATED)
mprj.sram.sram_inst/addr1[1]            1.500000    1.543278   -0.043278 (VIOLATED)
_4279_/A1                               1.500000    1.542592   -0.042592 (VIOLATED)
ANTENNA__4279__A1/DIODE                 1.500000    1.542590   -0.042590 (VIOLATED)
ANTENNA__4288__B/DIODE                  1.500000    1.542527   -0.042527 (VIOLATED)
_4288_/B                                1.500000    1.542520   -0.042520 (VIOLATED)
_4287_/B                                1.500000    1.542469   -0.042469 (VIOLATED)
ANTENNA__4287__B/DIODE                  1.500000    1.542404   -0.042404 (VIOLATED)
ANTENNA_hold386_X/DIODE                 1.500000    1.542399   -0.042399 (VIOLATED)
ANTENNA_mprj.team_03_Wrapper.team_03_WB.instance_to_wrap_ADR_O[2]/DIODE    1.500000    1.542007   -0.042007 (VIOLATED)
mprj.team_03_Wrapper.team_03_WB.instance_to_wrap/ADR_O[2]    1.500000    1.542007   -0.042007 (VIOLATED)
ANTENNA_load_slew780_A/DIODE            1.500000    1.541904   -0.041904 (VIOLATED)
mprj.team_12_Wrapper.team_12_WB.instance_to_wrap/gpio_in[8]    1.500000    1.541806   -0.041806 (VIOLATED)
ANTENNA_mprj.team_12_Wrapper.team_12_WB.instance_to_wrap_gpio_in[8]/DIODE    1.500000    1.541803   -0.041803 (VIOLATED)
ANTENNA_mprj.team_06_Wrapper.team_06_WB.instance_to_wrap_gpio_out[15]/DIODE    1.500000    1.540861   -0.040861 (VIOLATED)
mprj.team_06_Wrapper.team_06_WB.instance_to_wrap/gpio_out[15]    1.500000    1.540861   -0.040861 (VIOLATED)
output114/A                             1.500000    1.540600   -0.040601 (VIOLATED)
ANTENNA_output114_A/DIODE               1.500000    1.540552   -0.040552 (VIOLATED)
hold470/X                               1.498918    1.538232   -0.039314 (VIOLATED)
_4841_/A                                1.500000    1.538897   -0.038897 (VIOLATED)
ANTENNA__4841__A/DIODE                  1.500000    1.538895   -0.038896 (VIOLATED)
_4325_/A                                1.500000    1.538885   -0.038885 (VIOLATED)
ANTENNA__4325__A/DIODE                  1.500000    1.538883   -0.038883 (VIOLATED)
ANTENNA__4792__A/DIODE                  1.500000    1.538812   -0.038812 (VIOLATED)
_4792_/A                                1.500000    1.538799   -0.038799 (VIOLATED)
_8016_/A                                1.500000    1.538526   -0.038526 (VIOLATED)
ANTENNA__8016__A/DIODE                  1.500000    1.538519   -0.038519 (VIOLATED)
ANTENNA_hold470_X/DIODE                 1.500000    1.538232   -0.038232 (VIOLATED)
mprj.team_04_Wrapper.team_04_WB.instance_to_wrap/gpio_in[14]    1.500000    1.538231   -0.038231 (VIOLATED)
ANTENNA__4263__A2/DIODE                 1.500000    1.537922   -0.037922 (VIOLATED)
ANTENNA__4257__A1/DIODE                 1.500000    1.537920   -0.037920 (VIOLATED)
_4263_/A2                               1.500000    1.537914   -0.037914 (VIOLATED)
_4257_/A1                               1.500000    1.537905   -0.037905 (VIOLATED)
ANTENNA__7809__A/DIODE                  1.500000    1.537630   -0.037630 (VIOLATED)
_7809_/A                                1.500000    1.537626   -0.037626 (VIOLATED)
ANTENNA_mprj.team_04_Wrapper.team_04_WB.instance_to_wrap_gpio_in[6]/DIODE    1.500000    1.535003   -0.035003 (VIOLATED)
_4761_/A0                               1.500000    1.534930   -0.034930 (VIOLATED)
ANTENNA__4761__A0/DIODE                 1.500000    1.534922   -0.034922 (VIOLATED)
ANTENNA__4767__A2/DIODE                 1.500000    1.534808   -0.034808 (VIOLATED)
_4767_/A2                               1.500000    1.534752   -0.034752 (VIOLATED)
ANTENNA_mprj.team_05_Wrapper.team_05_WB.instance_to_wrap_gpio_in[18]/DIODE    1.500000    1.534607   -0.034607 (VIOLATED)
mprj.team_05_Wrapper.team_05_WB.instance_to_wrap/gpio_in[18]    1.500000    1.534477   -0.034477 (VIOLATED)
ANTENNA_mprj.team_01_Wrapper.team_01_WB.instance_to_wrap_DAT_O[22]/DIODE    1.500000    1.533265   -0.033265 (VIOLATED)
mprj.team_01_Wrapper.team_01_WB.instance_to_wrap/DAT_O[22]    1.500000    1.533265   -0.033265 (VIOLATED)
ANTENNA_mprj.team_04_Wrapper.team_04_WB.instance_to_wrap_gpio_in[14]/DIODE    1.500000    1.532073   -0.032073 (VIOLATED)
mprj.team_03_Wrapper.team_03_WB.instance_to_wrap/gpio_in[19]    1.500000    1.531242   -0.031242 (VIOLATED)
ANTENNA_mprj.team_03_Wrapper.team_03_WB.instance_to_wrap_gpio_in[19]/DIODE    1.500000    1.531048   -0.031048 (VIOLATED)
ANTENNA_mprj.team_01_Wrapper.team_01_WB.instance_to_wrap_DAT_O[13]/DIODE    1.500000    1.530652   -0.030652 (VIOLATED)
mprj.team_01_Wrapper.team_01_WB.instance_to_wrap/DAT_O[13]    1.500000    1.530652   -0.030652 (VIOLATED)
_7024_/A1                               1.500000    1.530341   -0.030341 (VIOLATED)
ANTENNA__7023__A1/DIODE                 1.500000    1.530340   -0.030340 (VIOLATED)
_7023_/A1                               1.500000    1.530340   -0.030340 (VIOLATED)
ANTENNA__7024__A1/DIODE                 1.500000    1.530337   -0.030337 (VIOLATED)
_5379_/A3                               1.500000    1.530313   -0.030313 (VIOLATED)
ANTENNA__5379__A3/DIODE                 1.500000    1.530306   -0.030306 (VIOLATED)
_5383_/A2                               1.500000    1.530264   -0.030264 (VIOLATED)
ANTENNA__5383__A2/DIODE                 1.500000    1.530255   -0.030255 (VIOLATED)
ANTENNA__5378__Y/DIODE                  1.500000    1.530123   -0.030123 (VIOLATED)
ANTENNA__7030__C/DIODE                  1.500000    1.530123   -0.030123 (VIOLATED)
_5378_/Y                                1.500000    1.530123   -0.030123 (VIOLATED)
_7030_/C                                1.500000    1.530123   -0.030123 (VIOLATED)
ANTENNA_mprj.team_01_Wrapper.team_01_WB.instance_to_wrap_DAT_O[20]/DIODE    1.500000    1.529475   -0.029475 (VIOLATED)
mprj.team_01_Wrapper.team_01_WB.instance_to_wrap/DAT_O[20]    1.500000    1.529473   -0.029473 (VIOLATED)
ANTENNA_mprj.team_03_Wrapper.team_03_WB.instance_to_wrap_ADR_O[26]/DIODE    1.500000    1.529288   -0.029288 (VIOLATED)
_4461_/A2                               1.500000    1.528615   -0.028615 (VIOLATED)
ANTENNA_24/DIODE                        1.500000    1.528612   -0.028612 (VIOLATED)
ANTENNA__4461__A2/DIODE                 1.500000    1.528607   -0.028607 (VIOLATED)
ANTENNA__4435__A1/DIODE                 1.500000    1.528579   -0.028579 (VIOLATED)
_4435_/A1                               1.500000    1.528578   -0.028578 (VIOLATED)
mprj.team_03_Wrapper.team_03_WB.instance_to_wrap/ADR_O[26]    1.500000    1.528423   -0.028423 (VIOLATED)
_8056_/A1                               1.500000    1.528059   -0.028059 (VIOLATED)
ANTENNA__8056__A1/DIODE                 1.500000    1.528019   -0.028019 (VIOLATED)
mprj.team_07_Wrapper.team_07_WB.instance_to_wrap/gpio_in[28]    1.500000    1.526934   -0.026934 (VIOLATED)
ANTENNA_mprj.team_07_Wrapper.team_07_WB.instance_to_wrap_gpio_in[28]/DIODE    1.500000    1.526898   -0.026898 (VIOLATED)
ANTENNA_mprj.team_11_Wrapper.team_11_WB.instance_to_wrap_gpio_in[20]/DIODE    1.500000    1.526129   -0.026129 (VIOLATED)
mprj.team_11_Wrapper.team_11_WB.instance_to_wrap/gpio_in[20]    1.500000    1.526053   -0.026053 (VIOLATED)
mprj.team_04_Wrapper.team_04_WB.instance_to_wrap/gpio_in[19]    1.500000    1.525776   -0.025776 (VIOLATED)
ANTENNA_mprj.team_04_Wrapper.team_04_WB.instance_to_wrap_gpio_in[19]/DIODE    1.500000    1.525696   -0.025696 (VIOLATED)
ANTENNA_mprj.team_03_Wrapper.team_03_WB.instance_to_wrap_ADR_O[4]/DIODE    1.500000    1.522700   -0.022700 (VIOLATED)
mprj.team_03_Wrapper.team_03_WB.instance_to_wrap/ADR_O[4]    1.500000    1.522700   -0.022700 (VIOLATED)
ANTENNA__6058__B1/DIODE                 1.500000    1.522464   -0.022464 (VIOLATED)
_6058_/B1                               1.500000    1.522463   -0.022463 (VIOLATED)
_6057_/A                                1.500000    1.522455   -0.022455 (VIOLATED)
ANTENNA__6057__A/DIODE                  1.500000    1.522454   -0.022454 (VIOLATED)
_5627_/C1                               1.500000    1.522424   -0.022424 (VIOLATED)
ANTENNA__5627__C1/DIODE                 1.500000    1.522423   -0.022423 (VIOLATED)
ANTENNA__5628__B1_N/DIODE               1.500000    1.522380   -0.022380 (VIOLATED)
_5628_/B1_N                             1.500000    1.522380   -0.022380 (VIOLATED)
_6054_/B1                               1.500000    1.522298   -0.022298 (VIOLATED)
ANTENNA__6054__B1/DIODE                 1.500000    1.522297   -0.022297 (VIOLATED)
hold11/X                                1.498918    1.520682   -0.021764 (VIOLATED)
ANTENNA_mprj.team_03_Wrapper.team_03_WB.instance_to_wrap_ADR_O[9]/DIODE    1.500000    1.521356   -0.021356 (VIOLATED)
mprj.team_03_Wrapper.team_03_WB.instance_to_wrap/ADR_O[9]    1.500000    1.521343   -0.021343 (VIOLATED)
ANTENNA_mprj.team_01_Wrapper.team_01_WB.instance_to_wrap_gpio_in[2]/DIODE    1.500000    1.521168   -0.021168 (VIOLATED)
mprj.team_01_Wrapper.team_01_WB.instance_to_wrap/gpio_in[2]    1.500000    1.521129   -0.021129 (VIOLATED)
ANTENNA_hold11_X/DIODE                  1.500000    1.520682   -0.020682 (VIOLATED)
ANTENNA__4472__A1/DIODE                 1.500000    1.519632   -0.019632 (VIOLATED)
_4472_/A1                               1.500000    1.519618   -0.019618 (VIOLATED)
ANTENNA__4479__A2/DIODE                 1.500000    1.519605   -0.019605 (VIOLATED)
_4479_/A2                               1.500000    1.519580   -0.019580 (VIOLATED)
ANTENNA_mprj.team_01_Wrapper.team_01_WB.instance_to_wrap_DAT_O[5]/DIODE    1.500000    1.519085   -0.019085 (VIOLATED)
mprj.team_01_Wrapper.team_01_WB.instance_to_wrap/DAT_O[5]    1.500000    1.519085   -0.019085 (VIOLATED)
mprj.team_12_Wrapper.team_12_WB.instance_to_wrap/gpio_in[31]    1.500000    1.517346   -0.017346 (VIOLATED)
ANTENNA_mprj.team_12_Wrapper.team_12_WB.instance_to_wrap_gpio_in[31]/DIODE    1.500000    1.517329   -0.017329 (VIOLATED)
ANTENNA_mprj.team_04_Wrapper.team_04_WB.instance_to_wrap_gpio_in[9]/DIODE    1.500000    1.517217   -0.017217 (VIOLATED)
_8050_/A                                1.500000    1.516935   -0.016935 (VIOLATED)
ANTENNA__8050__A/DIODE                  1.500000    1.516934   -0.016934 (VIOLATED)
mprj.team_04_Wrapper.team_04_WB.instance_to_wrap/gpio_in[9]    1.500000    1.516919   -0.016919 (VIOLATED)
hold1685/X                              1.498918    1.515338   -0.016420 (VIOLATED)
ANTENNA_mprj.team_04_Wrapper.team_04_WB.instance_to_wrap_mem_adr_start[8]/DIODE    1.500000    1.516255   -0.016255 (VIOLATED)
mprj.team_04_Wrapper.team_04_WB.instance_to_wrap/mem_adr_start[8]    1.500000    1.516252   -0.016252 (VIOLATED)
_8048_/B2                               1.500000    1.515477   -0.015477 (VIOLATED)
ANTENNA__8048__B2/DIODE                 1.500000    1.515474   -0.015474 (VIOLATED)
ANTENNA_hold1685_X/DIODE                1.500000    1.515338   -0.015338 (VIOLATED)
ANTENNA_mprj.team_05_Wrapper.team_05_WB.instance_to_wrap_gpio_out[10]/DIODE    1.500000    1.514800   -0.014800 (VIOLATED)
mprj.team_05_Wrapper.team_05_WB.instance_to_wrap/gpio_out[10]    1.500000    1.514800   -0.014800 (VIOLATED)
ANTENNA_mprj.team_09_Wrapper.team_09_WB.instance_to_wrap_gpio_in[12]/DIODE    1.500000    1.514488   -0.014488 (VIOLATED)
mprj.team_09_Wrapper.team_09_WB.instance_to_wrap/gpio_in[12]    1.500000    1.514423   -0.014423 (VIOLATED)
mprj.team_03_Wrapper.team_03_WB.instance_to_wrap/gpio_in[13]    1.500000    1.513995   -0.013995 (VIOLATED)
ANTENNA_mprj.team_03_Wrapper.team_03_WB.instance_to_wrap_gpio_in[13]/DIODE    1.500000    1.513849   -0.013850 (VIOLATED)
ANTENNA_hold1760_A/DIODE                1.500000    1.513304   -0.013304 (VIOLATED)
hold1760/A                              1.500000    1.513303   -0.013303 (VIOLATED)
hold1877/X                              1.498918    1.512022   -0.013104 (VIOLATED)
ANTENNA_mprj.team_02_Wrapper.team_02_WB.instance_to_wrap_gpio_out[10]/DIODE    1.500000    1.512558   -0.012558 (VIOLATED)
mprj.team_02_Wrapper.team_02_WB.instance_to_wrap/gpio_out[10]    1.500000    1.512558   -0.012558 (VIOLATED)
ANTENNA_hold1877_X/DIODE                1.500000    1.512022   -0.012022 (VIOLATED)
_6362_/A3                               1.500000    1.510175   -0.010175 (VIOLATED)
ANTENNA__6362__A3/DIODE                 1.500000    1.510168   -0.010168 (VIOLATED)
ANTENNA_mprj.team_03_Wrapper.team_03_WB.instance_to_wrap_ADR_O[28]/DIODE    1.500000    1.509895   -0.009895 (VIOLATED)
mprj.team_03_Wrapper.team_03_WB.instance_to_wrap/ADR_O[28]    1.500000    1.509895   -0.009895 (VIOLATED)
ANTENNA__7987__B2/DIODE                 1.500000    1.509061   -0.009061 (VIOLATED)
_7987_/B2                               1.500000    1.509058   -0.009058 (VIOLATED)
mprj.team_03_Wrapper.team_03_WB.instance_to_wrap/gpio_in[9]    1.500000    1.507349   -0.007349 (VIOLATED)
ANTENNA_mprj.team_03_Wrapper.team_03_WB.instance_to_wrap_gpio_in[9]/DIODE    1.500000    1.507335   -0.007335 (VIOLATED)
ANTENNA_mprj.team_05_Wrapper.team_05_WB.instance_to_wrap_gpio_in[15]/DIODE    1.500000    1.506055   -0.006055 (VIOLATED)
mprj.team_05_Wrapper.team_05_WB.instance_to_wrap/gpio_in[15]    1.500000    1.506002   -0.006002 (VIOLATED)
output163/A                             1.500000    1.505238   -0.005238 (VIOLATED)
ANTENNA_output163_A/DIODE               1.500000    1.505231   -0.005231 (VIOLATED)
_4380_/A2                               1.500000    1.505043   -0.005043 (VIOLATED)
ANTENNA__4380__A2/DIODE                 1.500000    1.505016   -0.005016 (VIOLATED)
_4374_/A1                               1.500000    1.504979   -0.004979 (VIOLATED)
ANTENNA__4374__A1/DIODE                 1.500000    1.504924   -0.004924 (VIOLATED)
ANTENNA_mprj.team_07_Wrapper.team_07_WB.instance_to_wrap_gpio_out[16]/DIODE    1.500000    1.504868   -0.004868 (VIOLATED)
mprj.team_07_Wrapper.team_07_WB.instance_to_wrap/gpio_out[16]    1.500000    1.504868   -0.004868 (VIOLATED)
ANTENNA_26/DIODE                        1.500000    1.504865   -0.004865 (VIOLATED)
ANTENNA__4176__A0/DIODE                 1.500000    1.502129   -0.002129 (VIOLATED)
_4176_/A0                               1.500000    1.502125   -0.002125 (VIOLATED)
ANTENNA__4182__A2/DIODE                 1.500000    1.502079   -0.002079 (VIOLATED)
_4182_/A2                               1.500000    1.502074   -0.002074 (VIOLATED)
ANTENNA__4587__A1/DIODE                 1.500000    1.501964   -0.001964 (VIOLATED)
_4587_/A1                               1.500000    1.501960   -0.001960 (VIOLATED)
_4593_/A2                               1.500000    1.501920   -0.001921 (VIOLATED)
ANTENNA__4593__A2/DIODE                 1.500000    1.501896   -0.001896 (VIOLATED)
ANTENNA_mprj.team_06_Wrapper.team_06_WB.instance_to_wrap_gpio_out[23]/DIODE    1.500000    1.501019   -0.001019 (VIOLATED)
mprj.team_06_Wrapper.team_06_WB.instance_to_wrap/gpio_out[23]    1.500000    1.501019   -0.001019 (VIOLATED)
_8071_/A                                1.500000    1.500908   -0.000908 (VIOLATED)
ANTENNA__8071__A/DIODE                  1.500000    1.500899   -0.000899 (VIOLATED)
_7922_/A1                               1.500000    1.500335   -0.000335 (VIOLATED)
ANTENNA__7922__A1/DIODE                 1.500000    1.500332   -0.000332 (VIOLATED)

max fanout

Pin                                   Limit Fanout  Slack
---------------------------------------------------------
clkbuf_5_25_0_wb_clk_i_regs/X            10     31    -21 (VIOLATED)
clkbuf_5_7_0_wb_clk_i_regs/X             10     31    -21 (VIOLATED)
clkbuf_5_19_0_wb_clk_i_regs/X            10     29    -19 (VIOLATED)
clkbuf_5_9_0_wb_clk_i_regs/X             10     27    -17 (VIOLATED)
clkbuf_5_24_0_wb_clk_i_regs/X            10     25    -15 (VIOLATED)
clkbuf_5_26_0_wb_clk_i_regs/X            10     25    -15 (VIOLATED)
input42/X                                10     25    -15 (VIOLATED)
fanout253/X                              10     24    -14 (VIOLATED)
fanout677/X                              10     24    -14 (VIOLATED)
_4293_/Y                                 10     23    -13 (VIOLATED)
clkbuf_5_11_0_wb_clk_i_regs/X            10     23    -13 (VIOLATED)
clkbuf_5_18_0_wb_clk_i_regs/X            10     23    -13 (VIOLATED)
clkbuf_5_30_0_wb_clk_i_regs/X            10     23    -13 (VIOLATED)
clkbuf_5_31_0_wb_clk_i_regs/X            10     23    -13 (VIOLATED)
clkbuf_5_4_0_wb_clk_i_regs/X             10     23    -13 (VIOLATED)
clkbuf_5_6_0_wb_clk_i_regs/X             10     23    -13 (VIOLATED)
fanout373/X                              10     23    -13 (VIOLATED)
fanout393/X                              10     23    -13 (VIOLATED)
fanout252/X                              10     22    -12 (VIOLATED)
fanout255/X                              10     22    -12 (VIOLATED)
fanout314/X                              10     22    -12 (VIOLATED)
fanout366/X                              10     22    -12 (VIOLATED)
fanout429/X                              10     22    -12 (VIOLATED)
fanout434/X                              10     22    -12 (VIOLATED)
fanout446/X                              10     22    -12 (VIOLATED)
fanout492/X                              10     22    -12 (VIOLATED)
fanout499/X                              10     22    -12 (VIOLATED)
fanout504/X                              10     22    -12 (VIOLATED)
fanout549/X                              10     22    -12 (VIOLATED)
fanout556/X                              10     22    -12 (VIOLATED)
fanout586/X                              10     22    -12 (VIOLATED)
fanout618/X                              10     22    -12 (VIOLATED)
_4174_/X                                 10     21    -11 (VIOLATED)
_8592_/Q                                 10     21    -11 (VIOLATED)
_8616_/Q                                 10     21    -11 (VIOLATED)
_8708_/Q                                 10     21    -11 (VIOLATED)
_8883_/Q                                 10     21    -11 (VIOLATED)
clkbuf_5_10_0_wb_clk_i_regs/X            10     21    -11 (VIOLATED)
clkbuf_5_17_0_wb_clk_i_regs/X            10     21    -11 (VIOLATED)
clkbuf_5_23_0_wb_clk_i_regs/X            10     21    -11 (VIOLATED)
clkbuf_5_3_0_wb_clk_i_regs/X             10     21    -11 (VIOLATED)
clkbuf_5_5_0_wb_clk_i_regs/X             10     21    -11 (VIOLATED)
clkbuf_5_8_0_wb_clk_i_regs/X             10     21    -11 (VIOLATED)
fanout208/X                              10     21    -11 (VIOLATED)
fanout210/X                              10     21    -11 (VIOLATED)
fanout213/X                              10     21    -11 (VIOLATED)
fanout214/X                              10     21    -11 (VIOLATED)
fanout215/X                              10     21    -11 (VIOLATED)
fanout216/X                              10     21    -11 (VIOLATED)
fanout217/X                              10     21    -11 (VIOLATED)
fanout218/X                              10     21    -11 (VIOLATED)
fanout221/X                              10     21    -11 (VIOLATED)
fanout222/X                              10     21    -11 (VIOLATED)
fanout224/X                              10     21    -11 (VIOLATED)
fanout226/X                              10     21    -11 (VIOLATED)
fanout227/X                              10     21    -11 (VIOLATED)
fanout228/X                              10     21    -11 (VIOLATED)
fanout230/X                              10     21    -11 (VIOLATED)
fanout232/X                              10     21    -11 (VIOLATED)
fanout234/X                              10     21    -11 (VIOLATED)
fanout235/X                              10     21    -11 (VIOLATED)
fanout237/X                              10     21    -11 (VIOLATED)
fanout239/X                              10     21    -11 (VIOLATED)
fanout241/X                              10     21    -11 (VIOLATED)
fanout242/X                              10     21    -11 (VIOLATED)
fanout245/X                              10     21    -11 (VIOLATED)
fanout247/X                              10     21    -11 (VIOLATED)
fanout249/X                              10     21    -11 (VIOLATED)
fanout256/X                              10     21    -11 (VIOLATED)
fanout257/X                              10     21    -11 (VIOLATED)
fanout260/X                              10     21    -11 (VIOLATED)
fanout261/X                              10     21    -11 (VIOLATED)
fanout262/X                              10     21    -11 (VIOLATED)
fanout263/X                              10     21    -11 (VIOLATED)
fanout265/X                              10     21    -11 (VIOLATED)
fanout267/X                              10     21    -11 (VIOLATED)
fanout269/X                              10     21    -11 (VIOLATED)
fanout270/X                              10     21    -11 (VIOLATED)
fanout273/X                              10     21    -11 (VIOLATED)
fanout274/X                              10     21    -11 (VIOLATED)
fanout276/X                              10     21    -11 (VIOLATED)
fanout277/X                              10     21    -11 (VIOLATED)
fanout279/X                              10     21    -11 (VIOLATED)
fanout280/X                              10     21    -11 (VIOLATED)
fanout282/X                              10     21    -11 (VIOLATED)
fanout284/X                              10     21    -11 (VIOLATED)
fanout285/X                              10     21    -11 (VIOLATED)
fanout288/X                              10     21    -11 (VIOLATED)
fanout291/X                              10     21    -11 (VIOLATED)
fanout295/X                              10     21    -11 (VIOLATED)
fanout296/X                              10     21    -11 (VIOLATED)
fanout297/X                              10     21    -11 (VIOLATED)
fanout299/X                              10     21    -11 (VIOLATED)
fanout300/X                              10     21    -11 (VIOLATED)
fanout302/X                              10     21    -11 (VIOLATED)
fanout303/X                              10     21    -11 (VIOLATED)
fanout305/X                              10     21    -11 (VIOLATED)
fanout307/X                              10     21    -11 (VIOLATED)
fanout309/X                              10     21    -11 (VIOLATED)
fanout310/X                              10     21    -11 (VIOLATED)
fanout312/X                              10     21    -11 (VIOLATED)
fanout316/X                              10     21    -11 (VIOLATED)
fanout318/X                              10     21    -11 (VIOLATED)
fanout320/X                              10     21    -11 (VIOLATED)
fanout322/X                              10     21    -11 (VIOLATED)
fanout324/X                              10     21    -11 (VIOLATED)
fanout325/X                              10     21    -11 (VIOLATED)
fanout327/X                              10     21    -11 (VIOLATED)
fanout329/X                              10     21    -11 (VIOLATED)
fanout331/X                              10     21    -11 (VIOLATED)
fanout334/X                              10     21    -11 (VIOLATED)
fanout336/X                              10     21    -11 (VIOLATED)
fanout337/X                              10     21    -11 (VIOLATED)
fanout341/X                              10     21    -11 (VIOLATED)
fanout342/X                              10     21    -11 (VIOLATED)
fanout344/X                              10     21    -11 (VIOLATED)
fanout345/X                              10     21    -11 (VIOLATED)
fanout348/X                              10     21    -11 (VIOLATED)
fanout349/X                              10     21    -11 (VIOLATED)
fanout350/X                              10     21    -11 (VIOLATED)
fanout367/X                              10     21    -11 (VIOLATED)
fanout368/X                              10     21    -11 (VIOLATED)
fanout370/X                              10     21    -11 (VIOLATED)
fanout371/X                              10     21    -11 (VIOLATED)
fanout378/X                              10     21    -11 (VIOLATED)
fanout382/X                              10     21    -11 (VIOLATED)
fanout383/X                              10     21    -11 (VIOLATED)
fanout385/X                              10     21    -11 (VIOLATED)
fanout388/X                              10     21    -11 (VIOLATED)
fanout390/X                              10     21    -11 (VIOLATED)
fanout397/X                              10     21    -11 (VIOLATED)
fanout399/X                              10     21    -11 (VIOLATED)
fanout401/X                              10     21    -11 (VIOLATED)
fanout402/X                              10     21    -11 (VIOLATED)
fanout403/X                              10     21    -11 (VIOLATED)
fanout405/X                              10     21    -11 (VIOLATED)
fanout407/X                              10     21    -11 (VIOLATED)
fanout409/X                              10     21    -11 (VIOLATED)
fanout410/X                              10     21    -11 (VIOLATED)
fanout411/X                              10     21    -11 (VIOLATED)
fanout413/X                              10     21    -11 (VIOLATED)
fanout414/X                              10     21    -11 (VIOLATED)
fanout415/X                              10     21    -11 (VIOLATED)
fanout417/X                              10     21    -11 (VIOLATED)
fanout418/X                              10     21    -11 (VIOLATED)
fanout421/X                              10     21    -11 (VIOLATED)
fanout423/X                              10     21    -11 (VIOLATED)
fanout424/X                              10     21    -11 (VIOLATED)
fanout426/X                              10     21    -11 (VIOLATED)
fanout427/X                              10     21    -11 (VIOLATED)
fanout430/X                              10     21    -11 (VIOLATED)
fanout432/X                              10     21    -11 (VIOLATED)
fanout435/X                              10     21    -11 (VIOLATED)
fanout437/X                              10     21    -11 (VIOLATED)
fanout438/X                              10     21    -11 (VIOLATED)
fanout441/X                              10     21    -11 (VIOLATED)
fanout443/X                              10     21    -11 (VIOLATED)
fanout444/X                              10     21    -11 (VIOLATED)
fanout447/X                              10     21    -11 (VIOLATED)
fanout449/X                              10     21    -11 (VIOLATED)
fanout451/X                              10     21    -11 (VIOLATED)
fanout452/X                              10     21    -11 (VIOLATED)
fanout454/X                              10     21    -11 (VIOLATED)
fanout455/X                              10     21    -11 (VIOLATED)
fanout458/X                              10     21    -11 (VIOLATED)
fanout460/X                              10     21    -11 (VIOLATED)
fanout461/X                              10     21    -11 (VIOLATED)
fanout463/X                              10     21    -11 (VIOLATED)
fanout464/X                              10     21    -11 (VIOLATED)
fanout467/X                              10     21    -11 (VIOLATED)
fanout469/X                              10     21    -11 (VIOLATED)
fanout470/X                              10     21    -11 (VIOLATED)
fanout473/X                              10     21    -11 (VIOLATED)
fanout474/X                              10     21    -11 (VIOLATED)
fanout477/X                              10     21    -11 (VIOLATED)
fanout479/X                              10     21    -11 (VIOLATED)
fanout481/X                              10     21    -11 (VIOLATED)
fanout482/X                              10     21    -11 (VIOLATED)
fanout483/X                              10     21    -11 (VIOLATED)
fanout485/X                              10     21    -11 (VIOLATED)
fanout486/X                              10     21    -11 (VIOLATED)
fanout489/X                              10     21    -11 (VIOLATED)
fanout493/X                              10     21    -11 (VIOLATED)
fanout494/X                              10     21    -11 (VIOLATED)
fanout495/X                              10     21    -11 (VIOLATED)
fanout496/X                              10     21    -11 (VIOLATED)
fanout498/X                              10     21    -11 (VIOLATED)
fanout503/X                              10     21    -11 (VIOLATED)
fanout505/X                              10     21    -11 (VIOLATED)
fanout508/X                              10     21    -11 (VIOLATED)
fanout509/X                              10     21    -11 (VIOLATED)
fanout512/X                              10     21    -11 (VIOLATED)
fanout514/X                              10     21    -11 (VIOLATED)
fanout515/X                              10     21    -11 (VIOLATED)
fanout517/X                              10     21    -11 (VIOLATED)
fanout518/X                              10     21    -11 (VIOLATED)
fanout534/X                              10     21    -11 (VIOLATED)
fanout535/X                              10     21    -11 (VIOLATED)
fanout536/X                              10     21    -11 (VIOLATED)
fanout539/X                              10     21    -11 (VIOLATED)
fanout541/X                              10     21    -11 (VIOLATED)
fanout542/X                              10     21    -11 (VIOLATED)
fanout543/X                              10     21    -11 (VIOLATED)
fanout547/X                              10     21    -11 (VIOLATED)
fanout551/X                              10     21    -11 (VIOLATED)
fanout552/X                              10     21    -11 (VIOLATED)
fanout553/X                              10     21    -11 (VIOLATED)
fanout557/X                              10     21    -11 (VIOLATED)
fanout558/X                              10     21    -11 (VIOLATED)
fanout559/X                              10     21    -11 (VIOLATED)
fanout560/X                              10     21    -11 (VIOLATED)
fanout561/X                              10     21    -11 (VIOLATED)
fanout562/X                              10     21    -11 (VIOLATED)
fanout563/X                              10     21    -11 (VIOLATED)
fanout565/X                              10     21    -11 (VIOLATED)
fanout566/X                              10     21    -11 (VIOLATED)
fanout568/X                              10     21    -11 (VIOLATED)
fanout569/X                              10     21    -11 (VIOLATED)
fanout571/X                              10     21    -11 (VIOLATED)
fanout572/X                              10     21    -11 (VIOLATED)
fanout574/X                              10     21    -11 (VIOLATED)
fanout577/X                              10     21    -11 (VIOLATED)
fanout578/X                              10     21    -11 (VIOLATED)
fanout580/X                              10     21    -11 (VIOLATED)
fanout583/X                              10     21    -11 (VIOLATED)
fanout588/X                              10     21    -11 (VIOLATED)
fanout589/X                              10     21    -11 (VIOLATED)
fanout590/X                              10     21    -11 (VIOLATED)
fanout591/X                              10     21    -11 (VIOLATED)
fanout593/X                              10     21    -11 (VIOLATED)
fanout594/X                              10     21    -11 (VIOLATED)
fanout595/X                              10     21    -11 (VIOLATED)
fanout597/X                              10     21    -11 (VIOLATED)
fanout602/X                              10     21    -11 (VIOLATED)
fanout607/X                              10     21    -11 (VIOLATED)
fanout609/X                              10     21    -11 (VIOLATED)
fanout610/X                              10     21    -11 (VIOLATED)
fanout611/X                              10     21    -11 (VIOLATED)
fanout612/X                              10     21    -11 (VIOLATED)
fanout615/X                              10     21    -11 (VIOLATED)
fanout617/X                              10     21    -11 (VIOLATED)
fanout620/X                              10     21    -11 (VIOLATED)
fanout622/X                              10     21    -11 (VIOLATED)
fanout624/X                              10     21    -11 (VIOLATED)
fanout626/X                              10     21    -11 (VIOLATED)
fanout628/X                              10     21    -11 (VIOLATED)
fanout629/X                              10     21    -11 (VIOLATED)
fanout630/X                              10     21    -11 (VIOLATED)
fanout633/X                              10     21    -11 (VIOLATED)
fanout635/X                              10     21    -11 (VIOLATED)
fanout637/X                              10     21    -11 (VIOLATED)
fanout640/X                              10     21    -11 (VIOLATED)
fanout675/X                              10     21    -11 (VIOLATED)
fanout676/X                              10     21    -11 (VIOLATED)
fanout693/X                              10     21    -11 (VIOLATED)
fanout694/X                              10     21    -11 (VIOLATED)
fanout695/X                              10     21    -11 (VIOLATED)
fanout700/X                              10     21    -11 (VIOLATED)
fanout702/X                              10     21    -11 (VIOLATED)
fanout703/X                              10     21    -11 (VIOLATED)
fanout705/X                              10     21    -11 (VIOLATED)
fanout707/X                              10     21    -11 (VIOLATED)
fanout708/X                              10     21    -11 (VIOLATED)
fanout709/X                              10     21    -11 (VIOLATED)
fanout710/X                              10     21    -11 (VIOLATED)
fanout714/X                              10     21    -11 (VIOLATED)
fanout716/X                              10     21    -11 (VIOLATED)
fanout718/X                              10     21    -11 (VIOLATED)
fanout720/X                              10     21    -11 (VIOLATED)
fanout723/X                              10     21    -11 (VIOLATED)
fanout724/X                              10     21    -11 (VIOLATED)
fanout725/X                              10     21    -11 (VIOLATED)
fanout727/X                              10     21    -11 (VIOLATED)
fanout728/X                              10     21    -11 (VIOLATED)
fanout730/X                              10     21    -11 (VIOLATED)
fanout732/X                              10     21    -11 (VIOLATED)
fanout733/X                              10     21    -11 (VIOLATED)
fanout735/X                              10     21    -11 (VIOLATED)
fanout736/X                              10     21    -11 (VIOLATED)
fanout737/X                              10     21    -11 (VIOLATED)
hold162/X                                10     21    -11 (VIOLATED)
hold244/X                                10     21    -11 (VIOLATED)
hold274/X                                10     21    -11 (VIOLATED)
hold35/X                                 10     21    -11 (VIOLATED)
hold552/X                                10     21    -11 (VIOLATED)
hold580/X                                10     21    -11 (VIOLATED)
fanout236/X                              10     20    -10 (VIOLATED)
_4324_/Y                                 10     19     -9 (VIOLATED)
_4841_/X                                 10     19     -9 (VIOLATED)
_5149_/X                                 10     19     -9 (VIOLATED)
_5156_/Y                                 10     19     -9 (VIOLATED)
_5227_/Y                                 10     19     -9 (VIOLATED)
_6030_/X                                 10     19     -9 (VIOLATED)
_8572_/Q                                 10     19     -9 (VIOLATED)
_8573_/Q                                 10     19     -9 (VIOLATED)
_8593_/Q                                 10     19     -9 (VIOLATED)
_8617_/Q                                 10     19     -9 (VIOLATED)
_8628_/Q                                 10     19     -9 (VIOLATED)
_8709_/Q                                 10     19     -9 (VIOLATED)
_8884_/Q                                 10     19     -9 (VIOLATED)
clkbuf_5_2_0_wb_clk_i_regs/X             10     19     -9 (VIOLATED)
fanout212/X                              10     19     -9 (VIOLATED)
fanout219/X                              10     19     -9 (VIOLATED)
fanout238/X                              10     19     -9 (VIOLATED)
fanout250/X                              10     19     -9 (VIOLATED)
fanout258/X                              10     19     -9 (VIOLATED)
fanout271/X                              10     19     -9 (VIOLATED)
fanout372/X                              10     19     -9 (VIOLATED)
fanout478/X                              10     19     -9 (VIOLATED)
fanout537/X                              10     19     -9 (VIOLATED)
fanout540/X                              10     19     -9 (VIOLATED)
fanout545/X                              10     19     -9 (VIOLATED)
fanout564/X                              10     19     -9 (VIOLATED)
fanout567/X                              10     19     -9 (VIOLATED)
fanout570/X                              10     19     -9 (VIOLATED)
fanout598/X                              10     19     -9 (VIOLATED)
fanout606/X                              10     19     -9 (VIOLATED)
fanout632/X                              10     19     -9 (VIOLATED)
fanout699/X                              10     19     -9 (VIOLATED)
fanout715/X                              10     19     -9 (VIOLATED)
hold315/X                                10     19     -9 (VIOLATED)
hold452/X                                10     19     -9 (VIOLATED)
hold726/X                                10     19     -9 (VIOLATED)
clkbuf_5_16_0_wb_clk_i_regs/X            10     18     -8 (VIOLATED)
hold348/X                                10     18     -8 (VIOLATED)
mprj.team_05_Wrapper.team_05_WB.instance_to_wrap/gpio_oeb[32]     10     18     -8 (VIOLATED)
_4048_/Y                                 10     17     -7 (VIOLATED)
_4325_/Y                                 10     17     -7 (VIOLATED)
_5138_/X                                 10     17     -7 (VIOLATED)
_5464_/Y                                 10     17     -7 (VIOLATED)
_6243_/X                                 10     17     -7 (VIOLATED)
_6249_/X                                 10     17     -7 (VIOLATED)
_6267_/X                                 10     17     -7 (VIOLATED)
_6270_/X                                 10     17     -7 (VIOLATED)
_6302_/X                                 10     17     -7 (VIOLATED)
_6303_/X                                 10     17     -7 (VIOLATED)
_6334_/X                                 10     17     -7 (VIOLATED)
_6340_/X                                 10     17     -7 (VIOLATED)
_6411_/X                                 10     17     -7 (VIOLATED)
_6414_/X                                 10     17     -7 (VIOLATED)
_6444_/X                                 10     17     -7 (VIOLATED)
_6447_/X                                 10     17     -7 (VIOLATED)
_6483_/X                                 10     17     -7 (VIOLATED)
_6516_/X                                 10     17     -7 (VIOLATED)
_6520_/X                                 10     17     -7 (VIOLATED)
_6553_/X                                 10     17     -7 (VIOLATED)
_6556_/X                                 10     17     -7 (VIOLATED)
_6590_/X                                 10     17     -7 (VIOLATED)
_6594_/X                                 10     17     -7 (VIOLATED)
_6626_/X                                 10     17     -7 (VIOLATED)
_6627_/X                                 10     17     -7 (VIOLATED)
_6663_/X                                 10     17     -7 (VIOLATED)
_6664_/X                                 10     17     -7 (VIOLATED)
_6700_/X                                 10     17     -7 (VIOLATED)
_6702_/X                                 10     17     -7 (VIOLATED)
_6738_/X                                 10     17     -7 (VIOLATED)
_6773_/X                                 10     17     -7 (VIOLATED)
_6776_/X                                 10     17     -7 (VIOLATED)
_6811_/X                                 10     17     -7 (VIOLATED)
_6843_/X                                 10     17     -7 (VIOLATED)
_6847_/X                                 10     17     -7 (VIOLATED)
_6878_/X                                 10     17     -7 (VIOLATED)
_6880_/X                                 10     17     -7 (VIOLATED)
_6912_/X                                 10     17     -7 (VIOLATED)
_6943_/X                                 10     17     -7 (VIOLATED)
_6951_/X                                 10     17     -7 (VIOLATED)
_6985_/Y                                 10     17     -7 (VIOLATED)
_7473_/Y                                 10     17     -7 (VIOLATED)
_7692_/X                                 10     17     -7 (VIOLATED)
_7729_/X                                 10     17     -7 (VIOLATED)
_7755_/X                                 10     17     -7 (VIOLATED)
_7762_/X                                 10     17     -7 (VIOLATED)
_7792_/X                                 10     17     -7 (VIOLATED)
_7793_/X                                 10     17     -7 (VIOLATED)
_7827_/X                                 10     17     -7 (VIOLATED)
_7829_/Y                                 10     17     -7 (VIOLATED)
_7860_/X                                 10     17     -7 (VIOLATED)
_7863_/X                                 10     17     -7 (VIOLATED)
_7894_/X                                 10     17     -7 (VIOLATED)
_7895_/X                                 10     17     -7 (VIOLATED)
_7930_/X                                 10     17     -7 (VIOLATED)
_7964_/X                                 10     17     -7 (VIOLATED)
_7997_/X                                 10     17     -7 (VIOLATED)
_7998_/X                                 10     17     -7 (VIOLATED)
_8031_/X                                 10     17     -7 (VIOLATED)
_8064_/X                                 10     17     -7 (VIOLATED)
_8066_/X                                 10     17     -7 (VIOLATED)
_8641_/Q                                 10     17     -7 (VIOLATED)
_8688_/Q                                 10     17     -7 (VIOLATED)
_8690_/Q                                 10     17     -7 (VIOLATED)
_8691_/Q                                 10     17     -7 (VIOLATED)
_8696_/Q                                 10     17     -7 (VIOLATED)
_8877_/Q                                 10     17     -7 (VIOLATED)
_8886_/Q                                 10     17     -7 (VIOLATED)
clkbuf_5_12_0_wb_clk_i_regs/X            10     17     -7 (VIOLATED)
clkbuf_5_14_0_wb_clk_i_regs/X            10     17     -7 (VIOLATED)
clkbuf_5_1_0_wb_clk_i_regs/X             10     17     -7 (VIOLATED)
clkbuf_5_22_0_wb_clk_i_regs/X            10     17     -7 (VIOLATED)
clkbuf_5_27_0_wb_clk_i_regs/X            10     17     -7 (VIOLATED)
clkbuf_5_28_0_wb_clk_i_regs/X            10     17     -7 (VIOLATED)
fanout225/X                              10     17     -7 (VIOLATED)
fanout246/X                              10     17     -7 (VIOLATED)
fanout259/X                              10     17     -7 (VIOLATED)
fanout268/X                              10     17     -7 (VIOLATED)
fanout289/X                              10     17     -7 (VIOLATED)
fanout290/X                              10     17     -7 (VIOLATED)
fanout292/X                              10     17     -7 (VIOLATED)
fanout293/X                              10     17     -7 (VIOLATED)
fanout301/X                              10     17     -7 (VIOLATED)
fanout306/X                              10     17     -7 (VIOLATED)
fanout313/X                              10     17     -7 (VIOLATED)
fanout326/X                              10     17     -7 (VIOLATED)
fanout346/X                              10     17     -7 (VIOLATED)
fanout369/X                              10     17     -7 (VIOLATED)
fanout375/X                              10     17     -7 (VIOLATED)
fanout377/X                              10     17     -7 (VIOLATED)
fanout379/X                              10     17     -7 (VIOLATED)
fanout387/X                              10     17     -7 (VIOLATED)
fanout389/X                              10     17     -7 (VIOLATED)
fanout398/X                              10     17     -7 (VIOLATED)
fanout416/X                              10     17     -7 (VIOLATED)
fanout420/X                              10     17     -7 (VIOLATED)
fanout442/X                              10     17     -7 (VIOLATED)
fanout459/X                              10     17     -7 (VIOLATED)
fanout491/X                              10     17     -7 (VIOLATED)
fanout548/X                              10     17     -7 (VIOLATED)
fanout582/X                              10     17     -7 (VIOLATED)
fanout584/X                              10     17     -7 (VIOLATED)
fanout599/X                              10     17     -7 (VIOLATED)
fanout608/X                              10     17     -7 (VIOLATED)
fanout616/X                              10     17     -7 (VIOLATED)
fanout639/X                              10     17     -7 (VIOLATED)
fanout696/X                              10     17     -7 (VIOLATED)
fanout711/X                              10     17     -7 (VIOLATED)
fanout731/X                              10     17     -7 (VIOLATED)
hold127/X                                10     17     -7 (VIOLATED)
hold198/X                                10     17     -7 (VIOLATED)
hold314/X                                10     17     -7 (VIOLATED)
hold326/X                                10     17     -7 (VIOLATED)
hold388/X                                10     17     -7 (VIOLATED)
hold52/X                                 10     17     -7 (VIOLATED)
hold530/X                                10     17     -7 (VIOLATED)
mprj.team_05_Wrapper.team_05_WB.instance_to_wrap/gpio_oeb[15]     10     17     -7 (VIOLATED)
mprj.team_08_Wrapper.team_08_WB.instance_to_wrap/gpio_oeb[15]     10     17     -7 (VIOLATED)
_8640_/Q                                 10     16     -6 (VIOLATED)
fanout519/X                              10     16     -6 (VIOLATED)
fanout550/X                              10     16     -6 (VIOLATED)
hold136/X                                10     16     -6 (VIOLATED)
input43/X                                10     16     -6 (VIOLATED)
input53/X                                10     16     -6 (VIOLATED)
input70/X                                10     16     -6 (VIOLATED)
input71/X                                10     16     -6 (VIOLATED)
_4057_/Y                                 10     15     -5 (VIOLATED)
_4063_/Y                                 10     15     -5 (VIOLATED)
_4065_/Y                                 10     15     -5 (VIOLATED)
_4066_/Y                                 10     15     -5 (VIOLATED)
_4073_/Y                                 10     15     -5 (VIOLATED)
_4150_/Y                                 10     15     -5 (VIOLATED)
_4151_/Y                                 10     15     -5 (VIOLATED)
_4163_/Y                                 10     15     -5 (VIOLATED)
_4187_/Y                                 10     15     -5 (VIOLATED)
_4312_/X                                 10     15     -5 (VIOLATED)
_4557_/Y                                 10     15     -5 (VIOLATED)
_5265_/Y                                 10     15     -5 (VIOLATED)
_6237_/Y                                 10     15     -5 (VIOLATED)
_6238_/Y                                 10     15     -5 (VIOLATED)
_6261_/Y                                 10     15     -5 (VIOLATED)
_6262_/Y                                 10     15     -5 (VIOLATED)
_6298_/Y                                 10     15     -5 (VIOLATED)
_6336_/Y                                 10     15     -5 (VIOLATED)
_6373_/X                                 10     15     -5 (VIOLATED)
_6374_/Y                                 10     15     -5 (VIOLATED)
_6378_/X                                 10     15     -5 (VIOLATED)
_6407_/Y                                 10     15     -5 (VIOLATED)
_6440_/Y                                 10     15     -5 (VIOLATED)
_6475_/Y                                 10     15     -5 (VIOLATED)
_6476_/Y                                 10     15     -5 (VIOLATED)
_6479_/X                                 10     15     -5 (VIOLATED)
_6513_/Y                                 10     15     -5 (VIOLATED)
_6548_/Y                                 10     15     -5 (VIOLATED)
_6549_/Y                                 10     15     -5 (VIOLATED)
_6584_/Y                                 10     15     -5 (VIOLATED)
_6585_/Y                                 10     15     -5 (VIOLATED)
_6621_/Y                                 10     15     -5 (VIOLATED)
_6622_/Y                                 10     15     -5 (VIOLATED)
_6657_/Y                                 10     15     -5 (VIOLATED)
_6658_/Y                                 10     15     -5 (VIOLATED)
_6693_/Y                                 10     15     -5 (VIOLATED)
_6694_/Y                                 10     15     -5 (VIOLATED)
_6730_/Y                                 10     15     -5 (VIOLATED)
_6734_/X                                 10     15     -5 (VIOLATED)
_6767_/Y                                 10     15     -5 (VIOLATED)
_6768_/Y                                 10     15     -5 (VIOLATED)
_6803_/Y                                 10     15     -5 (VIOLATED)
_6837_/Y                                 10     15     -5 (VIOLATED)
_6838_/Y                                 10     15     -5 (VIOLATED)
_6873_/Y                                 10     15     -5 (VIOLATED)
_6907_/Y                                 10     15     -5 (VIOLATED)
_6939_/Y                                 10     15     -5 (VIOLATED)
_7687_/Y                                 10     15     -5 (VIOLATED)
_7688_/Y                                 10     15     -5 (VIOLATED)
_7722_/Y                                 10     15     -5 (VIOLATED)
_7726_/X                                 10     15     -5 (VIOLATED)
_7758_/Y                                 10     15     -5 (VIOLATED)
_7822_/Y                                 10     15     -5 (VIOLATED)
_7856_/Y                                 10     15     -5 (VIOLATED)
_7857_/Y                                 10     15     -5 (VIOLATED)
_7889_/Y                                 10     15     -5 (VIOLATED)
_7924_/Y                                 10     15     -5 (VIOLATED)
_7932_/X                                 10     15     -5 (VIOLATED)
_7959_/Y                                 10     15     -5 (VIOLATED)
_7965_/X                                 10     15     -5 (VIOLATED)
_8027_/Y                                 10     15     -5 (VIOLATED)
_8033_/X                                 10     15     -5 (VIOLATED)
_8060_/Y                                 10     15     -5 (VIOLATED)
_8096_/Y                                 10     15     -5 (VIOLATED)
_8097_/Y                                 10     15     -5 (VIOLATED)
_8101_/X                                 10     15     -5 (VIOLATED)
_8104_/X                                 10     15     -5 (VIOLATED)
_8622_/Q                                 10     15     -5 (VIOLATED)
_8623_/Q                                 10     15     -5 (VIOLATED)
_8697_/Q                                 10     15     -5 (VIOLATED)
_8875_/Q                                 10     15     -5 (VIOLATED)
_8881_/Q                                 10     15     -5 (VIOLATED)
_8885_/Q                                 10     15     -5 (VIOLATED)
clkbuf_5_20_0_wb_clk_i_regs/X            10     15     -5 (VIOLATED)
clkbuf_5_29_0_wb_clk_i_regs/X            10     15     -5 (VIOLATED)
fanout209/X                              10     15     -5 (VIOLATED)
fanout243/X                              10     15     -5 (VIOLATED)
fanout251/X                              10     15     -5 (VIOLATED)
fanout275/X                              10     15     -5 (VIOLATED)
fanout283/X                              10     15     -5 (VIOLATED)
fanout286/X                              10     15     -5 (VIOLATED)
fanout332/X                              10     15     -5 (VIOLATED)
fanout335/X                              10     15     -5 (VIOLATED)
fanout343/X                              10     15     -5 (VIOLATED)
fanout391/X                              10     15     -5 (VIOLATED)
fanout394/X                              10     15     -5 (VIOLATED)
fanout395/X                              10     15     -5 (VIOLATED)
fanout404/X                              10     15     -5 (VIOLATED)
fanout412/X                              10     15     -5 (VIOLATED)
fanout419/X                              10     15     -5 (VIOLATED)
fanout433/X                              10     15     -5 (VIOLATED)
fanout448/X                              10     15     -5 (VIOLATED)
fanout450/X                              10     15     -5 (VIOLATED)
fanout465/X                              10     15     -5 (VIOLATED)
fanout475/X                              10     15     -5 (VIOLATED)
fanout484/X                              10     15     -5 (VIOLATED)
fanout490/X                              10     15     -5 (VIOLATED)
fanout506/X                              10     15     -5 (VIOLATED)
fanout510/X                              10     15     -5 (VIOLATED)
fanout554/X                              10     15     -5 (VIOLATED)
fanout576/X                              10     15     -5 (VIOLATED)
fanout604/X                              10     15     -5 (VIOLATED)
fanout605/X                              10     15     -5 (VIOLATED)
fanout619/X                              10     15     -5 (VIOLATED)
fanout636/X                              10     15     -5 (VIOLATED)
fanout638/X                              10     15     -5 (VIOLATED)
fanout717/X                              10     15     -5 (VIOLATED)
fanout738/X                              10     15     -5 (VIOLATED)
hold106/X                                10     15     -5 (VIOLATED)
hold528/X                                10     15     -5 (VIOLATED)
hold70/X                                 10     15     -5 (VIOLATED)
hold96/X                                 10     15     -5 (VIOLATED)
load_slew692/X                           10     15     -5 (VIOLATED)
mprj.team_08_Wrapper.team_08_WB.instance_to_wrap/gpio_oeb[6]     10     15     -5 (VIOLATED)
_5144_/Y                                 10     14     -4 (VIOLATED)
_7420_/Y                                 10     14     -4 (VIOLATED)
_8631_/Q                                 10     14     -4 (VIOLATED)
fanout254/X                              10     14     -4 (VIOLATED)
load_slew742/X                           10     14     -4 (VIOLATED)
mprj.team_07_Wrapper.team_07_WB.instance_to_wrap/gpio_out[10]     10     14     -4 (VIOLATED)
mprj.team_08_Wrapper.team_08_WB.instance_to_wrap/gpio_oeb[10]     10     14     -4 (VIOLATED)
mprj.team_08_Wrapper.team_08_WB.instance_to_wrap/gpio_oeb[12]     10     14     -4 (VIOLATED)
mprj.team_08_Wrapper.team_08_WB.instance_to_wrap/gpio_oeb[4]     10     14     -4 (VIOLATED)
mprj.team_08_Wrapper.team_08_WB.instance_to_wrap/gpio_out[10]     10     14     -4 (VIOLATED)
mprj.team_09_Wrapper.team_09_WB.instance_to_wrap/gpio_oeb[12]     10     14     -4 (VIOLATED)
mprj.team_09_Wrapper.team_09_WB.instance_to_wrap/gpio_oeb[13]     10     14     -4 (VIOLATED)
mprj.team_09_Wrapper.team_09_WB.instance_to_wrap/gpio_out[14]     10     14     -4 (VIOLATED)
mprj.team_12_Wrapper.team_12_WB.instance_to_wrap/gpio_out[13]     10     14     -4 (VIOLATED)
_4056_/Y                                 10     13     -3 (VIOLATED)
_4058_/Y                                 10     13     -3 (VIOLATED)
_4105_/Y                                 10     13     -3 (VIOLATED)
_4267_/X                                 10     13     -3 (VIOLATED)
_4797_/X                                 10     13     -3 (VIOLATED)
_4831_/X                                 10     13     -3 (VIOLATED)
_5151_/X                                 10     13     -3 (VIOLATED)
_5295_/Y                                 10     13     -3 (VIOLATED)
_5322_/Y                                 10     13     -3 (VIOLATED)
_5361_/Y                                 10     13     -3 (VIOLATED)
_5537_/Y                                 10     13     -3 (VIOLATED)
_5942_/Y                                 10     13     -3 (VIOLATED)
_6244_/X                                 10     13     -3 (VIOLATED)
_6248_/X                                 10     13     -3 (VIOLATED)
_6265_/X                                 10     13     -3 (VIOLATED)
_6266_/X                                 10     13     -3 (VIOLATED)
_6274_/X                                 10     13     -3 (VIOLATED)
_6299_/Y                                 10     13     -3 (VIOLATED)
_6305_/X                                 10     13     -3 (VIOLATED)
_6307_/X                                 10     13     -3 (VIOLATED)
_6333_/X                                 10     13     -3 (VIOLATED)
_6338_/Y                                 10     13     -3 (VIOLATED)
_6354_/X                                 10     13     -3 (VIOLATED)
_6370_/X                                 10     13     -3 (VIOLATED)
_6371_/Y                                 10     13     -3 (VIOLATED)
_6405_/Y                                 10     13     -3 (VIOLATED)
_6406_/X                                 10     13     -3 (VIOLATED)
_6480_/X                                 10     13     -3 (VIOLATED)
_6481_/Y                                 10     13     -3 (VIOLATED)
_6512_/Y                                 10     13     -3 (VIOLATED)
_6518_/X                                 10     13     -3 (VIOLATED)
_6521_/X                                 10     13     -3 (VIOLATED)
_6523_/X                                 10     13     -3 (VIOLATED)
_6552_/X                                 10     13     -3 (VIOLATED)
_6554_/X                                 10     13     -3 (VIOLATED)
_6561_/X                                 10     13     -3 (VIOLATED)
_6588_/X                                 10     13     -3 (VIOLATED)
_6591_/X                                 10     13     -3 (VIOLATED)
_6597_/X                                 10     13     -3 (VIOLATED)
_6625_/X                                 10     13     -3 (VIOLATED)
_6629_/X                                 10     13     -3 (VIOLATED)
_6661_/X                                 10     13     -3 (VIOLATED)
_6662_/X                                 10     13     -3 (VIOLATED)
_6697_/X                                 10     13     -3 (VIOLATED)
_6698_/X                                 10     13     -3 (VIOLATED)
_6705_/X                                 10     13     -3 (VIOLATED)
_6731_/Y                                 10     13     -3 (VIOLATED)
_6739_/Y                                 10     13     -3 (VIOLATED)
_6771_/X                                 10     13     -3 (VIOLATED)
_6774_/X                                 10     13     -3 (VIOLATED)
_6777_/X                                 10     13     -3 (VIOLATED)
_6804_/Y                                 10     13     -3 (VIOLATED)
_6808_/X                                 10     13     -3 (VIOLATED)
_6809_/X                                 10     13     -3 (VIOLATED)
_6841_/X                                 10     13     -3 (VIOLATED)
_6844_/X                                 10     13     -3 (VIOLATED)
_6846_/X                                 10     13     -3 (VIOLATED)
_6874_/Y                                 10     13     -3 (VIOLATED)
_6911_/X                                 10     13     -3 (VIOLATED)
_6946_/X                                 10     13     -3 (VIOLATED)
_6948_/X                                 10     13     -3 (VIOLATED)
_7695_/X                                 10     13     -3 (VIOLATED)
_7696_/X                                 10     13     -3 (VIOLATED)
_7723_/Y                                 10     13     -3 (VIOLATED)
_7727_/X                                 10     13     -3 (VIOLATED)
_7757_/Y                                 10     13     -3 (VIOLATED)
_7788_/Y                                 10     13     -3 (VIOLATED)
_7794_/X                                 10     13     -3 (VIOLATED)
_7799_/X                                 10     13     -3 (VIOLATED)
_7830_/X                                 10     13     -3 (VIOLATED)
_7832_/X                                 10     13     -3 (VIOLATED)
_7861_/X                                 10     13     -3 (VIOLATED)
_7890_/Y                                 10     13     -3 (VIOLATED)
_7893_/X                                 10     13     -3 (VIOLATED)
_7896_/X                                 10     13     -3 (VIOLATED)
_7925_/Y                                 10     13     -3 (VIOLATED)
_7928_/X                                 10     13     -3 (VIOLATED)
_7960_/Y                                 10     13     -3 (VIOLATED)
_7993_/Y                                 10     13     -3 (VIOLATED)
_7994_/Y                                 10     13     -3 (VIOLATED)
_8002_/X                                 10     13     -3 (VIOLATED)
_8032_/X                                 10     13     -3 (VIOLATED)
_8039_/X                                 10     13     -3 (VIOLATED)
_8061_/Y                                 10     13     -3 (VIOLATED)
_8067_/X                                 10     13     -3 (VIOLATED)
_8069_/X                                 10     13     -3 (VIOLATED)
_8103_/X                                 10     13     -3 (VIOLATED)
_8106_/Y                                 10     13     -3 (VIOLATED)
_8549_/Q                                 10     13     -3 (VIOLATED)
_8574_/Q                                 10     13     -3 (VIOLATED)
_8575_/Q                                 10     13     -3 (VIOLATED)
_8598_/Q                                 10     13     -3 (VIOLATED)
_8600_/Q                                 10     13     -3 (VIOLATED)
_8602_/Q                                 10     13     -3 (VIOLATED)
_8606_/Q                                 10     13     -3 (VIOLATED)
_8607_/Q                                 10     13     -3 (VIOLATED)
_8612_/Q                                 10     13     -3 (VIOLATED)
_8618_/Q                                 10     13     -3 (VIOLATED)
_8619_/Q                                 10     13     -3 (VIOLATED)
_8620_/Q                                 10     13     -3 (VIOLATED)
_8621_/Q                                 10     13     -3 (VIOLATED)
_8624_/Q                                 10     13     -3 (VIOLATED)
_8626_/Q                                 10     13     -3 (VIOLATED)
_8630_/Q                                 10     13     -3 (VIOLATED)
_8632_/Q                                 10     13     -3 (VIOLATED)
_8635_/Q                                 10     13     -3 (VIOLATED)
_8636_/Q                                 10     13     -3 (VIOLATED)
_8642_/Q                                 10     13     -3 (VIOLATED)
_8643_/Q                                 10     13     -3 (VIOLATED)
_8647_/Q                                 10     13     -3 (VIOLATED)
_8648_/Q                                 10     13     -3 (VIOLATED)
_8650_/Q                                 10     13     -3 (VIOLATED)
_8654_/Q                                 10     13     -3 (VIOLATED)
_8662_/Q                                 10     13     -3 (VIOLATED)
_8663_/Q                                 10     13     -3 (VIOLATED)
_8664_/Q                                 10     13     -3 (VIOLATED)
_8667_/Q                                 10     13     -3 (VIOLATED)
_8668_/Q                                 10     13     -3 (VIOLATED)
_8672_/Q                                 10     13     -3 (VIOLATED)
_8674_/Q                                 10     13     -3 (VIOLATED)
_8675_/Q                                 10     13     -3 (VIOLATED)
_8686_/Q                                 10     13     -3 (VIOLATED)
_8692_/Q                                 10     13     -3 (VIOLATED)
_8693_/Q                                 10     13     -3 (VIOLATED)
_8694_/Q                                 10     13     -3 (VIOLATED)
_8699_/Q                                 10     13     -3 (VIOLATED)
_8700_/Q                                 10     13     -3 (VIOLATED)
_8704_/Q                                 10     13     -3 (VIOLATED)
_8706_/Q                                 10     13     -3 (VIOLATED)
_8707_/Q                                 10     13     -3 (VIOLATED)
_8710_/Q                                 10     13     -3 (VIOLATED)
_8711_/Q                                 10     13     -3 (VIOLATED)
_8714_/Q                                 10     13     -3 (VIOLATED)
_8718_/Q                                 10     13     -3 (VIOLATED)
_8720_/Q                                 10     13     -3 (VIOLATED)
_8722_/Q                                 10     13     -3 (VIOLATED)
_8723_/Q                                 10     13     -3 (VIOLATED)
_8854_/Q                                 10     13     -3 (VIOLATED)
_8876_/Q                                 10     13     -3 (VIOLATED)
clkbuf_5_0_0_wb_clk_i_regs/X             10     13     -3 (VIOLATED)
clkbuf_5_13_0_wb_clk_i_regs/X            10     13     -3 (VIOLATED)
clkbuf_5_15_0_wb_clk_i_regs/X            10     13     -3 (VIOLATED)
clkbuf_5_21_0_wb_clk_i_regs/X            10     13     -3 (VIOLATED)
fanout220/X                              10     13     -3 (VIOLATED)
fanout231/X                              10     13     -3 (VIOLATED)
fanout233/X                              10     13     -3 (VIOLATED)
fanout240/X                              10     13     -3 (VIOLATED)
fanout272/X                              10     13     -3 (VIOLATED)
fanout278/X                              10     13     -3 (VIOLATED)
fanout308/X                              10     13     -3 (VIOLATED)
fanout311/X                              10     13     -3 (VIOLATED)
fanout319/X                              10     13     -3 (VIOLATED)
fanout321/X                              10     13     -3 (VIOLATED)
fanout328/X                              10     13     -3 (VIOLATED)
fanout333/X                              10     13     -3 (VIOLATED)
fanout347/X                              10     13     -3 (VIOLATED)
fanout376/X                              10     13     -3 (VIOLATED)
fanout384/X                              10     13     -3 (VIOLATED)
fanout406/X                              10     13     -3 (VIOLATED)
fanout431/X                              10     13     -3 (VIOLATED)
fanout436/X                              10     13     -3 (VIOLATED)
fanout453/X                              10     13     -3 (VIOLATED)
fanout457/X                              10     13     -3 (VIOLATED)
fanout462/X                              10     13     -3 (VIOLATED)
fanout468/X                              10     13     -3 (VIOLATED)
fanout476/X                              10     13     -3 (VIOLATED)
fanout488/X                              10     13     -3 (VIOLATED)
fanout497/X                              10     13     -3 (VIOLATED)
fanout500/X                              10     13     -3 (VIOLATED)
fanout501/X                              10     13     -3 (VIOLATED)
fanout513/X                              10     13     -3 (VIOLATED)
fanout516/X                              10     13     -3 (VIOLATED)
fanout546/X                              10     13     -3 (VIOLATED)
fanout575/X                              10     13     -3 (VIOLATED)
fanout581/X                              10     13     -3 (VIOLATED)
fanout623/X                              10     13     -3 (VIOLATED)
fanout625/X                              10     13     -3 (VIOLATED)
fanout631/X                              10     13     -3 (VIOLATED)
fanout701/X                              10     13     -3 (VIOLATED)
fanout712/X                              10     13     -3 (VIOLATED)
fanout721/X                              10     13     -3 (VIOLATED)
fanout722/X                              10     13     -3 (VIOLATED)
fanout734/X                              10     13     -3 (VIOLATED)
hold163/X                                10     13     -3 (VIOLATED)
hold207/X                                10     13     -3 (VIOLATED)
hold208/X                                10     13     -3 (VIOLATED)
hold218/X                                10     13     -3 (VIOLATED)
hold271/X                                10     13     -3 (VIOLATED)
hold34/X                                 10     13     -3 (VIOLATED)
hold347/X                                10     13     -3 (VIOLATED)
hold43/X                                 10     13     -3 (VIOLATED)
hold450/X                                10     13     -3 (VIOLATED)
hold46/X                                 10     13     -3 (VIOLATED)
hold471/X                                10     13     -3 (VIOLATED)
hold49/X                                 10     13     -3 (VIOLATED)
hold492/X                                10     13     -3 (VIOLATED)
hold54/X                                 10     13     -3 (VIOLATED)
hold57/X                                 10     13     -3 (VIOLATED)
hold654/X                                10     13     -3 (VIOLATED)
hold663/X                                10     13     -3 (VIOLATED)
hold664/X                                10     13     -3 (VIOLATED)
hold80/X                                 10     13     -3 (VIOLATED)
hold99/X                                 10     13     -3 (VIOLATED)
hold994/X                                10     13     -3 (VIOLATED)
load_slew688/X                           10     13     -3 (VIOLATED)
mprj.team_08_Wrapper.team_08_WB.instance_to_wrap/gpio_oeb[18]     10     13     -3 (VIOLATED)
mprj.team_08_Wrapper.team_08_WB.instance_to_wrap/gpio_oeb[9]     10     13     -3 (VIOLATED)
wire340/X                                10     13     -3 (VIOLATED)
wire532/X                                10     13     -3 (VIOLATED)
_7402_/Y                                 10     12     -2 (VIOLATED)
fanout287/X                              10     12     -2 (VIOLATED)
fanout698/X                              10     12     -2 (VIOLATED)
hold1165/X                               10     12     -2 (VIOLATED)
hold436/X                                10     12     -2 (VIOLATED)
hold736/X                                10     12     -2 (VIOLATED)
mprj.team_05_Wrapper.team_05_WB.instance_to_wrap/gpio_oeb[23]     10     12     -2 (VIOLATED)
mprj.team_05_Wrapper.team_05_WB.instance_to_wrap/gpio_oeb[30]     10     12     -2 (VIOLATED)
mprj.team_08_Wrapper.team_08_WB.instance_to_wrap/gpio_oeb[8]     10     12     -2 (VIOLATED)
mprj.team_08_Wrapper.team_08_WB.instance_to_wrap/gpio_out[2]     10     12     -2 (VIOLATED)
_4049_/Y                                 10     11        (VIOLATED)
_4055_/Y                                 10     11        (VIOLATED)
_4059_/Y                                 10     11        (VIOLATED)
_4122_/X                                 10     11        (VIOLATED)
_4131_/Y                                 10     11        (VIOLATED)
_4138_/X                                 10     11        (VIOLATED)
_4162_/X                                 10     11        (VIOLATED)
_4300_/X                                 10     11        (VIOLATED)
_4467_/X                                 10     11        (VIOLATED)
_4541_/X                                 10     11        (VIOLATED)
_4559_/Y                                 10     11        (VIOLATED)
_5280_/X                                 10     11        (VIOLATED)
_5378_/Y                                 10     11        (VIOLATED)
_5380_/Y                                 10     11        (VIOLATED)
_5397_/X                                 10     11        (VIOLATED)
_5421_/Y                                 10     11        (VIOLATED)
_5423_/Y                                 10     11        (VIOLATED)
_5425_/Y                                 10     11        (VIOLATED)
_5427_/Y                                 10     11        (VIOLATED)
_5429_/Y                                 10     11        (VIOLATED)
_5433_/Y                                 10     11        (VIOLATED)
_5435_/Y                                 10     11        (VIOLATED)
_5437_/Y                                 10     11        (VIOLATED)
_5439_/Y                                 10     11        (VIOLATED)
_5441_/Y                                 10     11        (VIOLATED)
_5443_/Y                                 10     11        (VIOLATED)
_5445_/Y                                 10     11        (VIOLATED)
_5447_/Y                                 10     11        (VIOLATED)
_5449_/Y                                 10     11        (VIOLATED)
_5451_/Y                                 10     11        (VIOLATED)
_5453_/Y                                 10     11        (VIOLATED)
_5455_/Y                                 10     11        (VIOLATED)
_5457_/Y                                 10     11        (VIOLATED)
_5459_/Y                                 10     11        (VIOLATED)
_5499_/Y                                 10     11        (VIOLATED)
_5601_/Y                                 10     11        (VIOLATED)
_5630_/X                                 10     11        (VIOLATED)
_5668_/X                                 10     11        (VIOLATED)
_5934_/X                                 10     11        (VIOLATED)
_5948_/Y                                 10     11        (VIOLATED)
_5957_/X                                 10     11        (VIOLATED)
_5961_/Y                                 10     11        (VIOLATED)
_5963_/Y                                 10     11        (VIOLATED)
_5967_/X                                 10     11        (VIOLATED)
_5971_/Y                                 10     11        (VIOLATED)
_6001_/Y                                 10     11        (VIOLATED)
_6004_/Y                                 10     11        (VIOLATED)
_6246_/X                                 10     11        (VIOLATED)
_6341_/X                                 10     11        (VIOLATED)
_6381_/X                                 10     11        (VIOLATED)
_6417_/X                                 10     11        (VIOLATED)
_6441_/Y                                 10     11        (VIOLATED)
_6445_/X                                 10     11        (VIOLATED)
_6449_/X                                 10     11        (VIOLATED)
_6453_/X                                 10     11        (VIOLATED)
_6735_/X                                 10     11        (VIOLATED)
_6736_/X                                 10     11        (VIOLATED)
_6915_/X                                 10     11        (VIOLATED)
_6940_/Y                                 10     11        (VIOLATED)
_7041_/X                                 10     11        (VIOLATED)
_7435_/X                                 10     11        (VIOLATED)
_7691_/X                                 10     11        (VIOLATED)
_7756_/X                                 10     11        (VIOLATED)
_7796_/X                                 10     11        (VIOLATED)
_7826_/X                                 10     11        (VIOLATED)
_7864_/X                                 10     11        (VIOLATED)
_7898_/X                                 10     11        (VIOLATED)
_7931_/X                                 10     11        (VIOLATED)
_7933_/X                                 10     11        (VIOLATED)
_7968_/X                                 10     11        (VIOLATED)
_8000_/X                                 10     11        (VIOLATED)
_8028_/Y                                 10     11        (VIOLATED)
_8036_/X                                 10     11        (VIOLATED)
_8065_/X                                 10     11        (VIOLATED)
_8594_/Q                                 10     11        (VIOLATED)
_8595_/Q                                 10     11        (VIOLATED)
_8599_/Q                                 10     11        (VIOLATED)
_8601_/Q                                 10     11        (VIOLATED)
_8603_/Q                                 10     11        (VIOLATED)
_8608_/Q                                 10     11        (VIOLATED)
_8614_/Q                                 10     11        (VIOLATED)
_8615_/Q                                 10     11        (VIOLATED)
_8627_/Q                                 10     11        (VIOLATED)
_8629_/Q                                 10     11        (VIOLATED)
_8633_/Q                                 10     11        (VIOLATED)
_8638_/Q                                 10     11        (VIOLATED)
_8639_/Q                                 10     11        (VIOLATED)
_8649_/Q                                 10     11        (VIOLATED)
_8655_/Q                                 10     11        (VIOLATED)
_8658_/Q                                 10     11        (VIOLATED)
_8659_/Q                                 10     11        (VIOLATED)
_8661_/Q                                 10     11        (VIOLATED)
_8670_/Q                                 10     11        (VIOLATED)
_8673_/Q                                 10     11        (VIOLATED)
_8678_/Q                                 10     11        (VIOLATED)
_8679_/Q                                 10     11        (VIOLATED)
_8683_/Q                                 10     11        (VIOLATED)
_8685_/Q                                 10     11        (VIOLATED)
_8689_/Q                                 10     11        (VIOLATED)
_8698_/Q                                 10     11        (VIOLATED)
_8701_/Q                                 10     11        (VIOLATED)
_8702_/Q                                 10     11        (VIOLATED)
_8703_/Q                                 10     11        (VIOLATED)
_8705_/Q                                 10     11        (VIOLATED)
_8715_/Q                                 10     11        (VIOLATED)
_8717_/Q                                 10     11        (VIOLATED)
_8719_/Q                                 10     11        (VIOLATED)
_8721_/Q                                 10     11        (VIOLATED)
fanout211/X                              10     11        (VIOLATED)
fanout223/X                              10     11        (VIOLATED)
fanout229/X                              10     11        (VIOLATED)
fanout244/X                              10     11        (VIOLATED)
fanout248/X                              10     11        (VIOLATED)
fanout264/X                              10     11        (VIOLATED)
fanout266/X                              10     11        (VIOLATED)
fanout281/X                              10     11        (VIOLATED)
fanout298/X                              10     11        (VIOLATED)
fanout315/X                              10     11        (VIOLATED)
fanout317/X                              10     11        (VIOLATED)
fanout330/X                              10     11        (VIOLATED)
fanout351/X                              10     11        (VIOLATED)
fanout374/X                              10     11        (VIOLATED)
fanout380/X                              10     11        (VIOLATED)
fanout386/X                              10     11        (VIOLATED)
fanout400/X                              10     11        (VIOLATED)
fanout408/X                              10     11        (VIOLATED)
fanout428/X                              10     11        (VIOLATED)
fanout439/X                              10     11        (VIOLATED)
fanout440/X                              10     11        (VIOLATED)
fanout445/X                              10     11        (VIOLATED)
fanout456/X                              10     11        (VIOLATED)
fanout466/X                              10     11        (VIOLATED)
fanout471/X                              10     11        (VIOLATED)
fanout472/X                              10     11        (VIOLATED)
fanout480/X                              10     11        (VIOLATED)
fanout487/X                              10     11        (VIOLATED)
fanout502/X                              10     11        (VIOLATED)
fanout507/X                              10     11        (VIOLATED)
fanout511/X                              10     11        (VIOLATED)
fanout520/X                              10     11        (VIOLATED)
fanout538/X                              10     11        (VIOLATED)
fanout544/X                              10     11        (VIOLATED)
fanout592/X                              10     11        (VIOLATED)
fanout596/X                              10     11        (VIOLATED)
fanout613/X                              10     11        (VIOLATED)
fanout621/X                              10     11        (VIOLATED)
fanout634/X                              10     11        (VIOLATED)
fanout678/X                              10     11        (VIOLATED)
fanout697/X                              10     11        (VIOLATED)
fanout704/X                              10     11        (VIOLATED)
fanout706/X                              10     11        (VIOLATED)
fanout713/X                              10     11        (VIOLATED)
fanout719/X                              10     11        (VIOLATED)
fanout726/X                              10     11        (VIOLATED)
fanout729/X                              10     11        (VIOLATED)
fanout739/X                              10     11        (VIOLATED)
fanout740/X                              10     11        (VIOLATED)
hold1044/X                               10     11        (VIOLATED)
hold11/X                                 10     11        (VIOLATED)
hold150/X                                10     11        (VIOLATED)
hold176/X                                10     11        (VIOLATED)
hold179/X                                10     11        (VIOLATED)
hold243/X                                10     11        (VIOLATED)
hold257/X                                10     11        (VIOLATED)
hold298/X                                10     11        (VIOLATED)
hold331/X                                10     11        (VIOLATED)
hold398/X                                10     11        (VIOLATED)
hold399/X                                10     11        (VIOLATED)
hold484/X                                10     11        (VIOLATED)
hold497/X                                10     11        (VIOLATED)
hold503/X                                10     11        (VIOLATED)
hold621/X                                10     11        (VIOLATED)
hold693/X                                10     11        (VIOLATED)
hold73/X                                 10     11        (VIOLATED)
hold740/X                                10     11        (VIOLATED)
hold868/X                                10     11        (VIOLATED)
input39/X                                10     11        (VIOLATED)
mprj.team_01_Wrapper.team_01_WB.instance_to_wrap/gpio_out[27]     10     11        (VIOLATED)
mprj.team_05_Wrapper.team_05_WB.instance_to_wrap/gpio_oeb[7]     10     11        (VIOLATED)
mprj.team_06_Wrapper.team_06_WB.instance_to_wrap/gpio_oeb[5]     10     11        (VIOLATED)
mprj.team_08_Wrapper.team_08_WB.instance_to_wrap/gpio_oeb[23]     10     11        (VIOLATED)

max capacitance

Pin                                        Limit         Cap       Slack
------------------------------------------------------------------------
clkbuf_1_0_1_wb_clk_i/X                 0.585947    1.286407   -0.700460 (VIOLATED)
clkbuf_1_1_1_wb_clk_i/X                 0.585947    1.232669   -0.646722 (VIOLATED)
hold218/X                               0.100718    0.243820   -0.143102 (VIOLATED)
hold400/X                               0.100718    0.197098   -0.096380 (VIOLATED)
hold399/X                               0.100718    0.194484   -0.093766 (VIOLATED)
hold1782/X                              0.100718    0.178710   -0.077992 (VIOLATED)
hold408/X                               0.100718    0.172703   -0.071985 (VIOLATED)
hold477/X                               0.100718    0.171465   -0.070747 (VIOLATED)
hold398/X                               0.100718    0.170932   -0.070214 (VIOLATED)
hold506/X                               0.100718    0.164926   -0.064208 (VIOLATED)
hold538/X                               0.100718    0.162355   -0.061637 (VIOLATED)
hold412/X                               0.100718    0.159545   -0.058827 (VIOLATED)
hold647/X                               0.100718    0.158800   -0.058082 (VIOLATED)
hold432/X                               0.100718    0.152593   -0.051875 (VIOLATED)
hold933/X                               0.100718    0.146983   -0.046265 (VIOLATED)
hold270/X                               0.100718    0.142869   -0.042151 (VIOLATED)
hold1043/X                              0.100718    0.141824   -0.041106 (VIOLATED)
_8081_/X                                0.315867    0.355664   -0.039797 (VIOLATED)
hold884/X                               0.100718    0.140259   -0.039541 (VIOLATED)
hold1661/X                              0.100718    0.139990   -0.039272 (VIOLATED)
hold357/X                               0.100718    0.138981   -0.038263 (VIOLATED)
hold1766/X                              0.100718    0.138822   -0.038104 (VIOLATED)
hold528/X                               0.100718    0.136448   -0.035730 (VIOLATED)
hold1781/X                              0.100718    0.135645   -0.034927 (VIOLATED)
hold274/X                               0.100718    0.133635   -0.032917 (VIOLATED)
_6511_/X                                0.355234    0.386240   -0.031006 (VIOLATED)
hold1393/X                              0.100718    0.130296   -0.029578 (VIOLATED)
hold244/X                               0.100718    0.129879   -0.029161 (VIOLATED)
hold34/X                                0.100718    0.128391   -0.027673 (VIOLATED)
hold326/X                               0.100718    0.128252   -0.027534 (VIOLATED)
hold1146/X                              0.100718    0.128107   -0.027389 (VIOLATED)
_6474_/X                                0.355234    0.382332   -0.027098 (VIOLATED)
_7409_/Y                                0.270090    0.295616   -0.025526 (VIOLATED)
_7402_/Y                                0.270090    0.295318   -0.025228 (VIOLATED)
hold866/X                               0.100718    0.125510   -0.024792 (VIOLATED)
hold497/X                               0.100718    0.124927   -0.024209 (VIOLATED)
_7405_/Y                                0.270090    0.293676   -0.023586 (VIOLATED)
hold1165/X                              0.100718    0.123391   -0.022673 (VIOLATED)
hold452/X                               0.100718    0.122649   -0.021931 (VIOLATED)
hold552/X                               0.100718    0.121358   -0.020640 (VIOLATED)
hold1764/X                              0.100718    0.121266   -0.020548 (VIOLATED)
_7410_/Y                                0.270090    0.290423   -0.020333 (VIOLATED)
_7407_/Y                                0.270090    0.290121   -0.020031 (VIOLATED)
_4242_/Y                                0.130930    0.150599   -0.019669 (VIOLATED)
hold429/X                               0.100718    0.119165   -0.018447 (VIOLATED)
_7420_/Y                                0.270090    0.287645   -0.017555 (VIOLATED)
hold315/X                               0.100718    0.117808   -0.017090 (VIOLATED)
hold348/X                               0.100718    0.115934   -0.015216 (VIOLATED)
hold1752/X                              0.100718    0.115382   -0.014664 (VIOLATED)
_5101_/Y                                0.130930    0.144712   -0.013782 (VIOLATED)
hold347/X                               0.100718    0.112936   -0.012218 (VIOLATED)
hold763/X                               0.100718    0.112751   -0.012033 (VIOLATED)
hold956/X                               0.100718    0.112604   -0.011886 (VIOLATED)
hold722/X                               0.100718    0.111550   -0.010832 (VIOLATED)
_7432_/Y                                0.270090    0.277564   -0.007474 (VIOLATED)
hold35/X                                0.100718    0.108121   -0.007403 (VIOLATED)
_7431_/Y                                0.270090    0.277161   -0.007071 (VIOLATED)
hold43/X                                0.100718    0.107427   -0.006709 (VIOLATED)
hold219/X                               0.100718    0.105050   -0.004332 (VIOLATED)
hold386/X                               0.100718    0.104421   -0.003703 (VIOLATED)
_5378_/Y                                0.091563    0.094822   -0.003259 (VIOLATED)
hold470/X                               0.100718    0.103670   -0.002952 (VIOLATED)
hold11/X                                0.100718    0.102922   -0.002204 (VIOLATED)
hold1685/X                              0.100718    0.102572   -0.001854 (VIOLATED)
hold1877/X                              0.100718    0.102287   -0.001569 (VIOLATED)
hold1758/X                              0.100718    0.100837   -0.000119 (VIOLATED)



===========================================================================
report_parasitic_annotation -report_unannotated
============================================================================
Found 497 unannotated drivers.
 analog_io[0]
 analog_io[10]
 analog_io[11]
 analog_io[12]
 analog_io[13]
 analog_io[14]
 analog_io[15]
 analog_io[16]
 analog_io[17]
 analog_io[18]
 analog_io[19]
 analog_io[1]
 analog_io[20]
 analog_io[21]
 analog_io[22]
 analog_io[23]
 analog_io[24]
 analog_io[25]
 analog_io[26]
 analog_io[27]
 analog_io[28]
 analog_io[2]
 analog_io[3]
 analog_io[4]
 analog_io[5]
 analog_io[6]
 analog_io[7]
 analog_io[8]
 analog_io[9]
 io_in[1]
 io_in[2]
 io_in[3]
 io_in[4]
 la_data_in[100]
 la_data_in[101]
 la_data_in[102]
 la_data_in[103]
 la_data_in[104]
 la_data_in[105]
 la_data_in[106]
 la_data_in[107]
 la_data_in[108]
 la_data_in[109]
 la_data_in[10]
 la_data_in[110]
 la_data_in[111]
 la_data_in[112]
 la_data_in[113]
 la_data_in[114]
 la_data_in[115]
 la_data_in[116]
 la_data_in[117]
 la_data_in[118]
 la_data_in[119]
 la_data_in[11]
 la_data_in[120]
 la_data_in[121]
 la_data_in[122]
 la_data_in[123]
 la_data_in[124]
 la_data_in[125]
 la_data_in[126]
 la_data_in[127]
 la_data_in[12]
 la_data_in[13]
 la_data_in[14]
 la_data_in[15]
 la_data_in[16]
 la_data_in[17]
 la_data_in[18]
 la_data_in[19]
 la_data_in[20]
 la_data_in[21]
 la_data_in[22]
 la_data_in[23]
 la_data_in[24]
 la_data_in[25]
 la_data_in[26]
 la_data_in[27]
 la_data_in[28]
 la_data_in[29]
 la_data_in[2]
 la_data_in[30]
 la_data_in[31]
 la_data_in[32]
 la_data_in[33]
 la_data_in[34]
 la_data_in[35]
 la_data_in[36]
 la_data_in[37]
 la_data_in[38]
 la_data_in[39]
 la_data_in[3]
 la_data_in[40]
 la_data_in[41]
 la_data_in[42]
 la_data_in[43]
 la_data_in[44]
 la_data_in[45]
 la_data_in[46]
 la_data_in[47]
 la_data_in[48]
 la_data_in[49]
 la_data_in[4]
 la_data_in[50]
 la_data_in[51]
 la_data_in[52]
 la_data_in[53]
 la_data_in[54]
 la_data_in[55]
 la_data_in[56]
 la_data_in[57]
 la_data_in[58]
 la_data_in[59]
 la_data_in[5]
 la_data_in[60]
 la_data_in[61]
 la_data_in[62]
 la_data_in[63]
 la_data_in[64]
 la_data_in[65]
 la_data_in[66]
 la_data_in[67]
 la_data_in[68]
 la_data_in[69]
 la_data_in[6]
 la_data_in[70]
 la_data_in[71]
 la_data_in[72]
 la_data_in[73]
 la_data_in[74]
 la_data_in[75]
 la_data_in[76]
 la_data_in[77]
 la_data_in[78]
 la_data_in[79]
 la_data_in[7]
 la_data_in[80]
 la_data_in[81]
 la_data_in[82]
 la_data_in[83]
 la_data_in[84]
 la_data_in[85]
 la_data_in[86]
 la_data_in[87]
 la_data_in[88]
 la_data_in[89]
 la_data_in[8]
 la_data_in[90]
 la_data_in[91]
 la_data_in[92]
 la_data_in[93]
 la_data_in[94]
 la_data_in[95]
 la_data_in[96]
 la_data_in[97]
 la_data_in[98]
 la_data_in[99]
 la_data_in[9]
 la_oenb[100]
 la_oenb[101]
 la_oenb[102]
 la_oenb[103]
 la_oenb[104]
 la_oenb[105]
 la_oenb[106]
 la_oenb[107]
 la_oenb[108]
 la_oenb[109]
 la_oenb[10]
 la_oenb[110]
 la_oenb[111]
 la_oenb[112]
 la_oenb[113]
 la_oenb[114]
 la_oenb[115]
 la_oenb[116]
 la_oenb[117]
 la_oenb[118]
 la_oenb[119]
 la_oenb[11]
 la_oenb[120]
 la_oenb[121]
 la_oenb[122]
 la_oenb[123]
 la_oenb[124]
 la_oenb[125]
 la_oenb[126]
 la_oenb[127]
 la_oenb[12]
 la_oenb[13]
 la_oenb[14]
 la_oenb[15]
 la_oenb[16]
 la_oenb[17]
 la_oenb[18]
 la_oenb[19]
 la_oenb[20]
 la_oenb[21]
 la_oenb[22]
 la_oenb[23]
 la_oenb[24]
 la_oenb[25]
 la_oenb[26]
 la_oenb[27]
 la_oenb[28]
 la_oenb[29]
 la_oenb[2]
 la_oenb[30]
 la_oenb[31]
 la_oenb[32]
 la_oenb[33]
 la_oenb[34]
 la_oenb[35]
 la_oenb[36]
 la_oenb[37]
 la_oenb[38]
 la_oenb[39]
 la_oenb[3]
 la_oenb[40]
 la_oenb[41]
 la_oenb[42]
 la_oenb[43]
 la_oenb[44]
 la_oenb[45]
 la_oenb[46]
 la_oenb[47]
 la_oenb[48]
 la_oenb[49]
 la_oenb[4]
 la_oenb[50]
 la_oenb[51]
 la_oenb[52]
 la_oenb[53]
 la_oenb[54]
 la_oenb[55]
 la_oenb[56]
 la_oenb[57]
 la_oenb[58]
 la_oenb[59]
 la_oenb[5]
 la_oenb[60]
 la_oenb[61]
 la_oenb[62]
 la_oenb[63]
 la_oenb[64]
 la_oenb[65]
 la_oenb[66]
 la_oenb[67]
 la_oenb[68]
 la_oenb[69]
 la_oenb[6]
 la_oenb[70]
 la_oenb[71]
 la_oenb[72]
 la_oenb[73]
 la_oenb[74]
 la_oenb[75]
 la_oenb[76]
 la_oenb[77]
 la_oenb[78]
 la_oenb[79]
 la_oenb[7]
 la_oenb[80]
 la_oenb[81]
 la_oenb[82]
 la_oenb[83]
 la_oenb[84]
 la_oenb[85]
 la_oenb[86]
 la_oenb[87]
 la_oenb[88]
 la_oenb[89]
 la_oenb[8]
 la_oenb[90]
 la_oenb[91]
 la_oenb[92]
 la_oenb[93]
 la_oenb[94]
 la_oenb[95]
 la_oenb[96]
 la_oenb[97]
 la_oenb[98]
 la_oenb[99]
 la_oenb[9]
 user_clock2
 wbs_sel_i[0]
 wbs_sel_i[1]
 wbs_sel_i[2]
 wbs_sel_i[3]
 _8505__933/LO
 clkload0/X
 clkload1/Y
 clkload10/X
 clkload11/Y
 clkload12/Y
 clkload13/Y
 clkload14/Y
 clkload15/X
 clkload16/X
 clkload17/X
 clkload18/X
 clkload19/X
 clkload2/X
 clkload20/X
 clkload21/X
 clkload22/X
 clkload23/X
 clkload24/X
 clkload25/X
 clkload26/X
 clkload27/X
 clkload28/X
 clkload29/X
 clkload3/Y
 clkload30/X
 clkload31/X
 clkload32/X
 clkload33/X
 clkload34/X
 clkload35/X
 clkload36/X
 clkload37/X
 clkload38/X
 clkload39/X
 clkload4/Y
 clkload40/X
 clkload41/X
 clkload42/X
 clkload43/X
 clkload44/X
 clkload45/X
 clkload46/X
 clkload5/Y
 clkload6/Y
 clkload7/Y
 clkload8/Y
 clkload9/Y
 mprj.team_01_Wrapper.team_01_WB.instance_to_wrap/SEL_O[0]
 mprj.team_01_Wrapper.team_01_WB.instance_to_wrap/SEL_O[1]
 mprj.team_01_Wrapper.team_01_WB.instance_to_wrap/SEL_O[2]
 mprj.team_01_Wrapper.team_01_WB.instance_to_wrap/SEL_O[3]
 mprj.team_02_Wrapper.team_02_WB.instance_to_wrap/SEL_O[0]
 mprj.team_02_Wrapper.team_02_WB.instance_to_wrap/SEL_O[1]
 mprj.team_02_Wrapper.team_02_WB.instance_to_wrap/SEL_O[2]
 mprj.team_02_Wrapper.team_02_WB.instance_to_wrap/SEL_O[3]
 mprj.team_03_Wrapper.team_03_WB.instance_to_wrap/SEL_O[0]
 mprj.team_03_Wrapper.team_03_WB.instance_to_wrap/SEL_O[1]
 mprj.team_03_Wrapper.team_03_WB.instance_to_wrap/SEL_O[2]
 mprj.team_03_Wrapper.team_03_WB.instance_to_wrap/SEL_O[3]
 mprj.team_04_Wrapper.team_04_WB.instance_to_wrap/SEL_O[0]
 mprj.team_04_Wrapper.team_04_WB.instance_to_wrap/SEL_O[1]
 mprj.team_04_Wrapper.team_04_WB.instance_to_wrap/SEL_O[2]
 mprj.team_04_Wrapper.team_04_WB.instance_to_wrap/SEL_O[3]
 mprj.team_05_Wrapper.team_05_WB.instance_to_wrap/SEL_O[0]
 mprj.team_05_Wrapper.team_05_WB.instance_to_wrap/SEL_O[1]
 mprj.team_05_Wrapper.team_05_WB.instance_to_wrap/SEL_O[2]
 mprj.team_05_Wrapper.team_05_WB.instance_to_wrap/SEL_O[3]
 user_project_wrapper_798/HI
 user_project_wrapper_799/HI
 user_project_wrapper_800/HI
 user_project_wrapper_801/HI
 user_project_wrapper_802/HI
 user_project_wrapper_803/HI
 user_project_wrapper_804/HI
 user_project_wrapper_805/HI
 user_project_wrapper_806/HI
 user_project_wrapper_807/HI
 user_project_wrapper_808/HI
 user_project_wrapper_809/HI
 user_project_wrapper_810/HI
 user_project_wrapper_811/HI
 user_project_wrapper_812/HI
 user_project_wrapper_813/HI
 user_project_wrapper_814/HI
 user_project_wrapper_815/HI
 user_project_wrapper_816/HI
 user_project_wrapper_817/HI
 user_project_wrapper_818/HI
 user_project_wrapper_819/HI
 user_project_wrapper_820/HI
 user_project_wrapper_821/HI
 user_project_wrapper_822/HI
 user_project_wrapper_823/HI
 user_project_wrapper_824/HI
 user_project_wrapper_825/HI
 user_project_wrapper_826/HI
 user_project_wrapper_827/HI
 user_project_wrapper_828/HI
 user_project_wrapper_829/HI
 user_project_wrapper_830/HI
 user_project_wrapper_831/HI
 user_project_wrapper_832/HI
 user_project_wrapper_833/HI
 user_project_wrapper_834/HI
 user_project_wrapper_835/HI
 user_project_wrapper_836/HI
 user_project_wrapper_837/HI
 user_project_wrapper_838/HI
 user_project_wrapper_839/HI
 user_project_wrapper_840/HI
 user_project_wrapper_841/HI
 user_project_wrapper_842/HI
 user_project_wrapper_843/HI
 user_project_wrapper_844/HI
 user_project_wrapper_845/HI
 user_project_wrapper_846/HI
 user_project_wrapper_847/HI
 user_project_wrapper_848/HI
 user_project_wrapper_849/HI
 user_project_wrapper_850/HI
 user_project_wrapper_851/HI
 user_project_wrapper_852/HI
 user_project_wrapper_853/HI
 user_project_wrapper_854/HI
 user_project_wrapper_855/HI
 user_project_wrapper_856/HI
 user_project_wrapper_857/HI
 user_project_wrapper_858/HI
 user_project_wrapper_859/HI
 user_project_wrapper_860/HI
 user_project_wrapper_861/HI
 user_project_wrapper_862/HI
 user_project_wrapper_863/HI
 user_project_wrapper_864/HI
 user_project_wrapper_865/HI
 user_project_wrapper_866/HI
 user_project_wrapper_867/HI
 user_project_wrapper_868/HI
 user_project_wrapper_869/HI
 user_project_wrapper_870/HI
 user_project_wrapper_871/HI
 user_project_wrapper_872/HI
 user_project_wrapper_873/HI
 user_project_wrapper_874/HI
 user_project_wrapper_875/HI
 user_project_wrapper_876/HI
 user_project_wrapper_877/HI
 user_project_wrapper_878/HI
 user_project_wrapper_879/HI
 user_project_wrapper_880/HI
 user_project_wrapper_881/HI
 user_project_wrapper_882/HI
 user_project_wrapper_883/HI
 user_project_wrapper_884/HI
 user_project_wrapper_885/HI
 user_project_wrapper_886/HI
 user_project_wrapper_887/HI
 user_project_wrapper_888/HI
 user_project_wrapper_889/HI
 user_project_wrapper_890/HI
 user_project_wrapper_891/HI
 user_project_wrapper_892/HI
 user_project_wrapper_893/HI
 user_project_wrapper_894/HI
 user_project_wrapper_895/HI
 user_project_wrapper_896/HI
 user_project_wrapper_897/HI
 user_project_wrapper_898/HI
 user_project_wrapper_899/HI
 user_project_wrapper_900/HI
 user_project_wrapper_901/HI
 user_project_wrapper_902/HI
 user_project_wrapper_903/HI
 user_project_wrapper_904/HI
 user_project_wrapper_905/HI
 user_project_wrapper_906/HI
 user_project_wrapper_907/HI
 user_project_wrapper_908/HI
 user_project_wrapper_909/HI
 user_project_wrapper_910/HI
 user_project_wrapper_911/HI
 user_project_wrapper_912/HI
 user_project_wrapper_913/HI
 user_project_wrapper_914/HI
 user_project_wrapper_915/HI
 user_project_wrapper_916/HI
 user_project_wrapper_917/HI
 user_project_wrapper_918/HI
 user_project_wrapper_919/HI
 user_project_wrapper_920/HI
 user_project_wrapper_921/HI
 user_project_wrapper_922/HI
 user_project_wrapper_923/HI
 user_project_wrapper_924/HI
 user_project_wrapper_925/HI
 user_project_wrapper_926/HI
 user_project_wrapper_927/HI
 user_project_wrapper_928/HI
 user_project_wrapper_929/HI
 user_project_wrapper_930/HI
 user_project_wrapper_931/HI
 user_project_wrapper_932/HI
 user_project_wrapper_934/LO
 user_project_wrapper_935/LO
 user_project_wrapper_936/LO
 user_project_wrapper_937/LO
Found 40 partially unannotated drivers.
 _7393_/X
  mprj.sram.sram_inst/din0[31]
 _7394_/Y
  mprj.sram.sram_inst/din0[30]
 _7395_/Y
  mprj.sram.sram_inst/din0[29]
 _7396_/Y
  mprj.sram.sram_inst/din0[28]
 _7397_/Y
  mprj.sram.sram_inst/din0[27]
 _7398_/Y
  mprj.sram.sram_inst/din0[26]
 _7399_/Y
  mprj.sram.sram_inst/din0[25]
 _7400_/Y
  mprj.sram.sram_inst/din0[24]
 _7401_/Y
  mprj.sram.sram_inst/din0[23]
 _7402_/Y
  mprj.sram.sram_inst/din0[22]
 _7403_/Y
  mprj.sram.sram_inst/din0[21]
 _7404_/Y
  mprj.sram.sram_inst/din0[20]
 _7405_/Y
  mprj.sram.sram_inst/din0[19]
 _7406_/Y
  mprj.sram.sram_inst/din0[18]
 _7407_/Y
  mprj.sram.sram_inst/din0[17]
 _7408_/Y
  mprj.sram.sram_inst/din0[16]
 _7409_/Y
  mprj.sram.sram_inst/din0[15]
 _7410_/Y
  mprj.sram.sram_inst/din0[14]
 _7411_/Y
  mprj.sram.sram_inst/din0[13]
 _7412_/Y
  mprj.sram.sram_inst/din0[12]
 _7413_/Y
  mprj.sram.sram_inst/din0[11]
 _7414_/Y
  mprj.sram.sram_inst/din0[10]
 _7415_/Y
  mprj.sram.sram_inst/din0[9]
 _7416_/Y
  mprj.sram.sram_inst/din0[8]
 _7417_/Y
  mprj.sram.sram_inst/din0[7]
 _7418_/Y
  mprj.sram.sram_inst/din0[6]
 _7419_/Y
  mprj.sram.sram_inst/din0[5]
 _7420_/Y
  mprj.sram.sram_inst/din0[4]
 _7421_/Y
  mprj.sram.sram_inst/din0[3]
 _7422_/Y
  mprj.sram.sram_inst/din0[2]
 _7423_/Y
  mprj.sram.sram_inst/din0[1]
 _7424_/Y
  mprj.sram.sram_inst/din0[0]
 _7425_/Y
  mprj.sram.sram_inst/addr0[7]
  mprj.sram.sram_inst/addr1[7]
 _7426_/Y
  mprj.sram.sram_inst/addr0[6]
  mprj.sram.sram_inst/addr1[6]
 _7427_/X
  mprj.sram.sram_inst/addr0[5]
  mprj.sram.sram_inst/addr1[5]
 _7428_/Y
  mprj.sram.sram_inst/addr0[4]
  mprj.sram.sram_inst/addr1[4]
 _7429_/Y
  mprj.sram.sram_inst/addr0[3]
  mprj.sram.sram_inst/addr1[3]
 _7430_/Y
  mprj.sram.sram_inst/addr0[2]
  mprj.sram.sram_inst/addr1[2]
 _7431_/Y
  mprj.sram.sram_inst/addr0[1]
  mprj.sram.sram_inst/addr1[1]
 _7432_/Y
  mprj.sram.sram_inst/addr0[0]
  mprj.sram.sram_inst/addr1[0]

===========================================================================
max slew violation count 1727
max fanout violation count 980
max cap violation count 66
============================================================================

===========================================================================
check_setup -verbose -unconstrained_endpoints -multiple_clock -no_clock -no_input_delay -loops -generated_clocks
===========================================================================
Warning: There are 68 input ports missing set_input_delay.
  analog_io[0]
  analog_io[10]
  analog_io[11]
  analog_io[12]
  analog_io[13]
  analog_io[14]
  analog_io[15]
  analog_io[16]
  analog_io[17]
  analog_io[18]
  analog_io[19]
  analog_io[1]
  analog_io[20]
  analog_io[21]
  analog_io[22]
  analog_io[23]
  analog_io[24]
  analog_io[25]
  analog_io[26]
  analog_io[27]
  analog_io[28]
  analog_io[2]
  analog_io[3]
  analog_io[4]
  analog_io[5]
  analog_io[6]
  analog_io[7]
  analog_io[8]
  analog_io[9]
  io_in[0]
  io_in[10]
  io_in[11]
  io_in[12]
  io_in[13]
  io_in[14]
  io_in[15]
  io_in[16]
  io_in[17]
  io_in[18]
  io_in[19]
  io_in[1]
  io_in[20]
  io_in[21]
  io_in[22]
  io_in[23]
  io_in[24]
  io_in[25]
  io_in[26]
  io_in[27]
  io_in[28]
  io_in[29]
  io_in[2]
  io_in[30]
  io_in[31]
  io_in[32]
  io_in[33]
  io_in[34]
  io_in[35]
  io_in[36]
  io_in[37]
  io_in[3]
  io_in[4]
  io_in[5]
  io_in[6]
  io_in[7]
  io_in[8]
  io_in[9]
  user_clock2
Warning: There are 316 unconstrained endpoints.
  analog_io[0]
  analog_io[10]
  analog_io[11]
  analog_io[12]
  analog_io[13]
  analog_io[14]
  analog_io[15]
  analog_io[16]
  analog_io[17]
  analog_io[18]
  analog_io[19]
  analog_io[1]
  analog_io[20]
  analog_io[21]
  analog_io[22]
  analog_io[23]
  analog_io[24]
  analog_io[25]
  analog_io[26]
  analog_io[27]
  analog_io[28]
  analog_io[2]
  analog_io[3]
  analog_io[4]
  analog_io[5]
  analog_io[6]
  analog_io[7]
  analog_io[8]
  analog_io[9]
  io_oeb[0]
  io_oeb[10]
  io_oeb[11]
  io_oeb[12]
  io_oeb[13]
  io_oeb[14]
  io_oeb[15]
  io_oeb[16]
  io_oeb[17]
  io_oeb[18]
  io_oeb[19]
  io_oeb[1]
  io_oeb[20]
  io_oeb[21]
  io_oeb[22]
  io_oeb[23]
  io_oeb[24]
  io_oeb[25]
  io_oeb[26]
  io_oeb[27]
  io_oeb[28]
  io_oeb[29]
  io_oeb[2]
  io_oeb[30]
  io_oeb[31]
  io_oeb[32]
  io_oeb[33]
  io_oeb[34]
  io_oeb[35]
  io_oeb[36]
  io_oeb[37]
  io_oeb[3]
  io_oeb[4]
  io_oeb[5]
  io_oeb[6]
  io_oeb[7]
  io_oeb[8]
  io_oeb[9]
  io_out[0]
  io_out[10]
  io_out[11]
  io_out[12]
  io_out[13]
  io_out[14]
  io_out[15]
  io_out[16]
  io_out[17]
  io_out[18]
  io_out[19]
  io_out[1]
  io_out[20]
  io_out[21]
  io_out[22]
  io_out[23]
  io_out[24]
  io_out[25]
  io_out[26]
  io_out[27]
  io_out[28]
  io_out[29]
  io_out[2]
  io_out[30]
  io_out[31]
  io_out[32]
  io_out[33]
  io_out[34]
  io_out[35]
  io_out[36]
  io_out[37]
  io_out[3]
  io_out[4]
  io_out[5]
  io_out[6]
  io_out[7]
  io_out[8]
  io_out[9]
  la_data_out[0]
  la_data_out[100]
  la_data_out[101]
  la_data_out[102]
  la_data_out[103]
  la_data_out[104]
  la_data_out[105]
  la_data_out[106]
  la_data_out[107]
  la_data_out[108]
  la_data_out[109]
  la_data_out[10]
  la_data_out[110]
  la_data_out[111]
  la_data_out[112]
  la_data_out[113]
  la_data_out[114]
  la_data_out[115]
  la_data_out[116]
  la_data_out[117]
  la_data_out[118]
  la_data_out[119]
  la_data_out[11]
  la_data_out[120]
  la_data_out[121]
  la_data_out[122]
  la_data_out[123]
  la_data_out[124]
  la_data_out[125]
  la_data_out[126]
  la_data_out[127]
  la_data_out[12]
  la_data_out[13]
  la_data_out[14]
  la_data_out[15]
  la_data_out[16]
  la_data_out[17]
  la_data_out[18]
  la_data_out[19]
  la_data_out[1]
  la_data_out[20]
  la_data_out[21]
  la_data_out[22]
  la_data_out[23]
  la_data_out[24]
  la_data_out[25]
  la_data_out[26]
  la_data_out[27]
  la_data_out[28]
  la_data_out[29]
  la_data_out[2]
  la_data_out[30]
  la_data_out[31]
  la_data_out[32]
  la_data_out[33]
  la_data_out[34]
  la_data_out[35]
  la_data_out[36]
  la_data_out[37]
  la_data_out[38]
  la_data_out[39]
  la_data_out[3]
  la_data_out[40]
  la_data_out[41]
  la_data_out[42]
  la_data_out[43]
  la_data_out[44]
  la_data_out[45]
  la_data_out[46]
  la_data_out[47]
  la_data_out[48]
  la_data_out[49]
  la_data_out[4]
  la_data_out[50]
  la_data_out[51]
  la_data_out[52]
  la_data_out[53]
  la_data_out[54]
  la_data_out[55]
  la_data_out[56]
  la_data_out[57]
  la_data_out[58]
  la_data_out[59]
  la_data_out[5]
  la_data_out[60]
  la_data_out[61]
  la_data_out[62]
  la_data_out[63]
  la_data_out[64]
  la_data_out[65]
  la_data_out[66]
  la_data_out[67]
  la_data_out[68]
  la_data_out[69]
  la_data_out[6]
  la_data_out[70]
  la_data_out[71]
  la_data_out[72]
  la_data_out[73]
  la_data_out[74]
  la_data_out[75]
  la_data_out[76]
  la_data_out[77]
  la_data_out[78]
  la_data_out[79]
  la_data_out[7]
  la_data_out[80]
  la_data_out[81]
  la_data_out[82]
  la_data_out[83]
  la_data_out[84]
  la_data_out[85]
  la_data_out[86]
  la_data_out[87]
  la_data_out[88]
  la_data_out[89]
  la_data_out[8]
  la_data_out[90]
  la_data_out[91]
  la_data_out[92]
  la_data_out[93]
  la_data_out[94]
  la_data_out[95]
  la_data_out[96]
  la_data_out[97]
  la_data_out[98]
  la_data_out[99]
  la_data_out[9]
  user_irq[0]
  user_irq[1]
  user_irq[2]
  _8505_/D
  mprj.team_01_Wrapper.team_01_WB.instance_to_wrap/gpio_in[12]
  mprj.team_01_Wrapper.team_01_WB.instance_to_wrap/gpio_in[13]
  mprj.team_01_Wrapper.team_01_WB.instance_to_wrap/gpio_in[14]
  mprj.team_01_Wrapper.team_01_WB.instance_to_wrap/gpio_in[15]
  mprj.team_02_Wrapper.team_02_WB.instance_to_wrap/gpio_in[15]
  mprj.team_02_Wrapper.team_02_WB.instance_to_wrap/gpio_in[16]
  mprj.team_02_Wrapper.team_02_WB.instance_to_wrap/gpio_in[17]
  mprj.team_02_Wrapper.team_02_WB.instance_to_wrap/gpio_in[18]
  mprj.team_03_Wrapper.team_03_WB.instance_to_wrap/gpio_in[0]
  mprj.team_03_Wrapper.team_03_WB.instance_to_wrap/gpio_in[10]
  mprj.team_03_Wrapper.team_03_WB.instance_to_wrap/gpio_in[11]
  mprj.team_03_Wrapper.team_03_WB.instance_to_wrap/gpio_in[12]
  mprj.team_03_Wrapper.team_03_WB.instance_to_wrap/gpio_in[13]
  mprj.team_03_Wrapper.team_03_WB.instance_to_wrap/gpio_in[14]
  mprj.team_03_Wrapper.team_03_WB.instance_to_wrap/gpio_in[15]
  mprj.team_03_Wrapper.team_03_WB.instance_to_wrap/gpio_in[16]
  mprj.team_03_Wrapper.team_03_WB.instance_to_wrap/gpio_in[17]
  mprj.team_03_Wrapper.team_03_WB.instance_to_wrap/gpio_in[18]
  mprj.team_03_Wrapper.team_03_WB.instance_to_wrap/gpio_in[19]
  mprj.team_03_Wrapper.team_03_WB.instance_to_wrap/gpio_in[1]
  mprj.team_03_Wrapper.team_03_WB.instance_to_wrap/gpio_in[20]
  mprj.team_03_Wrapper.team_03_WB.instance_to_wrap/gpio_in[21]
  mprj.team_03_Wrapper.team_03_WB.instance_to_wrap/gpio_in[22]
  mprj.team_03_Wrapper.team_03_WB.instance_to_wrap/gpio_in[23]
  mprj.team_03_Wrapper.team_03_WB.instance_to_wrap/gpio_in[24]
  mprj.team_03_Wrapper.team_03_WB.instance_to_wrap/gpio_in[25]
  mprj.team_03_Wrapper.team_03_WB.instance_to_wrap/gpio_in[26]
  mprj.team_03_Wrapper.team_03_WB.instance_to_wrap/gpio_in[27]
  mprj.team_03_Wrapper.team_03_WB.instance_to_wrap/gpio_in[28]
  mprj.team_03_Wrapper.team_03_WB.instance_to_wrap/gpio_in[29]
  mprj.team_03_Wrapper.team_03_WB.instance_to_wrap/gpio_in[2]
  mprj.team_03_Wrapper.team_03_WB.instance_to_wrap/gpio_in[30]
  mprj.team_03_Wrapper.team_03_WB.instance_to_wrap/gpio_in[31]
  mprj.team_03_Wrapper.team_03_WB.instance_to_wrap/gpio_in[3]
  mprj.team_03_Wrapper.team_03_WB.instance_to_wrap/gpio_in[4]
  mprj.team_03_Wrapper.team_03_WB.instance_to_wrap/gpio_in[5]
  mprj.team_03_Wrapper.team_03_WB.instance_to_wrap/gpio_in[6]
  mprj.team_03_Wrapper.team_03_WB.instance_to_wrap/gpio_in[7]
  mprj.team_03_Wrapper.team_03_WB.instance_to_wrap/gpio_in[8]
  mprj.team_03_Wrapper.team_03_WB.instance_to_wrap/gpio_in[9]
  mprj.team_04_Wrapper.team_04_WB.instance_to_wrap/gpio_in[5]
  mprj.team_05_Wrapper.team_05_WB.instance_to_wrap/gpio_in[30]
  mprj.team_05_Wrapper.team_05_WB.instance_to_wrap/gpio_in[31]
  mprj.team_05_Wrapper.team_05_WB.instance_to_wrap/gpio_in[32]
  mprj.team_05_Wrapper.team_05_WB.instance_to_wrap/gpio_in[33]
  mprj.team_06_Wrapper.team_06_WB.instance_to_wrap/gpio_in[0]
  mprj.team_06_Wrapper.team_06_WB.instance_to_wrap/gpio_in[1]
  mprj.team_06_Wrapper.team_06_WB.instance_to_wrap/gpio_in[2]
  mprj.team_06_Wrapper.team_06_WB.instance_to_wrap/gpio_in[3]
  mprj.team_06_Wrapper.team_06_WB.instance_to_wrap/gpio_in[4]
  mprj.team_06_Wrapper.team_06_WB.instance_to_wrap/gpio_in[5]
  mprj.team_07_Wrapper.team_07_WB.instance_to_wrap/gpio_in[18]
  mprj.team_07_Wrapper.team_07_WB.instance_to_wrap/gpio_in[19]
  mprj.team_07_Wrapper.team_07_WB.instance_to_wrap/gpio_in[20]
  mprj.team_07_Wrapper.team_07_WB.instance_to_wrap/gpio_in[21]
  mprj.team_07_Wrapper.team_07_WB.instance_to_wrap/gpio_in[22]
  mprj.team_07_Wrapper.team_07_WB.instance_to_wrap/gpio_in[23]
  mprj.team_08_Wrapper.team_08_WB.instance_to_wrap/gpio_in[0]
  mprj.team_08_Wrapper.team_08_WB.instance_to_wrap/gpio_in[1]
  mprj.team_09_Wrapper.team_09_WB.instance_to_wrap/gpio_in[25]
  mprj.team_09_Wrapper.team_09_WB.instance_to_wrap/gpio_in[26]
  mprj.team_09_Wrapper.team_09_WB.instance_to_wrap/gpio_in[27]
  mprj.team_09_Wrapper.team_09_WB.instance_to_wrap/gpio_in[28]
  mprj.team_09_Wrapper.team_09_WB.instance_to_wrap/gpio_in[29]
  mprj.team_09_Wrapper.team_09_WB.instance_to_wrap/gpio_in[30]
  mprj.team_09_Wrapper.team_09_WB.instance_to_wrap/gpio_in[31]
  mprj.team_10_Wrapper.team_10_WB.instance_to_wrap/gpio_in[20]
  mprj.team_10_Wrapper.team_10_WB.instance_to_wrap/gpio_in[21]
  mprj.team_10_Wrapper.team_10_WB.instance_to_wrap/gpio_in[22]
  mprj.team_10_Wrapper.team_10_WB.instance_to_wrap/gpio_in[23]
  mprj.team_10_Wrapper.team_10_WB.instance_to_wrap/gpio_in[24]
  mprj.team_10_Wrapper.team_10_WB.instance_to_wrap/gpio_in[33]
  mprj.team_11_Wrapper.team_11_WB.instance_to_wrap/gpio_in[30]
  mprj.team_11_Wrapper.team_11_WB.instance_to_wrap/gpio_in[31]
  mprj.team_11_Wrapper.team_11_WB.instance_to_wrap/gpio_in[32]
  mprj.team_11_Wrapper.team_11_WB.instance_to_wrap/gpio_in[33]
  mprj.team_12_Wrapper.team_12_WB.instance_to_wrap/gpio_in[0]
  mprj.team_12_Wrapper.team_12_WB.instance_to_wrap/gpio_in[1]
  mprj.team_12_Wrapper.team_12_WB.instance_to_wrap/gpio_in[2]
