
===========================================================================
report_checks -unconstrained
===========================================================================
======================= max_ss_100C_1v60 Corner ===================================

Startpoint: wb_rst_i (input port clocked by clk)
Endpoint: _8589_ (recovery check against rising-edge clock clk)
Path Group: asynchronous
Path Type: max

Fanout         Cap        Slew       Delay        Time   Description
---------------------------------------------------------------------------------------------
                                  0.000000    0.000000   clock clk (rise edge)
                                  5.570000    5.570000   clock network delay (propagated)
                                 50.000000   55.570000 v input external delay
     2    0.017000    0.000000    0.000000   55.570000 v wb_rst_i (in)
                                                         wb_rst_i (net)
                      0.001544    0.000771   55.570770 v input39/A (sky130_fd_sc_hd__buf_12)
     5    0.598538    0.126776    0.254147   55.824917 v input39/X (sky130_fd_sc_hd__buf_12)
                                                         net39 (net)
                      1.656592    0.819192   56.644108 v fanout742/A (sky130_fd_sc_hd__buf_12)
    15    0.406433    0.226843    0.925642   57.569752 v fanout742/X (sky130_fd_sc_hd__buf_12)
                                                         net742 (net)
                      0.806319    0.380016   57.949768 v fanout734/A (sky130_fd_sc_hd__clkbuf_8)
    11    0.127241    0.240798    0.722849   58.672615 v fanout734/X (sky130_fd_sc_hd__clkbuf_8)
                                                         net734 (net)
                      0.244899    0.024244   58.696861 v fanout733/A (sky130_fd_sc_hd__clkbuf_8)
    13    0.110526    0.219478    0.450420   59.147282 v fanout733/X (sky130_fd_sc_hd__clkbuf_8)
                                                         net733 (net)
                      0.223393    0.023654   59.170937 v fanout732/A (sky130_fd_sc_hd__buf_4)
    13    0.105315    0.240065    0.485830   59.656765 v fanout732/X (sky130_fd_sc_hd__buf_4)
                                                         net732 (net)
                      0.240104    0.002636   59.659401 v fanout731/A (sky130_fd_sc_hd__clkbuf_8)
    21    0.120048    0.231702    0.471388   60.130791 v fanout731/X (sky130_fd_sc_hd__clkbuf_8)
                                                         net731 (net)
                      0.233210    0.014794   60.145584 v _8240_/A (sky130_fd_sc_hd__inv_2)
     1    0.005099    0.080807    0.143821   60.289402 ^ _8240_/Y (sky130_fd_sc_hd__inv_2)
                                                         _0122_ (net)
                      0.080807    0.000284   60.289688 ^ _8589_/RESET_B (sky130_fd_sc_hd__dfrtp_2)
                                             60.289688   data arrival time

                                100.000000  100.000000   clock clk (rise edge)
                                  4.650000  104.649994   clock source latency
     4    0.471640    0.610000    0.000000  104.649994 ^ wb_clk_i (in)
                                                         wb_clk_i (net)
                      1.930839    0.660421  105.310417 ^ clkbuf_regs_0_clk/A (sky130_fd_sc_hd__clkbuf_16)
     1    0.015949    0.105906    0.772090  106.082504 ^ clkbuf_regs_0_clk/X (sky130_fd_sc_hd__clkbuf_16)
                                                         delaynet_0_clk (net)
                      0.105910    0.001677  106.084183 ^ delaybuf_0_clk/A (sky130_fd_sc_hd__clkbuf_16)
     1    0.016004    0.062479    0.232021  106.316200 ^ delaybuf_0_clk/X (sky130_fd_sc_hd__clkbuf_16)
                                                         delaynet_1_clk (net)
                      0.062482    0.001599  106.317802 ^ delaybuf_1_clk/A (sky130_fd_sc_hd__clkbuf_16)
     1    0.013991    0.059986    0.209418  106.527222 ^ delaybuf_1_clk/X (sky130_fd_sc_hd__clkbuf_16)
                                                         wb_clk_i_regs (net)
                      0.059989    0.001371  106.528595 ^ clkbuf_0_wb_clk_i_regs/A (sky130_fd_sc_hd__clkbuf_16)
     5    0.109812    0.190907    0.315538  106.844131 ^ clkbuf_0_wb_clk_i_regs/X (sky130_fd_sc_hd__clkbuf_16)
                                                         clknet_0_wb_clk_i_regs (net)
                      0.192666    0.014609  106.858742 ^ clkbuf_1_0_0_wb_clk_i_regs/A (sky130_fd_sc_hd__clkbuf_8)
     5    0.110459    0.308762    0.435030  107.293770 ^ clkbuf_1_0_0_wb_clk_i_regs/X (sky130_fd_sc_hd__clkbuf_8)
                                                         clknet_1_0_0_wb_clk_i_regs (net)
                      0.319688    0.045759  107.339523 ^ clkbuf_2_1_0_wb_clk_i_regs/A (sky130_fd_sc_hd__clkbuf_8)
     3    0.082554    0.238594    0.450846  107.790375 ^ clkbuf_2_1_0_wb_clk_i_regs/X (sky130_fd_sc_hd__clkbuf_8)
                                                         clknet_2_1_0_wb_clk_i_regs (net)
                      0.245235    0.031456  107.821831 ^ clkbuf_2_1_1_wb_clk_i_regs/A (sky130_fd_sc_hd__clkbuf_8)
     9    0.140970    0.379597    0.531450  108.353279 ^ clkbuf_2_1_1_wb_clk_i_regs/X (sky130_fd_sc_hd__clkbuf_8)
                                                         clknet_2_1_1_wb_clk_i_regs (net)
                      0.381514    0.021998  108.375275 ^ clkbuf_4_6_0_wb_clk_i_regs/A (sky130_fd_sc_hd__clkbuf_8)
     5    0.082611    0.236817    0.484398  108.859673 ^ clkbuf_4_6_0_wb_clk_i_regs/X (sky130_fd_sc_hd__clkbuf_8)
                                                         clknet_4_6_0_wb_clk_i_regs (net)
                      0.239363    0.019710  108.879387 ^ clkbuf_5_13_0_wb_clk_i_regs/A (sky130_fd_sc_hd__clkbuf_8)
    23    0.138474    0.371928    0.530214  109.409599 ^ clkbuf_5_13_0_wb_clk_i_regs/X (sky130_fd_sc_hd__clkbuf_8)
                                                         clknet_5_13_0_wb_clk_i_regs (net)
                      0.372900    0.015561  109.425163 ^ _8589_/CLK (sky130_fd_sc_hd__dfrtp_2)
                                 -0.200000  109.225166   clock uncertainty
                                  0.000000  109.225166   clock reconvergence pessimism
                                  0.541225  109.766396   library recovery time
                                            109.766396   data required time
---------------------------------------------------------------------------------------------
                                            109.766396   data required time
                                            -60.289688   data arrival time
---------------------------------------------------------------------------------------------
                                             49.476704   slack (MET)


Startpoint: _8695_ (rising edge-triggered flip-flop clocked by clk)
Endpoint: mprj.team_04_Wrapper.team_04_WB.instance_to_wrap
          (rising edge-triggered flip-flop clocked by clk)
Path Group: clk
Path Type: max

Fanout         Cap        Slew       Delay        Time   Description
---------------------------------------------------------------------------------------------
                                  0.000000    0.000000   clock clk (rise edge)
                                  5.570000    5.570000   clock source latency
     4    0.471640    0.610000    0.000000    5.570000 ^ wb_clk_i (in)
                                                         wb_clk_i (net)
                      1.930839    0.660420    6.230420 ^ clkbuf_regs_0_clk/A (sky130_fd_sc_hd__clkbuf_16)
     1    0.015949    0.105906    0.772087    7.002507 ^ clkbuf_regs_0_clk/X (sky130_fd_sc_hd__clkbuf_16)
                                                         delaynet_0_clk (net)
                      0.105910    0.001676    7.004183 ^ delaybuf_0_clk/A (sky130_fd_sc_hd__clkbuf_16)
     1    0.016004    0.062479    0.232021    7.236204 ^ delaybuf_0_clk/X (sky130_fd_sc_hd__clkbuf_16)
                                                         delaynet_1_clk (net)
                      0.062482    0.001601    7.237805 ^ delaybuf_1_clk/A (sky130_fd_sc_hd__clkbuf_16)
     1    0.013991    0.059986    0.209416    7.447222 ^ delaybuf_1_clk/X (sky130_fd_sc_hd__clkbuf_16)
                                                         wb_clk_i_regs (net)
                      0.059989    0.001374    7.448595 ^ clkbuf_0_wb_clk_i_regs/A (sky130_fd_sc_hd__clkbuf_16)
     5    0.109812    0.190907    0.315541    7.764136 ^ clkbuf_0_wb_clk_i_regs/X (sky130_fd_sc_hd__clkbuf_16)
                                                         clknet_0_wb_clk_i_regs (net)
                      0.192809    0.015176    7.779313 ^ clkbuf_1_1_0_wb_clk_i_regs/A (sky130_fd_sc_hd__clkbuf_8)
     5    0.105428    0.295313    0.435166    8.214478 ^ clkbuf_1_1_0_wb_clk_i_regs/X (sky130_fd_sc_hd__clkbuf_8)
                                                         clknet_1_1_0_wb_clk_i_regs (net)
                      0.300565    0.031545    8.246023 ^ clkbuf_2_3_0_wb_clk_i_regs/A (sky130_fd_sc_hd__clkbuf_8)
     3    0.097846    0.277166    0.464328    8.710352 ^ clkbuf_2_3_0_wb_clk_i_regs/X (sky130_fd_sc_hd__clkbuf_8)
                                                         clknet_2_3_0_wb_clk_i_regs (net)
                      0.288023    0.043005    8.753357 ^ clkbuf_2_3_1_wb_clk_i_regs/A (sky130_fd_sc_hd__clkbuf_8)
    10    0.225039    0.594076    0.650428    9.403785 ^ clkbuf_2_3_1_wb_clk_i_regs/X (sky130_fd_sc_hd__clkbuf_8)
                                                         clknet_2_3_1_wb_clk_i_regs (net)
                      0.635803    0.121889    9.525674 ^ clkbuf_4_12_0_wb_clk_i_regs/A (sky130_fd_sc_hd__clkbuf_8)
     5    0.079873    0.232505    0.585230   10.110904 ^ clkbuf_4_12_0_wb_clk_i_regs/X (sky130_fd_sc_hd__clkbuf_8)
                                                         clknet_4_12_0_wb_clk_i_regs (net)
                      0.235077    0.018834   10.129737 ^ clkbuf_5_24_0_wb_clk_i_regs/A (sky130_fd_sc_hd__clkbuf_8)
    15    0.307054    0.805382    0.784792   10.914529 ^ clkbuf_5_24_0_wb_clk_i_regs/X (sky130_fd_sc_hd__clkbuf_8)
                                                         clknet_5_24_0_wb_clk_i_regs (net)
                      0.814746    0.070711   10.985240 ^ _8695_/CLK (sky130_fd_sc_hd__dfrtp_4)
     2    0.018289    0.151723    1.159314   12.144553 ^ _8695_/Q (sky130_fd_sc_hd__dfrtp_4)
                                                         mprj.team_04_Wrapper.team_04_WB.EN_VAL_REG (net)
                      0.151723    0.001330   12.145883 ^ hold2005/A (sky130_fd_sc_hd__dlygate4sd3_1)
     1    0.004077    0.108279    1.092969   13.238853 ^ hold2005/X (sky130_fd_sc_hd__dlygate4sd3_1)
                                                         net2944 (net)
                      0.108279    0.000229   13.239081 ^ hold1739/A (sky130_fd_sc_hd__dlygate4sd3_1)
     6    0.044287    0.673840    1.507054   14.746136 ^ hold1739/X (sky130_fd_sc_hd__dlygate4sd3_1)
                                                         net2678 (net)
                      0.674002    0.010111   14.756247 ^ hold864/A (sky130_fd_sc_hd__dlygate4sd3_1)
     5    0.084084    1.252186    2.098782   16.855028 ^ hold864/X (sky130_fd_sc_hd__dlygate4sd3_1)
                                                         net1803 (net)
                      1.252200    0.006461   16.861488 ^ hold1740/A (sky130_fd_sc_hd__dlygate4sd3_1)
     3    0.033339    0.518116    1.704040   18.565529 ^ hold1740/X (sky130_fd_sc_hd__dlygate4sd3_1)
                                                         net2679 (net)
                      0.518162    0.005103   18.570631 ^ mprj.team_04_Wrapper.team_04_WB.instance_to_wrap/en (team_04)
                                             18.570631   data arrival time

                                 50.000000   50.000000   clock clk (fall edge)
                                  4.650000   54.650002   clock source latency
     4    0.469764    0.610000    0.000000   54.650002 v wb_clk_i (in)
                                                         wb_clk_i (net)
                      1.991210    0.690605   55.340603 v clkbuf_0_wb_clk_i/A (sky130_fd_sc_hd__clkbuf_16)
     5    0.107599    0.171267    1.054918   56.395523 v clkbuf_0_wb_clk_i/X (sky130_fd_sc_hd__clkbuf_16)
                                                         clknet_0_wb_clk_i (net)
                      0.173493    0.016136   56.411659 v clkbuf_1_0_0_wb_clk_i/A (sky130_fd_sc_hd__clkbuf_8)
     3    0.087523    0.176891    0.398433   56.810093 v clkbuf_1_0_0_wb_clk_i/X (sky130_fd_sc_hd__clkbuf_8)
                                                         clknet_1_0_0_wb_clk_i (net)
                      0.177942    0.010601   56.820694 v clkbuf_1_0_1_wb_clk_i/A (sky130_fd_sc_hd__clkbuf_8)
    13    1.375732    2.358621    1.554501   58.375195 v clkbuf_1_0_1_wb_clk_i/X (sky130_fd_sc_hd__clkbuf_8)
                                                         clknet_1_0_1_wb_clk_i (net)
                      2.640805    0.626343   59.001537 v mprj.team_04_Wrapper.team_04_WB.instance_to_wrap/clk (team_04)
                                 -0.200000   58.801537   clock uncertainty
                                  0.920000   59.721539   clock reconvergence pessimism
                                -11.255480   48.466057   library setup time
                                             48.466057   data required time
---------------------------------------------------------------------------------------------
                                             48.466057   data required time
                                            -18.570631   data arrival time
---------------------------------------------------------------------------------------------
                                             29.895426   slack (MET)




===========================================================================
report_checks --slack_max -0.01
============================================================================
======================= max_ss_100C_1v60 Corner ===================================

No paths found.


===========================================================================
 report_check_types -max_slew -max_cap -max_fanout -violators
============================================================================
======================= max_ss_100C_1v60 Corner ===================================

max slew

Pin                                        Limit        Slew       Slack
------------------------------------------------------------------------
ANTENNA_mprj.team_03_Wrapper.team_03_WB.instance_to_wrap_nrst/DIODE    1.500000    4.754281   -3.254281 (VIOLATED)
mprj.team_03_Wrapper.team_03_WB.instance_to_wrap/nrst    1.500000    4.754232   -3.254232 (VIOLATED)
mprj.team_04_Wrapper.team_04_WB.instance_to_wrap/nrst    1.500000    4.746312   -3.246312 (VIOLATED)
ANTENNA_mprj.team_04_Wrapper.team_04_WB.instance_to_wrap_nrst/DIODE    1.500000    4.745881   -3.245881 (VIOLATED)
mprj.team_08_Wrapper.team_08_WB.instance_to_wrap/gpio_in[12]    1.500000    4.681335   -3.181335 (VIOLATED)
ANTENNA_mprj.team_08_Wrapper.team_08_WB.instance_to_wrap_gpio_in[12]/DIODE    1.500000    4.681298   -3.181298 (VIOLATED)
mprj.team_05_Wrapper.team_05_WB.instance_to_wrap/nrst    1.500000    4.674093   -3.174093 (VIOLATED)
ANTENNA_mprj.team_05_Wrapper.team_05_WB.instance_to_wrap_nrst/DIODE    1.500000    4.651365   -3.151365 (VIOLATED)
ANTENNA_mprj.team_08_Wrapper.team_08_WB.instance_to_wrap_gpio_in[7]/DIODE    1.500000    4.595603   -3.095603 (VIOLATED)
mprj.team_08_Wrapper.team_08_WB.instance_to_wrap/gpio_in[7]    1.500000    4.595579   -3.095579 (VIOLATED)
mprj.team_06_Wrapper.team_06_WB.instance_to_wrap/gpio_in[12]    1.500000    4.504725   -3.004725 (VIOLATED)
ANTENNA_577/DIODE                       1.500000    4.499187   -2.999187 (VIOLATED)
ANTENNA_573/DIODE                       1.500000    4.498571   -2.998571 (VIOLATED)
ANTENNA_mprj.team_06_Wrapper.team_06_WB.instance_to_wrap_gpio_in[12]/DIODE    1.500000    4.498483   -2.998483 (VIOLATED)
ANTENNA_574/DIODE                       1.500000    4.490418   -2.990418 (VIOLATED)
ANTENNA_576/DIODE                       1.500000    4.485183   -2.985183 (VIOLATED)
ANTENNA_575/DIODE                       1.500000    4.480933   -2.980933 (VIOLATED)
ANTENNA_mprj.team_07_Wrapper.team_07_WB.instance_to_wrap_gpio_in[18]/DIODE    1.500000    4.474021   -2.974021 (VIOLATED)
mprj.team_07_Wrapper.team_07_WB.instance_to_wrap/gpio_in[18]    1.500000    4.473790   -2.973789 (VIOLATED)
ANTENNA_mprj.team_06_Wrapper.team_06_WB.instance_to_wrap_gpio_in[7]/DIODE    1.500000    4.396392   -2.896392 (VIOLATED)
mprj.team_06_Wrapper.team_06_WB.instance_to_wrap/gpio_in[7]    1.500000    4.396369   -2.896369 (VIOLATED)
mprj.team_08_Wrapper.team_08_WB.instance_to_wrap/gpio_in[13]    1.500000    4.289494   -2.789494 (VIOLATED)
ANTENNA_mprj.team_08_Wrapper.team_08_WB.instance_to_wrap_gpio_in[13]/DIODE    1.500000    4.289438   -2.789438 (VIOLATED)
ANTENNA_mprj.team_02_Wrapper.team_02_WB.instance_to_wrap_gpio_in[12]/DIODE    1.500000    4.269110   -2.769110 (VIOLATED)
mprj.team_02_Wrapper.team_02_WB.instance_to_wrap/gpio_in[12]    1.500000    4.269092   -2.769092 (VIOLATED)
ANTENNA_mprj.team_02_Wrapper.team_02_WB.instance_to_wrap_nrst/DIODE    1.500000    4.259217   -2.759217 (VIOLATED)
mprj.team_02_Wrapper.team_02_WB.instance_to_wrap/nrst    1.500000    4.240000   -2.740000 (VIOLATED)
ANTENNA_mprj.team_09_Wrapper.team_09_WB.instance_to_wrap_gpio_in[5]/DIODE    1.500000    4.229638   -2.729638 (VIOLATED)
mprj.team_09_Wrapper.team_09_WB.instance_to_wrap/gpio_in[5]    1.500000    4.229519   -2.729519 (VIOLATED)
ANTENNA_mprj.team_11_Wrapper.team_11_WB.instance_to_wrap_gpio_in[18]/DIODE    1.500000    4.211345   -2.711345 (VIOLATED)
mprj.team_11_Wrapper.team_11_WB.instance_to_wrap/gpio_in[18]    1.500000    4.211190   -2.711190 (VIOLATED)
ANTENNA_mprj.team_02_Wrapper.team_02_WB.instance_to_wrap_gpio_in[7]/DIODE    1.500000    4.192649   -2.692649 (VIOLATED)
mprj.team_02_Wrapper.team_02_WB.instance_to_wrap/gpio_in[7]    1.500000    4.178109   -2.678109 (VIOLATED)
mprj.team_12_Wrapper.team_12_WB.instance_to_wrap/clk    1.500000    4.166369   -2.666369 (VIOLATED)
ANTENNA_mprj.team_12_Wrapper.team_12_WB.instance_to_wrap_clk/DIODE    1.500000    4.164884   -2.664884 (VIOLATED)
ANTENNA_mprj.team_12_Wrapper.team_12_WB.instance_to_wrap_gpio_in[5]/DIODE    1.500000    4.125204   -2.625203 (VIOLATED)
mprj.team_12_Wrapper.team_12_WB.instance_to_wrap/gpio_in[5]    1.500000    4.125197   -2.625198 (VIOLATED)
ANTENNA_mprj.team_08_Wrapper.team_08_WB.instance_to_wrap_gpio_in[6]/DIODE    1.500000    4.093707   -2.593707 (VIOLATED)
mprj.team_08_Wrapper.team_08_WB.instance_to_wrap/gpio_in[6]    1.500000    4.093694   -2.593694 (VIOLATED)
mprj.team_06_Wrapper.team_06_WB.instance_to_wrap/gpio_in[13]    1.500000    4.091909   -2.591909 (VIOLATED)
ANTENNA_mprj.team_06_Wrapper.team_06_WB.instance_to_wrap_gpio_in[13]/DIODE    1.500000    4.087894   -2.587894 (VIOLATED)
ANTENNA_mprj.team_05_Wrapper.team_05_WB.instance_to_wrap_gpio_in[7]/DIODE    1.500000    4.081540   -2.581540 (VIOLATED)
mprj.team_05_Wrapper.team_05_WB.instance_to_wrap/gpio_in[7]    1.500000    4.081318   -2.581319 (VIOLATED)
load_slew788/A                          1.500000    4.080954   -2.580954 (VIOLATED)
ANTENNA_load_slew788_A/DIODE            1.500000    4.064900   -2.564901 (VIOLATED)
mprj.team_09_Wrapper.team_09_WB.instance_to_wrap/clk    1.500000    4.008463   -2.508464 (VIOLATED)
ANTENNA_mprj.team_09_Wrapper.team_09_WB.instance_to_wrap_clk/DIODE    1.500000    4.007850   -2.507850 (VIOLATED)
mprj.team_10_Wrapper.team_10_WB.instance_to_wrap/gpio_in[33]    1.500000    3.988482   -2.488483 (VIOLATED)
ANTENNA_mprj.team_10_Wrapper.team_10_WB.instance_to_wrap_gpio_in[33]/DIODE    1.500000    3.988462   -2.488462 (VIOLATED)
ANTENNA_mprj.team_06_Wrapper.team_06_WB.instance_to_wrap_gpio_in[6]/DIODE    1.500000    3.984620   -2.484620 (VIOLATED)
mprj.team_06_Wrapper.team_06_WB.instance_to_wrap/gpio_in[6]    1.500000    3.980578   -2.480578 (VIOLATED)
mprj.team_07_Wrapper.team_07_WB.instance_to_wrap/gpio_in[33]    1.500000    3.955574   -2.455574 (VIOLATED)
ANTENNA_mprj.team_07_Wrapper.team_07_WB.instance_to_wrap_gpio_in[33]/DIODE    1.500000    3.954021   -2.454021 (VIOLATED)
ANTENNA_mprj.team_02_Wrapper.team_02_WB.instance_to_wrap_gpio_in[13]/DIODE    1.500000    3.903361   -2.403361 (VIOLATED)
mprj.team_02_Wrapper.team_02_WB.instance_to_wrap/gpio_in[13]    1.500000    3.903321   -2.403321 (VIOLATED)
ANTENNA_mprj.team_07_Wrapper.team_07_WB.instance_to_wrap_clk/DIODE    1.500000    3.822864   -2.322864 (VIOLATED)
mprj.team_07_Wrapper.team_07_WB.instance_to_wrap/clk    1.500000    3.822805   -2.322805 (VIOLATED)
mprj.team_08_Wrapper.team_08_WB.instance_to_wrap/clk    1.500000    3.809206   -2.309206 (VIOLATED)
ANTENNA_mprj.team_08_Wrapper.team_08_WB.instance_to_wrap_clk/DIODE    1.500000    3.809059   -2.309059 (VIOLATED)
ANTENNA_mprj.team_02_Wrapper.team_02_WB.instance_to_wrap_gpio_in[6]/DIODE    1.500000    3.809037   -2.309037 (VIOLATED)
mprj.team_11_Wrapper.team_11_WB.instance_to_wrap/clk    1.500000    3.806830   -2.306830 (VIOLATED)
ANTENNA_mprj.team_11_Wrapper.team_11_WB.instance_to_wrap_clk/DIODE    1.500000    3.806622   -2.306622 (VIOLATED)
mprj.team_08_Wrapper.team_08_WB.instance_to_wrap/gpio_in[9]    1.500000    3.803908   -2.303908 (VIOLATED)
ANTENNA_mprj.team_08_Wrapper.team_08_WB.instance_to_wrap_gpio_in[9]/DIODE    1.500000    3.803880   -2.303880 (VIOLATED)
mprj.team_02_Wrapper.team_02_WB.instance_to_wrap/gpio_in[6]    1.500000    3.791672   -2.291672 (VIOLATED)
mprj.team_11_Wrapper.team_11_WB.instance_to_wrap/gpio_in[33]    1.500000    3.788721   -2.288721 (VIOLATED)
ANTENNA_mprj.team_05_Wrapper.team_05_WB.instance_to_wrap_gpio_in[12]/DIODE    1.500000    3.786818   -2.286818 (VIOLATED)
mprj.team_05_Wrapper.team_05_WB.instance_to_wrap/gpio_in[12]    1.500000    3.786778   -2.286778 (VIOLATED)
ANTENNA_mprj.team_11_Wrapper.team_11_WB.instance_to_wrap_gpio_in[33]/DIODE    1.500000    3.780119   -2.280119 (VIOLATED)
ANTENNA_mprj.team_08_Wrapper.team_08_WB.instance_to_wrap_gpio_in[4]/DIODE    1.500000    3.764932   -2.264932 (VIOLATED)
mprj.team_08_Wrapper.team_08_WB.instance_to_wrap/gpio_in[4]    1.500000    3.764832   -2.264832 (VIOLATED)
ANTENNA_mprj.team_10_Wrapper.team_10_WB.instance_to_wrap_gpio_in[18]/DIODE    1.500000    3.744559   -2.244559 (VIOLATED)
mprj.team_06_Wrapper.team_06_WB.instance_to_wrap/nrst    1.500000    3.737717   -2.237717 (VIOLATED)
ANTENNA_mprj.team_06_Wrapper.team_06_WB.instance_to_wrap_nrst/DIODE    1.500000    3.737458   -2.237458 (VIOLATED)
ANTENNA_mprj.team_06_Wrapper.team_06_WB.instance_to_wrap_gpio_in[9]/DIODE    1.500000    3.731090   -2.231090 (VIOLATED)
mprj.team_06_Wrapper.team_06_WB.instance_to_wrap/gpio_in[9]    1.500000    3.730970   -2.230970 (VIOLATED)
mprj.team_04_Wrapper.team_04_WB.instance_to_wrap/clk    1.500000    3.730167   -2.230167 (VIOLATED)
ANTENNA_mprj.team_04_Wrapper.team_04_WB.instance_to_wrap_clk/DIODE    1.500000    3.730008   -2.230008 (VIOLATED)
ANTENNA_mprj.team_01_Wrapper.team_01_WB.instance_to_wrap_gpio_in[30]/DIODE    1.500000    3.728703   -2.228703 (VIOLATED)
mprj.team_01_Wrapper.team_01_WB.instance_to_wrap/gpio_in[30]    1.500000    3.728664   -2.228664 (VIOLATED)
mprj.team_10_Wrapper.team_10_WB.instance_to_wrap/gpio_in[18]    1.500000    3.723877   -2.223877 (VIOLATED)
mprj.team_05_Wrapper.team_05_WB.instance_to_wrap/clk    1.500000    3.718192   -2.218192 (VIOLATED)
ANTENNA_mprj.team_05_Wrapper.team_05_WB.instance_to_wrap_clk/DIODE    1.500000    3.717720   -2.217720 (VIOLATED)
mprj.team_03_Wrapper.team_03_WB.instance_to_wrap/gpio_in[30]    1.500000    3.688004   -2.188004 (VIOLATED)
ANTENNA_mprj.team_03_Wrapper.team_03_WB.instance_to_wrap_gpio_in[30]/DIODE    1.500000    3.687819   -2.187819 (VIOLATED)
mprj.team_10_Wrapper.team_10_WB.instance_to_wrap/clk    1.500000    3.680167   -2.180167 (VIOLATED)
ANTENNA_mprj.team_10_Wrapper.team_10_WB.instance_to_wrap_clk/DIODE    1.500000    3.680002   -2.180002 (VIOLATED)
mprj.team_06_Wrapper.team_06_WB.instance_to_wrap/gpio_in[4]    1.500000    3.670815   -2.170815 (VIOLATED)
ANTENNA_mprj.team_06_Wrapper.team_06_WB.instance_to_wrap_gpio_in[4]/DIODE    1.500000    3.670421   -2.170421 (VIOLATED)
mprj.team_01_Wrapper.team_01_WB.instance_to_wrap/clk    1.500000    3.650827   -2.150828 (VIOLATED)
ANTENNA_mprj.team_01_Wrapper.team_01_WB.instance_to_wrap_clk/DIODE    1.500000    3.649093   -2.149093 (VIOLATED)
ANTENNA_clkbuf_1_1_1_wb_clk_i_X/DIODE    1.500000    3.623860   -2.123861 (VIOLATED)
clkbuf_1_1_1_wb_clk_i/X                 1.500000    3.623130   -2.123130 (VIOLATED)
mprj.team_06_Wrapper.team_06_WB.instance_to_wrap/clk    1.500000    3.613936   -2.113936 (VIOLATED)
ANTENNA_mprj.team_06_Wrapper.team_06_WB.instance_to_wrap_clk/DIODE    1.500000    3.613751   -2.113751 (VIOLATED)
mprj.team_04_Wrapper.team_04_WB.instance_to_wrap/gpio_in[30]    1.500000    3.596055   -2.096055 (VIOLATED)
ANTENNA_mprj.team_04_Wrapper.team_04_WB.instance_to_wrap_gpio_in[30]/DIODE    1.500000    3.595936   -2.095936 (VIOLATED)
mprj.team_02_Wrapper.team_02_WB.instance_to_wrap/gpio_in[9]    1.500000    3.588932   -2.088932 (VIOLATED)
ANTENNA_mprj.team_02_Wrapper.team_02_WB.instance_to_wrap_gpio_in[9]/DIODE    1.500000    3.586328   -2.086328 (VIOLATED)
ANTENNA_mprj.team_05_Wrapper.team_05_WB.instance_to_wrap_gpio_in[24]/DIODE    1.500000    3.580842   -2.080842 (VIOLATED)
mprj.team_05_Wrapper.team_05_WB.instance_to_wrap/gpio_in[24]    1.500000    3.580684   -2.080685 (VIOLATED)
mprj.team_02_Wrapper.team_02_WB.instance_to_wrap/clk    1.500000    3.576275   -2.076275 (VIOLATED)
ANTENNA_mprj.team_02_Wrapper.team_02_WB.instance_to_wrap_clk/DIODE    1.500000    3.576059   -2.076059 (VIOLATED)
mprj.team_03_Wrapper.team_03_WB.instance_to_wrap/clk    1.500000    3.555836   -2.055836 (VIOLATED)
ANTENNA_mprj.team_03_Wrapper.team_03_WB.instance_to_wrap_clk/DIODE    1.500000    3.555685   -2.055685 (VIOLATED)
ANTENNA_mprj.team_02_Wrapper.team_02_WB.instance_to_wrap_gpio_in[24]/DIODE    1.500000    3.548992   -2.048992 (VIOLATED)
ANTENNA_mprj.team_05_Wrapper.team_05_WB.instance_to_wrap_gpio_in[9]/DIODE    1.500000    3.546370   -2.046370 (VIOLATED)
mprj.team_05_Wrapper.team_05_WB.instance_to_wrap/gpio_in[9]    1.500000    3.546076   -2.046076 (VIOLATED)
mprj.team_02_Wrapper.team_02_WB.instance_to_wrap/gpio_in[24]    1.500000    3.545962   -2.045962 (VIOLATED)
ANTENNA_mprj.team_05_Wrapper.team_05_WB.instance_to_wrap_gpio_in[6]/DIODE    1.500000    3.545759   -2.045759 (VIOLATED)
mprj.team_05_Wrapper.team_05_WB.instance_to_wrap/gpio_in[6]    1.500000    3.545589   -2.045589 (VIOLATED)
ANTENNA_clkbuf_1_0_1_wb_clk_i_X/DIODE    1.500000    3.542621   -2.042621 (VIOLATED)
clkbuf_1_0_1_wb_clk_i/X                 1.500000    3.542276   -2.042276 (VIOLATED)
ANTENNA_mprj.team_08_Wrapper.team_08_WB.instance_to_wrap_gpio_in[14]/DIODE    1.500000    3.537296   -2.037296 (VIOLATED)
mprj.team_08_Wrapper.team_08_WB.instance_to_wrap/gpio_in[14]    1.500000    3.537152   -2.037152 (VIOLATED)
ANTENNA_mprj.team_06_Wrapper.team_06_WB.instance_to_wrap_gpio_in[24]/DIODE    1.500000    3.510574   -2.010574 (VIOLATED)
mprj.team_06_Wrapper.team_06_WB.instance_to_wrap/gpio_in[24]    1.500000    3.505959   -2.005959 (VIOLATED)
ANTENNA_mprj.team_05_Wrapper.team_05_WB.instance_to_wrap_gpio_in[21]/DIODE    1.500000    3.505205   -2.005205 (VIOLATED)
mprj.team_05_Wrapper.team_05_WB.instance_to_wrap/gpio_in[21]    1.500000    3.505103   -2.005103 (VIOLATED)
ANTENNA_mprj.team_05_Wrapper.team_05_WB.instance_to_wrap_gpio_in[23]/DIODE    1.500000    3.493075   -1.993075 (VIOLATED)
mprj.team_05_Wrapper.team_05_WB.instance_to_wrap/gpio_in[23]    1.500000    3.492991   -1.992991 (VIOLATED)
ANTENNA_653/DIODE                       1.500000    3.488121   -1.988121 (VIOLATED)
hold1694/A                              1.500000    3.488092   -1.988092 (VIOLATED)
ANTENNA_hold1694_A/DIODE                1.500000    3.488033   -1.988033 (VIOLATED)
ANTENNA_mprj.team_08_Wrapper.team_08_WB.instance_to_wrap_gpio_in[3]/DIODE    1.500000    3.484448   -1.984448 (VIOLATED)
mprj.team_08_Wrapper.team_08_WB.instance_to_wrap/gpio_in[3]    1.500000    3.484359   -1.984359 (VIOLATED)
ANTENNA_mprj.team_05_Wrapper.team_05_WB.instance_to_wrap_gpio_in[13]/DIODE    1.500000    3.478764   -1.978764 (VIOLATED)
mprj.team_05_Wrapper.team_05_WB.instance_to_wrap/gpio_in[13]    1.500000    3.478638   -1.978638 (VIOLATED)
hold1744/X                              1.498918    3.474281   -1.975363 (VIOLATED)
ANTENNA_hold1744_X/DIODE                1.500000    3.474292   -1.974292 (VIOLATED)
ANTENNA_mprj.team_02_Wrapper.team_02_WB.instance_to_wrap_gpio_in[23]/DIODE    1.500000    3.470881   -1.970881 (VIOLATED)
mprj.team_02_Wrapper.team_02_WB.instance_to_wrap/gpio_in[23]    1.500000    3.468292   -1.968292 (VIOLATED)
_4230_/A2                               1.500000    3.460120   -1.960120 (VIOLATED)
ANTENNA__4230__A2/DIODE                 1.500000    3.460103   -1.960103 (VIOLATED)
hold982/X                               1.498918    3.454002   -1.955084 (VIOLATED)
ANTENNA_hold982_X/DIODE                 1.500000    3.454012   -1.954013 (VIOLATED)
ANTENNA_mprj.team_09_Wrapper.team_09_WB.instance_to_wrap_gpio_in[3]/DIODE    1.500000    3.451885   -1.951885 (VIOLATED)
mprj.team_09_Wrapper.team_09_WB.instance_to_wrap/gpio_in[3]    1.500000    3.451710   -1.951710 (VIOLATED)
ANTENNA_mprj.team_02_Wrapper.team_02_WB.instance_to_wrap_gpio_in[21]/DIODE    1.500000    3.441146   -1.941146 (VIOLATED)
mprj.team_02_Wrapper.team_02_WB.instance_to_wrap/gpio_in[21]    1.500000    3.440370   -1.940370 (VIOLATED)
ANTENNA_mprj.team_06_Wrapper.team_06_WB.instance_to_wrap_gpio_in[23]/DIODE    1.500000    3.435529   -1.935529 (VIOLATED)
mprj.team_06_Wrapper.team_06_WB.instance_to_wrap/gpio_in[23]    1.500000    3.435370   -1.935370 (VIOLATED)
ANTENNA_mprj.team_03_Wrapper.team_03_WB.instance_to_wrap_gpio_in[27]/DIODE    1.500000    3.424006   -1.924006 (VIOLATED)
mprj.team_03_Wrapper.team_03_WB.instance_to_wrap/gpio_in[27]    1.500000    3.423104   -1.923104 (VIOLATED)
mprj.team_01_Wrapper.team_01_WB.instance_to_wrap/gpio_in[27]    1.500000    3.422303   -1.922303 (VIOLATED)
ANTENNA_mprj.team_01_Wrapper.team_01_WB.instance_to_wrap_gpio_in[27]/DIODE    1.500000    3.422256   -1.922257 (VIOLATED)
mprj.team_02_Wrapper.team_02_WB.instance_to_wrap/gpio_in[4]    1.500000    3.400286   -1.900286 (VIOLATED)
ANTENNA_mprj.team_02_Wrapper.team_02_WB.instance_to_wrap_gpio_in[4]/DIODE    1.500000    3.400178   -1.900179 (VIOLATED)
ANTENNA_mprj.team_08_Wrapper.team_08_WB.instance_to_wrap_gpio_in[24]/DIODE    1.500000    3.382833   -1.882833 (VIOLATED)
mprj.team_08_Wrapper.team_08_WB.instance_to_wrap/gpio_in[24]    1.500000    3.373084   -1.873084 (VIOLATED)
mprj.team_12_Wrapper.team_12_WB.instance_to_wrap/gpio_in[3]    1.500000    3.348332   -1.848332 (VIOLATED)
ANTENNA_mprj.team_12_Wrapper.team_12_WB.instance_to_wrap_gpio_in[3]/DIODE    1.500000    3.348304   -1.848304 (VIOLATED)
ANTENNA_268/DIODE                       1.500000    3.346091   -1.846091 (VIOLATED)
ANTENNA_270/DIODE                       1.500000    3.345996   -1.845996 (VIOLATED)
_7881_/A1                               1.500000    3.345009   -1.845009 (VIOLATED)
mprj.team_05_Wrapper.team_05_WB.instance_to_wrap/gpio_in[30]    1.500000    3.344586   -1.844586 (VIOLATED)
ANTENNA_mprj.team_05_Wrapper.team_05_WB.instance_to_wrap_gpio_in[30]/DIODE    1.500000    3.344279   -1.844279 (VIOLATED)
ANTENNA__7881__A1/DIODE                 1.500000    3.344063   -1.844063 (VIOLATED)
ANTENNA_mprj.team_01_Wrapper.team_01_WB.instance_to_wrap_gpio_in[32]/DIODE    1.500000    3.340208   -1.840208 (VIOLATED)
mprj.team_01_Wrapper.team_01_WB.instance_to_wrap/gpio_in[32]    1.500000    3.340199   -1.840199 (VIOLATED)
mprj.team_06_Wrapper.team_06_WB.instance_to_wrap/gpio_in[3]    1.500000    3.339116   -1.839116 (VIOLATED)
ANTENNA_mprj.team_06_Wrapper.team_06_WB.instance_to_wrap_gpio_in[3]/DIODE    1.500000    3.338620   -1.838620 (VIOLATED)
ANTENNA_mprj.team_06_Wrapper.team_06_WB.instance_to_wrap_gpio_in[14]/DIODE    1.500000    3.335565   -1.835565 (VIOLATED)
mprj.team_04_Wrapper.team_04_WB.instance_to_wrap/gpio_in[27]    1.500000    3.335412   -1.835412 (VIOLATED)
ANTENNA_mprj.team_04_Wrapper.team_04_WB.instance_to_wrap_gpio_in[27]/DIODE    1.500000    3.335407   -1.835407 (VIOLATED)
mprj.team_06_Wrapper.team_06_WB.instance_to_wrap/gpio_in[14]    1.500000    3.335362   -1.835363 (VIOLATED)
ANTENNA_mprj.team_08_Wrapper.team_08_WB.instance_to_wrap_gpio_in[23]/DIODE    1.500000    3.309404   -1.809404 (VIOLATED)
ANTENNA_mprj.team_04_Wrapper.team_04_WB.instance_to_wrap_gpio_in[7]/DIODE    1.500000    3.302804   -1.802804 (VIOLATED)
mprj.team_08_Wrapper.team_08_WB.instance_to_wrap/gpio_in[23]    1.500000    3.289585   -1.789585 (VIOLATED)
mprj.team_06_Wrapper.team_06_WB.instance_to_wrap/gpio_in[21]    1.500000    3.286490   -1.786490 (VIOLATED)
ANTENNA_mprj.team_06_Wrapper.team_06_WB.instance_to_wrap_gpio_in[21]/DIODE    1.500000    3.286060   -1.786060 (VIOLATED)
mprj.team_04_Wrapper.team_04_WB.instance_to_wrap/gpio_in[7]    1.500000    3.276446   -1.776446 (VIOLATED)
mprj.team_03_Wrapper.team_03_WB.instance_to_wrap/gpio_in[32]    1.500000    3.187440   -1.687440 (VIOLATED)
ANTENNA_mprj.team_03_Wrapper.team_03_WB.instance_to_wrap_gpio_in[32]/DIODE    1.500000    3.187409   -1.687409 (VIOLATED)
mprj.team_10_Wrapper.team_10_WB.instance_to_wrap/gpio_in[3]    1.500000    3.166115   -1.666115 (VIOLATED)
ANTENNA_mprj.team_10_Wrapper.team_10_WB.instance_to_wrap_gpio_in[3]/DIODE    1.500000    3.165821   -1.665821 (VIOLATED)
ANTENNA_mprj.team_02_Wrapper.team_02_WB.instance_to_wrap_gpio_in[14]/DIODE    1.500000    3.139233   -1.639233 (VIOLATED)
mprj.team_04_Wrapper.team_04_WB.instance_to_wrap/gpio_in[32]    1.500000    3.127320   -1.627320 (VIOLATED)
mprj.team_02_Wrapper.team_02_WB.instance_to_wrap/gpio_in[14]    1.500000    3.125615   -1.625615 (VIOLATED)
ANTENNA_mprj.team_04_Wrapper.team_04_WB.instance_to_wrap_gpio_in[32]/DIODE    1.500000    3.118313   -1.618313 (VIOLATED)
ANTENNA_mprj.team_05_Wrapper.team_05_WB.instance_to_wrap_gpio_in[22]/DIODE    1.500000    3.114960   -1.614960 (VIOLATED)
mprj.team_05_Wrapper.team_05_WB.instance_to_wrap/gpio_in[22]    1.500000    3.114850   -1.614850 (VIOLATED)
ANTENNA_mprj.team_01_Wrapper.team_01_WB.instance_to_wrap_gpio_in[28]/DIODE    1.500000    3.109691   -1.609692 (VIOLATED)
mprj.team_01_Wrapper.team_01_WB.instance_to_wrap/gpio_in[28]    1.500000    3.109644   -1.609644 (VIOLATED)
mprj.team_03_Wrapper.team_03_WB.instance_to_wrap/gpio_in[28]    1.500000    3.104796   -1.604797 (VIOLATED)
ANTENNA_mprj.team_03_Wrapper.team_03_WB.instance_to_wrap_gpio_in[28]/DIODE    1.500000    3.104210   -1.604210 (VIOLATED)
mprj.team_07_Wrapper.team_07_WB.instance_to_wrap/gpio_in[3]    1.500000    3.070641   -1.570641 (VIOLATED)
ANTENNA_mprj.team_07_Wrapper.team_07_WB.instance_to_wrap_gpio_in[3]/DIODE    1.500000    3.070560   -1.570560 (VIOLATED)
mprj.team_05_Wrapper.team_05_WB.instance_to_wrap/gpio_in[32]    1.500000    3.066328   -1.566328 (VIOLATED)
ANTENNA_mprj.team_05_Wrapper.team_05_WB.instance_to_wrap_gpio_in[32]/DIODE    1.500000    3.065970   -1.565970 (VIOLATED)
ANTENNA_mprj.team_05_Wrapper.team_05_WB.instance_to_wrap_gpio_in[14]/DIODE    1.500000    3.060369   -1.560369 (VIOLATED)
mprj.team_05_Wrapper.team_05_WB.instance_to_wrap/gpio_in[14]    1.500000    3.060023   -1.560023 (VIOLATED)
mprj.team_11_Wrapper.team_11_WB.instance_to_wrap/en    1.500000    3.051013   -1.551013 (VIOLATED)
ANTENNA_mprj.team_11_Wrapper.team_11_WB.instance_to_wrap_en/DIODE    1.500000    3.050972   -1.550972 (VIOLATED)
ANTENNA_mprj.team_05_Wrapper.team_05_WB.instance_to_wrap_gpio_in[19]/DIODE    1.500000    3.046397   -1.546397 (VIOLATED)
mprj.team_05_Wrapper.team_05_WB.instance_to_wrap/gpio_in[19]    1.500000    3.046350   -1.546350 (VIOLATED)
ANTENNA_mprj.team_01_Wrapper.team_01_WB.instance_to_wrap_gpio_in[31]/DIODE    1.500000    3.039140   -1.539141 (VIOLATED)
mprj.team_01_Wrapper.team_01_WB.instance_to_wrap/gpio_in[31]    1.500000    3.039085   -1.539085 (VIOLATED)
hold1745/X                              1.498918    3.037463   -1.538545 (VIOLATED)
ANTENNA_hold1745_X/DIODE                1.500000    3.037473   -1.537474 (VIOLATED)
ANTENNA_mprj.team_05_Wrapper.team_05_WB.instance_to_wrap_gpio_in[4]/DIODE    1.500000    3.031503   -1.531503 (VIOLATED)
mprj.team_05_Wrapper.team_05_WB.instance_to_wrap/gpio_in[4]    1.500000    3.031222   -1.531222 (VIOLATED)
ANTENNA_mprj.team_04_Wrapper.team_04_WB.instance_to_wrap_gpio_in[28]/DIODE    1.500000    3.021110   -1.521110 (VIOLATED)
mprj.team_10_Wrapper.team_10_WB.instance_to_wrap/gpio_in[5]    1.500000    3.020754   -1.520754 (VIOLATED)
mprj.team_04_Wrapper.team_04_WB.instance_to_wrap/gpio_in[28]    1.500000    3.017265   -1.517265 (VIOLATED)
ANTENNA_mprj.team_01_Wrapper.team_01_WB.instance_to_wrap_gpio_in[33]/DIODE    1.500000    3.016208   -1.516208 (VIOLATED)
ANTENNA__4180__A0/DIODE                 1.500000    3.011344   -1.511344 (VIOLATED)
ANTENNA__4186__B1/DIODE                 1.500000    3.011309   -1.511309 (VIOLATED)
_4180_/A0                               1.500000    3.011275   -1.511275 (VIOLATED)
_4186_/B1                               1.500000    3.011259   -1.511259 (VIOLATED)
mprj.team_01_Wrapper.team_01_WB.instance_to_wrap/gpio_in[33]    1.500000    3.011012   -1.511012 (VIOLATED)
ANTENNA_mprj.team_02_Wrapper.team_02_WB.instance_to_wrap_gpio_in[3]/DIODE    1.500000    3.009730   -1.509730 (VIOLATED)
mprj.team_02_Wrapper.team_02_WB.instance_to_wrap/gpio_in[3]    1.500000    3.009712   -1.509712 (VIOLATED)
ANTENNA_mprj.team_02_Wrapper.team_02_WB.instance_to_wrap_gpio_in[22]/DIODE    1.500000    2.996278   -1.496278 (VIOLATED)
mprj.team_02_Wrapper.team_02_WB.instance_to_wrap/gpio_in[22]    1.500000    2.991454   -1.491454 (VIOLATED)
mprj.team_04_Wrapper.team_04_WB.instance_to_wrap/gpio_in[9]    1.500000    2.986712   -1.486713 (VIOLATED)
ANTENNA_mprj.team_04_Wrapper.team_04_WB.instance_to_wrap_gpio_in[9]/DIODE    1.500000    2.986238   -1.486238 (VIOLATED)
ANTENNA_mprj.team_10_Wrapper.team_10_WB.instance_to_wrap_gpio_in[5]/DIODE    1.500000    2.981205   -1.481205 (VIOLATED)
ANTENNA_mprj.team_11_Wrapper.team_11_WB.instance_to_wrap_gpio_in[32]/DIODE    1.500000    2.970684   -1.470684 (VIOLATED)
mprj.team_11_Wrapper.team_11_WB.instance_to_wrap/gpio_in[32]    1.500000    2.970565   -1.470565 (VIOLATED)
mprj.team_08_Wrapper.team_08_WB.instance_to_wrap/gpio_in[16]    1.500000    2.965241   -1.465241 (VIOLATED)
ANTENNA_mprj.team_08_Wrapper.team_08_WB.instance_to_wrap_gpio_in[16]/DIODE    1.500000    2.965177   -1.465177 (VIOLATED)
_6813_/A1                               1.500000    2.962372   -1.462372 (VIOLATED)
ANTENNA__6813__A1/DIODE                 1.500000    2.962173   -1.462173 (VIOLATED)
mprj.team_06_Wrapper.team_06_WB.instance_to_wrap/gpio_in[22]    1.500000    2.958475   -1.458475 (VIOLATED)
ANTENNA_mprj.team_06_Wrapper.team_06_WB.instance_to_wrap_gpio_in[22]/DIODE    1.500000    2.958024   -1.458024 (VIOLATED)
ANTENNA_mprj.team_09_Wrapper.team_09_WB.instance_to_wrap_gpio_in[6]/DIODE    1.500000    2.954252   -1.454252 (VIOLATED)
mprj.team_09_Wrapper.team_09_WB.instance_to_wrap/gpio_in[6]    1.500000    2.954098   -1.454098 (VIOLATED)
mprj.team_02_Wrapper.team_02_WB.instance_to_wrap/gpio_in[19]    1.500000    2.945507   -1.445507 (VIOLATED)
ANTENNA_mprj.team_02_Wrapper.team_02_WB.instance_to_wrap_gpio_in[19]/DIODE    1.500000    2.945475   -1.445475 (VIOLATED)
mprj.team_03_Wrapper.team_03_WB.instance_to_wrap/gpio_in[31]    1.500000    2.942125   -1.442125 (VIOLATED)
ANTENNA_mprj.team_03_Wrapper.team_03_WB.instance_to_wrap_gpio_in[31]/DIODE    1.500000    2.941626   -1.441626 (VIOLATED)
mprj.team_03_Wrapper.team_03_WB.instance_to_wrap/gpio_in[22]    1.500000    2.939726   -1.439726 (VIOLATED)
ANTENNA_mprj.team_03_Wrapper.team_03_WB.instance_to_wrap_gpio_in[22]/DIODE    1.500000    2.939638   -1.439638 (VIOLATED)
ANTENNA_mprj.team_04_Wrapper.team_04_WB.instance_to_wrap_gpio_in[22]/DIODE    1.500000    2.933089   -1.433089 (VIOLATED)
mprj.team_04_Wrapper.team_04_WB.instance_to_wrap/gpio_in[22]    1.500000    2.932930   -1.432930 (VIOLATED)
_6701_/B2                               1.500000    2.931727   -1.431727 (VIOLATED)
ANTENNA__6701__B2/DIODE                 1.500000    2.931593   -1.431593 (VIOLATED)
ANTENNA_mprj.team_05_Wrapper.team_05_WB.instance_to_wrap_gpio_in[28]/DIODE    1.500000    2.929747   -1.429747 (VIOLATED)
mprj.team_05_Wrapper.team_05_WB.instance_to_wrap/gpio_in[28]    1.500000    2.929598   -1.429598 (VIOLATED)
ANTENNA_mprj.team_08_Wrapper.team_08_WB.instance_to_wrap_gpio_in[11]/DIODE    1.500000    2.923129   -1.423129 (VIOLATED)
mprj.team_08_Wrapper.team_08_WB.instance_to_wrap/gpio_in[11]    1.500000    2.922913   -1.422913 (VIOLATED)
mprj.team_04_Wrapper.team_04_WB.instance_to_wrap/gpio_in[25]    1.500000    2.909212   -1.409212 (VIOLATED)
ANTENNA_mprj.team_04_Wrapper.team_04_WB.instance_to_wrap_gpio_in[25]/DIODE    1.500000    2.909083   -1.409083 (VIOLATED)
_4900_/A0                               1.500000    2.905516   -1.405516 (VIOLATED)
ANTENNA__4900__A0/DIODE                 1.500000    2.905427   -1.405427 (VIOLATED)
ANTENNA__4906__A2/DIODE                 1.500000    2.905106   -1.405106 (VIOLATED)
_4906_/A2                               1.500000    2.904868   -1.404868 (VIOLATED)
ANTENNA_mprj.team_05_Wrapper.team_05_WB.instance_to_wrap_gpio_in[3]/DIODE    1.500000    2.900758   -1.400758 (VIOLATED)
mprj.team_05_Wrapper.team_05_WB.instance_to_wrap/gpio_in[3]    1.500000    2.900467   -1.400468 (VIOLATED)
ANTENNA_759/DIODE                       1.500000    2.893130   -1.393130 (VIOLATED)
ANTENNA_757/DIODE                       1.500000    2.893113   -1.393113 (VIOLATED)
ANTENNA_756/DIODE                       1.500000    2.893102   -1.393102 (VIOLATED)
ANTENNA_758/DIODE                       1.500000    2.893065   -1.393065 (VIOLATED)
ANTENNA_762/DIODE                       1.500000    2.892978   -1.392978 (VIOLATED)
ANTENNA_mprj.team_05_Wrapper.team_05_WB.instance_to_wrap_gpio_in[26]/DIODE    1.500000    2.892837   -1.392837 (VIOLATED)
ANTENNA_763/DIODE                       1.500000    2.892781   -1.392781 (VIOLATED)
ANTENNA_761/DIODE                       1.500000    2.892779   -1.392779 (VIOLATED)
mprj.team_05_Wrapper.team_05_WB.instance_to_wrap/gpio_in[26]    1.500000    2.892735   -1.392735 (VIOLATED)
ANTENNA_760/DIODE                       1.500000    2.892438   -1.392438 (VIOLATED)
ANTENNA__6579__B2/DIODE                 1.500000    2.892212   -1.392212 (VIOLATED)
_6579_/B2                               1.500000    2.891991   -1.391991 (VIOLATED)
mprj.team_08_Wrapper.team_08_WB.instance_to_wrap/nrst    1.500000    2.886726   -1.386726 (VIOLATED)
ANTENNA_mprj.team_08_Wrapper.team_08_WB.instance_to_wrap_nrst/DIODE    1.500000    2.886527   -1.386527 (VIOLATED)
mprj.team_07_Wrapper.team_07_WB.instance_to_wrap/gpio_in[32]    1.500000    2.882550   -1.382551 (VIOLATED)
ANTENNA_mprj.team_07_Wrapper.team_07_WB.instance_to_wrap_gpio_in[32]/DIODE    1.500000    2.882442   -1.382442 (VIOLATED)
ANTENNA_mprj.team_04_Wrapper.team_04_WB.instance_to_wrap_gpio_in[6]/DIODE    1.500000    2.860765   -1.360765 (VIOLATED)
ANTENNA_mprj.team_02_Wrapper.team_02_WB.instance_to_wrap_gpio_in[26]/DIODE    1.500000    2.859406   -1.359407 (VIOLATED)
mprj.team_02_Wrapper.team_02_WB.instance_to_wrap/gpio_in[26]    1.500000    2.859175   -1.359175 (VIOLATED)
ANTENNA_mprj.team_08_Wrapper.team_08_WB.instance_to_wrap_gpio_in[21]/DIODE    1.500000    2.854728   -1.354728 (VIOLATED)
ANTENNA_mprj.team_12_Wrapper.team_12_WB.instance_to_wrap_gpio_in[6]/DIODE    1.500000    2.854395   -1.354395 (VIOLATED)
mprj.team_12_Wrapper.team_12_WB.instance_to_wrap/gpio_in[6]    1.500000    2.854353   -1.354354 (VIOLATED)
ANTENNA_mprj.team_05_Wrapper.team_05_WB.instance_to_wrap_gpio_in[20]/DIODE    1.500000    2.851173   -1.351173 (VIOLATED)
mprj.team_05_Wrapper.team_05_WB.instance_to_wrap/gpio_in[20]    1.500000    2.851113   -1.351113 (VIOLATED)
ANTENNA_mprj.team_10_Wrapper.team_10_WB.instance_to_wrap_gpio_in[32]/DIODE    1.500000    2.844239   -1.344239 (VIOLATED)
mprj.team_10_Wrapper.team_10_WB.instance_to_wrap/gpio_in[32]    1.500000    2.843431   -1.343431 (VIOLATED)
mprj.team_08_Wrapper.team_08_WB.instance_to_wrap/gpio_in[21]    1.500000    2.840234   -1.340234 (VIOLATED)
_4129_/A0                               1.500000    2.838202   -1.338202 (VIOLATED)
_4135_/A2                               1.500000    2.838187   -1.338188 (VIOLATED)
ANTENNA__4129__A0/DIODE                 1.500000    2.838137   -1.338137 (VIOLATED)
ANTENNA__4135__A2/DIODE                 1.500000    2.837760   -1.337760 (VIOLATED)
mprj.team_06_Wrapper.team_06_WB.instance_to_wrap/gpio_in[16]    1.500000    2.832299   -1.332299 (VIOLATED)
mprj.team_04_Wrapper.team_04_WB.instance_to_wrap/gpio_in[6]    1.500000    2.829460   -1.329460 (VIOLATED)
ANTENNA_mprj.team_06_Wrapper.team_06_WB.instance_to_wrap_gpio_in[16]/DIODE    1.500000    2.827733   -1.327733 (VIOLATED)
mprj.team_06_Wrapper.team_06_WB.instance_to_wrap/gpio_in[26]    1.500000    2.805443   -1.305443 (VIOLATED)
ANTENNA_mprj.team_06_Wrapper.team_06_WB.instance_to_wrap_gpio_in[26]/DIODE    1.500000    2.805053   -1.305053 (VIOLATED)
ANTENNA_mprj.team_05_Wrapper.team_05_WB.instance_to_wrap_gpio_in[27]/DIODE    1.500000    2.803579   -1.303579 (VIOLATED)
mprj.team_05_Wrapper.team_05_WB.instance_to_wrap/gpio_in[27]    1.500000    2.803457   -1.303457 (VIOLATED)
mprj.team_03_Wrapper.team_03_WB.instance_to_wrap/gpio_in[25]    1.500000    2.802320   -1.302320 (VIOLATED)
ANTENNA_mprj.team_03_Wrapper.team_03_WB.instance_to_wrap_gpio_in[25]/DIODE    1.500000    2.802309   -1.302309 (VIOLATED)
mprj.team_04_Wrapper.team_04_WB.instance_to_wrap/gpio_in[31]    1.500000    2.795189   -1.295189 (VIOLATED)
ANTENNA_mprj.team_06_Wrapper.team_06_WB.instance_to_wrap_gpio_in[19]/DIODE    1.500000    2.783427   -1.283427 (VIOLATED)
ANTENNA_mprj.team_08_Wrapper.team_08_WB.instance_to_wrap_gpio_in[5]/DIODE    1.500000    2.783394   -1.283394 (VIOLATED)
mprj.team_08_Wrapper.team_08_WB.instance_to_wrap/gpio_in[5]    1.500000    2.783283   -1.283283 (VIOLATED)
mprj.team_06_Wrapper.team_06_WB.instance_to_wrap/gpio_in[19]    1.500000    2.781281   -1.281281 (VIOLATED)
ANTENNA_mprj.team_11_Wrapper.team_11_WB.instance_to_wrap_gpio_in[31]/DIODE    1.500000    2.777595   -1.277595 (VIOLATED)
mprj.team_11_Wrapper.team_11_WB.instance_to_wrap/gpio_in[31]    1.500000    2.777507   -1.277507 (VIOLATED)
mprj.team_06_Wrapper.team_06_WB.instance_to_wrap/gpio_in[5]    1.500000    2.769249   -1.269249 (VIOLATED)
ANTENNA_mprj.team_06_Wrapper.team_06_WB.instance_to_wrap_gpio_in[5]/DIODE    1.500000    2.769088   -1.269088 (VIOLATED)
ANTENNA_mprj.team_06_Wrapper.team_06_WB.instance_to_wrap_gpio_in[11]/DIODE    1.500000    2.766299   -1.266299 (VIOLATED)
mprj.team_06_Wrapper.team_06_WB.instance_to_wrap/gpio_in[11]    1.500000    2.760964   -1.260964 (VIOLATED)
ANTENNA_mprj.team_02_Wrapper.team_02_WB.instance_to_wrap_gpio_in[20]/DIODE    1.500000    2.754795   -1.254795 (VIOLATED)
mprj.team_02_Wrapper.team_02_WB.instance_to_wrap/gpio_in[20]    1.500000    2.749637   -1.249637 (VIOLATED)
ANTENNA_mprj.team_04_Wrapper.team_04_WB.instance_to_wrap_gpio_in[31]/DIODE    1.500000    2.748960   -1.248960 (VIOLATED)
_4749_/A0                               1.500000    2.743356   -1.243356 (VIOLATED)
ANTENNA__4749__A0/DIODE                 1.500000    2.743293   -1.243293 (VIOLATED)
_4755_/A2                               1.500000    2.743093   -1.243093 (VIOLATED)
ANTENNA__4755__A2/DIODE                 1.500000    2.742922   -1.242922 (VIOLATED)
_6522_/A1                               1.500000    2.741170   -1.241170 (VIOLATED)
ANTENNA__6522__A1/DIODE                 1.500000    2.741016   -1.241016 (VIOLATED)
output154/A                             1.500000    2.738218   -1.238218 (VIOLATED)
ANTENNA_output154_A/DIODE               1.500000    2.737832   -1.237832 (VIOLATED)
ANTENNA_mprj.team_11_Wrapper.team_11_WB.instance_to_wrap_gpio_in[28]/DIODE    1.500000    2.723476   -1.223476 (VIOLATED)
mprj.team_11_Wrapper.team_11_WB.instance_to_wrap/gpio_in[28]    1.500000    2.723211   -1.223211 (VIOLATED)
ANTENNA__4243__A0/DIODE                 1.500000    2.723027   -1.223027 (VIOLATED)
_4243_/A0                               1.500000    2.723009   -1.223009 (VIOLATED)
_4250_/A2                               1.500000    2.722965   -1.222965 (VIOLATED)
ANTENNA__4250__A2/DIODE                 1.500000    2.722844   -1.222844 (VIOLATED)
ANTENNA_mprj.team_02_Wrapper.team_02_WB.instance_to_wrap_gpio_in[11]/DIODE    1.500000    2.719552   -1.219552 (VIOLATED)
mprj.team_02_Wrapper.team_02_WB.instance_to_wrap/gpio_in[11]    1.500000    2.719477   -1.219477 (VIOLATED)
mprj.team_07_Wrapper.team_07_WB.instance_to_wrap/gpio_in[31]    1.500000    2.718430   -1.218430 (VIOLATED)
ANTENNA_mprj.team_07_Wrapper.team_07_WB.instance_to_wrap_gpio_in[31]/DIODE    1.500000    2.718356   -1.218356 (VIOLATED)
ANTENNA_mprj.team_01_Wrapper.team_01_WB.instance_to_wrap_gpio_in[22]/DIODE    1.500000    2.713410   -1.213410 (VIOLATED)
mprj.team_01_Wrapper.team_01_WB.instance_to_wrap/gpio_in[22]    1.500000    2.713350   -1.213350 (VIOLATED)
_7872_/A1                               1.500000    2.710042   -1.210043 (VIOLATED)
ANTENNA__7872__A1/DIODE                 1.500000    2.709931   -1.209931 (VIOLATED)
ANTENNA_mprj.team_01_Wrapper.team_01_WB.instance_to_wrap_gpio_in[25]/DIODE    1.500000    2.708871   -1.208871 (VIOLATED)
mprj.team_01_Wrapper.team_01_WB.instance_to_wrap/gpio_in[25]    1.500000    2.708719   -1.208719 (VIOLATED)
mprj.team_04_Wrapper.team_04_WB.instance_to_wrap/gpio_in[12]    1.500000    2.707542   -1.207543 (VIOLATED)
ANTENNA_mprj.team_06_Wrapper.team_06_WB.instance_to_wrap_gpio_in[18]/DIODE    1.500000    2.707293   -1.207293 (VIOLATED)
mprj.team_06_Wrapper.team_06_WB.instance_to_wrap/gpio_in[18]    1.500000    2.707129   -1.207129 (VIOLATED)
ANTENNA_mprj.team_04_Wrapper.team_04_WB.instance_to_wrap_gpio_in[12]/DIODE    1.500000    2.704844   -1.204844 (VIOLATED)
ANTENNA_mprj.team_11_Wrapper.team_11_WB.instance_to_wrap_gpio_in[30]/DIODE    1.500000    2.701827   -1.201827 (VIOLATED)
mprj.team_11_Wrapper.team_11_WB.instance_to_wrap/gpio_in[30]    1.500000    2.701760   -1.201760 (VIOLATED)
mprj.team_04_Wrapper.team_04_WB.instance_to_wrap/memory_size[26]    1.500000    2.701566   -1.201566 (VIOLATED)
ANTENNA_mprj.team_04_Wrapper.team_04_WB.instance_to_wrap_memory_size[26]/DIODE    1.500000    2.701507   -1.201507 (VIOLATED)
mprj.team_02_Wrapper.team_02_WB.instance_to_wrap/gpio_in[5]    1.500000    2.699228   -1.199228 (VIOLATED)
ANTENNA_mprj.team_02_Wrapper.team_02_WB.instance_to_wrap_gpio_in[5]/DIODE    1.500000    2.699139   -1.199139 (VIOLATED)
hold1031/X                              1.498918    2.694805   -1.195887 (VIOLATED)
ANTENNA__5160__A1/DIODE                 1.500000    2.694877   -1.194877 (VIOLATED)
_5160_/A1                               1.500000    2.694836   -1.194836 (VIOLATED)
ANTENNA_hold1031_X/DIODE                1.500000    2.694829   -1.194829 (VIOLATED)
mprj.team_07_Wrapper.team_07_WB.instance_to_wrap/gpio_in[28]    1.500000    2.693356   -1.193356 (VIOLATED)
ANTENNA_mprj.team_07_Wrapper.team_07_WB.instance_to_wrap_gpio_in[28]/DIODE    1.500000    2.693280   -1.193280 (VIOLATED)
ANTENNA_mprj.team_10_Wrapper.team_10_WB.instance_to_wrap_gpio_in[31]/DIODE    1.500000    2.686478   -1.186478 (VIOLATED)
mprj.team_08_Wrapper.team_08_WB.instance_to_wrap/gpio_in[18]    1.500000    2.681626   -1.181626 (VIOLATED)
ANTENNA_mprj.team_05_Wrapper.team_05_WB.instance_to_wrap_gpio_in[11]/DIODE    1.500000    2.681291   -1.181291 (VIOLATED)
mprj.team_10_Wrapper.team_10_WB.instance_to_wrap/gpio_in[31]    1.500000    2.681209   -1.181209 (VIOLATED)
mprj.team_05_Wrapper.team_05_WB.instance_to_wrap/gpio_in[11]    1.500000    2.681156   -1.181156 (VIOLATED)
ANTENNA_mprj.team_08_Wrapper.team_08_WB.instance_to_wrap_gpio_in[19]/DIODE    1.500000    2.680906   -1.180906 (VIOLATED)
ANTENNA_mprj.team_08_Wrapper.team_08_WB.instance_to_wrap_gpio_in[18]/DIODE    1.500000    2.676546   -1.176546 (VIOLATED)
ANTENNA_mprj.team_08_Wrapper.team_08_WB.instance_to_wrap_gpio_in[10]/DIODE    1.500000    2.668916   -1.168916 (VIOLATED)
mprj.team_08_Wrapper.team_08_WB.instance_to_wrap/gpio_in[10]    1.500000    2.668838   -1.168838 (VIOLATED)
_4971_/B1                               1.500000    2.668482   -1.168482 (VIOLATED)
_4965_/A0                               1.500000    2.668477   -1.168477 (VIOLATED)
ANTENNA__4965__A0/DIODE                 1.500000    2.668429   -1.168429 (VIOLATED)
ANTENNA__4971__B1/DIODE                 1.500000    2.668406   -1.168406 (VIOLATED)
ANTENNA_882/DIODE                       1.500000    2.667989   -1.167989 (VIOLATED)
ANTENNA_47/DIODE                        1.500000    2.667699   -1.167699 (VIOLATED)
ANTENNA_680/DIODE                       1.500000    2.667390   -1.167390 (VIOLATED)
ANTENNA_mprj.team_05_Wrapper.team_05_WB.instance_to_wrap_gpio_in[5]/DIODE    1.500000    2.664685   -1.164685 (VIOLATED)
mprj.team_05_Wrapper.team_05_WB.instance_to_wrap/gpio_in[5]    1.500000    2.664365   -1.164365 (VIOLATED)
ANTENNA_mprj.team_08_Wrapper.team_08_WB.instance_to_wrap_gpio_in[17]/DIODE    1.500000    2.662180   -1.162180 (VIOLATED)
mprj.team_08_Wrapper.team_08_WB.instance_to_wrap/gpio_in[17]    1.500000    2.662163   -1.162163 (VIOLATED)
mprj.team_08_Wrapper.team_08_WB.instance_to_wrap/gpio_in[19]    1.500000    2.660370   -1.160370 (VIOLATED)
wire763/A                               1.500000    2.659390   -1.159390 (VIOLATED)
ANTENNA_wire763_A/DIODE                 1.500000    2.658973   -1.158973 (VIOLATED)
ANTENNA_mprj.team_01_Wrapper.team_01_WB.instance_to_wrap_ADR_O[28]/DIODE    1.500000    2.649675   -1.149675 (VIOLATED)
mprj.team_01_Wrapper.team_01_WB.instance_to_wrap/ADR_O[28]    1.500000    2.649288   -1.149288 (VIOLATED)
ANTENNA_mprj.team_05_Wrapper.team_05_WB.instance_to_wrap_gpio_in[29]/DIODE    1.500000    2.643356   -1.143356 (VIOLATED)
mprj.team_05_Wrapper.team_05_WB.instance_to_wrap/gpio_in[29]    1.500000    2.643321   -1.143321 (VIOLATED)
mprj.team_07_Wrapper.team_07_WB.instance_to_wrap/gpio_in[30]    1.500000    2.643036   -1.143036 (VIOLATED)
ANTENNA_mprj.team_07_Wrapper.team_07_WB.instance_to_wrap_gpio_in[30]/DIODE    1.500000    2.643026   -1.143026 (VIOLATED)
ANTENNA_mprj.team_05_Wrapper.team_05_WB.instance_to_wrap_gpio_in[25]/DIODE    1.500000    2.641070   -1.141070 (VIOLATED)
mprj.team_05_Wrapper.team_05_WB.instance_to_wrap/gpio_in[25]    1.500000    2.640854   -1.140854 (VIOLATED)
ANTENNA__4389__A0/DIODE                 1.500000    2.634352   -1.134352 (VIOLATED)
_4389_/A0                               1.500000    2.634265   -1.134265 (VIOLATED)
_4395_/A2                               1.500000    2.634047   -1.134047 (VIOLATED)
ANTENNA__4395__A2/DIODE                 1.500000    2.633770   -1.133770 (VIOLATED)
_8105_/A1                               1.500000    2.632918   -1.132918 (VIOLATED)
ANTENNA__8105__A1/DIODE                 1.500000    2.632767   -1.132767 (VIOLATED)
ANTENNA_269/DIODE                       1.500000    2.617214   -1.117214 (VIOLATED)
ANTENNA_mprj.team_05_Wrapper.team_05_WB.instance_to_wrap_gpio_out[6]/DIODE    1.500000    2.616247   -1.116247 (VIOLATED)
mprj.team_05_Wrapper.team_05_WB.instance_to_wrap/gpio_out[6]    1.500000    2.616227   -1.116227 (VIOLATED)
ANTENNA_mprj.team_01_Wrapper.team_01_WB.instance_to_wrap_ADR_O[27]/DIODE    1.500000    2.603099   -1.103099 (VIOLATED)
mprj.team_01_Wrapper.team_01_WB.instance_to_wrap/ADR_O[27]    1.500000    2.602993   -1.102993 (VIOLATED)
ANTENNA_mprj.team_04_Wrapper.team_04_WB.instance_to_wrap_gpio_in[26]/DIODE    1.500000    2.593373   -1.093373 (VIOLATED)
ANTENNA_mprj.team_11_Wrapper.team_11_WB.instance_to_wrap_gpio_in[27]/DIODE    1.500000    2.593122   -1.093122 (VIOLATED)
mprj.team_04_Wrapper.team_04_WB.instance_to_wrap/gpio_in[26]    1.500000    2.592945   -1.092945 (VIOLATED)
mprj.team_11_Wrapper.team_11_WB.instance_to_wrap/gpio_in[27]    1.500000    2.592843   -1.092843 (VIOLATED)
mprj.team_02_Wrapper.team_02_WB.instance_to_wrap/gpio_in[25]    1.500000    2.592574   -1.092574 (VIOLATED)
ANTENNA_mprj.team_12_Wrapper.team_12_WB.instance_to_wrap_gpio_in[32]/DIODE    1.500000    2.591704   -1.091704 (VIOLATED)
mprj.team_12_Wrapper.team_12_WB.instance_to_wrap/gpio_in[32]    1.500000    2.591655   -1.091655 (VIOLATED)
ANTENNA_mprj.team_02_Wrapper.team_02_WB.instance_to_wrap_gpio_in[25]/DIODE    1.500000    2.589105   -1.089105 (VIOLATED)
ANTENNA_mprj.team_06_Wrapper.team_06_WB.instance_to_wrap_gpio_in[20]/DIODE    1.500000    2.586482   -1.086482 (VIOLATED)
mprj.team_06_Wrapper.team_06_WB.instance_to_wrap/gpio_in[20]    1.500000    2.586314   -1.086314 (VIOLATED)
ANTENNA_600/DIODE                       1.500000    2.583360   -1.083360 (VIOLATED)
ANTENNA_mprj.team_04_Wrapper.team_04_WB.instance_to_wrap_gpio_in[13]/DIODE    1.500000    2.578827   -1.078827 (VIOLATED)
_4871_/A1                               1.500000    2.576969   -1.076969 (VIOLATED)
_4876_/A2                               1.500000    2.576969   -1.076969 (VIOLATED)
ANTENNA__4871__A1/DIODE                 1.500000    2.576943   -1.076943 (VIOLATED)
ANTENNA__4876__A2/DIODE                 1.500000    2.576922   -1.076922 (VIOLATED)
ANTENNA_mprj.team_04_Wrapper.team_04_WB.instance_to_wrap_gpio_in[19]/DIODE    1.500000    2.576708   -1.076708 (VIOLATED)
ANTENNA_mprj.team_10_Wrapper.team_10_WB.instance_to_wrap_gpio_in[28]/DIODE    1.500000    2.576540   -1.076540 (VIOLATED)
mprj.team_04_Wrapper.team_04_WB.instance_to_wrap/gpio_in[19]    1.500000    2.576391   -1.076391 (VIOLATED)
ANTENNA__4857__A0/DIODE                 1.500000    2.571475   -1.071475 (VIOLATED)
ANTENNA__4863__B1/DIODE                 1.500000    2.571450   -1.071450 (VIOLATED)
_4863_/B1                               1.500000    2.571367   -1.071367 (VIOLATED)
_4857_/A0                               1.500000    2.571310   -1.071310 (VIOLATED)
mprj.team_02_Wrapper.team_02_WB.instance_to_wrap/gpio_in[30]    1.500000    2.571149   -1.071149 (VIOLATED)
hold620/X                               1.498918    2.569181   -1.070263 (VIOLATED)
ANTENNA_mprj.team_02_Wrapper.team_02_WB.instance_to_wrap_gpio_in[30]/DIODE    1.500000    2.569847   -1.069847 (VIOLATED)
ANTENNA_hold620_X/DIODE                 1.500000    2.569189   -1.069189 (VIOLATED)
ANTENNA_mprj.team_09_Wrapper.team_09_WB.instance_to_wrap_gpio_in[7]/DIODE    1.500000    2.565857   -1.065857 (VIOLATED)
mprj.team_09_Wrapper.team_09_WB.instance_to_wrap/gpio_in[7]    1.500000    2.565751   -1.065751 (VIOLATED)
mprj.team_10_Wrapper.team_10_WB.instance_to_wrap/gpio_in[28]    1.500000    2.563613   -1.063613 (VIOLATED)
ANTENNA_max_length789_A/DIODE           1.500000    2.561013   -1.061013 (VIOLATED)
mprj.team_07_Wrapper.team_07_WB.instance_to_wrap/gpio_in[5]    1.500000    2.557252   -1.057252 (VIOLATED)
ANTENNA_mprj.team_07_Wrapper.team_07_WB.instance_to_wrap_gpio_in[5]/DIODE    1.500000    2.557210   -1.057210 (VIOLATED)
_4209_/B1                               1.500000    2.556761   -1.056760 (VIOLATED)
ANTENNA__4203__A0/DIODE                 1.500000    2.556657   -1.056657 (VIOLATED)
ANTENNA__4209__B1/DIODE                 1.500000    2.556576   -1.056576 (VIOLATED)
_4203_/A0                               1.500000    2.556499   -1.056499 (VIOLATED)
ANTENNA_mprj.team_02_Wrapper.team_02_WB.instance_to_wrap_gpio_in[29]/DIODE    1.500000    2.555750   -1.055750 (VIOLATED)
_4078_/A                                1.500000    2.553421   -1.053421 (VIOLATED)
ANTENNA__4078__A/DIODE                  1.500000    2.553326   -1.053326 (VIOLATED)
_4416_/A1                               1.500000    2.553222   -1.053222 (VIOLATED)
ANTENNA__4416__A1/DIODE                 1.500000    2.553116   -1.053116 (VIOLATED)
mprj.team_02_Wrapper.team_02_WB.instance_to_wrap/gpio_in[29]    1.500000    2.551470   -1.051470 (VIOLATED)
_5324_/A                                1.500000    2.550490   -1.050490 (VIOLATED)
ANTENNA__5324__A/DIODE                  1.500000    2.550485   -1.050485 (VIOLATED)
ANTENNA_629/DIODE                       1.500000    2.550473   -1.050473 (VIOLATED)
_5140_/B2                               1.500000    2.550437   -1.050438 (VIOLATED)
ANTENNA__5140__B2/DIODE                 1.500000    2.550427   -1.050427 (VIOLATED)
hold317/X                               1.498918    2.548643   -1.049725 (VIOLATED)
_5164_/A0                               1.500000    2.549653   -1.049653 (VIOLATED)
ANTENNA__5164__A0/DIODE                 1.500000    2.549651   -1.049651 (VIOLATED)
_4951_/A1                               1.500000    2.549633   -1.049633 (VIOLATED)
ANTENNA__4951__A1/DIODE                 1.500000    2.549612   -1.049612 (VIOLATED)
_5350_/A                                1.500000    2.549533   -1.049533 (VIOLATED)
ANTENNA__5350__A/DIODE                  1.500000    2.549528   -1.049528 (VIOLATED)
hold638/X                               1.498918    2.548163   -1.049245 (VIOLATED)
ANTENNA_hold638_X/DIODE                 1.500000    2.548972   -1.048972 (VIOLATED)
_5063_/A1                               1.500000    2.548919   -1.048919 (VIOLATED)
ANTENNA__5063__A1/DIODE                 1.500000    2.548917   -1.048917 (VIOLATED)
ANTENNA_hold317_X/DIODE                 1.500000    2.548666   -1.048666 (VIOLATED)
mprj.team_06_Wrapper.team_06_WB.instance_to_wrap/gpio_in[25]    1.500000    2.546635   -1.046636 (VIOLATED)
_7586_/B                                1.500000    2.546331   -1.046331 (VIOLATED)
ANTENNA__7586__B/DIODE                  1.500000    2.546324   -1.046324 (VIOLATED)
_6793_/A1                               1.500000    2.544837   -1.044837 (VIOLATED)
ANTENNA__6793__A1/DIODE                 1.500000    2.544784   -1.044784 (VIOLATED)
_5051_/B1                               1.500000    2.544784   -1.044784 (VIOLATED)
ANTENNA__5051__B1/DIODE                 1.500000    2.544782   -1.044782 (VIOLATED)
ANTENNA__5045__A0/DIODE                 1.500000    2.544778   -1.044778 (VIOLATED)
ANTENNA_46/DIODE                        1.500000    2.544763   -1.044763 (VIOLATED)
ANTENNA_126/DIODE                       1.500000    2.544714   -1.044714 (VIOLATED)
_7908_/A                                1.500000    2.544683   -1.044683 (VIOLATED)
_5045_/A0                               1.500000    2.544669   -1.044669 (VIOLATED)
ANTENNA__7908__A/DIODE                  1.500000    2.544606   -1.044606 (VIOLATED)
ANTENNA_128/DIODE                       1.500000    2.544579   -1.044579 (VIOLATED)
hold972/X                               1.498918    2.543170   -1.044252 (VIOLATED)
ANTENNA_mprj.team_06_Wrapper.team_06_WB.instance_to_wrap_gpio_in[25]/DIODE    1.500000    2.544104   -1.044104 (VIOLATED)
mprj.team_07_Wrapper.team_07_WB.instance_to_wrap/gpio_in[27]    1.500000    2.543807   -1.043807 (VIOLATED)
ANTENNA_mprj.team_07_Wrapper.team_07_WB.instance_to_wrap_gpio_in[27]/DIODE    1.500000    2.543771   -1.043771 (VIOLATED)
max_cap665/A                            1.500000    2.543238   -1.043238 (VIOLATED)
ANTENNA_max_cap665_A/DIODE              1.500000    2.543231   -1.043231 (VIOLATED)
ANTENNA_hold972_X/DIODE                 1.500000    2.543227   -1.043227 (VIOLATED)
_4344_/A0                               1.500000    2.542177   -1.042177 (VIOLATED)
ANTENNA__4350__A2/DIODE                 1.500000    2.542171   -1.042171 (VIOLATED)
_4350_/A2                               1.500000    2.542169   -1.042169 (VIOLATED)
ANTENNA__4344__A0/DIODE                 1.500000    2.542151   -1.042151 (VIOLATED)
max_length789/A                         1.500000    2.540880   -1.040880 (VIOLATED)
_6590_/A                                1.500000    2.535590   -1.035590 (VIOLATED)
ANTENNA__6590__A/DIODE                  1.500000    2.535506   -1.035506 (VIOLATED)
ANTENNA_mprj.team_11_Wrapper.team_11_WB.instance_to_wrap_gpio_in[21]/DIODE    1.500000    2.530297   -1.030297 (VIOLATED)
mprj.team_11_Wrapper.team_11_WB.instance_to_wrap/gpio_in[21]    1.500000    2.530081   -1.030080 (VIOLATED)
mprj.team_06_Wrapper.team_06_WB.instance_to_wrap/gpio_in[17]    1.500000    2.528105   -1.028105 (VIOLATED)
ANTENNA_mprj.team_06_Wrapper.team_06_WB.instance_to_wrap_gpio_in[17]/DIODE    1.500000    2.521319   -1.021319 (VIOLATED)
ANTENNA__7607__B/DIODE                  1.500000    2.520261   -1.020261 (VIOLATED)
_7607_/B                                1.500000    2.520258   -1.020258 (VIOLATED)
hold643/X                               1.498918    2.518220   -1.019302 (VIOLATED)
load_slew644/A                          1.500000    2.518562   -1.018562 (VIOLATED)
ANTENNA_load_slew644_A/DIODE            1.500000    2.518547   -1.018547 (VIOLATED)
ANTENNA_mprj.team_01_Wrapper.team_01_WB.instance_to_wrap_DAT_O[14]/DIODE    1.500000    2.518359   -1.018359 (VIOLATED)
mprj.team_01_Wrapper.team_01_WB.instance_to_wrap/DAT_O[14]    1.500000    2.518282   -1.018282 (VIOLATED)
ANTENNA_hold643_X/DIODE                 1.500000    2.518271   -1.018271 (VIOLATED)
mprj.team_04_Wrapper.team_04_WB.instance_to_wrap/gpio_in[13]    1.500000    2.515320   -1.015320 (VIOLATED)
mprj.team_10_Wrapper.team_10_WB.instance_to_wrap/gpio_in[30]    1.500000    2.515065   -1.015065 (VIOLATED)
ANTENNA__4420__B1/DIODE                 1.500000    2.513555   -1.013555 (VIOLATED)
_4420_/B1                               1.500000    2.513487   -1.013487 (VIOLATED)
ANTENNA__4414__A0/DIODE                 1.500000    2.513166   -1.013166 (VIOLATED)
_4414_/A0                               1.500000    2.513072   -1.013072 (VIOLATED)
_4485_/A0                               1.500000    2.512574   -1.012574 (VIOLATED)
_4491_/A2                               1.500000    2.512489   -1.012489 (VIOLATED)
ANTENNA__4485__A0/DIODE                 1.500000    2.512447   -1.012447 (VIOLATED)
ANTENNA__4491__A2/DIODE                 1.500000    2.512131   -1.012131 (VIOLATED)
ANTENNA__4400__A0/DIODE                 1.500000    2.509507   -1.009507 (VIOLATED)
_4400_/A0                               1.500000    2.509485   -1.009485 (VIOLATED)
ANTENNA__4406__A2/DIODE                 1.500000    2.509175   -1.009175 (VIOLATED)
_4406_/A2                               1.500000    2.509058   -1.009058 (VIOLATED)
ANTENNA_mprj.team_10_Wrapper.team_10_WB.instance_to_wrap_gpio_in[30]/DIODE    1.500000    2.508493   -1.008493 (VIOLATED)
ANTENNA_mprj.team_06_Wrapper.team_06_WB.instance_to_wrap_gpio_in[10]/DIODE    1.500000    2.507647   -1.007647 (VIOLATED)
ANTENNA__4545__B1/DIODE                 1.500000    2.506098   -1.006098 (VIOLATED)
_4545_/B1                               1.500000    2.506092   -1.006092 (VIOLATED)
ANTENNA__4539__A0/DIODE                 1.500000    2.505914   -1.005914 (VIOLATED)
_4539_/A0                               1.500000    2.505888   -1.005888 (VIOLATED)
mprj.team_06_Wrapper.team_06_WB.instance_to_wrap/gpio_in[10]    1.500000    2.499526   -0.999526 (VIOLATED)
ANTENNA__4638__A0/DIODE                 1.500000    2.499513   -0.999513 (VIOLATED)
_4638_/A0                               1.500000    2.499476   -0.999476 (VIOLATED)
_4644_/A2                               1.500000    2.498801   -0.998801 (VIOLATED)
ANTENNA__4644__A2/DIODE                 1.500000    2.498398   -0.998398 (VIOLATED)
mprj.team_03_Wrapper.team_03_WB.instance_to_wrap/gpio_in[19]    1.500000    2.495187   -0.995187 (VIOLATED)
ANTENNA_mprj.team_03_Wrapper.team_03_WB.instance_to_wrap_gpio_in[19]/DIODE    1.500000    2.494341   -0.994341 (VIOLATED)
ANTENNA_mprj.team_09_Wrapper.team_09_WB.instance_to_wrap_gpio_in[1]/DIODE    1.500000    2.494167   -0.994167 (VIOLATED)
mprj.team_09_Wrapper.team_09_WB.instance_to_wrap/gpio_in[1]    1.500000    2.493726   -0.993726 (VIOLATED)
ANTENNA_mprj.team_05_Wrapper.team_05_WB.instance_to_wrap_gpio_in[16]/DIODE    1.500000    2.487563   -0.987563 (VIOLATED)
mprj.team_05_Wrapper.team_05_WB.instance_to_wrap/gpio_in[16]    1.500000    2.487351   -0.987351 (VIOLATED)
ANTENNA_mprj.team_01_Wrapper.team_01_WB.instance_to_wrap_DAT_O[25]/DIODE    1.500000    2.485140   -0.985140 (VIOLATED)
mprj.team_01_Wrapper.team_01_WB.instance_to_wrap/DAT_O[25]    1.500000    2.485095   -0.985095 (VIOLATED)
ANTENNA_634/DIODE                       1.500000    2.483710   -0.983710 (VIOLATED)
_7583_/B                                1.500000    2.483705   -0.983705 (VIOLATED)
ANTENNA__7583__B/DIODE                  1.500000    2.483697   -0.983697 (VIOLATED)
hold758/X                               1.498918    2.481822   -0.982905 (VIOLATED)
load_slew668/A                          1.500000    2.482132   -0.982132 (VIOLATED)
ANTENNA_load_slew668_A/DIODE            1.500000    2.482121   -0.982121 (VIOLATED)
ANTENNA_hold758_X/DIODE                 1.500000    2.481830   -0.981830 (VIOLATED)
_7846_/A1                               1.500000    2.473132   -0.973132 (VIOLATED)
ANTENNA__7846__A1/DIODE                 1.500000    2.473034   -0.973034 (VIOLATED)
ANTENNA_mprj.team_01_Wrapper.team_01_WB.instance_to_wrap_ADR_O[14]/DIODE    1.500000    2.471918   -0.971918 (VIOLATED)
mprj.team_01_Wrapper.team_01_WB.instance_to_wrap/ADR_O[14]    1.500000    2.471856   -0.971856 (VIOLATED)
fanout275/A                             1.500000    2.470596   -0.970596 (VIOLATED)
ANTENNA_fanout275_A/DIODE               1.500000    2.470585   -0.970585 (VIOLATED)
ANTENNA_fanout278_A/DIODE               1.500000    2.469877   -0.969877 (VIOLATED)
fanout278/A                             1.500000    2.469875   -0.969875 (VIOLATED)
hold442/X                               1.498918    2.468580   -0.969662 (VIOLATED)
fanout276/A                             1.500000    2.469616   -0.969616 (VIOLATED)
ANTENNA_fanout276_A/DIODE               1.500000    2.469492   -0.969492 (VIOLATED)
ANTENNA_hold442_X/DIODE                 1.500000    2.468600   -0.968600 (VIOLATED)
_4513_/A2                               1.500000    2.463519   -0.963519 (VIOLATED)
ANTENNA__4513__A2/DIODE                 1.500000    2.463458   -0.963458 (VIOLATED)
ANTENNA__4507__A0/DIODE                 1.500000    2.463439   -0.963439 (VIOLATED)
_4507_/A0                               1.500000    2.463220   -0.963220 (VIOLATED)
mprj.team_05_Wrapper.team_05_WB.instance_to_wrap/gpio_in[31]    1.500000    2.463216   -0.963216 (VIOLATED)
_5320_/A                                1.500000    2.463095   -0.963095 (VIOLATED)
ANTENNA__5320__A/DIODE                  1.500000    2.463086   -0.963087 (VIOLATED)
ANTENNA_mprj.team_05_Wrapper.team_05_WB.instance_to_wrap_gpio_in[31]/DIODE    1.500000    2.462987   -0.962987 (VIOLATED)
ANTENNA__5125__B2/DIODE                 1.500000    2.462557   -0.962557 (VIOLATED)
_5162_/A0                               1.500000    2.462557   -0.962557 (VIOLATED)
_5125_/B2                               1.500000    2.462556   -0.962556 (VIOLATED)
ANTENNA__5162__A0/DIODE                 1.500000    2.462555   -0.962555 (VIOLATED)
_4925_/A1                               1.500000    2.462447   -0.962447 (VIOLATED)
ANTENNA__4925__A1/DIODE                 1.500000    2.462434   -0.962434 (VIOLATED)
hold287/X                               1.498918    2.461257   -0.962339 (VIOLATED)
mprj.team_12_Wrapper.team_12_WB.instance_to_wrap/gpio_in[7]    1.500000    2.462286   -0.962286 (VIOLATED)
ANTENNA_mprj.team_12_Wrapper.team_12_WB.instance_to_wrap_gpio_in[7]/DIODE    1.500000    2.462248   -0.962248 (VIOLATED)
ANTENNA_hold287_X/DIODE                 1.500000    2.462178   -0.962178 (VIOLATED)
ANTENNA_mprj.team_02_Wrapper.team_02_WB.instance_to_wrap_gpio_in[28]/DIODE    1.500000    2.460911   -0.960911 (VIOLATED)
mprj.team_02_Wrapper.team_02_WB.instance_to_wrap/gpio_in[28]    1.500000    2.457220   -0.957220 (VIOLATED)
_7771_/A1                               1.500000    2.456688   -0.956688 (VIOLATED)
ANTENNA__7771__A1/DIODE                 1.500000    2.456661   -0.956661 (VIOLATED)
mprj.team_03_Wrapper.team_03_WB.instance_to_wrap/gpio_in[26]    1.500000    2.453094   -0.953095 (VIOLATED)
ANTENNA_mprj.team_03_Wrapper.team_03_WB.instance_to_wrap_gpio_in[26]/DIODE    1.500000    2.452609   -0.952609 (VIOLATED)
ANTENNA_mprj.team_05_Wrapper.team_05_WB.instance_to_wrap_gpio_in[18]/DIODE    1.500000    2.448028   -0.948028 (VIOLATED)
mprj.team_05_Wrapper.team_05_WB.instance_to_wrap/gpio_in[18]    1.500000    2.447586   -0.947586 (VIOLATED)
mprj.team_08_Wrapper.team_08_WB.instance_to_wrap/gpio_in[22]    1.500000    2.435261   -0.935261 (VIOLATED)
ANTENNA_mprj.team_07_Wrapper.team_07_WB.instance_to_wrap_gpio_in[0]/DIODE    1.500000    2.434351   -0.934351 (VIOLATED)
mprj.team_07_Wrapper.team_07_WB.instance_to_wrap/gpio_in[0]    1.500000    2.434212   -0.934212 (VIOLATED)
ANTENNA_mprj.team_09_Wrapper.team_09_WB.instance_to_wrap_gpio_in[14]/DIODE    1.500000    2.430961   -0.930961 (VIOLATED)
mprj.team_09_Wrapper.team_09_WB.instance_to_wrap/gpio_in[14]    1.500000    2.430740   -0.930740 (VIOLATED)
ANTENNA_946/DIODE                       1.500000    2.430245   -0.930245 (VIOLATED)
_4322_/A0                               1.500000    2.429147   -0.929147 (VIOLATED)
ANTENNA__4322__A0/DIODE                 1.500000    2.429082   -0.929082 (VIOLATED)
ANTENNA_mprj.team_08_Wrapper.team_08_WB.instance_to_wrap_gpio_in[8]/DIODE    1.500000    2.428855   -0.928855 (VIOLATED)
mprj.team_08_Wrapper.team_08_WB.instance_to_wrap/gpio_in[8]    1.500000    2.428792   -0.928792 (VIOLATED)
ANTENNA__4328__A2/DIODE                 1.500000    2.428385   -0.928385 (VIOLATED)
_4328_/A2                               1.500000    2.428229   -0.928229 (VIOLATED)
ANTENNA_852/DIODE                       1.500000    2.426639   -0.926639 (VIOLATED)
mprj.team_11_Wrapper.team_11_WB.instance_to_wrap/gpio_in[3]    1.500000    2.424388   -0.924388 (VIOLATED)
ANTENNA__5962__A1/DIODE                 1.500000    2.422690   -0.922690 (VIOLATED)
_5962_/A1                               1.500000    2.422689   -0.922689 (VIOLATED)
ANTENNA__5965__A/DIODE                  1.500000    2.422682   -0.922682 (VIOLATED)
_5965_/A                                1.500000    2.422681   -0.922681 (VIOLATED)
ANTENNA_604/DIODE                       1.500000    2.422678   -0.922678 (VIOLATED)
ANTENNA__5982__B/DIODE                  1.500000    2.422642   -0.922642 (VIOLATED)
_5982_/B                                1.500000    2.422625   -0.922625 (VIOLATED)
ANTENNA__5989__B/DIODE                  1.500000    2.422510   -0.922510 (VIOLATED)
_5989_/B                                1.500000    2.422489   -0.922489 (VIOLATED)
hold29/X                                1.498918    2.421400   -0.922482 (VIOLATED)
ANTENNA__6055__B/DIODE                  1.500000    2.422346   -0.922346 (VIOLATED)
_6055_/B                                1.500000    2.422346   -0.922346 (VIOLATED)
ANTENNA_605/DIODE                       1.500000    2.422341   -0.922341 (VIOLATED)
ANTENNA_857/DIODE                       1.500000    2.422311   -0.922311 (VIOLATED)
ANTENNA_947/DIODE                       1.500000    2.422292   -0.922292 (VIOLATED)
_5996_/B                                1.500000    2.422252   -0.922252 (VIOLATED)
ANTENNA__5996__B/DIODE                  1.500000    2.422198   -0.922198 (VIOLATED)
ANTENNA_851/DIODE                       1.500000    2.422184   -0.922184 (VIOLATED)
_6067_/B                                1.500000    2.422164   -0.922164 (VIOLATED)
ANTENNA__6067__B/DIODE                  1.500000    2.422162   -0.922162 (VIOLATED)
ANTENNA__6074__B/DIODE                  1.500000    2.422140   -0.922140 (VIOLATED)
_6074_/B                                1.500000    2.422139   -0.922140 (VIOLATED)
ANTENNA__6026__A2/DIODE                 1.500000    2.422104   -0.922104 (VIOLATED)
_6026_/A2                               1.500000    2.422089   -0.922089 (VIOLATED)
_6001_/B1                               1.500000    2.422079   -0.922079 (VIOLATED)
ANTENNA__6001__B1/DIODE                 1.500000    2.422077   -0.922078 (VIOLATED)
ANTENNA_hold29_X/DIODE                  1.500000    2.421400   -0.921400 (VIOLATED)
ANTENNA__4103__A1/DIODE                 1.500000    2.417578   -0.917578 (VIOLATED)
_4103_/A1                               1.500000    2.417526   -0.917527 (VIOLATED)
_4088_/B                                1.500000    2.417331   -0.917330 (VIOLATED)
ANTENNA__4088__B/DIODE                  1.500000    2.416412   -0.916412 (VIOLATED)
_8074_/A1                               1.500000    2.415645   -0.915645 (VIOLATED)
ANTENNA__8074__A1/DIODE                 1.500000    2.415531   -0.915531 (VIOLATED)
_6273_/A1                               1.500000    2.414366   -0.914365 (VIOLATED)
ANTENNA__6273__A1/DIODE                 1.500000    2.414262   -0.914262 (VIOLATED)
mprj.team_10_Wrapper.team_10_WB.instance_to_wrap/gpio_in[27]    1.500000    2.414192   -0.914192 (VIOLATED)
ANTENNA_mprj.team_10_Wrapper.team_10_WB.instance_to_wrap_gpio_in[27]/DIODE    1.500000    2.414121   -0.914121 (VIOLATED)
_4284_/A0                               1.500000    2.409831   -0.909831 (VIOLATED)
ANTENNA__4284__A0/DIODE                 1.500000    2.409791   -0.909791 (VIOLATED)
ANTENNA__4290__A2/DIODE                 1.500000    2.409553   -0.909553 (VIOLATED)
_4290_/A2                               1.500000    2.409233   -0.909233 (VIOLATED)
mprj.team_06_Wrapper.team_06_WB.instance_to_wrap/gpio_in[29]    1.500000    2.406014   -0.906014 (VIOLATED)
ANTENNA_mprj.team_08_Wrapper.team_08_WB.instance_to_wrap_gpio_in[22]/DIODE    1.500000    2.406004   -0.906004 (VIOLATED)
mprj.team_11_Wrapper.team_11_WB.instance_to_wrap/gpio_in[0]    1.500000    2.404272   -0.904272 (VIOLATED)
ANTENNA_mprj.team_11_Wrapper.team_11_WB.instance_to_wrap_gpio_in[0]/DIODE    1.500000    2.404229   -0.904229 (VIOLATED)
ANTENNA_mprj.team_06_Wrapper.team_06_WB.instance_to_wrap_gpio_in[29]/DIODE    1.500000    2.395802   -0.895802 (VIOLATED)
ANTENNA_mprj.team_07_Wrapper.team_07_WB.instance_to_wrap_gpio_in[21]/DIODE    1.500000    2.391805   -0.891805 (VIOLATED)
mprj.team_07_Wrapper.team_07_WB.instance_to_wrap/gpio_in[21]    1.500000    2.391714   -0.891714 (VIOLATED)
ANTENNA_mprj.team_04_Wrapper.team_04_WB.instance_to_wrap_memory_size[5]/DIODE    1.500000    2.388898   -0.888898 (VIOLATED)
mprj.team_04_Wrapper.team_04_WB.instance_to_wrap/memory_size[5]    1.500000    2.388771   -0.888771 (VIOLATED)
ANTENNA_417/DIODE                       1.500000    2.386853   -0.886853 (VIOLATED)
ANTENNA_416/DIODE                       1.500000    2.386762   -0.886762 (VIOLATED)
hold1056/X                              1.498918    2.385378   -0.886460 (VIOLATED)
_7953_/A1                               1.500000    2.386423   -0.886423 (VIOLATED)
_8090_/A1                               1.500000    2.386404   -0.886404 (VIOLATED)
ANTENNA__7953__A1/DIODE                 1.500000    2.386306   -0.886306 (VIOLATED)
ANTENNA__8090__A1/DIODE                 1.500000    2.386278   -0.886278 (VIOLATED)
ANTENNA_mprj.team_02_Wrapper.team_02_WB.instance_to_wrap_gpio_in[27]/DIODE    1.500000    2.386140   -0.886141 (VIOLATED)
ANTENNA_hold1056_X/DIODE                1.500000    2.385436   -0.885436 (VIOLATED)
ANTENNA__7035__B2/DIODE                 1.500000    2.385389   -0.885389 (VIOLATED)
_7035_/B2                               1.500000    2.385389   -0.885389 (VIOLATED)
ANTENNA__5181__A1/DIODE                 1.500000    2.385388   -0.885388 (VIOLATED)
_5181_/A1                               1.500000    2.385387   -0.885388 (VIOLATED)
_7978_/A                                1.500000    2.377653   -0.877653 (VIOLATED)
ANTENNA_271/DIODE                       1.500000    2.377568   -0.877568 (VIOLATED)
ANTENNA__7978__A/DIODE                  1.500000    2.377542   -0.877542 (VIOLATED)
ANTENNA_272/DIODE                       1.500000    2.377494   -0.877494 (VIOLATED)
ANTENNA__4252__A0/DIODE                 1.500000    2.375326   -0.875327 (VIOLATED)
ANTENNA__4259__A2/DIODE                 1.500000    2.375308   -0.875308 (VIOLATED)
_4259_/A2                               1.500000    2.375238   -0.875238 (VIOLATED)
_4252_/A0                               1.500000    2.375070   -0.875070 (VIOLATED)
ANTENNA_mprj.team_08_Wrapper.team_08_WB.instance_to_wrap_gpio_in[25]/DIODE    1.500000    2.372084   -0.872084 (VIOLATED)
_4531_/A                                1.500000    2.371572   -0.871572 (VIOLATED)
ANTENNA__4531__A/DIODE                  1.500000    2.371569   -0.871569 (VIOLATED)
_4579_/A                                1.500000    2.371536   -0.871536 (VIOLATED)
ANTENNA__4579__A/DIODE                  1.500000    2.371491   -0.871491 (VIOLATED)
_4779_/B                                1.500000    2.371486   -0.871486 (VIOLATED)
ANTENNA__4779__B/DIODE                  1.500000    2.371419   -0.871419 (VIOLATED)
_4267_/B                                1.500000    2.371339   -0.871339 (VIOLATED)
ANTENNA__4267__B/DIODE                  1.500000    2.371282   -0.871282 (VIOLATED)
mprj.team_02_Wrapper.team_02_WB.instance_to_wrap/gpio_in[18]    1.500000    2.370615   -0.870614 (VIOLATED)
_4806_/A                                1.500000    2.370522   -0.870522 (VIOLATED)
ANTENNA_mprj.team_02_Wrapper.team_02_WB.instance_to_wrap_gpio_in[18]/DIODE    1.500000    2.370396   -0.870396 (VIOLATED)
ANTENNA__4806__A/DIODE                  1.500000    2.370356   -0.870357 (VIOLATED)
ANTENNA_mprj.team_11_Wrapper.team_11_WB.instance_to_wrap_gpio_in[3]/DIODE    1.500000    2.369473   -0.869473 (VIOLATED)
hold451/X                               1.498918    2.367778   -0.868860 (VIOLATED)
ANTENNA_hold451_X/DIODE                 1.500000    2.367806   -0.867806 (VIOLATED)
ANTENNA_mprj.team_01_Wrapper.team_01_WB.instance_to_wrap_gpio_in[26]/DIODE    1.500000    2.364264   -0.864264 (VIOLATED)
_4472_/A0                               1.500000    2.363526   -0.863526 (VIOLATED)
_4478_/A2                               1.500000    2.363503   -0.863504 (VIOLATED)
ANTENNA__4478__A2/DIODE                 1.500000    2.363494   -0.863494 (VIOLATED)
ANTENNA__4472__A0/DIODE                 1.500000    2.363473   -0.863473 (VIOLATED)
_4704_/S                                1.500000    2.360982   -0.860982 (VIOLATED)
ANTENNA__4704__S/DIODE                  1.500000    2.360969   -0.860969 (VIOLATED)
mprj.team_02_Wrapper.team_02_WB.instance_to_wrap/gpio_in[27]    1.500000    2.360919   -0.860920 (VIOLATED)
ANTENNA__4650__S/DIODE                  1.500000    2.360914   -0.860914 (VIOLATED)
ANTENNA_621/DIODE                       1.500000    2.360899   -0.860899 (VIOLATED)
_4650_/S                                1.500000    2.360894   -0.860894 (VIOLATED)
hold340/X                               1.498918    2.359626   -0.860708 (VIOLATED)
ANTENNA_mprj.team_01_Wrapper.team_01_WB.instance_to_wrap_ADR_O[18]/DIODE    1.500000    2.360464   -0.860464 (VIOLATED)
mprj.team_01_Wrapper.team_01_WB.instance_to_wrap/ADR_O[18]    1.500000    2.360372   -0.860372 (VIOLATED)
_4663_/S                                1.500000    2.360134   -0.860134 (VIOLATED)
ANTENNA__4663__S/DIODE                  1.500000    2.360129   -0.860129 (VIOLATED)
_4722_/S                                1.500000    2.360065   -0.860065 (VIOLATED)
ANTENNA__4722__S/DIODE                  1.500000    2.360038   -0.860038 (VIOLATED)
ANTENNA_hold340_X/DIODE                 1.500000    2.359676   -0.859676 (VIOLATED)
ANTENNA_fanout245_A/DIODE               1.500000    2.359648   -0.859648 (VIOLATED)
fanout245/A                             1.500000    2.359648   -0.859648 (VIOLATED)
_6499_/A1                               1.500000    2.358157   -0.858157 (VIOLATED)
ANTENNA_336/DIODE                       1.500000    2.358115   -0.858115 (VIOLATED)
ANTENNA_335/DIODE                       1.500000    2.358042   -0.858043 (VIOLATED)
ANTENNA__6499__A1/DIODE                 1.500000    2.357929   -0.857929 (VIOLATED)
mprj.team_08_Wrapper.team_08_WB.instance_to_wrap/gpio_in[25]    1.500000    2.356498   -0.856498 (VIOLATED)
ANTENNA__4426__A0/DIODE                 1.500000    2.355863   -0.855863 (VIOLATED)
_4426_/A0                               1.500000    2.355853   -0.855853 (VIOLATED)
_4432_/A2                               1.500000    2.355728   -0.855728 (VIOLATED)
ANTENNA__4432__A2/DIODE                 1.500000    2.355360   -0.855360 (VIOLATED)
load_slew782/A                          1.500000    2.355356   -0.855356 (VIOLATED)
_5037_/B1                               1.500000    2.354102   -0.854102 (VIOLATED)
ANTENNA__5037__B1/DIODE                 1.500000    2.354066   -0.854066 (VIOLATED)
ANTENNA__5031__A0/DIODE                 1.500000    2.353887   -0.853887 (VIOLATED)
_5031_/A0                               1.500000    2.353861   -0.853861 (VIOLATED)
_4308_/A0                               1.500000    2.353689   -0.853689 (VIOLATED)
ANTENNA__4308__A0/DIODE                 1.500000    2.353675   -0.853675 (VIOLATED)
_4314_/B1                               1.500000    2.353560   -0.853560 (VIOLATED)
ANTENNA_391/DIODE                       1.500000    2.353437   -0.853437 (VIOLATED)
ANTENNA_390/DIODE                       1.500000    2.353388   -0.853388 (VIOLATED)
ANTENNA_386/DIODE                       1.500000    2.353369   -0.853369 (VIOLATED)
ANTENNA_389/DIODE                       1.500000    2.353352   -0.853352 (VIOLATED)
ANTENNA_387/DIODE                       1.500000    2.353338   -0.853339 (VIOLATED)
ANTENNA_396/DIODE                       1.500000    2.353289   -0.853289 (VIOLATED)
ANTENNA__4314__B1/DIODE                 1.500000    2.353251   -0.853251 (VIOLATED)
ANTENNA_388/DIODE                       1.500000    2.353085   -0.853085 (VIOLATED)
ANTENNA_395/DIODE                       1.500000    2.352972   -0.852972 (VIOLATED)
_7935_/A1                               1.500000    2.352504   -0.852504 (VIOLATED)
ANTENNA_393/DIODE                       1.500000    2.352474   -0.852474 (VIOLATED)
ANTENNA_392/DIODE                       1.500000    2.352232   -0.852232 (VIOLATED)
ANTENNA_394/DIODE                       1.500000    2.351894   -0.851894 (VIOLATED)
ANTENNA__7935__A1/DIODE                 1.500000    2.351742   -0.851742 (VIOLATED)
ANTENNA_397/DIODE                       1.500000    2.350644   -0.850644 (VIOLATED)
mprj.team_01_Wrapper.team_01_WB.instance_to_wrap/gpio_in[26]    1.500000    2.349825   -0.849825 (VIOLATED)
ANTENNA_load_slew782_A/DIODE            1.500000    2.349512   -0.849512 (VIOLATED)
_7949_/A1                               1.500000    2.342971   -0.842971 (VIOLATED)
ANTENNA__7949__A1/DIODE                 1.500000    2.342949   -0.842949 (VIOLATED)
ANTENNA_mprj.team_01_Wrapper.team_01_WB.instance_to_wrap_WE_O/DIODE    1.500000    2.341795   -0.841795 (VIOLATED)
mprj.team_01_Wrapper.team_01_WB.instance_to_wrap/WE_O    1.500000    2.341749   -0.841749 (VIOLATED)
ANTENNA_mprj.team_03_Wrapper.team_03_WB.instance_to_wrap_ADR_O[5]/DIODE    1.500000    2.341185   -0.841185 (VIOLATED)
mprj.team_03_Wrapper.team_03_WB.instance_to_wrap/ADR_O[5]    1.500000    2.341140   -0.841140 (VIOLATED)
ANTENNA_806/DIODE                       1.500000    2.339960   -0.839960 (VIOLATED)
ANTENNA_804/DIODE                       1.500000    2.339940   -0.839940 (VIOLATED)
ANTENNA_803/DIODE                       1.500000    2.339656   -0.839656 (VIOLATED)
ANTENNA_mprj.team_08_Wrapper.team_08_WB.instance_to_wrap_gpio_out[27]/DIODE    1.500000    2.339503   -0.839503 (VIOLATED)
ANTENNA_799/DIODE                       1.500000    2.339338   -0.839338 (VIOLATED)
ANTENNA_797/DIODE                       1.500000    2.339337   -0.839337 (VIOLATED)
ANTENNA_798/DIODE                       1.500000    2.339338   -0.839338 (VIOLATED)
ANTENNA_800/DIODE                       1.500000    2.339338   -0.839338 (VIOLATED)
ANTENNA_801/DIODE                       1.500000    2.339338   -0.839338 (VIOLATED)
ANTENNA_802/DIODE                       1.500000    2.339339   -0.839339 (VIOLATED)
ANTENNA_805/DIODE                       1.500000    2.339338   -0.839338 (VIOLATED)
ANTENNA_796/DIODE                       1.500000    2.339329   -0.839329 (VIOLATED)
mprj.team_08_Wrapper.team_08_WB.instance_to_wrap/gpio_out[27]    1.500000    2.339289   -0.839289 (VIOLATED)
mprj.team_12_Wrapper.team_12_WB.instance_to_wrap/gpio_in[1]    1.500000    2.331851   -0.831851 (VIOLATED)
ANTENNA_mprj.team_12_Wrapper.team_12_WB.instance_to_wrap_gpio_in[1]/DIODE    1.500000    2.331774   -0.831774 (VIOLATED)
mprj.team_03_Wrapper.team_03_WB.instance_to_wrap/gpio_in[33]    1.500000    2.329096   -0.829096 (VIOLATED)
ANTENNA_mprj.team_03_Wrapper.team_03_WB.instance_to_wrap_gpio_in[33]/DIODE    1.500000    2.328952   -0.828952 (VIOLATED)
_4182_/A1                               1.500000    2.328449   -0.828449 (VIOLATED)
ANTENNA__4182__A1/DIODE                 1.500000    2.328436   -0.828436 (VIOLATED)
ANTENNA__4189__A2/DIODE                 1.500000    2.328336   -0.828336 (VIOLATED)
_4189_/A2                               1.500000    2.328307   -0.828307 (VIOLATED)
ANTENNA_mprj.team_05_Wrapper.team_05_WB.instance_to_wrap_gpio_out[8]/DIODE    1.500000    2.327049   -0.827050 (VIOLATED)
mprj.team_05_Wrapper.team_05_WB.instance_to_wrap/gpio_out[8]    1.500000    2.327049   -0.827050 (VIOLATED)
mprj.team_12_Wrapper.team_12_WB.instance_to_wrap/gpio_in[14]    1.500000    2.325533   -0.825533 (VIOLATED)
ANTENNA_mprj.team_12_Wrapper.team_12_WB.instance_to_wrap_gpio_in[14]/DIODE    1.500000    2.325438   -0.825438 (VIOLATED)
_6235_/A1                               1.500000    2.324314   -0.824314 (VIOLATED)
ANTENNA__6235__A1/DIODE                 1.500000    2.324107   -0.824107 (VIOLATED)
ANTENNA_mprj.team_01_Wrapper.team_01_WB.instance_to_wrap_ADR_O[5]/DIODE    1.500000    2.323169   -0.823169 (VIOLATED)
mprj.team_01_Wrapper.team_01_WB.instance_to_wrap/ADR_O[5]    1.500000    2.323139   -0.823139 (VIOLATED)
output123/A                             1.500000    2.321927   -0.821927 (VIOLATED)
ANTENNA_284/DIODE                       1.500000    2.321703   -0.821703 (VIOLATED)
_6561_/A1                               1.500000    2.321668   -0.821668 (VIOLATED)
ANTENNA__6561__A1/DIODE                 1.500000    2.321617   -0.821617 (VIOLATED)
ANTENNA_output123_A/DIODE               1.500000    2.321496   -0.821496 (VIOLATED)
ANTENNA_mprj.team_02_Wrapper.team_02_WB.instance_to_wrap_gpio_in[10]/DIODE    1.500000    2.319683   -0.819683 (VIOLATED)
ANTENNA_mprj.team_12_Wrapper.team_12_WB.instance_to_wrap_gpio_in[31]/DIODE    1.500000    2.316289   -0.816289 (VIOLATED)
mprj.team_12_Wrapper.team_12_WB.instance_to_wrap/gpio_in[31]    1.500000    2.316271   -0.816271 (VIOLATED)
mprj.team_04_Wrapper.team_04_WB.instance_to_wrap/gpio_in[20]    1.500000    2.309006   -0.809006 (VIOLATED)
ANTENNA_mprj.team_04_Wrapper.team_04_WB.instance_to_wrap_gpio_in[20]/DIODE    1.500000    2.308988   -0.808988 (VIOLATED)
_4352_/A2                               1.500000    2.306935   -0.806935 (VIOLATED)
ANTENNA__4352__A2/DIODE                 1.500000    2.306904   -0.806904 (VIOLATED)
_4346_/A1                               1.500000    2.306903   -0.806903 (VIOLATED)
ANTENNA__4346__A1/DIODE                 1.500000    2.306789   -0.806789 (VIOLATED)
mprj.team_02_Wrapper.team_02_WB.instance_to_wrap/gpio_in[10]    1.500000    2.305278   -0.805278 (VIOLATED)
_4963_/B                                1.500000    2.303225   -0.803225 (VIOLATED)
ANTENNA__4963__B/DIODE                  1.500000    2.303144   -0.803144 (VIOLATED)
_4097_/A1                               1.500000    2.302352   -0.802352 (VIOLATED)
ANTENNA__4097__A1/DIODE                 1.500000    2.302275   -0.802275 (VIOLATED)
ANTENNA__4088__A/DIODE                  1.500000    2.301588   -0.801588 (VIOLATED)
_4088_/A                                1.500000    2.301411   -0.801411 (VIOLATED)
hold860/X                               1.498918    2.299024   -0.800106 (VIOLATED)
ANTENNA__4467__A2/DIODE                 1.500000    2.299484   -0.799484 (VIOLATED)
ANTENNA__4461__A0/DIODE                 1.500000    2.299440   -0.799440 (VIOLATED)
_4467_/A2                               1.500000    2.299428   -0.799428 (VIOLATED)
_4461_/A0                               1.500000    2.299228   -0.799228 (VIOLATED)
ANTENNA_hold860_X/DIODE                 1.500000    2.299032   -0.799032 (VIOLATED)
mprj.team_06_Wrapper.team_06_WB.instance_to_wrap/gpio_in[8]    1.500000    2.298102   -0.798102 (VIOLATED)
_4618_/A2                               1.500000    2.297450   -0.797450 (VIOLATED)
ANTENNA__4618__A2/DIODE                 1.500000    2.297447   -0.797447 (VIOLATED)
ANTENNA__4612__A0/DIODE                 1.500000    2.297411   -0.797412 (VIOLATED)
_4612_/A0                               1.500000    2.297356   -0.797356 (VIOLATED)
ANTENNA_mprj.team_06_Wrapper.team_06_WB.instance_to_wrap_gpio_in[8]/DIODE    1.500000    2.296370   -0.796370 (VIOLATED)
_7883_/A1                               1.500000    2.295063   -0.795064 (VIOLATED)
ANTENNA__7883__A1/DIODE                 1.500000    2.294948   -0.794948 (VIOLATED)
ANTENNA__4339__A2/DIODE                 1.500000    2.289526   -0.789526 (VIOLATED)
_4339_/A2                               1.500000    2.289406   -0.789406 (VIOLATED)
_4437_/A0                               1.500000    2.289258   -0.789258 (VIOLATED)
ANTENNA__4437__A0/DIODE                 1.500000    2.289178   -0.789178 (VIOLATED)
_4333_/A0                               1.500000    2.289095   -0.789095 (VIOLATED)
ANTENNA__4443__A2/DIODE                 1.500000    2.288972   -0.788972 (VIOLATED)
ANTENNA__4333__A0/DIODE                 1.500000    2.288837   -0.788837 (VIOLATED)
_4443_/A2                               1.500000    2.288793   -0.788793 (VIOLATED)
ANTENNA_mprj.team_01_Wrapper.team_01_WB.instance_to_wrap_DAT_O[10]/DIODE    1.500000    2.284439   -0.784439 (VIOLATED)
mprj.team_01_Wrapper.team_01_WB.instance_to_wrap/DAT_O[10]    1.500000    2.284380   -0.784381 (VIOLATED)
mprj.team_03_Wrapper.team_03_WB.instance_to_wrap/gpio_in[20]    1.500000    2.282059   -0.782059 (VIOLATED)
ANTENNA_mprj.team_03_Wrapper.team_03_WB.instance_to_wrap_gpio_in[20]/DIODE    1.500000    2.282046   -0.782046 (VIOLATED)
_7592_/B                                1.500000    2.277658   -0.777658 (VIOLATED)
ANTENNA__7592__B/DIODE                  1.500000    2.277651   -0.777651 (VIOLATED)
ANTENNA_45/DIODE                        1.500000    2.277124   -0.777124 (VIOLATED)
ANTENNA__4850__A2/DIODE                 1.500000    2.277083   -0.777083 (VIOLATED)
_4850_/A2                               1.500000    2.277080   -0.777080 (VIOLATED)
ANTENNA__4844__A0/DIODE                 1.500000    2.277045   -0.777045 (VIOLATED)
hold587/X                               1.498918    2.275957   -0.777039 (VIOLATED)
_4844_/A0                               1.500000    2.277026   -0.777026 (VIOLATED)
ANTENNA_mprj.team_01_Wrapper.team_01_WB.instance_to_wrap_DAT_O[0]/DIODE    1.500000    2.276929   -0.776929 (VIOLATED)
mprj.team_01_Wrapper.team_01_WB.instance_to_wrap/DAT_O[0]    1.500000    2.276472   -0.776472 (VIOLATED)
max_cap659/A                            1.500000    2.276361   -0.776361 (VIOLATED)
ANTENNA_max_cap659_A/DIODE              1.500000    2.276344   -0.776344 (VIOLATED)
ANTENNA_hold587_X/DIODE                 1.500000    2.276003   -0.776003 (VIOLATED)
ANTENNA__7917__A/DIODE                  1.500000    2.275204   -0.775205 (VIOLATED)
_7917_/A                                1.500000    2.275183   -0.775183 (VIOLATED)
ANTENNA__4355__A0/DIODE                 1.500000    2.275029   -0.775029 (VIOLATED)
_4355_/A0                               1.500000    2.274983   -0.774983 (VIOLATED)
_4361_/A2                               1.500000    2.274890   -0.774890 (VIOLATED)
ANTENNA__4361__A2/DIODE                 1.500000    2.274886   -0.774886 (VIOLATED)
_6200_/A1                               1.500000    2.274851   -0.774851 (VIOLATED)
ANTENNA__6200__A1/DIODE                 1.500000    2.274771   -0.774772 (VIOLATED)
ANTENNA_mprj.team_08_Wrapper.team_08_WB.instance_to_wrap_gpio_in[26]/DIODE    1.500000    2.273622   -0.773622 (VIOLATED)
mprj.team_05_Wrapper.team_05_WB.instance_to_wrap/gpio_in[10]    1.500000    2.271597   -0.771597 (VIOLATED)
ANTENNA_mprj.team_05_Wrapper.team_05_WB.instance_to_wrap_gpio_in[10]/DIODE    1.500000    2.271505   -0.771505 (VIOLATED)
mprj.team_02_Wrapper.team_02_WB.instance_to_wrap/gpio_in[8]    1.500000    2.269125   -0.769125 (VIOLATED)
ANTENNA_mprj.team_02_Wrapper.team_02_WB.instance_to_wrap_gpio_in[8]/DIODE    1.500000    2.269105   -0.769105 (VIOLATED)
output129/A                             1.500000    2.268353   -0.768354 (VIOLATED)
ANTENNA_output129_A/DIODE               1.500000    2.268091   -0.768091 (VIOLATED)
ANTENNA_mprj.team_01_Wrapper.team_01_WB.instance_to_wrap_ADR_O[8]/DIODE    1.500000    2.267946   -0.767946 (VIOLATED)
mprj.team_01_Wrapper.team_01_WB.instance_to_wrap/ADR_O[8]    1.500000    2.267934   -0.767934 (VIOLATED)
ANTENNA_mprj.team_01_Wrapper.team_01_WB.instance_to_wrap_DAT_O[29]/DIODE    1.500000    2.264506   -0.764506 (VIOLATED)
mprj.team_01_Wrapper.team_01_WB.instance_to_wrap/DAT_O[29]    1.500000    2.264470   -0.764470 (VIOLATED)
ANTENNA__4985__A2/DIODE                 1.500000    2.264413   -0.764413 (VIOLATED)
_4985_/A2                               1.500000    2.264400   -0.764400 (VIOLATED)
ANTENNA__4979__A0/DIODE                 1.500000    2.264292   -0.764292 (VIOLATED)
_4979_/A0                               1.500000    2.264262   -0.764262 (VIOLATED)
_4723_/A0                               1.500000    2.261428   -0.761428 (VIOLATED)
ANTENNA__4723__A0/DIODE                 1.500000    2.261283   -0.761283 (VIOLATED)
ANTENNA__4729__A2/DIODE                 1.500000    2.261066   -0.761066 (VIOLATED)
_4729_/A2                               1.500000    2.260868   -0.760868 (VIOLATED)
ANTENNA_49/DIODE                        1.500000    2.260665   -0.760665 (VIOLATED)
mprj.team_04_Wrapper.team_04_WB.instance_to_wrap/gpio_in[18]    1.500000    2.258474   -0.758474 (VIOLATED)
ANTENNA_mprj.team_04_Wrapper.team_04_WB.instance_to_wrap_gpio_in[18]/DIODE    1.500000    2.258379   -0.758379 (VIOLATED)
mprj.team_08_Wrapper.team_08_WB.instance_to_wrap/gpio_in[26]    1.500000    2.256627   -0.756627 (VIOLATED)
ANTENNA__4367__A0/DIODE                 1.500000    2.252734   -0.752734 (VIOLATED)
_4373_/A2                               1.500000    2.252723   -0.752723 (VIOLATED)
ANTENNA__4373__A2/DIODE                 1.500000    2.252714   -0.752714 (VIOLATED)
_4367_/A0                               1.500000    2.252596   -0.752596 (VIOLATED)
_7812_/A1                               1.500000    2.252586   -0.752586 (VIOLATED)
ANTENNA__7812__A1/DIODE                 1.500000    2.252489   -0.752489 (VIOLATED)
ANTENNA_mprj.team_01_Wrapper.team_01_WB.instance_to_wrap_DAT_O[28]/DIODE    1.500000    2.252281   -0.752281 (VIOLATED)
mprj.team_01_Wrapper.team_01_WB.instance_to_wrap/DAT_O[28]    1.500000    2.252084   -0.752084 (VIOLATED)
ANTENNA_523/DIODE                       1.500000    2.245614   -0.745614 (VIOLATED)
ANTENNA_520/DIODE                       1.500000    2.245602   -0.745602 (VIOLATED)
ANTENNA_517/DIODE                       1.500000    2.245591   -0.745591 (VIOLATED)
ANTENNA_mprj.team_01_Wrapper.team_01_WB.instance_to_wrap_DAT_O[20]/DIODE    1.500000    2.245477   -0.745477 (VIOLATED)
ANTENNA_519/DIODE                       1.500000    2.245450   -0.745450 (VIOLATED)
mprj.team_01_Wrapper.team_01_WB.instance_to_wrap/DAT_O[20]    1.500000    2.245348   -0.745348 (VIOLATED)
ANTENNA_522/DIODE                       1.500000    2.245288   -0.745288 (VIOLATED)
_4378_/A1                               1.500000    2.245243   -0.745243 (VIOLATED)
ANTENNA__4378__A1/DIODE                 1.500000    2.245205   -0.745205 (VIOLATED)
ANTENNA_525/DIODE                       1.500000    2.245087   -0.745087 (VIOLATED)
ANTENNA_127/DIODE                       1.500000    2.244982   -0.744983 (VIOLATED)
ANTENNA_518/DIODE                       1.500000    2.244904   -0.744904 (VIOLATED)
ANTENNA_515/DIODE                       1.500000    2.244876   -0.744876 (VIOLATED)
ANTENNA_516/DIODE                       1.500000    2.244694   -0.744694 (VIOLATED)
ANTENNA_521/DIODE                       1.500000    2.244562   -0.744562 (VIOLATED)
ANTENNA_524/DIODE                       1.500000    2.244463   -0.744463 (VIOLATED)
ANTENNA_mprj.team_02_Wrapper.team_02_WB.instance_to_wrap_gpio_out[7]/DIODE    1.500000    2.243979   -0.743978 (VIOLATED)
mprj.team_02_Wrapper.team_02_WB.instance_to_wrap/gpio_out[7]    1.500000    2.243976   -0.743976 (VIOLATED)
ANTENNA__4517__A0/DIODE                 1.500000    2.242150   -0.742150 (VIOLATED)
_4517_/A0                               1.500000    2.242139   -0.742139 (VIOLATED)
_4523_/A2                               1.500000    2.241967   -0.741967 (VIOLATED)
_7867_/A1                               1.500000    2.241859   -0.741859 (VIOLATED)
ANTENNA__4523__A2/DIODE                 1.500000    2.241822   -0.741822 (VIOLATED)
ANTENNA__7867__A1/DIODE                 1.500000    2.241767   -0.741767 (VIOLATED)
ANTENNA_mprj.team_09_Wrapper.team_09_WB.instance_to_wrap_gpio_in[8]/DIODE    1.500000    2.239979   -0.739979 (VIOLATED)
_4734_/B                                1.500000    2.239936   -0.739936 (VIOLATED)
mprj.team_09_Wrapper.team_09_WB.instance_to_wrap/gpio_in[8]    1.500000    2.239863   -0.739863 (VIOLATED)
ANTENNA__4734__B/DIODE                  1.500000    2.239842   -0.739842 (VIOLATED)
output165/A                             1.500000    2.239690   -0.739690 (VIOLATED)
ANTENNA_output165_A/DIODE               1.500000    2.239538   -0.739538 (VIOLATED)
ANTENNA_mprj.team_01_Wrapper.team_01_WB.instance_to_wrap_DAT_O[8]/DIODE    1.500000    2.238955   -0.738956 (VIOLATED)
mprj.team_01_Wrapper.team_01_WB.instance_to_wrap/DAT_O[8]    1.500000    2.238919   -0.738919 (VIOLATED)
ANTENNA_mprj.team_01_Wrapper.team_01_WB.instance_to_wrap_gpio_in[19]/DIODE    1.500000    2.237309   -0.737309 (VIOLATED)
hold853/X                               1.498918    2.235384   -0.736466 (VIOLATED)
ANTENNA_hold853_X/DIODE                 1.500000    2.235391   -0.735392 (VIOLATED)
hold791/X                               1.498918    2.234225   -0.735307 (VIOLATED)
ANTENNA_fanout605_A/DIODE               1.500000    2.234375   -0.734375 (VIOLATED)
fanout605/A                             1.500000    2.234375   -0.734375 (VIOLATED)
_4073_/A                                1.500000    2.234303   -0.734303 (VIOLATED)
ANTENNA__4073__A/DIODE                  1.500000    2.234301   -0.734301 (VIOLATED)
_4103_/C1                               1.500000    2.234256   -0.734256 (VIOLATED)
ANTENNA__4103__C1/DIODE                 1.500000    2.234255   -0.734255 (VIOLATED)
_4097_/C1                               1.500000    2.234253   -0.734253 (VIOLATED)
ANTENNA__4097__C1/DIODE                 1.500000    2.234252   -0.734252 (VIOLATED)
ANTENNA_hold791_X/DIODE                 1.500000    2.234229   -0.734229 (VIOLATED)
ANTENNA__7431__B1/DIODE                 1.500000    2.234225   -0.734225 (VIOLATED)
_7431_/B1                               1.500000    2.234225   -0.734225 (VIOLATED)
hold1411/X                              1.498918    2.231232   -0.732314 (VIOLATED)
ANTENNA_mprj.team_04_Wrapper.team_04_WB.instance_to_wrap_mem_adr_start[0]/DIODE    1.500000    2.231851   -0.731851 (VIOLATED)
mprj.team_04_Wrapper.team_04_WB.instance_to_wrap/mem_adr_start[0]    1.500000    2.231823   -0.731823 (VIOLATED)
ANTENNA_278/DIODE                       1.500000    2.231661   -0.731661 (VIOLATED)
ANTENNA_277/DIODE                       1.500000    2.231650   -0.731650 (VIOLATED)
ANTENNA__6540__A/DIODE                  1.500000    2.231426   -0.731426 (VIOLATED)
_6540_/A                                1.500000    2.231382   -0.731382 (VIOLATED)
ANTENNA_hold1411_X/DIODE                1.500000    2.231232   -0.731232 (VIOLATED)
ANTENNA_mprj.team_03_Wrapper.team_03_WB.instance_to_wrap_ADR_O[27]/DIODE    1.500000    2.229619   -0.729619 (VIOLATED)
mprj.team_03_Wrapper.team_03_WB.instance_to_wrap/ADR_O[27]    1.500000    2.229619   -0.729619 (VIOLATED)
ANTENNA_122/DIODE                       1.500000    2.229122   -0.729122 (VIOLATED)
ANTENNA_mprj.team_01_Wrapper.team_01_WB.instance_to_wrap_ADR_O[29]/DIODE    1.500000    2.228940   -0.728940 (VIOLATED)
mprj.team_01_Wrapper.team_01_WB.instance_to_wrap/ADR_O[29]    1.500000    2.228922   -0.728922 (VIOLATED)
_6232_/A                                1.500000    2.228626   -0.728626 (VIOLATED)
ANTENNA_120/DIODE                       1.500000    2.228427   -0.728427 (VIOLATED)
ANTENNA__6232__A/DIODE                  1.500000    2.228147   -0.728147 (VIOLATED)
ANTENNA_mprj.team_01_Wrapper.team_01_WB.instance_to_wrap_ADR_O[25]/DIODE    1.500000    2.224895   -0.724895 (VIOLATED)
mprj.team_01_Wrapper.team_01_WB.instance_to_wrap/ADR_O[25]    1.500000    2.224840   -0.724840 (VIOLATED)
ANTENNA_mprj.team_03_Wrapper.team_03_WB.instance_to_wrap_ADR_O[14]/DIODE    1.500000    2.220858   -0.720858 (VIOLATED)
mprj.team_03_Wrapper.team_03_WB.instance_to_wrap/ADR_O[14]    1.500000    2.220835   -0.720835 (VIOLATED)
_6339_/A                                1.500000    2.220362   -0.720362 (VIOLATED)
ANTENNA__6339__A/DIODE                  1.500000    2.220277   -0.720277 (VIOLATED)
_7628_/B                                1.500000    2.219410   -0.719410 (VIOLATED)
ANTENNA__7628__B/DIODE                  1.500000    2.219313   -0.719313 (VIOLATED)
mprj.team_01_Wrapper.team_01_WB.instance_to_wrap/gpio_in[19]    1.500000    2.218844   -0.718844 (VIOLATED)
_4317_/A2                               1.500000    2.214923   -0.714924 (VIOLATED)
ANTENNA__4317__A2/DIODE                 1.500000    2.214835   -0.714835 (VIOLATED)
_4310_/A1                               1.500000    2.214815   -0.714815 (VIOLATED)
ANTENNA__4310__A1/DIODE                 1.500000    2.214788   -0.714788 (VIOLATED)
_4384_/A2                               1.500000    2.211784   -0.711784 (VIOLATED)
ANTENNA__4384__A2/DIODE                 1.500000    2.211684   -0.711684 (VIOLATED)
_4378_/A0                               1.500000    2.211492   -0.711492 (VIOLATED)
ANTENNA__4378__A0/DIODE                 1.500000    2.211392   -0.711393 (VIOLATED)
ANTENNA_643/DIODE                       1.500000    2.204554   -0.704554 (VIOLATED)
_7585_/B                                1.500000    2.204551   -0.704551 (VIOLATED)
ANTENNA__7585__B/DIODE                  1.500000    2.204544   -0.704544 (VIOLATED)
hold1028/X                              1.498918    2.203345   -0.704427 (VIOLATED)
load_slew666/A                          1.500000    2.204369   -0.704369 (VIOLATED)
ANTENNA_load_slew666_A/DIODE            1.500000    2.204356   -0.704356 (VIOLATED)
ANTENNA__7564__B/DIODE                  1.500000    2.204049   -0.704049 (VIOLATED)
ANTENNA_hold1028_X/DIODE                1.500000    2.203345   -0.703345 (VIOLATED)
_7564_/B                                1.500000    2.202976   -0.702976 (VIOLATED)
ANTENNA_mprj.team_05_Wrapper.team_05_WB.instance_to_wrap_gpio_in[8]/DIODE    1.500000    2.201885   -0.701885 (VIOLATED)
mprj.team_05_Wrapper.team_05_WB.instance_to_wrap/gpio_in[8]    1.500000    2.201620   -0.701620 (VIOLATED)
ANTENNA_mprj.team_05_Wrapper.team_05_WB.instance_to_wrap_gpio_out[5]/DIODE    1.500000    2.200794   -0.700795 (VIOLATED)
mprj.team_05_Wrapper.team_05_WB.instance_to_wrap/gpio_out[5]    1.500000    2.200775   -0.700775 (VIOLATED)
ANTENNA_mprj.team_10_Wrapper.team_10_WB.instance_to_wrap_gpio_in[0]/DIODE    1.500000    2.197905   -0.697905 (VIOLATED)
mprj.team_10_Wrapper.team_10_WB.instance_to_wrap/gpio_in[0]    1.500000    2.197705   -0.697705 (VIOLATED)
mprj.team_02_Wrapper.team_02_WB.instance_to_wrap/gpio_in[16]    1.500000    2.196252   -0.696252 (VIOLATED)
ANTENNA_mprj.team_02_Wrapper.team_02_WB.instance_to_wrap_gpio_in[16]/DIODE    1.500000    2.195864   -0.695864 (VIOLATED)
mprj.team_04_Wrapper.team_04_WB.instance_to_wrap/gpio_in[4]    1.500000    2.191701   -0.691701 (VIOLATED)
_6692_/X                                1.497633    2.189102   -0.691469 (VIOLATED)
ANTENNA_mprj.team_11_Wrapper.team_11_WB.instance_to_wrap_gpio_in[25]/DIODE    1.500000    2.190916   -0.690916 (VIOLATED)
mprj.team_11_Wrapper.team_11_WB.instance_to_wrap/gpio_in[25]    1.500000    2.190733   -0.690733 (VIOLATED)
ANTENNA_mprj.team_01_Wrapper.team_01_WB.instance_to_wrap_ADR_O[23]/DIODE    1.500000    2.190730   -0.690730 (VIOLATED)
mprj.team_01_Wrapper.team_01_WB.instance_to_wrap/ADR_O[23]    1.500000    2.190661   -0.690661 (VIOLATED)
ANTENNA__6692__X/DIODE                  1.500000    2.189165   -0.689165 (VIOLATED)
ANTENNA_273/DIODE                       1.500000    2.185523   -0.685523 (VIOLATED)
_8008_/A1                               1.500000    2.185489   -0.685489 (VIOLATED)
ANTENNA__8008__A1/DIODE                 1.500000    2.185423   -0.685423 (VIOLATED)
mprj.team_04_Wrapper.team_04_WB.instance_to_wrap/gpio_in[14]    1.500000    2.180086   -0.680086 (VIOLATED)
_6472_/A1                               1.500000    2.178609   -0.678609 (VIOLATED)
ANTENNA_334/DIODE                       1.500000    2.178593   -0.678593 (VIOLATED)
ANTENNA__6472__A1/DIODE                 1.500000    2.178525   -0.678525 (VIOLATED)
_4678_/A0                               1.500000    2.177361   -0.677361 (VIOLATED)
ANTENNA__4678__A0/DIODE                 1.500000    2.177341   -0.677342 (VIOLATED)
_4684_/A2                               1.500000    2.177337   -0.677338 (VIOLATED)
ANTENNA__4684__A2/DIODE                 1.500000    2.177311   -0.677311 (VIOLATED)
ANTENNA_mprj.team_06_Wrapper.team_06_WB.instance_to_wrap_gpio_oeb[13]/DIODE    1.500000    2.173467   -0.673467 (VIOLATED)
mprj.team_06_Wrapper.team_06_WB.instance_to_wrap/gpio_oeb[13]    1.500000    2.173456   -0.673456 (VIOLATED)
ANTENNA_mprj.team_01_Wrapper.team_01_WB.instance_to_wrap_ADR_O[20]/DIODE    1.500000    2.173046   -0.673046 (VIOLATED)
mprj.team_01_Wrapper.team_01_WB.instance_to_wrap/ADR_O[20]    1.500000    2.172990   -0.672990 (VIOLATED)
_4197_/A2                               1.500000    2.172630   -0.672630 (VIOLATED)
ANTENNA__4197__A2/DIODE                 1.500000    2.172596   -0.672596 (VIOLATED)
ANTENNA__4191__A0/DIODE                 1.500000    2.172568   -0.672568 (VIOLATED)
_4191_/A0                               1.500000    2.172519   -0.672519 (VIOLATED)
_7905_/A1                               1.500000    2.171678   -0.671678 (VIOLATED)
ANTENNA__7905__A1/DIODE                 1.500000    2.171603   -0.671603 (VIOLATED)
ANTENNA_mprj.team_08_Wrapper.team_08_WB.instance_to_wrap_gpio_in[20]/DIODE    1.500000    2.170354   -0.670354 (VIOLATED)
mprj.team_01_Wrapper.team_01_WB.instance_to_wrap/gpio_in[0]    1.500000    2.169250   -0.669250 (VIOLATED)
ANTENNA_mprj.team_01_Wrapper.team_01_WB.instance_to_wrap_gpio_in[0]/DIODE    1.500000    2.169215   -0.669215 (VIOLATED)
ANTENNA_mprj.team_06_Wrapper.team_06_WB.instance_to_wrap_gpio_oeb[6]/DIODE    1.500000    2.168519   -0.668519 (VIOLATED)
mprj.team_06_Wrapper.team_06_WB.instance_to_wrap/gpio_oeb[6]    1.500000    2.168508   -0.668508 (VIOLATED)
ANTENNA_276/DIODE                       1.500000    2.168327   -0.668327 (VIOLATED)
ANTENNA__6504__A/DIODE                  1.500000    2.167972   -0.667972 (VIOLATED)
_6504_/A                                1.500000    2.167811   -0.667811 (VIOLATED)
ANTENNA_274/DIODE                       1.500000    2.167716   -0.667716 (VIOLATED)
mprj.team_10_Wrapper.team_10_WB.instance_to_wrap/en    1.500000    2.167617   -0.667617 (VIOLATED)
ANTENNA_mprj.team_10_Wrapper.team_10_WB.instance_to_wrap_en/DIODE    1.500000    2.167435   -0.667435 (VIOLATED)
ANTENNA_312/DIODE                       1.500000    2.167127   -0.667127 (VIOLATED)
ANTENNA_mprj.team_01_Wrapper.team_01_WB.instance_to_wrap_gpio_in[20]/DIODE    1.500000    2.166846   -0.666846 (VIOLATED)
mprj.team_01_Wrapper.team_01_WB.instance_to_wrap/gpio_in[20]    1.500000    2.166717   -0.666717 (VIOLATED)
ANTENNA__8079__A1/DIODE                 1.500000    2.166170   -0.666170 (VIOLATED)
ANTENNA_301/DIODE                       1.500000    2.165957   -0.665957 (VIOLATED)
ANTENNA_297/DIODE                       1.500000    2.165905   -0.665905 (VIOLATED)
ANTENNA_302/DIODE                       1.500000    2.165877   -0.665877 (VIOLATED)
ANTENNA_310/DIODE                       1.500000    2.165823   -0.665823 (VIOLATED)
_8079_/A1                               1.500000    2.165794   -0.665794 (VIOLATED)
mprj.team_10_Wrapper.team_10_WB.instance_to_wrap/gpio_in[21]    1.500000    2.165780   -0.665780 (VIOLATED)
ANTENNA_mprj.team_01_Wrapper.team_01_WB.instance_to_wrap_DAT_O[5]/DIODE    1.500000    2.165730   -0.665729 (VIOLATED)
mprj.team_01_Wrapper.team_01_WB.instance_to_wrap/DAT_O[5]    1.500000    2.165730   -0.665729 (VIOLATED)
ANTENNA_298/DIODE                       1.500000    2.165708   -0.665708 (VIOLATED)
ANTENNA_299/DIODE                       1.500000    2.165690   -0.665690 (VIOLATED)
ANTENNA_300/DIODE                       1.500000    2.165607   -0.665607 (VIOLATED)
ANTENNA_308/DIODE                       1.500000    2.165598   -0.665599 (VIOLATED)
ANTENNA_309/DIODE                       1.500000    2.165517   -0.665517 (VIOLATED)
ANTENNA_305/DIODE                       1.500000    2.165432   -0.665432 (VIOLATED)
ANTENNA_307/DIODE                       1.500000    2.165319   -0.665319 (VIOLATED)
ANTENNA_306/DIODE                       1.500000    2.164056   -0.664056 (VIOLATED)
output119/A                             1.500000    2.163950   -0.663950 (VIOLATED)
ANTENNA_output119_A/DIODE               1.500000    2.163571   -0.663571 (VIOLATED)
ANTENNA_mprj.team_11_Wrapper.team_11_WB.instance_to_wrap_gpio_in[22]/DIODE    1.500000    2.161527   -0.661527 (VIOLATED)
ANTENNA_mprj.team_01_Wrapper.team_01_WB.instance_to_wrap_ADR_O[2]/DIODE    1.500000    2.161451   -0.661451 (VIOLATED)
mprj.team_01_Wrapper.team_01_WB.instance_to_wrap/ADR_O[2]    1.500000    2.161415   -0.661415 (VIOLATED)
mprj.team_11_Wrapper.team_11_WB.instance_to_wrap/gpio_in[22]    1.500000    2.161380   -0.661380 (VIOLATED)
ANTENNA_mprj.team_05_Wrapper.team_05_WB.instance_to_wrap_gpio_in[17]/DIODE    1.500000    2.160322   -0.660322 (VIOLATED)
mprj.team_05_Wrapper.team_05_WB.instance_to_wrap/gpio_in[17]    1.500000    2.159975   -0.659975 (VIOLATED)
ANTENNA_mprj.team_04_Wrapper.team_04_WB.instance_to_wrap_gpio_in[4]/DIODE    1.500000    2.159375   -0.659375 (VIOLATED)
ANTENNA_303/DIODE                       1.500000    2.157844   -0.657844 (VIOLATED)
_8089_/A1                               1.500000    2.157168   -0.657168 (VIOLATED)
ANTENNA__8089__A1/DIODE                 1.500000    2.157110   -0.657111 (VIOLATED)
ANTENNA_402/DIODE                       1.500000    2.156409   -0.656409 (VIOLATED)
ANTENNA_403/DIODE                       1.500000    2.156376   -0.656377 (VIOLATED)
ANTENNA_404/DIODE                       1.500000    2.156177   -0.656177 (VIOLATED)
_6201_/A1                               1.500000    2.156024   -0.656024 (VIOLATED)
ANTENNA_mprj.team_10_Wrapper.team_10_WB.instance_to_wrap_gpio_in[21]/DIODE    1.500000    2.155918   -0.655918 (VIOLATED)
ANTENNA__6201__A1/DIODE                 1.500000    2.155442   -0.655442 (VIOLATED)
ANTENNA_304/DIODE                       1.500000    2.154892   -0.654892 (VIOLATED)
ANTENNA_mprj.team_01_Wrapper.team_01_WB.instance_to_wrap_ADR_O[11]/DIODE    1.500000    2.154864   -0.654864 (VIOLATED)
ANTENNA__6383__X/DIODE                  1.500000    2.154729   -0.654729 (VIOLATED)
mprj.team_01_Wrapper.team_01_WB.instance_to_wrap/ADR_O[11]    1.500000    2.154583   -0.654583 (VIOLATED)
_6383_/X                                1.500000    2.154366   -0.654366 (VIOLATED)
_4101_/A1                               1.500000    2.154133   -0.654133 (VIOLATED)
ANTENNA__4101__A1/DIODE                 1.500000    2.154048   -0.654049 (VIOLATED)
ANTENNA__4092__A/DIODE                  1.500000    2.153520   -0.653520 (VIOLATED)
_4092_/A                                1.500000    2.153515   -0.653515 (VIOLATED)
ANTENNA_311/DIODE                       1.500000    2.153311   -0.653312 (VIOLATED)
_4091_/A                                1.500000    2.153220   -0.653220 (VIOLATED)
ANTENNA__4091__A/DIODE                  1.500000    2.153157   -0.653158 (VIOLATED)
mprj.team_08_Wrapper.team_08_WB.instance_to_wrap/gpio_in[20]    1.500000    2.151616   -0.651616 (VIOLATED)
_4193_/A1                               1.500000    2.151313   -0.651313 (VIOLATED)
ANTENNA__4193__A1/DIODE                 1.500000    2.151248   -0.651248 (VIOLATED)
ANTENNA__4199__A2/DIODE                 1.500000    2.151199   -0.651199 (VIOLATED)
ANTENNA_mprj.team_01_Wrapper.team_01_WB.instance_to_wrap_ADR_O[0]/DIODE    1.500000    2.151171   -0.651171 (VIOLATED)
mprj.team_01_Wrapper.team_01_WB.instance_to_wrap/ADR_O[0]    1.500000    2.151171   -0.651171 (VIOLATED)
_4199_/A2                               1.500000    2.151109   -0.651109 (VIOLATED)
ANTENNA_mprj.team_07_Wrapper.team_07_WB.instance_to_wrap_gpio_in[19]/DIODE    1.500000    2.151006   -0.651007 (VIOLATED)
ANTENNA__4751__A1/DIODE                 1.500000    2.150993   -0.650994 (VIOLATED)
_4751_/A1                               1.500000    2.150948   -0.650948 (VIOLATED)
mprj.team_07_Wrapper.team_07_WB.instance_to_wrap/gpio_in[19]    1.500000    2.150885   -0.650885 (VIOLATED)
_4757_/A2                               1.500000    2.150851   -0.650851 (VIOLATED)
ANTENNA__4757__A2/DIODE                 1.500000    2.150776   -0.650776 (VIOLATED)
ANTENNA_319/DIODE                       1.500000    2.148762   -0.648762 (VIOLATED)
ANTENNA_mprj.team_01_Wrapper.team_01_WB.instance_to_wrap_ADR_O[26]/DIODE    1.500000    2.148733   -0.648733 (VIOLATED)
ANTENNA_322/DIODE                       1.500000    2.148709   -0.648709 (VIOLATED)
mprj.team_01_Wrapper.team_01_WB.instance_to_wrap/ADR_O[26]    1.500000    2.148699   -0.648699 (VIOLATED)
ANTENNA_mprj.team_04_Wrapper.team_04_WB.instance_to_wrap_gpio_in[3]/DIODE    1.500000    2.148674   -0.648674 (VIOLATED)
ANTENNA_328/DIODE                       1.500000    2.148659   -0.648659 (VIOLATED)
ANTENNA_329/DIODE                       1.500000    2.148540   -0.648540 (VIOLATED)
ANTENNA_326/DIODE                       1.500000    2.148318   -0.648318 (VIOLATED)
ANTENNA_321/DIODE                       1.500000    2.148075   -0.648075 (VIOLATED)
ANTENNA__4225__A0/DIODE                 1.500000    2.148049   -0.648049 (VIOLATED)
_4225_/A0                               1.500000    2.148049   -0.648049 (VIOLATED)
ANTENNA_320/DIODE                       1.500000    2.148025   -0.648025 (VIOLATED)
ANTENNA_318/DIODE                       1.500000    2.148018   -0.648018 (VIOLATED)
ANTENNA__4231__A2/DIODE                 1.500000    2.147969   -0.647969 (VIOLATED)
_4231_/A2                               1.500000    2.147855   -0.647855 (VIOLATED)
ANTENNA_327/DIODE                       1.500000    2.147352   -0.647352 (VIOLATED)
ANTENNA_324/DIODE                       1.500000    2.146579   -0.646579 (VIOLATED)
_6220_/A1                               1.500000    2.146478   -0.646478 (VIOLATED)
ANTENNA_325/DIODE                       1.500000    2.146408   -0.646408 (VIOLATED)
ANTENNA__6220__A1/DIODE                 1.500000    2.146345   -0.646345 (VIOLATED)
ANTENNA_323/DIODE                       1.500000    2.146202   -0.646202 (VIOLATED)
ANTENNA_330/DIODE                       1.500000    2.144995   -0.644995 (VIOLATED)
ANTENNA_331/DIODE                       1.500000    2.143697   -0.643697 (VIOLATED)
ANTENNA_mprj.team_04_Wrapper.team_04_WB.instance_to_wrap_gpio_in[14]/DIODE    1.500000    2.143670   -0.643670 (VIOLATED)
mprj.team_07_Wrapper.team_07_WB.instance_to_wrap/gpio_in[29]    1.500000    2.143498   -0.643498 (VIOLATED)
ANTENNA_mprj.team_07_Wrapper.team_07_WB.instance_to_wrap_gpio_in[29]/DIODE    1.500000    2.143432   -0.643432 (VIOLATED)
mprj.team_07_Wrapper.team_07_WB.instance_to_wrap/gpio_in[25]    1.500000    2.143429   -0.643429 (VIOLATED)
ANTENNA_mprj.team_07_Wrapper.team_07_WB.instance_to_wrap_gpio_in[25]/DIODE    1.500000    2.143308   -0.643308 (VIOLATED)
_5047_/A1                               1.500000    2.142268   -0.642268 (VIOLATED)
ANTENNA__5047__A1/DIODE                 1.500000    2.142262   -0.642262 (VIOLATED)
_5054_/A2                               1.500000    2.142137   -0.642137 (VIOLATED)
ANTENNA__5054__A2/DIODE                 1.500000    2.142128   -0.642128 (VIOLATED)
ANTENNA_mprj.team_07_Wrapper.team_07_WB.instance_to_wrap_nrst/DIODE    1.500000    2.141000   -0.641000 (VIOLATED)
mprj.team_07_Wrapper.team_07_WB.instance_to_wrap/nrst    1.500000    2.140928   -0.640928 (VIOLATED)
_8093_/A1                               1.500000    2.138583   -0.638583 (VIOLATED)
ANTENNA_401/DIODE                       1.500000    2.138547   -0.638547 (VIOLATED)
ANTENNA__8093__A1/DIODE                 1.500000    2.138395   -0.638395 (VIOLATED)
ANTENNA__4692__A0/DIODE                 1.500000    2.134135   -0.634135 (VIOLATED)
_4692_/A0                               1.500000    2.134071   -0.634071 (VIOLATED)
ANTENNA__4698__A2/DIODE                 1.500000    2.133802   -0.633802 (VIOLATED)
_4698_/A2                               1.500000    2.133713   -0.633713 (VIOLATED)
ANTENNA_51/DIODE                        1.500000    2.133432   -0.633432 (VIOLATED)
mprj.team_04_Wrapper.team_04_WB.instance_to_wrap/gpio_in[3]    1.500000    2.133240   -0.633240 (VIOLATED)
ANTENNA_mprj.team_06_Wrapper.team_06_WB.instance_to_wrap_gpio_out[22]/DIODE    1.500000    2.132728   -0.632728 (VIOLATED)
mprj.team_06_Wrapper.team_06_WB.instance_to_wrap/gpio_out[22]    1.500000    2.132716   -0.632716 (VIOLATED)
_8018_/A1                               1.500000    2.127721   -0.627721 (VIOLATED)
ANTENNA__8018__A1/DIODE                 1.500000    2.127599   -0.627599 (VIOLATED)
mprj.team_04_Wrapper.team_04_WB.instance_to_wrap/gpio_in[10]    1.500000    2.127415   -0.627415 (VIOLATED)
output167/A                             1.500000    2.125291   -0.625291 (VIOLATED)
ANTENNA_output167_A/DIODE               1.500000    2.125140   -0.625140 (VIOLATED)
mprj.team_08_Wrapper.team_08_WB.instance_to_wrap/gpio_in[1]    1.500000    2.123445   -0.623445 (VIOLATED)
ANTENNA_mprj.team_08_Wrapper.team_08_WB.instance_to_wrap_gpio_in[1]/DIODE    1.500000    2.123142   -0.623142 (VIOLATED)
ANTENNA_mprj.team_11_Wrapper.team_11_WB.instance_to_wrap_gpio_in[29]/DIODE    1.500000    2.123078   -0.623078 (VIOLATED)
mprj.team_11_Wrapper.team_11_WB.instance_to_wrap/gpio_in[29]    1.500000    2.123028   -0.623028 (VIOLATED)
_6576_/A1                               1.500000    2.118066   -0.618066 (VIOLATED)
ANTENNA__6576__A1/DIODE                 1.500000    2.117927   -0.617927 (VIOLATED)
ANTENNA__6481__A/DIODE                  1.500000    2.113805   -0.613805 (VIOLATED)
_6481_/A                                1.500000    2.113771   -0.613771 (VIOLATED)
_7743_/A1                               1.500000    2.112832   -0.612832 (VIOLATED)
ANTENNA__7743__A1/DIODE                 1.500000    2.112827   -0.612827 (VIOLATED)
ANTENNA_mprj.team_09_Wrapper.team_09_WB.instance_to_wrap_gpio_in[9]/DIODE    1.500000    2.112727   -0.612727 (VIOLATED)
mprj.team_09_Wrapper.team_09_WB.instance_to_wrap/gpio_in[9]    1.500000    2.112610   -0.612610 (VIOLATED)
ANTENNA__4992__A0/DIODE                 1.500000    2.112223   -0.612223 (VIOLATED)
_4992_/A0                               1.500000    2.112221   -0.612221 (VIOLATED)
ANTENNA__4998__A2/DIODE                 1.500000    2.112180   -0.612180 (VIOLATED)
_4998_/A2                               1.500000    2.112106   -0.612106 (VIOLATED)
ANTENNA_mprj.team_12_Wrapper.team_12_WB.instance_to_wrap_gpio_in[8]/DIODE    1.500000    2.111646   -0.611646 (VIOLATED)
mprj.team_12_Wrapper.team_12_WB.instance_to_wrap/gpio_in[8]    1.500000    2.111607   -0.611607 (VIOLATED)
ANTENNA_mprj.team_05_Wrapper.team_05_WB.instance_to_wrap_gpio_out[9]/DIODE    1.500000    2.098401   -0.598401 (VIOLATED)
mprj.team_05_Wrapper.team_05_WB.instance_to_wrap/gpio_out[9]    1.500000    2.098282   -0.598282 (VIOLATED)
ANTENNA_mprj.team_02_Wrapper.team_02_WB.instance_to_wrap_gpio_out[12]/DIODE    1.500000    2.098194   -0.598194 (VIOLATED)
mprj.team_02_Wrapper.team_02_WB.instance_to_wrap/gpio_out[12]    1.500000    2.098107   -0.598107 (VIOLATED)
_4611_/A0                               1.500000    2.097078   -0.597078 (VIOLATED)
ANTENNA__4611__A0/DIODE                 1.500000    2.097070   -0.597070 (VIOLATED)
ANTENNA__5061__A1/DIODE                 1.500000    2.097054   -0.597055 (VIOLATED)
_5061_/A1                               1.500000    2.097053   -0.597053 (VIOLATED)
hold163/X                               1.498918    2.095577   -0.596658 (VIOLATED)
_5346_/A                                1.500000    2.096520   -0.596520 (VIOLATED)
ANTENNA__5346__A/DIODE                  1.500000    2.096440   -0.596440 (VIOLATED)
mprj.team_08_Wrapper.team_08_WB.instance_to_wrap/gpio_in[2]    1.500000    2.096147   -0.596147 (VIOLATED)
ANTENNA_mprj.team_08_Wrapper.team_08_WB.instance_to_wrap_gpio_in[2]/DIODE    1.500000    2.095998   -0.595998 (VIOLATED)
ANTENNA__5175__A0/DIODE                 1.500000    2.095746   -0.595746 (VIOLATED)
_5175_/A0                               1.500000    2.095745   -0.595745 (VIOLATED)
_5138_/B2                               1.500000    2.095733   -0.595733 (VIOLATED)
ANTENNA__5138__B2/DIODE                 1.500000    2.095730   -0.595730 (VIOLATED)
ANTENNA_hold163_X/DIODE                 1.500000    2.095603   -0.595603 (VIOLATED)
mprj.team_09_Wrapper.team_09_WB.instance_to_wrap/gpio_in[11]    1.500000    2.091838   -0.591838 (VIOLATED)
ANTENNA_mprj.team_09_Wrapper.team_09_WB.instance_to_wrap_gpio_in[11]/DIODE    1.500000    2.091779   -0.591779 (VIOLATED)
ANTENNA_mprj.team_01_Wrapper.team_01_WB.instance_to_wrap_DAT_O[15]/DIODE    1.500000    2.090651   -0.590651 (VIOLATED)
mprj.team_01_Wrapper.team_01_WB.instance_to_wrap/DAT_O[15]    1.500000    2.090651   -0.590651 (VIOLATED)
ANTENNA__4711__B1/DIODE                 1.500000    2.090083   -0.590083 (VIOLATED)
_4705_/A0                               1.500000    2.090078   -0.590078 (VIOLATED)
_4711_/B1                               1.500000    2.090077   -0.590077 (VIOLATED)
ANTENNA__4705__A0/DIODE                 1.500000    2.090065   -0.590066 (VIOLATED)
mprj.team_08_Wrapper.team_08_WB.instance_to_wrap/gpio_in[15]    1.500000    2.089457   -0.589457 (VIOLATED)
ANTENNA_mprj.team_08_Wrapper.team_08_WB.instance_to_wrap_gpio_in[15]/DIODE    1.500000    2.089450   -0.589450 (VIOLATED)
ANTENNA__4116__A0/DIODE                 1.500000    2.086967   -0.586967 (VIOLATED)
_4116_/A0                               1.500000    2.086908   -0.586908 (VIOLATED)
_4124_/A2                               1.500000    2.086751   -0.586752 (VIOLATED)
ANTENNA__4124__A2/DIODE                 1.500000    2.086459   -0.586460 (VIOLATED)
_7630_/B                                1.500000    2.085032   -0.585032 (VIOLATED)
mprj.team_03_Wrapper.team_03_WB.instance_to_wrap/gpio_in[6]    1.500000    2.085024   -0.585024 (VIOLATED)
ANTENNA__7630__B/DIODE                  1.500000    2.084807   -0.584807 (VIOLATED)
ANTENNA_mprj.team_03_Wrapper.team_03_WB.instance_to_wrap_gpio_in[6]/DIODE    1.500000    2.084579   -0.584579 (VIOLATED)
mprj.team_10_Wrapper.team_10_WB.instance_to_wrap/gpio_in[29]    1.500000    2.084461   -0.584461 (VIOLATED)
ANTENNA_mprj.team_10_Wrapper.team_10_WB.instance_to_wrap_gpio_in[29]/DIODE    1.500000    2.084277   -0.584278 (VIOLATED)
_4215_/A0                               1.500000    2.082007   -0.582008 (VIOLATED)
ANTENNA__4215__A0/DIODE                 1.500000    2.081997   -0.581997 (VIOLATED)
mprj.team_06_Wrapper.team_06_WB.instance_to_wrap/gpio_in[2]    1.500000    2.081977   -0.581977 (VIOLATED)
ANTENNA__4221__A2/DIODE                 1.500000    2.081944   -0.581944 (VIOLATED)
_4221_/A2                               1.500000    2.081868   -0.581868 (VIOLATED)
ANTENNA_mprj.team_06_Wrapper.team_06_WB.instance_to_wrap_gpio_in[2]/DIODE    1.500000    2.081647   -0.581647 (VIOLATED)
ANTENNA_mprj.team_01_Wrapper.team_01_WB.instance_to_wrap_CYC_O/DIODE    1.500000    2.081596   -0.581596 (VIOLATED)
mprj.team_01_Wrapper.team_01_WB.instance_to_wrap/CYC_O    1.500000    2.081594   -0.581595 (VIOLATED)
fanout717/A                             1.500000    2.080453   -0.580453 (VIOLATED)
ANTENNA_mprj.team_01_Wrapper.team_01_WB.instance_to_wrap_ADR_O[3]/DIODE    1.500000    2.080285   -0.580285 (VIOLATED)
mprj.team_01_Wrapper.team_01_WB.instance_to_wrap/ADR_O[3]    1.500000    2.080098   -0.580098 (VIOLATED)
ANTENNA_fanout717_A/DIODE               1.500000    2.080062   -0.580062 (VIOLATED)
ANTENNA__4525__A2/DIODE                 1.500000    2.079887   -0.579888 (VIOLATED)
ANTENNA__4519__A1/DIODE                 1.500000    2.079851   -0.579852 (VIOLATED)
_4525_/A2                               1.500000    2.079835   -0.579835 (VIOLATED)
_4519_/A1                               1.500000    2.079814   -0.579814 (VIOLATED)
ANTENNA_mprj.team_01_Wrapper.team_01_WB.instance_to_wrap_DAT_O[3]/DIODE    1.500000    2.078725   -0.578725 (VIOLATED)
mprj.team_01_Wrapper.team_01_WB.instance_to_wrap/DAT_O[3]    1.500000    2.078677   -0.578677 (VIOLATED)
ANTENNA__7566__B/DIODE                  1.500000    2.078082   -0.578082 (VIOLATED)
_7566_/B                                1.500000    2.077037   -0.577037 (VIOLATED)
ANTENNA_567/DIODE                       1.500000    2.076498   -0.576498 (VIOLATED)
ANTENNA_564/DIODE                       1.500000    2.076484   -0.576484 (VIOLATED)
ANTENNA_565/DIODE                       1.500000    2.076484   -0.576484 (VIOLATED)
ANTENNA_562/DIODE                       1.500000    2.076473   -0.576473 (VIOLATED)
ANTENNA_563/DIODE                       1.500000    2.076467   -0.576467 (VIOLATED)
ANTENNA__4586__A0/DIODE                 1.500000    2.076393   -0.576393 (VIOLATED)
_4586_/A0                               1.500000    2.076351   -0.576351 (VIOLATED)
_4592_/A2                               1.500000    2.076122   -0.576122 (VIOLATED)
ANTENNA__4592__A2/DIODE                 1.500000    2.075927   -0.575927 (VIOLATED)
ANTENNA_566/DIODE                       1.500000    2.075579   -0.575579 (VIOLATED)
ANTENNA_mprj.team_01_Wrapper.team_01_WB.instance_to_wrap_ADR_O[15]/DIODE    1.500000    2.071877   -0.571877 (VIOLATED)
mprj.team_01_Wrapper.team_01_WB.instance_to_wrap/ADR_O[15]    1.500000    2.071867   -0.571867 (VIOLATED)
mprj.team_04_Wrapper.team_04_WB.instance_to_wrap/gpio_in[8]    1.500000    2.070806   -0.570806 (VIOLATED)
ANTENNA_mprj.team_01_Wrapper.team_01_WB.instance_to_wrap_STB_O/DIODE    1.500000    2.069778   -0.569778 (VIOLATED)
mprj.team_01_Wrapper.team_01_WB.instance_to_wrap/STB_O    1.500000    2.069654   -0.569654 (VIOLATED)
_7562_/B                                1.500000    2.068819   -0.568819 (VIOLATED)
ANTENNA__7562__B/DIODE                  1.500000    2.068701   -0.568701 (VIOLATED)
ANTENNA__4245__A1/DIODE                 1.500000    2.068168   -0.568168 (VIOLATED)
_4245_/A1                               1.500000    2.068131   -0.568131 (VIOLATED)
ANTENNA_mprj.team_04_Wrapper.team_04_WB.instance_to_wrap_gpio_in[10]/DIODE    1.500000    2.068058   -0.568058 (VIOLATED)
ANTENNA__4274__A2/DIODE                 1.500000    2.067774   -0.567774 (VIOLATED)
_4274_/A2                               1.500000    2.067596   -0.567596 (VIOLATED)
_6801_/A                                1.500000    2.067183   -0.567183 (VIOLATED)
ANTENNA__6801__A/DIODE                  1.500000    2.067169   -0.567169 (VIOLATED)
ANTENNA__4265__A2/DIODE                 1.500000    2.066802   -0.566802 (VIOLATED)
_4265_/A2                               1.500000    2.066660   -0.566661 (VIOLATED)
_7466_/B                                1.500000    2.065562   -0.565562 (VIOLATED)
ANTENNA__7466__B/DIODE                  1.500000    2.065432   -0.565432 (VIOLATED)
mprj.team_06_Wrapper.team_06_WB.instance_to_wrap/gpio_in[15]    1.500000    2.063878   -0.563878 (VIOLATED)
ANTENNA_mprj.team_06_Wrapper.team_06_WB.instance_to_wrap_gpio_in[15]/DIODE    1.500000    2.061480   -0.561480 (VIOLATED)
mprj.team_03_Wrapper.team_03_WB.instance_to_wrap/gpio_in[9]    1.500000    2.059367   -0.559367 (VIOLATED)
ANTENNA_mprj.team_03_Wrapper.team_03_WB.instance_to_wrap_gpio_in[9]/DIODE    1.500000    2.059277   -0.559277 (VIOLATED)
output156/A                             1.500000    2.058931   -0.558931 (VIOLATED)
ANTENNA_output156_A/DIODE               1.500000    2.058529   -0.558529 (VIOLATED)
_4131_/A1                               1.500000    2.057994   -0.557994 (VIOLATED)
ANTENNA__4131__A1/DIODE                 1.500000    2.057986   -0.557987 (VIOLATED)
ANTENNA__4137__A2/DIODE                 1.500000    2.057874   -0.557874 (VIOLATED)
_4137_/A2                               1.500000    2.057846   -0.557846 (VIOLATED)
ANTENNA_mprj.team_04_Wrapper.team_04_WB.instance_to_wrap_gpio_in[8]/DIODE    1.500000    2.057700   -0.557701 (VIOLATED)
ANTENNA_mprj.team_01_Wrapper.team_01_WB.instance_to_wrap_ADR_O[10]/DIODE    1.500000    2.056780   -0.556780 (VIOLATED)
mprj.team_01_Wrapper.team_01_WB.instance_to_wrap/ADR_O[10]    1.500000    2.056778   -0.556778 (VIOLATED)
ANTENNA__4926__A0/DIODE                 1.500000    2.055323   -0.555323 (VIOLATED)
_4926_/A0                               1.500000    2.055297   -0.555297 (VIOLATED)
ANTENNA_mprj.team_05_Wrapper.team_05_WB.instance_to_wrap_gpio_out[30]/DIODE    1.500000    2.055214   -0.555214 (VIOLATED)
mprj.team_05_Wrapper.team_05_WB.instance_to_wrap/gpio_out[30]    1.500000    2.055195   -0.555195 (VIOLATED)
ANTENNA__4932__A2/DIODE                 1.500000    2.055041   -0.555041 (VIOLATED)
_4932_/A2                               1.500000    2.055013   -0.555013 (VIOLATED)
hold424/X                               1.498918    2.053468   -0.554551 (VIOLATED)
ANTENNA__7468__B/DIODE                  1.500000    2.054147   -0.554147 (VIOLATED)
_7468_/B                                1.500000    2.054112   -0.554113 (VIOLATED)
_5334_/A                                1.500000    2.054024   -0.554024 (VIOLATED)
ANTENNA__5334__A/DIODE                  1.500000    2.054019   -0.554019 (VIOLATED)
ANTENNA__5017__A1/DIODE                 1.500000    2.053940   -0.553940 (VIOLATED)
_5017_/A1                               1.500000    2.053938   -0.553938 (VIOLATED)
ANTENNA_hold424_X/DIODE                 1.500000    2.053524   -0.553525 (VIOLATED)
ANTENNA_mprj.team_03_Wrapper.team_03_WB.instance_to_wrap_ADR_O[26]/DIODE    1.500000    2.052266   -0.552266 (VIOLATED)
mprj.team_03_Wrapper.team_03_WB.instance_to_wrap/ADR_O[26]    1.500000    2.052246   -0.552246 (VIOLATED)
mprj.team_10_Wrapper.team_10_WB.instance_to_wrap/gpio_in[6]    1.500000    2.051172   -0.551172 (VIOLATED)
ANTENNA_mprj.team_10_Wrapper.team_10_WB.instance_to_wrap_gpio_in[6]/DIODE    1.500000    2.050845   -0.550845 (VIOLATED)
ANTENNA_mprj.team_01_Wrapper.team_01_WB.instance_to_wrap_ADR_O[1]/DIODE    1.500000    2.050211   -0.550211 (VIOLATED)
mprj.team_01_Wrapper.team_01_WB.instance_to_wrap/ADR_O[1]    1.500000    2.050210   -0.550210 (VIOLATED)
_4142_/A0                               1.500000    2.047045   -0.547045 (VIOLATED)
ANTENNA__4142__A0/DIODE                 1.500000    2.047036   -0.547036 (VIOLATED)
_4148_/A2                               1.500000    2.047010   -0.547010 (VIOLATED)
ANTENNA__4148__A2/DIODE                 1.500000    2.046871   -0.546871 (VIOLATED)
mprj.team_09_Wrapper.team_09_WB.instance_to_wrap/gpio_in[10]    1.500000    2.041299   -0.541299 (VIOLATED)
ANTENNA_mprj.team_09_Wrapper.team_09_WB.instance_to_wrap_gpio_in[10]/DIODE    1.500000    2.041106   -0.541106 (VIOLATED)
ANTENNA_mprj.team_01_Wrapper.team_01_WB.instance_to_wrap_ADR_O[12]/DIODE    1.500000    2.035164   -0.535164 (VIOLATED)
mprj.team_01_Wrapper.team_01_WB.instance_to_wrap/ADR_O[12]    1.500000    2.035159   -0.535159 (VIOLATED)
ANTENNA_mprj.team_01_Wrapper.team_01_WB.instance_to_wrap_ADR_O[6]/DIODE    1.500000    2.030697   -0.530697 (VIOLATED)
mprj.team_01_Wrapper.team_01_WB.instance_to_wrap/ADR_O[6]    1.500000    2.030657   -0.530657 (VIOLATED)
ANTENNA_mprj.team_03_Wrapper.team_03_WB.instance_to_wrap_gpio_in[18]/DIODE    1.500000    2.028757   -0.528757 (VIOLATED)
mprj.team_03_Wrapper.team_03_WB.instance_to_wrap/gpio_in[18]    1.500000    2.028752   -0.528752 (VIOLATED)
ANTENNA_mprj.team_01_Wrapper.team_01_WB.instance_to_wrap_ADR_O[9]/DIODE    1.500000    2.027031   -0.527031 (VIOLATED)
mprj.team_01_Wrapper.team_01_WB.instance_to_wrap/ADR_O[9]    1.500000    2.027030   -0.527030 (VIOLATED)
ANTENNA_mprj.team_01_Wrapper.team_01_WB.instance_to_wrap_ADR_O[7]/DIODE    1.500000    2.024457   -0.524457 (VIOLATED)
mprj.team_01_Wrapper.team_01_WB.instance_to_wrap/ADR_O[7]    1.500000    2.024451   -0.524451 (VIOLATED)
_6842_/A1                               1.500000    2.021731   -0.521731 (VIOLATED)
ANTENNA__6842__A1/DIODE                 1.500000    2.021665   -0.521665 (VIOLATED)
ANTENNA__6467__A1/DIODE                 1.500000    2.019449   -0.519449 (VIOLATED)
_6467_/A1                               1.500000    2.019409   -0.519409 (VIOLATED)
hold1112/X                              1.498918    2.014863   -0.515945 (VIOLATED)
ANTENNA_mprj.team_04_Wrapper.team_04_WB.instance_to_wrap_mem_adr_start[3]/DIODE    1.500000    2.015462   -0.515462 (VIOLATED)
mprj.team_04_Wrapper.team_04_WB.instance_to_wrap/mem_adr_start[3]    1.500000    2.015444   -0.515444 (VIOLATED)
ANTENNA_hold1112_X/DIODE                1.500000    2.014867   -0.514867 (VIOLATED)
ANTENNA_mprj.team_01_Wrapper.team_01_WB.instance_to_wrap_ADR_O[22]/DIODE    1.500000    2.014652   -0.514652 (VIOLATED)
mprj.team_01_Wrapper.team_01_WB.instance_to_wrap/ADR_O[22]    1.500000    2.014567   -0.514567 (VIOLATED)
ANTENNA_mprj.team_01_Wrapper.team_01_WB.instance_to_wrap_ADR_O[13]/DIODE    1.500000    2.014377   -0.514377 (VIOLATED)
mprj.team_01_Wrapper.team_01_WB.instance_to_wrap/ADR_O[13]    1.500000    2.014377   -0.514377 (VIOLATED)
ANTENNA__5011__A2/DIODE                 1.500000    2.013901   -0.513902 (VIOLATED)
_5011_/A2                               1.500000    2.013874   -0.513874 (VIOLATED)
_5005_/A0                               1.500000    2.013437   -0.513437 (VIOLATED)
ANTENNA__5005__A0/DIODE                 1.500000    2.013293   -0.513293 (VIOLATED)
fanout742/A                             1.500000    2.012222   -0.512222 (VIOLATED)
ANTENNA_fanout742_A/DIODE               1.500000    2.012020   -0.512020 (VIOLATED)
ANTENNA_mprj.team_04_Wrapper.team_04_WB.instance_to_wrap_memory_size[6]/DIODE    1.500000    2.011331   -0.511331 (VIOLATED)
mprj.team_04_Wrapper.team_04_WB.instance_to_wrap/memory_size[6]    1.500000    2.011283   -0.511283 (VIOLATED)
hold1341/X                              1.498918    2.009210   -0.510292 (VIOLATED)
_7046_/B2                               1.500000    2.009646   -0.509646 (VIOLATED)
ANTENNA__7046__B2/DIODE                 1.500000    2.009633   -0.509633 (VIOLATED)
ANTENNA_hold1341_X/DIODE                1.500000    2.009294   -0.509294 (VIOLATED)
ANTENNA__5180__A1/DIODE                 1.500000    2.009258   -0.509258 (VIOLATED)
_5180_/A1                               1.500000    2.009232   -0.509232 (VIOLATED)
_4736_/A0                               1.500000    2.008070   -0.508070 (VIOLATED)
_4742_/A2                               1.500000    2.008070   -0.508070 (VIOLATED)
ANTENNA__4742__A2/DIODE                 1.500000    2.008019   -0.508019 (VIOLATED)
ANTENNA__4736__A0/DIODE                 1.500000    2.008006   -0.508006 (VIOLATED)
ANTENNA_mprj.team_08_Wrapper.team_08_WB.instance_to_wrap_en/DIODE    1.500000    2.007357   -0.507357 (VIOLATED)
mprj.team_08_Wrapper.team_08_WB.instance_to_wrap/en    1.500000    2.007331   -0.507332 (VIOLATED)
_6222_/B2                               1.500000    2.006157   -0.506157 (VIOLATED)
ANTENNA__6222__B2/DIODE                 1.500000    2.006148   -0.506148 (VIOLATED)
ANTENNA_mprj.team_05_Wrapper.team_05_WB.instance_to_wrap_gpio_in[15]/DIODE    1.500000    2.005789   -0.505789 (VIOLATED)
mprj.team_05_Wrapper.team_05_WB.instance_to_wrap/gpio_in[15]    1.500000    2.005559   -0.505560 (VIOLATED)
hold1598/X                              1.498918    2.002122   -0.503204 (VIOLATED)
ANTENNA_mprj.team_12_Wrapper.team_12_WB.instance_to_wrap_gpio_in[10]/DIODE    1.500000    2.002450   -0.502450 (VIOLATED)
mprj.team_12_Wrapper.team_12_WB.instance_to_wrap/gpio_in[10]    1.500000    2.002266   -0.502266 (VIOLATED)
ANTENNA_hold1598_X/DIODE                1.500000    2.002160   -0.502160 (VIOLATED)
ANTENNA_mprj.team_06_Wrapper.team_06_WB.instance_to_wrap_gpio_out[24]/DIODE    1.500000    2.001548   -0.501548 (VIOLATED)
mprj.team_06_Wrapper.team_06_WB.instance_to_wrap/gpio_out[24]    1.500000    2.001485   -0.501485 (VIOLATED)
ANTENNA_mprj.team_03_Wrapper.team_03_WB.instance_to_wrap_DAT_O[14]/DIODE    1.500000    2.000782   -0.500782 (VIOLATED)
mprj.team_03_Wrapper.team_03_WB.instance_to_wrap/DAT_O[14]    1.500000    2.000774   -0.500774 (VIOLATED)
clkbuf_0_wb_clk_i/A                     1.500000    1.999534   -0.499534 (VIOLATED)
ANTENNA_clkbuf_0_wb_clk_i_A/DIODE       1.500000    1.999170   -0.499170 (VIOLATED)
ANTENNA_mprj.team_12_Wrapper.team_12_WB.instance_to_wrap_gpio_in[11]/DIODE    1.500000    1.995091   -0.495092 (VIOLATED)
ANTENNA_mprj.team_01_Wrapper.team_01_WB.instance_to_wrap_ADR_O[30]/DIODE    1.500000    1.995023   -0.495023 (VIOLATED)
mprj.team_01_Wrapper.team_01_WB.instance_to_wrap/ADR_O[30]    1.500000    1.994992   -0.494992 (VIOLATED)
mprj.team_12_Wrapper.team_12_WB.instance_to_wrap/gpio_in[11]    1.500000    1.994871   -0.494871 (VIOLATED)
ANTENNA_mprj.team_01_Wrapper.team_01_WB.instance_to_wrap_DAT_O[1]/DIODE    1.500000    1.993718   -0.493718 (VIOLATED)
_6882_/A1                               1.500000    1.993626   -0.493626 (VIOLATED)
ANTENNA__6882__A1/DIODE                 1.500000    1.993597   -0.493597 (VIOLATED)
output147/A                             1.500000    1.993564   -0.493564 (VIOLATED)
mprj.team_01_Wrapper.team_01_WB.instance_to_wrap/DAT_O[1]    1.500000    1.993372   -0.493372 (VIOLATED)
ANTENNA_output147_A/DIODE               1.500000    1.993085   -0.493085 (VIOLATED)
ANTENNA_mprj.team_01_Wrapper.team_01_WB.instance_to_wrap_DAT_O[19]/DIODE    1.500000    1.991375   -0.491375 (VIOLATED)
mprj.team_01_Wrapper.team_01_WB.instance_to_wrap/DAT_O[19]    1.500000    1.991375   -0.491375 (VIOLATED)
output163/A                             1.500000    1.988217   -0.488217 (VIOLATED)
ANTENNA_output163_A/DIODE               1.500000    1.987899   -0.487900 (VIOLATED)
ANTENNA__4599__A0/DIODE                 1.500000    1.986728   -0.486728 (VIOLATED)
_4599_/A0                               1.500000    1.986717   -0.486717 (VIOLATED)
_4605_/A2                               1.500000    1.986668   -0.486668 (VIOLATED)
ANTENNA__4605__A2/DIODE                 1.500000    1.986653   -0.486653 (VIOLATED)
_5552_/B                                1.500000    1.983676   -0.483676 (VIOLATED)
_5551_/A_N                              1.500000    1.983656   -0.483656 (VIOLATED)
ANTENNA__5551__A_N/DIODE                1.500000    1.983641   -0.483641 (VIOLATED)
ANTENNA__5552__B/DIODE                  1.500000    1.983632   -0.483632 (VIOLATED)
_7844_/A1                               1.500000    1.981287   -0.481287 (VIOLATED)
ANTENNA__7844__A1/DIODE                 1.500000    1.981279   -0.481279 (VIOLATED)
ANTENNA_mprj.team_03_Wrapper.team_03_WB.instance_to_wrap_ADR_O[22]/DIODE    1.500000    1.979218   -0.479218 (VIOLATED)
mprj.team_03_Wrapper.team_03_WB.instance_to_wrap/ADR_O[22]    1.500000    1.979207   -0.479207 (VIOLATED)
hold11/X                                1.498918    1.977236   -0.478318 (VIOLATED)
ANTENNA_hold11_X/DIODE                  1.500000    1.977259   -0.477259 (VIOLATED)
ANTENNA_mprj.team_12_Wrapper.team_12_WB.instance_to_wrap_gpio_in[9]/DIODE    1.500000    1.976848   -0.476848 (VIOLATED)
mprj.team_12_Wrapper.team_12_WB.instance_to_wrap/gpio_in[9]    1.500000    1.976816   -0.476816 (VIOLATED)
mprj.team_02_Wrapper.team_02_WB.instance_to_wrap/gpio_in[31]    1.500000    1.976624   -0.476624 (VIOLATED)
ANTENNA_mprj.team_01_Wrapper.team_01_WB.instance_to_wrap_DAT_O[11]/DIODE    1.500000    1.976030   -0.476030 (VIOLATED)
mprj.team_01_Wrapper.team_01_WB.instance_to_wrap/DAT_O[11]    1.500000    1.975910   -0.475910 (VIOLATED)
ANTENNA_mprj.team_03_Wrapper.team_03_WB.instance_to_wrap_ADR_O[28]/DIODE    1.500000    1.972914   -0.472914 (VIOLATED)
mprj.team_03_Wrapper.team_03_WB.instance_to_wrap/ADR_O[28]    1.500000    1.972914   -0.472914 (VIOLATED)
ANTENNA_mprj.team_03_Wrapper.team_03_WB.instance_to_wrap_ADR_O[3]/DIODE    1.500000    1.967334   -0.467334 (VIOLATED)
mprj.team_03_Wrapper.team_03_WB.instance_to_wrap/ADR_O[3]    1.500000    1.967334   -0.467334 (VIOLATED)
_7700_/A                                1.500000    1.965641   -0.465642 (VIOLATED)
ANTENNA__7700__A/DIODE                  1.500000    1.965628   -0.465628 (VIOLATED)
_7914_/A1                               1.500000    1.965594   -0.465594 (VIOLATED)
ANTENNA__7914__A1/DIODE                 1.500000    1.965370   -0.465370 (VIOLATED)
ANTENNA_mprj.team_07_Wrapper.team_07_WB.instance_to_wrap_gpio_in[20]/DIODE    1.500000    1.959355   -0.459355 (VIOLATED)
mprj.team_07_Wrapper.team_07_WB.instance_to_wrap/gpio_in[20]    1.500000    1.959312   -0.459312 (VIOLATED)
_6542_/A1                               1.500000    1.958797   -0.458797 (VIOLATED)
ANTENNA__6542__A1/DIODE                 1.500000    1.958506   -0.458507 (VIOLATED)
ANTENNA_mprj.team_01_Wrapper.team_01_WB.instance_to_wrap_ADR_O[31]/DIODE    1.500000    1.957780   -0.457780 (VIOLATED)
mprj.team_01_Wrapper.team_01_WB.instance_to_wrap/ADR_O[31]    1.500000    1.957762   -0.457763 (VIOLATED)
ANTENNA_mprj.team_06_Wrapper.team_06_WB.instance_to_wrap_gpio_oeb[23]/DIODE    1.500000    1.956632   -0.456632 (VIOLATED)
mprj.team_06_Wrapper.team_06_WB.instance_to_wrap/gpio_oeb[23]    1.500000    1.956632   -0.456632 (VIOLATED)
ANTENNA_mprj.team_05_Wrapper.team_05_WB.instance_to_wrap_gpio_out[32]/DIODE    1.500000    1.955779   -0.455779 (VIOLATED)
mprj.team_05_Wrapper.team_05_WB.instance_to_wrap/gpio_out[32]    1.500000    1.955779   -0.455779 (VIOLATED)
ANTENNA_mprj.team_05_Wrapper.team_05_WB.instance_to_wrap_gpio_out[1]/DIODE    1.500000    1.954987   -0.454987 (VIOLATED)
mprj.team_05_Wrapper.team_05_WB.instance_to_wrap/gpio_out[1]    1.500000    1.954987   -0.454987 (VIOLATED)
mprj.team_11_Wrapper.team_11_WB.instance_to_wrap/gpio_in[5]    1.500000    1.954523   -0.454523 (VIOLATED)
ANTENNA_mprj.team_06_Wrapper.team_06_WB.instance_to_wrap_gpio_in[1]/DIODE    1.500000    1.954461   -0.454461 (VIOLATED)
ANTENNA__6255__A/DIODE                  1.500000    1.950709   -0.450709 (VIOLATED)
_6255_/A                                1.500000    1.950686   -0.450686 (VIOLATED)
ANTENNA_mprj.team_01_Wrapper.team_01_WB.instance_to_wrap_DAT_O[12]/DIODE    1.500000    1.950459   -0.450459 (VIOLATED)
mprj.team_01_Wrapper.team_01_WB.instance_to_wrap/DAT_O[12]    1.500000    1.950201   -0.450201 (VIOLATED)
mprj.team_06_Wrapper.team_06_WB.instance_to_wrap/gpio_in[1]    1.500000    1.947123   -0.447123 (VIOLATED)
wire683/A                               1.500000    1.946713   -0.446713 (VIOLATED)
ANTENNA__5020__A1/DIODE                 1.500000    1.946447   -0.446447 (VIOLATED)
_5020_/A1                               1.500000    1.946445   -0.446446 (VIOLATED)
ANTENNA__5026__A2/DIODE                 1.500000    1.946443   -0.446443 (VIOLATED)
_5026_/A2                               1.500000    1.946383   -0.446383 (VIOLATED)
_4457_/A2                               1.500000    1.946356   -0.446357 (VIOLATED)
ANTENNA__4457__A2/DIODE                 1.500000    1.946242   -0.446242 (VIOLATED)
ANTENNA_wire683_A/DIODE                 1.500000    1.946186   -0.446186 (VIOLATED)
_4451_/A1                               1.500000    1.946178   -0.446178 (VIOLATED)
ANTENNA__4451__A1/DIODE                 1.500000    1.945979   -0.445979 (VIOLATED)
ANTENNA_37/DIODE                        1.500000    1.945822   -0.445823 (VIOLATED)
ANTENNA__4153__A0/DIODE                 1.500000    1.945741   -0.445741 (VIOLATED)
ANTENNA__4159__A2/DIODE                 1.500000    1.945714   -0.445714 (VIOLATED)
_4159_/A2                               1.500000    1.945706   -0.445706 (VIOLATED)
_4153_/A0                               1.500000    1.945691   -0.445691 (VIOLATED)
ANTENNA_mprj.team_05_Wrapper.team_05_WB.instance_to_wrap_gpio_out[31]/DIODE    1.500000    1.945168   -0.445168 (VIOLATED)
mprj.team_05_Wrapper.team_05_WB.instance_to_wrap/gpio_out[31]    1.500000    1.945168   -0.445168 (VIOLATED)
mprj.team_04_Wrapper.team_04_WB.instance_to_wrap/mem_adr_start[26]    1.500000    1.944955   -0.444955 (VIOLATED)
ANTENNA_mprj.team_04_Wrapper.team_04_WB.instance_to_wrap_mem_adr_start[26]/DIODE    1.500000    1.944878   -0.444878 (VIOLATED)
_7884_/A1                               1.500000    1.943753   -0.443753 (VIOLATED)
ANTENNA__7884__A1/DIODE                 1.500000    1.943685   -0.443685 (VIOLATED)
_7598_/B                                1.500000    1.943350   -0.443350 (VIOLATED)
ANTENNA__7598__B/DIODE                  1.500000    1.943346   -0.443346 (VIOLATED)
ANTENNA_mprj.team_01_Wrapper.team_01_WB.instance_to_wrap_ACK_I/DIODE    1.500000    1.943092   -0.443092 (VIOLATED)
mprj.team_01_Wrapper.team_01_WB.instance_to_wrap/ACK_I    1.500000    1.943083   -0.443083 (VIOLATED)
hold741/X                               1.498918    1.941932   -0.443014 (VIOLATED)
hold1014/X                              1.498918    1.941841   -0.442923 (VIOLATED)
ANTENNA_mprj.team_03_Wrapper.team_03_WB.instance_to_wrap_CYC_O/DIODE    1.500000    1.942022   -0.442022 (VIOLATED)
wire653/A                               1.500000    1.941981   -0.441981 (VIOLATED)
ANTENNA_wire653_A/DIODE                 1.500000    1.941974   -0.441974 (VIOLATED)
mprj.team_03_Wrapper.team_03_WB.instance_to_wrap/CYC_O    1.500000    1.941937   -0.441937 (VIOLATED)
ANTENNA_hold741_X/DIODE                 1.500000    1.941932   -0.441932 (VIOLATED)
ANTENNA_hold1014_X/DIODE                1.500000    1.941847   -0.441847 (VIOLATED)
hold233/X                               1.498918    1.939397   -0.440478 (VIOLATED)
ANTENNA_hold233_X/DIODE                 1.500000    1.940064   -0.440064 (VIOLATED)
ANTENNA_mprj.team_02_Wrapper.team_02_WB.instance_to_wrap_gpio_in[31]/DIODE    1.500000    1.939348   -0.439348 (VIOLATED)
ANTENNA_mprj.team_04_Wrapper.team_04_WB.instance_to_wrap_gpio_in[11]/DIODE    1.500000    1.938859   -0.438859 (VIOLATED)
ANTENNA_57/DIODE                        1.500000    1.938739   -0.438739 (VIOLATED)
ANTENNA_55/DIODE                        1.500000    1.938738   -0.438738 (VIOLATED)
ANTENNA_56/DIODE                        1.500000    1.938739   -0.438739 (VIOLATED)
ANTENNA_mprj.team_03_Wrapper.team_03_WB.instance_to_wrap_DAT_O[16]/DIODE    1.500000    1.938736   -0.438736 (VIOLATED)
mprj.team_03_Wrapper.team_03_WB.instance_to_wrap/DAT_O[16]    1.500000    1.938715   -0.438715 (VIOLATED)
mprj.team_12_Wrapper.team_12_WB.instance_to_wrap/gpio_in[4]    1.500000    1.937942   -0.437942 (VIOLATED)
ANTENNA_mprj.team_12_Wrapper.team_12_WB.instance_to_wrap_gpio_in[4]/DIODE    1.500000    1.937927   -0.437927 (VIOLATED)
ANTENNA_mprj.team_01_Wrapper.team_01_WB.instance_to_wrap_ADR_O[17]/DIODE    1.500000    1.936503   -0.436503 (VIOLATED)
mprj.team_01_Wrapper.team_01_WB.instance_to_wrap/ADR_O[17]    1.500000    1.936503   -0.436503 (VIOLATED)
mprj.team_03_Wrapper.team_03_WB.instance_to_wrap/gpio_in[12]    1.500000    1.936391   -0.436391 (VIOLATED)
ANTENNA_mprj.team_03_Wrapper.team_03_WB.instance_to_wrap_gpio_in[12]/DIODE    1.500000    1.935924   -0.435924 (VIOLATED)
mprj.team_06_Wrapper.team_06_WB.instance_to_wrap/gpio_in[30]    1.500000    1.935281   -0.435281 (VIOLATED)
_6306_/B2                               1.500000    1.934994   -0.434994 (VIOLATED)
ANTENNA__6306__B2/DIODE                 1.500000    1.934873   -0.434873 (VIOLATED)
ANTENNA_mprj.team_05_Wrapper.team_05_WB.instance_to_wrap_gpio_out[4]/DIODE    1.500000    1.934583   -0.434583 (VIOLATED)
mprj.team_05_Wrapper.team_05_WB.instance_to_wrap/gpio_out[4]    1.500000    1.934479   -0.434479 (VIOLATED)
ANTENNA_mprj.team_06_Wrapper.team_06_WB.instance_to_wrap_gpio_oeb[10]/DIODE    1.500000    1.931947   -0.431947 (VIOLATED)
mprj.team_06_Wrapper.team_06_WB.instance_to_wrap/gpio_oeb[10]    1.500000    1.931947   -0.431947 (VIOLATED)
clkbuf_regs_0_clk/A                     1.500000    1.930839   -0.430839 (VIOLATED)
ANTENNA__4651__A0/DIODE                 1.500000    1.929299   -0.429299 (VIOLATED)
_4651_/A0                               1.500000    1.929295   -0.429295 (VIOLATED)
_4657_/A2                               1.500000    1.929157   -0.429157 (VIOLATED)
ANTENNA__4657__A2/DIODE                 1.500000    1.929153   -0.429153 (VIOLATED)
ANTENNA__4871__A0/DIODE                 1.500000    1.928110   -0.428110 (VIOLATED)
_4871_/A0                               1.500000    1.928061   -0.428061 (VIOLATED)
ANTENNA_mprj.team_11_Wrapper.team_11_WB.instance_to_wrap_gpio_in[19]/DIODE    1.500000    1.927945   -0.427945 (VIOLATED)
ANTENNA__4877__A2/DIODE                 1.500000    1.927735   -0.427735 (VIOLATED)
_4515_/A2                               1.500000    1.927636   -0.427636 (VIOLATED)
_4877_/A2                               1.500000    1.927613   -0.427613 (VIOLATED)
ANTENNA__4515__A2/DIODE                 1.500000    1.927601   -0.427601 (VIOLATED)
_4509_/A1                               1.500000    1.927593   -0.427594 (VIOLATED)
mprj.team_11_Wrapper.team_11_WB.instance_to_wrap/gpio_in[19]    1.500000    1.927520   -0.427520 (VIOLATED)
ANTENNA__4509__A1/DIODE                 1.500000    1.927484   -0.427484 (VIOLATED)
ANTENNA_clkbuf_regs_0_clk_A/DIODE       1.500000    1.927216   -0.427216 (VIOLATED)
ANTENNA_mprj.team_03_Wrapper.team_03_WB.instance_to_wrap_DAT_O[0]/DIODE    1.500000    1.925836   -0.425836 (VIOLATED)
mprj.team_03_Wrapper.team_03_WB.instance_to_wrap/DAT_O[0]    1.500000    1.925779   -0.425779 (VIOLATED)
ANTENNA_mprj.team_10_Wrapper.team_10_WB.instance_to_wrap_gpio_in[25]/DIODE    1.500000    1.925084   -0.425084 (VIOLATED)
mprj.team_11_Wrapper.team_11_WB.instance_to_wrap/gpio_in[26]    1.500000    1.922721   -0.422721 (VIOLATED)
ANTENNA_mprj.team_11_Wrapper.team_11_WB.instance_to_wrap_gpio_in[26]/DIODE    1.500000    1.922405   -0.422405 (VIOLATED)
ANTENNA__5367__A/DIODE                  1.500000    1.922205   -0.422205 (VIOLATED)
_5367_/A                                1.500000    1.922206   -0.422206 (VIOLATED)
_4748_/A0                               1.500000    1.922178   -0.422178 (VIOLATED)
ANTENNA__4748__A0/DIODE                 1.500000    1.922169   -0.422169 (VIOLATED)
ANTENNA__4502__A2/DIODE                 1.500000    1.921805   -0.421805 (VIOLATED)
_4502_/A2                               1.500000    1.921799   -0.421799 (VIOLATED)
ANTENNA__4496__A0/DIODE                 1.500000    1.921785   -0.421785 (VIOLATED)
_4496_/A0                               1.500000    1.921748   -0.421748 (VIOLATED)
ANTENNA__5071__A1/DIODE                 1.500000    1.921721   -0.421721 (VIOLATED)
_5071_/A1                               1.500000    1.921621   -0.421621 (VIOLATED)
_4664_/A0                               1.500000    1.921613   -0.421613 (VIOLATED)
ANTENNA_mprj.team_06_Wrapper.team_06_WB.instance_to_wrap_gpio_oeb[12]/DIODE    1.500000    1.921597   -0.421597 (VIOLATED)
mprj.team_06_Wrapper.team_06_WB.instance_to_wrap/gpio_oeb[12]    1.500000    1.921542   -0.421542 (VIOLATED)
ANTENNA__4664__A0/DIODE                 1.500000    1.921513   -0.421513 (VIOLATED)
_4670_/A2                               1.500000    1.921453   -0.421453 (VIOLATED)
ANTENNA__4670__A2/DIODE                 1.500000    1.921310   -0.421310 (VIOLATED)
hold189/X                               1.498918    1.920205   -0.421287 (VIOLATED)
ANTENNA__5148__B2/DIODE                 1.500000    1.920257   -0.420257 (VIOLATED)
_5148_/B2                               1.500000    1.920257   -0.420257 (VIOLATED)
ANTENNA__5185__A0/DIODE                 1.500000    1.920256   -0.420256 (VIOLATED)
_5185_/A0                               1.500000    1.920256   -0.420256 (VIOLATED)
ANTENNA_hold189_X/DIODE                 1.500000    1.920243   -0.420243 (VIOLATED)
_6475_/X                                1.497633    1.917514   -0.419881 (VIOLATED)
mprj.team_11_Wrapper.team_11_WB.instance_to_wrap/nrst    1.500000    1.919077   -0.419077 (VIOLATED)
ANTENNA_mprj.team_11_Wrapper.team_11_WB.instance_to_wrap_nrst/DIODE    1.500000    1.918828   -0.418828 (VIOLATED)
ANTENNA_mprj.team_01_Wrapper.team_01_WB.instance_to_wrap_DAT_O[2]/DIODE    1.500000    1.918209   -0.418209 (VIOLATED)
mprj.team_01_Wrapper.team_01_WB.instance_to_wrap/DAT_O[2]    1.500000    1.918113   -0.418113 (VIOLATED)
ANTENNA__6475__X/DIODE                  1.500000    1.917667   -0.417667 (VIOLATED)
hold1281/X                              1.498918    1.915838   -0.416919 (VIOLATED)
_7470_/B                                1.500000    1.916786   -0.416786 (VIOLATED)
ANTENNA__7470__B/DIODE                  1.500000    1.916704   -0.416704 (VIOLATED)
ANTENNA__7948__A1/DIODE                 1.500000    1.916162   -0.416162 (VIOLATED)
_7948_/A1                               1.500000    1.916161   -0.416161 (VIOLATED)
_5340_/A                                1.500000    1.916049   -0.416049 (VIOLATED)
ANTENNA__5340__A/DIODE                  1.500000    1.916044   -0.416045 (VIOLATED)
_5172_/A0                               1.500000    1.916041   -0.416041 (VIOLATED)
ANTENNA__5172__A0/DIODE                 1.500000    1.916040   -0.416040 (VIOLATED)
_5058_/A1                               1.500000    1.916036   -0.416036 (VIOLATED)
ANTENNA__5058__A1/DIODE                 1.500000    1.916033   -0.416033 (VIOLATED)
_5135_/B2                               1.500000    1.916029   -0.416029 (VIOLATED)
ANTENNA__5135__B2/DIODE                 1.500000    1.916028   -0.416028 (VIOLATED)
ANTENNA_hold1281_X/DIODE                1.500000    1.915840   -0.415840 (VIOLATED)
_6628_/A1                               1.500000    1.915414   -0.415414 (VIOLATED)
ANTENNA__6628__A1/DIODE                 1.500000    1.915366   -0.415366 (VIOLATED)
_5166_/A0                               1.500000    1.915036   -0.415036 (VIOLATED)
ANTENNA__5166__A0/DIODE                 1.500000    1.915027   -0.415028 (VIOLATED)
_4978_/A1                               1.500000    1.914930   -0.414930 (VIOLATED)
ANTENNA__4978__A1/DIODE                 1.500000    1.914929   -0.414929 (VIOLATED)
hold1172/X                              1.498918    1.912485   -0.413567 (VIOLATED)
ANTENNA_hold1172_X/DIODE                1.500000    1.912532   -0.412532 (VIOLATED)
ANTENNA__5328__A/DIODE                  1.500000    1.912506   -0.412506 (VIOLATED)
_5328_/A                                1.500000    1.912506   -0.412506 (VIOLATED)
ANTENNA_mprj.team_01_Wrapper.team_01_WB.instance_to_wrap_ADR_O[21]/DIODE    1.500000    1.911727   -0.411727 (VIOLATED)
mprj.team_01_Wrapper.team_01_WB.instance_to_wrap/ADR_O[21]    1.500000    1.911712   -0.411712 (VIOLATED)
_4703_/B                                1.500000    1.911428   -0.411428 (VIOLATED)
ANTENNA__4703__B/DIODE                  1.500000    1.911425   -0.411426 (VIOLATED)
hold1093/X                              1.498918    1.908644   -0.409726 (VIOLATED)
ANTENNA__4640__A1/DIODE                 1.500000    1.909258   -0.409258 (VIOLATED)
ANTENNA__4646__A2/DIODE                 1.500000    1.909207   -0.409207 (VIOLATED)
_4640_/A1                               1.500000    1.909163   -0.409163 (VIOLATED)
_4646_/A2                               1.500000    1.909049   -0.409049 (VIOLATED)
ANTENNA_hold1093_X/DIODE                1.500000    1.908644   -0.408644 (VIOLATED)
_6953_/B2                               1.500000    1.903484   -0.403484 (VIOLATED)
ANTENNA__6953__B2/DIODE                 1.500000    1.903481   -0.403481 (VIOLATED)
ANTENNA_hold1100_A/DIODE                1.500000    1.903078   -0.403078 (VIOLATED)
ANTENNA_mprj.team_07_Wrapper.team_07_WB.instance_to_wrap_en/DIODE    1.500000    1.903071   -0.403071 (VIOLATED)
hold1100/A                              1.500000    1.903034   -0.403035 (VIOLATED)
mprj.team_07_Wrapper.team_07_WB.instance_to_wrap/en    1.500000    1.902982   -0.402982 (VIOLATED)
ANTENNA__8689__Q/DIODE                  1.500000    1.902793   -0.402793 (VIOLATED)
_8689_/Q                                1.500000    1.902735   -0.402735 (VIOLATED)
ANTENNA_mprj.team_11_Wrapper.team_11_WB.instance_to_wrap_gpio_in[5]/DIODE    1.500000    1.901770   -0.401770 (VIOLATED)
ANTENNA_mprj.team_04_Wrapper.team_04_WB.instance_to_wrap_gpio_in[16]/DIODE    1.500000    1.901012   -0.401012 (VIOLATED)
mprj.team_04_Wrapper.team_04_WB.instance_to_wrap/gpio_in[16]    1.500000    1.900884   -0.400884 (VIOLATED)
ANTENNA_mprj.team_06_Wrapper.team_06_WB.instance_to_wrap_gpio_out[12]/DIODE    1.500000    1.899463   -0.399463 (VIOLATED)
mprj.team_06_Wrapper.team_06_WB.instance_to_wrap/gpio_out[12]    1.500000    1.899396   -0.399396 (VIOLATED)
_7944_/A1                               1.500000    1.895992   -0.395992 (VIOLATED)
ANTENNA__7944__A1/DIODE                 1.500000    1.895878   -0.395878 (VIOLATED)
wire790/A                               1.500000    1.895278   -0.395278 (VIOLATED)
_4945_/A2                               1.500000    1.894814   -0.394814 (VIOLATED)
ANTENNA__4945__A2/DIODE                 1.500000    1.894780   -0.394780 (VIOLATED)
ANTENNA__4939__A0/DIODE                 1.500000    1.894734   -0.394734 (VIOLATED)
ANTENNA_wire790_A/DIODE                 1.500000    1.894522   -0.394522 (VIOLATED)
_4939_/A0                               1.500000    1.894489   -0.394489 (VIOLATED)
ANTENNA_mprj.team_09_Wrapper.team_09_WB.instance_to_wrap_gpio_in[30]/DIODE    1.500000    1.894082   -0.394082 (VIOLATED)
_4631_/A2                               1.500000    1.892721   -0.392721 (VIOLATED)
ANTENNA__4631__A2/DIODE                 1.500000    1.892684   -0.392685 (VIOLATED)
ANTENNA_649/DIODE                       1.500000    1.892658   -0.392658 (VIOLATED)
ANTENNA_872/DIODE                       1.500000    1.892648   -0.392648 (VIOLATED)
hold1337/X                              1.498918    1.891554   -0.392636 (VIOLATED)
ANTENNA_hold1685_A/DIODE                1.500000    1.892613   -0.392613 (VIOLATED)
hold1685/A                              1.500000    1.892588   -0.392588 (VIOLATED)
ANTENNA__4625__A0/DIODE                 1.500000    1.892473   -0.392473 (VIOLATED)
ANTENNA__6706__X/DIODE                  1.500000    1.892451   -0.392451 (VIOLATED)
_4625_/A0                               1.500000    1.892263   -0.392263 (VIOLATED)
_6293_/B2                               1.500000    1.892259   -0.392259 (VIOLATED)
ANTENNA__6293__B2/DIODE                 1.500000    1.892177   -0.392177 (VIOLATED)
_6706_/X                                1.500000    1.892053   -0.392053 (VIOLATED)
_6291_/B2                               1.500000    1.891945   -0.391945 (VIOLATED)
ANTENNA__6291__B2/DIODE                 1.500000    1.891798   -0.391798 (VIOLATED)
_7023_/B2                               1.500000    1.891682   -0.391682 (VIOLATED)
ANTENNA__7023__B2/DIODE                 1.500000    1.891680   -0.391680 (VIOLATED)
_5182_/A1                               1.500000    1.891571   -0.391571 (VIOLATED)
ANTENNA__5182__A1/DIODE                 1.500000    1.891561   -0.391561 (VIOLATED)
ANTENNA_hold1337_X/DIODE                1.500000    1.891560   -0.391560 (VIOLATED)
mprj.team_02_Wrapper.team_02_WB.instance_to_wrap/gpio_in[17]    1.500000    1.891305   -0.391305 (VIOLATED)
ANTENNA_mprj.team_06_Wrapper.team_06_WB.instance_to_wrap_gpio_out[13]/DIODE    1.500000    1.891288   -0.391288 (VIOLATED)
mprj.team_06_Wrapper.team_06_WB.instance_to_wrap/gpio_out[13]    1.500000    1.891288   -0.391288 (VIOLATED)
ANTENNA_mprj.team_02_Wrapper.team_02_WB.instance_to_wrap_gpio_in[17]/DIODE    1.500000    1.890986   -0.390986 (VIOLATED)
ANTENNA_mprj.team_09_Wrapper.team_09_WB.instance_to_wrap_gpio_out[2]/DIODE    1.500000    1.887049   -0.387049 (VIOLATED)
mprj.team_09_Wrapper.team_09_WB.instance_to_wrap/gpio_out[2]    1.500000    1.887017   -0.387017 (VIOLATED)
ANTENNA_mprj.team_06_Wrapper.team_06_WB.instance_to_wrap_gpio_in[30]/DIODE    1.500000    1.886559   -0.386559 (VIOLATED)
mprj.team_04_Wrapper.team_04_WB.instance_to_wrap/gpio_in[11]    1.500000    1.885784   -0.385784 (VIOLATED)
ANTENNA_mprj.team_07_Wrapper.team_07_WB.instance_to_wrap_gpio_in[26]/DIODE    1.500000    1.883156   -0.383156 (VIOLATED)
mprj.team_07_Wrapper.team_07_WB.instance_to_wrap/gpio_in[26]    1.500000    1.883132   -0.383132 (VIOLATED)
ANTENNA_mprj.team_06_Wrapper.team_06_WB.instance_to_wrap_gpio_in[28]/DIODE    1.500000    1.882157   -0.382157 (VIOLATED)
mprj.team_09_Wrapper.team_09_WB.instance_to_wrap/gpio_in[30]    1.500000    1.882106   -0.382106 (VIOLATED)
mprj.team_06_Wrapper.team_06_WB.instance_to_wrap/gpio_in[28]    1.500000    1.881945   -0.381945 (VIOLATED)
ANTENNA_mprj.team_02_Wrapper.team_02_WB.instance_to_wrap_gpio_in[2]/DIODE    1.500000    1.880835   -0.380835 (VIOLATED)
_7056_/A                                1.500000    1.879710   -0.379710 (VIOLATED)
ANTENNA__7056__A/DIODE                  1.500000    1.879702   -0.379703 (VIOLATED)
ANTENNA_mprj.team_06_Wrapper.team_06_WB.instance_to_wrap_gpio_out[7]/DIODE    1.500000    1.879131   -0.379131 (VIOLATED)
mprj.team_06_Wrapper.team_06_WB.instance_to_wrap/gpio_out[7]    1.500000    1.879131   -0.379131 (VIOLATED)
mprj.team_10_Wrapper.team_10_WB.instance_to_wrap/gpio_in[25]    1.500000    1.878718   -0.378718 (VIOLATED)
_6238_/B2                               1.500000    1.878687   -0.378687 (VIOLATED)
ANTENNA__6238__B2/DIODE                 1.500000    1.878660   -0.378660 (VIOLATED)
hold1127/X                              1.498918    1.876407   -0.377489 (VIOLATED)
ANTENNA_283/DIODE                       1.500000    1.877145   -0.377145 (VIOLATED)
_7967_/A1                               1.500000    1.877074   -0.377074 (VIOLATED)
ANTENNA__7967__A1/DIODE                 1.500000    1.876942   -0.376942 (VIOLATED)
ANTENNA_hold1127_X/DIODE                1.500000    1.876444   -0.376444 (VIOLATED)
ANTENNA__6308__B2/DIODE                 1.500000    1.876105   -0.376105 (VIOLATED)
_6308_/B2                               1.500000    1.876089   -0.376089 (VIOLATED)
_4394_/A2                               1.500000    1.872669   -0.372669 (VIOLATED)
ANTENNA__4389__A1/DIODE                 1.500000    1.872651   -0.372651 (VIOLATED)
_4389_/A1                               1.500000    1.872649   -0.372649 (VIOLATED)
ANTENNA__4394__A2/DIODE                 1.500000    1.872278   -0.372278 (VIOLATED)
mprj.team_02_Wrapper.team_02_WB.instance_to_wrap/gpio_in[2]    1.500000    1.870791   -0.370791 (VIOLATED)
_6562_/A1                               1.500000    1.870603   -0.370603 (VIOLATED)
ANTENNA__6562__A1/DIODE                 1.500000    1.870512   -0.370513 (VIOLATED)
_4662_/B                                1.500000    1.869421   -0.369421 (VIOLATED)
ANTENNA__4662__B/DIODE                  1.500000    1.869341   -0.369341 (VIOLATED)
mprj.team_03_Wrapper.team_03_WB.instance_to_wrap/gpio_in[8]    1.500000    1.868824   -0.368824 (VIOLATED)
ANTENNA_mprj.team_03_Wrapper.team_03_WB.instance_to_wrap_gpio_in[8]/DIODE    1.500000    1.868577   -0.368577 (VIOLATED)
hold1151/X                              1.498918    1.866108   -0.367190 (VIOLATED)
_4493_/A2                               1.500000    1.866689   -0.366689 (VIOLATED)
ANTENNA__4913__A0/DIODE                 1.500000    1.866634   -0.366634 (VIOLATED)
ANTENNA__4919__A2/DIODE                 1.500000    1.866633   -0.366633 (VIOLATED)
_4913_/A0                               1.500000    1.866619   -0.366619 (VIOLATED)
ANTENNA__4493__A2/DIODE                 1.500000    1.866594   -0.366594 (VIOLATED)
_4919_/A2                               1.500000    1.866592   -0.366592 (VIOLATED)
ANTENNA_36/DIODE                        1.500000    1.866562   -0.366562 (VIOLATED)
_4487_/A1                               1.500000    1.866519   -0.366519 (VIOLATED)
ANTENNA__4487__A1/DIODE                 1.500000    1.866464   -0.366464 (VIOLATED)
ANTENNA_hold1151_X/DIODE                1.500000    1.866151   -0.366151 (VIOLATED)
_6309_/A1                               1.500000    1.865782   -0.365782 (VIOLATED)
ANTENNA__6309__A1/DIODE                 1.500000    1.865609   -0.365609 (VIOLATED)
ANTENNA_mprj.team_03_Wrapper.team_03_WB.instance_to_wrap_ADR_O[18]/DIODE    1.500000    1.863018   -0.363018 (VIOLATED)
mprj.team_03_Wrapper.team_03_WB.instance_to_wrap/ADR_O[18]    1.500000    1.863009   -0.363009 (VIOLATED)
ANTENNA_mprj.team_01_Wrapper.team_01_WB.instance_to_wrap_DAT_O[4]/DIODE    1.500000    1.860415   -0.360415 (VIOLATED)
mprj.team_01_Wrapper.team_01_WB.instance_to_wrap/DAT_O[4]    1.500000    1.860408   -0.360408 (VIOLATED)
ANTENNA__4952__A0/DIODE                 1.500000    1.859522   -0.359522 (VIOLATED)
_4952_/A0                               1.500000    1.859479   -0.359479 (VIOLATED)
_4958_/A2                               1.500000    1.859280   -0.359280 (VIOLATED)
ANTENNA__4958__A2/DIODE                 1.500000    1.859197   -0.359197 (VIOLATED)
ANTENNA_48/DIODE                        1.500000    1.859006   -0.359006 (VIOLATED)
ANTENNA_mprj.team_06_Wrapper.team_06_WB.instance_to_wrap_gpio_out[17]/DIODE    1.500000    1.858550   -0.358550 (VIOLATED)
mprj.team_06_Wrapper.team_06_WB.instance_to_wrap/gpio_out[17]    1.500000    1.858519   -0.358519 (VIOLATED)
ANTENNA_mprj.team_06_Wrapper.team_06_WB.instance_to_wrap_gpio_out[14]/DIODE    1.500000    1.855698   -0.355698 (VIOLATED)
mprj.team_06_Wrapper.team_06_WB.instance_to_wrap/gpio_out[14]    1.500000    1.855698   -0.355698 (VIOLATED)
ANTENNA_mprj.team_03_Wrapper.team_03_WB.instance_to_wrap_ADR_O[23]/DIODE    1.500000    1.855654   -0.355654 (VIOLATED)
mprj.team_03_Wrapper.team_03_WB.instance_to_wrap/ADR_O[23]    1.500000    1.855652   -0.355652 (VIOLATED)
ANTENNA_mprj.team_04_Wrapper.team_04_WB.instance_to_wrap_memory_size[7]/DIODE    1.500000    1.854499   -0.354499 (VIOLATED)
mprj.team_04_Wrapper.team_04_WB.instance_to_wrap/memory_size[7]    1.500000    1.854448   -0.354448 (VIOLATED)
ANTENNA_mprj.team_08_Wrapper.team_08_WB.instance_to_wrap_gpio_in[29]/DIODE    1.500000    1.854344   -0.354344 (VIOLATED)
hold1190/X                              1.498918    1.851740   -0.352821 (VIOLATED)
ANTENNA_mprj.team_01_Wrapper.team_01_WB.instance_to_wrap_DAT_O[24]/DIODE    1.500000    1.851977   -0.351977 (VIOLATED)
_5552_/C_N                              1.500000    1.851969   -0.351970 (VIOLATED)
ANTENNA__5552__C_N/DIODE                1.500000    1.851962   -0.351962 (VIOLATED)
_7059_/B2                               1.500000    1.851855   -0.351855 (VIOLATED)
ANTENNA__7059__B2/DIODE                 1.500000    1.851817   -0.351817 (VIOLATED)
_5179_/A1                               1.500000    1.851761   -0.351761 (VIOLATED)
ANTENNA__5179__A1/DIODE                 1.500000    1.851746   -0.351746 (VIOLATED)
ANTENNA_hold1190_X/DIODE                1.500000    1.851745   -0.351745 (VIOLATED)
_7774_/A                                1.500000    1.851564   -0.351564 (VIOLATED)
ANTENNA__7774__A/DIODE                  1.500000    1.851525   -0.351525 (VIOLATED)
ANTENNA_267/DIODE                       1.500000    1.851511   -0.351511 (VIOLATED)
mprj.team_01_Wrapper.team_01_WB.instance_to_wrap/DAT_O[24]    1.500000    1.851509   -0.351510 (VIOLATED)
ANTENNA_266/DIODE                       1.500000    1.851407   -0.351407 (VIOLATED)
ANTENNA_hold26_A/DIODE                  1.500000    1.849432   -0.349432 (VIOLATED)
hold26/A                                1.500000    1.849238   -0.349238 (VIOLATED)
hold17/X                                1.498918    1.847557   -0.348639 (VIOLATED)
ANTENNA_mprj.team_01_Wrapper.team_01_WB.instance_to_wrap_gpio_in[17]/DIODE    1.500000    1.848331   -0.348331 (VIOLATED)
mprj.team_01_Wrapper.team_01_WB.instance_to_wrap/gpio_in[17]    1.500000    1.848224   -0.348224 (VIOLATED)
_7677_/A1                               1.500000    1.847773   -0.347773 (VIOLATED)
ANTENNA__7677__A1/DIODE                 1.500000    1.847654   -0.347654 (VIOLATED)
ANTENNA_hold17_X/DIODE                  1.500000    1.847564   -0.347564 (VIOLATED)
ANTENNA__7916__A/DIODE                  1.500000    1.847555   -0.347555 (VIOLATED)
_7916_/A                                1.500000    1.847515   -0.347515 (VIOLATED)
ANTENNA_121/DIODE                       1.500000    1.844347   -0.344347 (VIOLATED)
ANTENNA_mprj.team_06_Wrapper.team_06_WB.instance_to_wrap_gpio_out[23]/DIODE    1.500000    1.843758   -0.343758 (VIOLATED)
hold911/A                               1.500000    1.843728   -0.343729 (VIOLATED)
mprj.team_06_Wrapper.team_06_WB.instance_to_wrap/gpio_out[23]    1.500000    1.843584   -0.343584 (VIOLATED)
ANTENNA_mprj.team_02_Wrapper.team_02_WB.instance_to_wrap_gpio_out[14]/DIODE    1.500000    1.843326   -0.343326 (VIOLATED)
mprj.team_02_Wrapper.team_02_WB.instance_to_wrap/gpio_out[14]    1.500000    1.843196   -0.343196 (VIOLATED)
_5033_/A1                               1.500000    1.842985   -0.342985 (VIOLATED)
ANTENNA__5033__A1/DIODE                 1.500000    1.842949   -0.342949 (VIOLATED)
_5040_/A2                               1.500000    1.842856   -0.342856 (VIOLATED)
ANTENNA__5040__A2/DIODE                 1.500000    1.842721   -0.342721 (VIOLATED)
ANTENNA_54/DIODE                        1.500000    1.842517   -0.342517 (VIOLATED)
ANTENNA_mprj.team_01_Wrapper.team_01_WB.instance_to_wrap_DAT_O[18]/DIODE    1.500000    1.842185   -0.342185 (VIOLATED)
mprj.team_01_Wrapper.team_01_WB.instance_to_wrap/DAT_O[18]    1.500000    1.842019   -0.342019 (VIOLATED)
ANTENNA__4873__A1/DIODE                 1.500000    1.841724   -0.341724 (VIOLATED)
ANTENNA__4879__A2/DIODE                 1.500000    1.841702   -0.341702 (VIOLATED)
_4873_/A1                               1.500000    1.841604   -0.341604 (VIOLATED)
_4879_/A2                               1.500000    1.841580   -0.341580 (VIOLATED)
hold567/X                               1.498918    1.836720   -0.337802 (VIOLATED)
_5141_/A1                               1.500000    1.837173   -0.337173 (VIOLATED)
ANTENNA__5141__A1/DIODE                 1.500000    1.837170   -0.337170 (VIOLATED)
_7070_/B2                               1.500000    1.837145   -0.337145 (VIOLATED)
ANTENNA__7070__B2/DIODE                 1.500000    1.837141   -0.337141 (VIOLATED)
hold232/X                               1.498918    1.835815   -0.336897 (VIOLATED)
ANTENNA_hold1728_A/DIODE                1.500000    1.836796   -0.336796 (VIOLATED)
hold1728/A                              1.500000    1.836785   -0.336785 (VIOLATED)
ANTENNA_hold567_X/DIODE                 1.500000    1.836720   -0.336720 (VIOLATED)
ANTENNA__4945__A1/DIODE                 1.500000    1.836107   -0.336107 (VIOLATED)
_4945_/A1                               1.500000    1.836105   -0.336105 (VIOLATED)
ANTENNA_mprj.team_06_Wrapper.team_06_WB.instance_to_wrap_gpio_in[31]/DIODE    1.500000    1.835940   -0.335940 (VIOLATED)
ANTENNA__4823__A1/DIODE                 1.500000    1.835931   -0.335931 (VIOLATED)
_4823_/A1                               1.500000    1.835914   -0.335914 (VIOLATED)
_4919_/A1                               1.500000    1.835883   -0.335883 (VIOLATED)
ANTENNA__4919__A1/DIODE                 1.500000    1.835881   -0.335881 (VIOLATED)
_4175_/A1                               1.500000    1.835857   -0.335857 (VIOLATED)
_4711_/B2                               1.500000    1.835852   -0.335852 (VIOLATED)
ANTENNA__4711__B2/DIODE                 1.500000    1.835838   -0.335838 (VIOLATED)
ANTENNA__4175__A1/DIODE                 1.500000    1.835835   -0.335835 (VIOLATED)
ANTENNA__8116__A/DIODE                  1.500000    1.835815   -0.335815 (VIOLATED)
ANTENNA_hold232_X/DIODE                 1.500000    1.835815   -0.335815 (VIOLATED)
_8116_/A                                1.500000    1.835815   -0.335815 (VIOLATED)
ANTENNA_mprj.sram.sram_inst_addr1[0]/DIODE    1.500000    1.833402   -0.333402 (VIOLATED)
mprj.team_06_Wrapper.team_06_WB.instance_to_wrap/gpio_in[31]    1.500000    1.832761   -0.332761 (VIOLATED)
ANTENNA_mprj.team_06_Wrapper.team_06_WB.instance_to_wrap_gpio_in[32]/DIODE    1.500000    1.832238   -0.332238 (VIOLATED)
ANTENNA_mprj.team_09_Wrapper.team_09_WB.instance_to_wrap_gpio_in[4]/DIODE    1.500000    1.832023   -0.332023 (VIOLATED)
ANTENNA_mprj.team_01_Wrapper.team_01_WB.instance_to_wrap_ADR_O[16]/DIODE    1.500000    1.831963   -0.331963 (VIOLATED)
mprj.team_01_Wrapper.team_01_WB.instance_to_wrap/ADR_O[16]    1.500000    1.831963   -0.331963 (VIOLATED)
ANTENNA_mprj.sram.sram_inst_addr0[0]/DIODE    1.500000    1.830217   -0.330217 (VIOLATED)
output153/A                             1.500000    1.829879   -0.329879 (VIOLATED)
ANTENNA_output153_A/DIODE               1.500000    1.829479   -0.329479 (VIOLATED)
ANTENNA_mprj.team_05_Wrapper.team_05_WB.instance_to_wrap_gpio_in[2]/DIODE    1.500000    1.829250   -0.329250 (VIOLATED)
ANTENNA_hold911_A/DIODE                 1.500000    1.828998   -0.328999 (VIOLATED)
mprj.team_05_Wrapper.team_05_WB.instance_to_wrap/gpio_in[2]    1.500000    1.828957   -0.328957 (VIOLATED)
_4474_/A1                               1.500000    1.825565   -0.325565 (VIOLATED)
ANTENNA__4474__A1/DIODE                 1.500000    1.825465   -0.325465 (VIOLATED)
ANTENNA__4480__A2/DIODE                 1.500000    1.825345   -0.325345 (VIOLATED)
_4480_/A2                               1.500000    1.825090   -0.325090 (VIOLATED)
ANTENNA__4449__A0/DIODE                 1.500000    1.824922   -0.324922 (VIOLATED)
_4449_/A0                               1.500000    1.824892   -0.324892 (VIOLATED)
ANTENNA__4455__A2/DIODE                 1.500000    1.824814   -0.324814 (VIOLATED)
_4455_/A2                               1.500000    1.824644   -0.324644 (VIOLATED)
mprj.team_06_Wrapper.team_06_WB.instance_to_wrap/gpio_in[32]    1.500000    1.824258   -0.324258 (VIOLATED)
ANTENNA_mprj.team_10_Wrapper.team_10_WB.instance_to_wrap_nrst/DIODE    1.500000    1.824125   -0.324125 (VIOLATED)
mprj.team_10_Wrapper.team_10_WB.instance_to_wrap/nrst    1.500000    1.823962   -0.323962 (VIOLATED)
ANTENNA_275/DIODE                       1.500000    1.823814   -0.323814 (VIOLATED)
ANTENNA_mprj.team_06_Wrapper.team_06_WB.instance_to_wrap_gpio_oeb[22]/DIODE    1.500000    1.823046   -0.323046 (VIOLATED)
mprj.team_06_Wrapper.team_06_WB.instance_to_wrap/gpio_oeb[22]    1.500000    1.823023   -0.323023 (VIOLATED)
mprj.team_09_Wrapper.team_09_WB.instance_to_wrap/gpio_in[4]    1.500000    1.822819   -0.322819 (VIOLATED)
ANTENNA_mprj.team_01_Wrapper.team_01_WB.instance_to_wrap_DAT_O[23]/DIODE    1.500000    1.820526   -0.320527 (VIOLATED)
mprj.team_01_Wrapper.team_01_WB.instance_to_wrap/DAT_O[23]    1.500000    1.820434   -0.320434 (VIOLATED)
ANTENNA_mprj.team_01_Wrapper.team_01_WB.instance_to_wrap_ADR_O[19]/DIODE    1.500000    1.819240   -0.319241 (VIOLATED)
mprj.team_01_Wrapper.team_01_WB.instance_to_wrap/ADR_O[19]    1.500000    1.819240   -0.319241 (VIOLATED)
mprj.team_08_Wrapper.team_08_WB.instance_to_wrap/gpio_in[29]    1.500000    1.818789   -0.318789 (VIOLATED)
_6333_/X                                1.497633    1.816124   -0.318491 (VIOLATED)
ANTENNA_mprj.team_01_Wrapper.team_01_WB.instance_to_wrap_DAT_O[17]/DIODE    1.500000    1.817363   -0.317363 (VIOLATED)
mprj.team_01_Wrapper.team_01_WB.instance_to_wrap/DAT_O[17]    1.500000    1.817318   -0.317318 (VIOLATED)
ANTENNA__6333__X/DIODE                  1.500000    1.816303   -0.316303 (VIOLATED)
_4254_/A1                               1.500000    1.815333   -0.315333 (VIOLATED)
ANTENNA__4254__A1/DIODE                 1.500000    1.815267   -0.315267 (VIOLATED)
_4278_/A2                               1.500000    1.815247   -0.315247 (VIOLATED)
ANTENNA__4278__A2/DIODE                 1.500000    1.815108   -0.315108 (VIOLATED)
_4265_/A3                               1.500000    1.814452   -0.314452 (VIOLATED)
ANTENNA_mprj.team_06_Wrapper.team_06_WB.instance_to_wrap_gpio_oeb[7]/DIODE    1.500000    1.814190   -0.314190 (VIOLATED)
ANTENNA__4265__A3/DIODE                 1.500000    1.814093   -0.314093 (VIOLATED)
mprj.team_06_Wrapper.team_06_WB.instance_to_wrap/gpio_oeb[7]    1.500000    1.814093   -0.314093 (VIOLATED)
_4823_/A2                               1.500000    1.812188   -0.312188 (VIOLATED)
ANTENNA__4817__A0/DIODE                 1.500000    1.812185   -0.312185 (VIOLATED)
ANTENNA_50/DIODE                        1.500000    1.812150   -0.312150 (VIOLATED)
ANTENNA__4823__A2/DIODE                 1.500000    1.812150   -0.312150 (VIOLATED)
_4817_/A0                               1.500000    1.811772   -0.311772 (VIOLATED)
_6778_/X                                1.498177    1.809892   -0.311715 (VIOLATED)
output159/A                             1.500000    1.811368   -0.311368 (VIOLATED)
ANTENNA_output159_A/DIODE               1.500000    1.810930   -0.310931 (VIOLATED)
ANTENNA__6778__X/DIODE                  1.500000    1.809940   -0.309940 (VIOLATED)
ANTENNA_mprj.sram.sram_inst_addr0[2]/DIODE    1.500000    1.809176   -0.309176 (VIOLATED)
ANTENNA_mprj.team_06_Wrapper.team_06_WB.instance_to_wrap_gpio_oeb[24]/DIODE    1.500000    1.808887   -0.308887 (VIOLATED)
mprj.team_06_Wrapper.team_06_WB.instance_to_wrap/gpio_oeb[24]    1.500000    1.808789   -0.308789 (VIOLATED)
_7381_/Y                                1.495733    1.801793   -0.306060 (VIOLATED)
ANTENNA__4941__A1/DIODE                 1.500000    1.805915   -0.305916 (VIOLATED)
ANTENNA_59/DIODE                        1.500000    1.805899   -0.305899 (VIOLATED)
ANTENNA_mprj.team_04_Wrapper.team_04_WB.instance_to_wrap_memory_size[0]/DIODE    1.500000    1.805808   -0.305808 (VIOLATED)
mprj.team_04_Wrapper.team_04_WB.instance_to_wrap/memory_size[0]    1.500000    1.805794   -0.305795 (VIOLATED)
ANTENNA__4947__A2/DIODE                 1.500000    1.805780   -0.305780 (VIOLATED)
_4941_/A1                               1.500000    1.805762   -0.305762 (VIOLATED)
_4947_/A2                               1.500000    1.805610   -0.305610 (VIOLATED)
_7779_/A1                               1.500000    1.804844   -0.304845 (VIOLATED)
ANTENNA__7779__A1/DIODE                 1.500000    1.804782   -0.304782 (VIOLATED)
_4911_/B                                1.500000    1.804206   -0.304206 (VIOLATED)
ANTENNA__4911__B/DIODE                  1.500000    1.804132   -0.304132 (VIOLATED)
ANTENNA_mprj.team_02_Wrapper.team_02_WB.instance_to_wrap_gpio_out[8]/DIODE    1.500000    1.803727   -0.303727 (VIOLATED)
mprj.team_02_Wrapper.team_02_WB.instance_to_wrap/gpio_out[8]    1.500000    1.803716   -0.303717 (VIOLATED)
ANTENNA__4567__A0/DIODE                 1.500000    1.803526   -0.303526 (VIOLATED)
_4567_/A0                               1.500000    1.803514   -0.303514 (VIOLATED)
hold1555/X                              1.498918    1.802170   -0.303252 (VIOLATED)
ANTENNA_mprj.team_04_Wrapper.team_04_WB.instance_to_wrap_memory_size[12]/DIODE    1.500000    1.803047   -0.303047 (VIOLATED)
mprj.team_04_Wrapper.team_04_WB.instance_to_wrap/memory_size[12]    1.500000    1.803016   -0.303017 (VIOLATED)
ANTENNA__4573__A2/DIODE                 1.500000    1.802969   -0.302969 (VIOLATED)
_4573_/A2                               1.500000    1.802818   -0.302818 (VIOLATED)
ANTENNA_mprj.team_06_Wrapper.team_06_WB.instance_to_wrap_gpio_in[27]/DIODE    1.500000    1.802804   -0.302804 (VIOLATED)
hold808/X                               1.498918    1.801615   -0.302697 (VIOLATED)
ANTENNA_hold808_X/DIODE                 1.500000    1.802240   -0.302240 (VIOLATED)
ANTENNA_hold1555_X/DIODE                1.500000    1.802190   -0.302190 (VIOLATED)
hold479/X                               1.498918    1.801087   -0.302170 (VIOLATED)
ANTENNA__7381__Y/DIODE                  1.500000    1.801832   -0.301832 (VIOLATED)
mprj.sram.sram_inst/addr0[9]            1.500000    1.801793   -0.301793 (VIOLATED)
mprj.sram.sram_inst/addr1[9]            1.500000    1.801793   -0.301793 (VIOLATED)
ANTENNA__7120__B2/DIODE                 1.500000    1.801368   -0.301368 (VIOLATED)
_7120_/B2                               1.500000    1.801359   -0.301359 (VIOLATED)
ANTENNA__5174__A1/DIODE                 1.500000    1.801173   -0.301174 (VIOLATED)
_5174_/A1                               1.500000    1.801140   -0.301140 (VIOLATED)
ANTENNA_hold479_X/DIODE                 1.500000    1.801108   -0.301108 (VIOLATED)
mprj.team_06_Wrapper.team_06_WB.instance_to_wrap/gpio_in[27]    1.500000    1.800874   -0.300875 (VIOLATED)
_6959_/A1                               1.500000    1.800346   -0.300346 (VIOLATED)
ANTENNA__6959__A1/DIODE                 1.500000    1.800345   -0.300345 (VIOLATED)
_5150_/A1                               1.500000    1.800328   -0.300328 (VIOLATED)
ANTENNA__5150__A1/DIODE                 1.500000    1.800298   -0.300298 (VIOLATED)
hold1411/A                              1.500000    1.800223   -0.300223 (VIOLATED)
ANTENNA_hold1411_A/DIODE                1.500000    1.800212   -0.300212 (VIOLATED)
_7008_/A2                               1.500000    1.799525   -0.299525 (VIOLATED)
ANTENNA__7008__A2/DIODE                 1.500000    1.799513   -0.299513 (VIOLATED)
hold602/X                               1.498918    1.798246   -0.299328 (VIOLATED)
hold494/X                               1.498918    1.798206   -0.299288 (VIOLATED)
_6963_/A1                               1.500000    1.799251   -0.299251 (VIOLATED)
ANTENNA__6963__A1/DIODE                 1.500000    1.799239   -0.299239 (VIOLATED)
ANTENNA__4144__A1/DIODE                 1.500000    1.799144   -0.299144 (VIOLATED)
_4144_/A1                               1.500000    1.799099   -0.299099 (VIOLATED)
_4150_/A2                               1.500000    1.798947   -0.298947 (VIOLATED)
ANTENNA__4150__A2/DIODE                 1.500000    1.798928   -0.298928 (VIOLATED)
ANTENNA_hold602_X/DIODE                 1.500000    1.798246   -0.298246 (VIOLATED)
ANTENNA__7400__A1/DIODE                 1.500000    1.798217   -0.298217 (VIOLATED)
_7400_/A1                               1.500000    1.798217   -0.298217 (VIOLATED)
_6928_/B                                1.500000    1.798215   -0.298215 (VIOLATED)
ANTENNA__6928__B/DIODE                  1.500000    1.798214   -0.298214 (VIOLATED)
ANTENNA_hold494_X/DIODE                 1.500000    1.798206   -0.298206 (VIOLATED)
_4893_/A2                               1.500000    1.796988   -0.296988 (VIOLATED)
ANTENNA__4893__A2/DIODE                 1.500000    1.796983   -0.296983 (VIOLATED)
ANTENNA_60/DIODE                        1.500000    1.796785   -0.296785 (VIOLATED)
ANTENNA__4886__A1/DIODE                 1.500000    1.796627   -0.296627 (VIOLATED)
_4886_/A1                               1.500000    1.796620   -0.296620 (VIOLATED)
ANTENNA_mprj.team_09_Wrapper.team_09_WB.instance_to_wrap_gpio_in[12]/DIODE    1.500000    1.794608   -0.294608 (VIOLATED)
mprj.team_09_Wrapper.team_09_WB.instance_to_wrap/gpio_in[12]    1.500000    1.794385   -0.294385 (VIOLATED)
mprj.team_04_Wrapper.team_04_WB.instance_to_wrap/gpio_in[24]    1.500000    1.793993   -0.293993 (VIOLATED)
ANTENNA_mprj.team_04_Wrapper.team_04_WB.instance_to_wrap_gpio_in[24]/DIODE    1.500000    1.793897   -0.293897 (VIOLATED)
ANTENNA__4146__C1/DIODE                 1.500000    1.792423   -0.292423 (VIOLATED)
_4146_/C1                               1.500000    1.792421   -0.292421 (VIOLATED)
_4119_/A                                1.500000    1.791821   -0.291821 (VIOLATED)
ANTENNA__4119__A/DIODE                  1.500000    1.791771   -0.291771 (VIOLATED)
hold150/X                               1.498918    1.790470   -0.291552 (VIOLATED)
_7438_/B1                               1.500000    1.791510   -0.291510 (VIOLATED)
ANTENNA__7438__B1/DIODE                 1.500000    1.791507   -0.291507 (VIOLATED)
_4095_/B1                               1.500000    1.791451   -0.291451 (VIOLATED)
ANTENNA__4095__B1/DIODE                 1.500000    1.791435   -0.291435 (VIOLATED)
ANTENNA__7431__A3/DIODE                 1.500000    1.791371   -0.291371 (VIOLATED)
_7431_/A3                               1.500000    1.791370   -0.291370 (VIOLATED)
_7424_/B1                               1.500000    1.791358   -0.291358 (VIOLATED)
ANTENNA__7424__B1/DIODE                 1.500000    1.791347   -0.291347 (VIOLATED)
_7432_/B1                               1.500000    1.791224   -0.291224 (VIOLATED)
ANTENNA__7432__B1/DIODE                 1.500000    1.791194   -0.291194 (VIOLATED)
_4071_/A                                1.500000    1.791112   -0.291112 (VIOLATED)
ANTENNA__4071__A/DIODE                  1.500000    1.791106   -0.291106 (VIOLATED)
_7421_/A1                               1.500000    1.791073   -0.291073 (VIOLATED)
ANTENNA__7421__A1/DIODE                 1.500000    1.791057   -0.291057 (VIOLATED)
_4686_/A2                               1.500000    1.791023   -0.291023 (VIOLATED)
_4680_/A1                               1.500000    1.790939   -0.290939 (VIOLATED)
ANTENNA__4680__A1/DIODE                 1.500000    1.790874   -0.290874 (VIOLATED)
ANTENNA__4686__A2/DIODE                 1.500000    1.790581   -0.290581 (VIOLATED)
ANTENNA_hold150_X/DIODE                 1.500000    1.790470   -0.290471 (VIOLATED)
ANTENNA__5007__A1/DIODE                 1.500000    1.790109   -0.290109 (VIOLATED)
_5007_/A1                               1.500000    1.790088   -0.290088 (VIOLATED)
_5013_/A2                               1.500000    1.790020   -0.290020 (VIOLATED)
ANTENNA__5013__A2/DIODE                 1.500000    1.789905   -0.289905 (VIOLATED)
ANTENNA_mprj.team_07_Wrapper.team_07_WB.instance_to_wrap_gpio_in[23]/DIODE    1.500000    1.788029   -0.288029 (VIOLATED)
mprj.team_07_Wrapper.team_07_WB.instance_to_wrap/gpio_in[23]    1.500000    1.788010   -0.288010 (VIOLATED)
output122/A                             1.500000    1.786548   -0.286548 (VIOLATED)
ANTENNA_output122_A/DIODE               1.500000    1.786339   -0.286339 (VIOLATED)
ANTENNA__6374__C/DIODE                  1.500000    1.785502   -0.285502 (VIOLATED)
_6374_/C                                1.500000    1.785473   -0.285474 (VIOLATED)
_7936_/A1                               1.500000    1.785423   -0.285423 (VIOLATED)
ANTENNA__7936__A1/DIODE                 1.500000    1.785311   -0.285311 (VIOLATED)
ANTENNA_mprj.team_11_Wrapper.team_11_WB.instance_to_wrap_gpio_in[17]/DIODE    1.500000    1.784849   -0.284849 (VIOLATED)
ANTENNA_mprj.team_11_Wrapper.team_11_WB.instance_to_wrap_gpio_in[20]/DIODE    1.500000    1.784834   -0.284834 (VIOLATED)
mprj.team_11_Wrapper.team_11_WB.instance_to_wrap/gpio_in[17]    1.500000    1.784743   -0.284743 (VIOLATED)
mprj.team_11_Wrapper.team_11_WB.instance_to_wrap/gpio_in[20]    1.500000    1.784658   -0.284658 (VIOLATED)
ANTENNA_119/DIODE                       1.500000    1.783777   -0.283777 (VIOLATED)
mprj.team_03_Wrapper.team_03_WB.instance_to_wrap/gpio_in[13]    1.500000    1.783747   -0.283747 (VIOLATED)
ANTENNA__6191__A/DIODE                  1.500000    1.783698   -0.283698 (VIOLATED)
_6191_/A                                1.500000    1.783676   -0.283676 (VIOLATED)
ANTENNA_mprj.team_03_Wrapper.team_03_WB.instance_to_wrap_gpio_in[13]/DIODE    1.500000    1.783088   -0.283089 (VIOLATED)
ANTENNA_mprj.team_06_Wrapper.team_06_WB.instance_to_wrap_gpio_oeb[21]/DIODE    1.500000    1.783035   -0.283035 (VIOLATED)
mprj.team_06_Wrapper.team_06_WB.instance_to_wrap/gpio_oeb[21]    1.500000    1.783024   -0.283024 (VIOLATED)
ANTENNA_mprj.team_06_Wrapper.team_06_WB.instance_to_wrap_gpio_out[21]/DIODE    1.500000    1.782997   -0.282997 (VIOLATED)
mprj.team_06_Wrapper.team_06_WB.instance_to_wrap/gpio_out[21]    1.500000    1.782826   -0.282826 (VIOLATED)
_8056_/B2                               1.500000    1.782668   -0.282668 (VIOLATED)
ANTENNA__8056__B2/DIODE                 1.500000    1.782555   -0.282555 (VIOLATED)
ANTENNA__4575__A2/DIODE                 1.500000    1.782440   -0.282440 (VIOLATED)
_4575_/A2                               1.500000    1.782404   -0.282404 (VIOLATED)
ANTENNA__4569__A1/DIODE                 1.500000    1.782366   -0.282366 (VIOLATED)
_7769_/A1                               1.500000    1.782361   -0.282361 (VIOLATED)
ANTENNA__7769__A1/DIODE                 1.500000    1.782305   -0.282306 (VIOLATED)
ANTENNA_53/DIODE                        1.500000    1.782239   -0.282239 (VIOLATED)
_4569_/A1                               1.500000    1.782153   -0.282154 (VIOLATED)
ANTENNA__7312__A/DIODE                  1.500000    1.782018   -0.282018 (VIOLATED)
_7312_/A                                1.500000    1.782018   -0.282018 (VIOLATED)
output141/A                             1.500000    1.780701   -0.280701 (VIOLATED)
ANTENNA_542/DIODE                       1.500000    1.780639   -0.280639 (VIOLATED)
ANTENNA_output141_A/DIODE               1.500000    1.780618   -0.280618 (VIOLATED)
hold876/X                               1.498918    1.779085   -0.280167 (VIOLATED)
_7407_/C1                               1.500000    1.779392   -0.279392 (VIOLATED)
ANTENNA__7407__C1/DIODE                 1.500000    1.779391   -0.279391 (VIOLATED)
_7405_/C1                               1.500000    1.779300   -0.279300 (VIOLATED)
ANTENNA__7405__C1/DIODE                 1.500000    1.779278   -0.279278 (VIOLATED)
ANTENNA_mprj.team_01_Wrapper.team_01_WB.instance_to_wrap_gpio_in[12]/DIODE    1.500000    1.779157   -0.279157 (VIOLATED)
_7417_/C1                               1.500000    1.779116   -0.279116 (VIOLATED)
ANTENNA__7417__C1/DIODE                 1.500000    1.779109   -0.279109 (VIOLATED)
ANTENNA_hold876_X/DIODE                 1.500000    1.779101   -0.279101 (VIOLATED)
hold496/X                               1.498918    1.776882   -0.277964 (VIOLATED)
_6917_/A1                               1.500000    1.777931   -0.277931 (VIOLATED)
ANTENNA__6917__A1/DIODE                 1.500000    1.777871   -0.277871 (VIOLATED)
ANTENNA_fanout305_A/DIODE               1.500000    1.777643   -0.277643 (VIOLATED)
fanout305/A                             1.500000    1.777629   -0.277629 (VIOLATED)
ANTENNA_hold496_X/DIODE                 1.500000    1.777447   -0.277447 (VIOLATED)
_4363_/A2                               1.500000    1.777399   -0.277399 (VIOLATED)
_4357_/A1                               1.500000    1.777393   -0.277393 (VIOLATED)
ANTENNA__4357__A1/DIODE                 1.500000    1.777343   -0.277343 (VIOLATED)
ANTENNA__4363__A2/DIODE                 1.500000    1.777331   -0.277331 (VIOLATED)
mprj.team_01_Wrapper.team_01_WB.instance_to_wrap/gpio_in[12]    1.500000    1.775773   -0.275773 (VIOLATED)
mprj.team_03_Wrapper.team_03_WB.instance_to_wrap/gpio_in[24]    1.500000    1.774708   -0.274708 (VIOLATED)
ANTENNA_mprj.team_01_Wrapper.team_01_WB.instance_to_wrap_DAT_O[27]/DIODE    1.500000    1.774346   -0.274346 (VIOLATED)
mprj.team_01_Wrapper.team_01_WB.instance_to_wrap/DAT_O[27]    1.500000    1.774346   -0.274346 (VIOLATED)
ANTENNA_mprj.team_03_Wrapper.team_03_WB.instance_to_wrap_gpio_in[24]/DIODE    1.500000    1.774216   -0.274216 (VIOLATED)
ANTENNA_893/DIODE                       1.500000    1.773967   -0.273967 (VIOLATED)
ANTENNA_892/DIODE                       1.500000    1.773914   -0.273914 (VIOLATED)
ANTENNA_895/DIODE                       1.500000    1.773910   -0.273910 (VIOLATED)
_6252_/B2                               1.500000    1.773885   -0.273885 (VIOLATED)
ANTENNA__6252__B2/DIODE                 1.500000    1.773679   -0.273679 (VIOLATED)
ANTENNA_894/DIODE                       1.500000    1.773504   -0.273504 (VIOLATED)
ANTENNA_mprj.team_03_Wrapper.team_03_WB.instance_to_wrap_DAT_O[27]/DIODE    1.500000    1.771172   -0.271172 (VIOLATED)
mprj.team_03_Wrapper.team_03_WB.instance_to_wrap/DAT_O[27]    1.500000    1.771137   -0.271137 (VIOLATED)
ANTENNA_mprj.team_03_Wrapper.team_03_WB.instance_to_wrap_ADR_O[4]/DIODE    1.500000    1.769421   -0.269421 (VIOLATED)
mprj.team_03_Wrapper.team_03_WB.instance_to_wrap/ADR_O[4]    1.500000    1.769396   -0.269396 (VIOLATED)
_7577_/B                                1.500000    1.765782   -0.265782 (VIOLATED)
ANTENNA__7577__B/DIODE                  1.500000    1.765692   -0.265692 (VIOLATED)
_7902_/A1                               1.500000    1.763523   -0.263523 (VIOLATED)
ANTENNA__4781__A/DIODE                  1.500000    1.763362   -0.263362 (VIOLATED)
_4781_/A                                1.500000    1.763359   -0.263359 (VIOLATED)
_4779_/A                                1.500000    1.763355   -0.263355 (VIOLATED)
_4783_/B                                1.500000    1.763345   -0.263345 (VIOLATED)
_5282_/A                                1.500000    1.763321   -0.263321 (VIOLATED)
ANTENNA__4779__A/DIODE                  1.500000    1.763319   -0.263319 (VIOLATED)
ANTENNA__7902__A1/DIODE                 1.500000    1.763291   -0.263291 (VIOLATED)
ANTENNA__4783__B/DIODE                  1.500000    1.763245   -0.263245 (VIOLATED)
ANTENNA__5282__A/DIODE                  1.500000    1.763120   -0.263120 (VIOLATED)
_4202_/B1                               1.500000    1.762724   -0.262724 (VIOLATED)
ANTENNA__4202__B1/DIODE                 1.500000    1.762644   -0.262644 (VIOLATED)
ANTENNA_hold519_A/DIODE                 1.500000    1.762097   -0.262097 (VIOLATED)
ANTENNA_865/DIODE                       1.500000    1.762033   -0.262033 (VIOLATED)
hold519/A                               1.500000    1.761963   -0.261963 (VIOLATED)
hold386/X                               1.498918    1.760862   -0.261944 (VIOLATED)
hold492/X                               1.498918    1.760795   -0.261877 (VIOLATED)
_4802_/A2                               1.500000    1.761443   -0.261443 (VIOLATED)
ANTENNA__4802__A2/DIODE                 1.500000    1.761343   -0.261343 (VIOLATED)
ANTENNA__6980__A1/DIODE                 1.500000    1.760965   -0.260965 (VIOLATED)
_6980_/A1                               1.500000    1.760939   -0.260939 (VIOLATED)
ANTENNA_hold386_X/DIODE                 1.500000    1.760882   -0.260883 (VIOLATED)
ANTENNA__5148__A1/DIODE                 1.500000    1.760880   -0.260880 (VIOLATED)
_5148_/A1                               1.500000    1.760880   -0.260880 (VIOLATED)
ANTENNA_hold492_X/DIODE                 1.500000    1.760800   -0.260801 (VIOLATED)
ANTENNA_mprj.team_09_Wrapper.team_09_WB.instance_to_wrap_gpio_in[17]/DIODE    1.500000    1.759214   -0.259214 (VIOLATED)
mprj.team_09_Wrapper.team_09_WB.instance_to_wrap/gpio_in[17]    1.500000    1.758895   -0.258895 (VIOLATED)
_6770_/A1                               1.500000    1.755686   -0.255686 (VIOLATED)
ANTENNA_mprj.team_01_Wrapper.team_01_WB.instance_to_wrap_gpio_in[29]/DIODE    1.500000    1.755644   -0.255644 (VIOLATED)
mprj.team_01_Wrapper.team_01_WB.instance_to_wrap/gpio_in[29]    1.500000    1.755586   -0.255586 (VIOLATED)
ANTENNA__6770__A1/DIODE                 1.500000    1.755537   -0.255537 (VIOLATED)
ANTENNA__4205__A1/DIODE                 1.500000    1.754821   -0.254821 (VIOLATED)
_4205_/A1                               1.500000    1.754799   -0.254800 (VIOLATED)
ANTENNA__4212__A2/DIODE                 1.500000    1.754609   -0.254610 (VIOLATED)
_4212_/A2                               1.500000    1.754542   -0.254542 (VIOLATED)
_7617_/B                                1.500000    1.754108   -0.254108 (VIOLATED)
ANTENNA__7617__B/DIODE                  1.500000    1.753979   -0.253979 (VIOLATED)
mprj.team_02_Wrapper.team_02_WB.instance_to_wrap/gpio_in[15]    1.500000    1.753904   -0.253904 (VIOLATED)
ANTENNA_mprj.team_03_Wrapper.team_03_WB.instance_to_wrap_DAT_O[15]/DIODE    1.500000    1.753681   -0.253681 (VIOLATED)
mprj.team_03_Wrapper.team_03_WB.instance_to_wrap/DAT_O[15]    1.500000    1.753671   -0.253671 (VIOLATED)
ANTENNA_mprj.team_02_Wrapper.team_02_WB.instance_to_wrap_gpio_in[15]/DIODE    1.500000    1.753609   -0.253609 (VIOLATED)
_7187_/A                                1.500000    1.748657   -0.248657 (VIOLATED)
ANTENNA__7187__A/DIODE                  1.500000    1.748656   -0.248656 (VIOLATED)
hold219/X                               1.498918    1.747262   -0.248344 (VIOLATED)
ANTENNA_hold219_X/DIODE                 1.500000    1.747262   -0.247262 (VIOLATED)
ANTENNA_hold817_A/DIODE                 1.500000    1.747262   -0.247262 (VIOLATED)
hold817/A                               1.500000    1.747262   -0.247262 (VIOLATED)
ANTENNA_mprj.team_06_Wrapper.team_06_WB.instance_to_wrap_gpio_out[16]/DIODE    1.500000    1.746509   -0.246509 (VIOLATED)
mprj.team_06_Wrapper.team_06_WB.instance_to_wrap/gpio_out[16]    1.500000    1.746456   -0.246456 (VIOLATED)
_4375_/A2                               1.500000    1.745697   -0.245698 (VIOLATED)
ANTENNA__4375__A2/DIODE                 1.500000    1.745592   -0.245592 (VIOLATED)
_4369_/A1                               1.500000    1.745566   -0.245566 (VIOLATED)
ANTENNA__4369__A1/DIODE                 1.500000    1.745451   -0.245451 (VIOLATED)
_4623_/B                                1.500000    1.744819   -0.244820 (VIOLATED)
ANTENNA__4623__B/DIODE                  1.500000    1.744724   -0.244724 (VIOLATED)
_7379_/A                                1.500000    1.744406   -0.244406 (VIOLATED)
ANTENNA__7379__A/DIODE                  1.500000    1.744273   -0.244273 (VIOLATED)
output126/A                             1.500000    1.743984   -0.243984 (VIOLATED)
ANTENNA_output126_A/DIODE               1.500000    1.743853   -0.243853 (VIOLATED)
hold375/X                               1.498918    1.742085   -0.243167 (VIOLATED)
ANTENNA_hold375_X/DIODE                 1.500000    1.742710   -0.242710 (VIOLATED)
ANTENNA_mprj.team_06_Wrapper.team_06_WB.instance_to_wrap_gpio_oeb[14]/DIODE    1.500000    1.742226   -0.242226 (VIOLATED)
mprj.team_06_Wrapper.team_06_WB.instance_to_wrap/gpio_oeb[14]    1.500000    1.742184   -0.242184 (VIOLATED)
ANTENNA_hold1207_A/DIODE                1.500000    1.741206   -0.241206 (VIOLATED)
ANTENNA_mprj.team_03_Wrapper.team_03_WB.instance_to_wrap_ADR_O[16]/DIODE    1.500000    1.740957   -0.240957 (VIOLATED)
hold1207/A                              1.500000    1.740911   -0.240911 (VIOLATED)
mprj.team_03_Wrapper.team_03_WB.instance_to_wrap/ADR_O[16]    1.500000    1.740645   -0.240645 (VIOLATED)
ANTENNA_35/DIODE                        1.500000    1.740543   -0.240543 (VIOLATED)
ANTENNA__4380__A1/DIODE                 1.500000    1.740530   -0.240530 (VIOLATED)
_4380_/A1                               1.500000    1.740510   -0.240510 (VIOLATED)
_4386_/A2                               1.500000    1.740345   -0.240345 (VIOLATED)
ANTENNA__4386__A2/DIODE                 1.500000    1.740339   -0.240339 (VIOLATED)
ANTENNA__6849__X/DIODE                  1.500000    1.740334   -0.240334 (VIOLATED)
_5018_/A0                               1.500000    1.740177   -0.240177 (VIOLATED)
ANTENNA__5018__A0/DIODE                 1.500000    1.740175   -0.240175 (VIOLATED)
_6849_/X                                1.500000    1.740165   -0.240165 (VIOLATED)
ANTENNA__5024__A2/DIODE                 1.500000    1.740148   -0.240148 (VIOLATED)
_5024_/A2                               1.500000    1.740134   -0.240134 (VIOLATED)
_4841_/Y                                1.498454    1.737829   -0.239375 (VIOLATED)
output157/A                             1.500000    1.738602   -0.238602 (VIOLATED)
_8016_/A1                               1.500000    1.738404   -0.238404 (VIOLATED)
ANTENNA__8016__A1/DIODE                 1.500000    1.738389   -0.238389 (VIOLATED)
ANTENNA_output157_A/DIODE               1.500000    1.738237   -0.238237 (VIOLATED)
ANTENNA__4841__Y/DIODE                  1.500000    1.737866   -0.237866 (VIOLATED)
ANTENNA_mprj.team_03_Wrapper.team_03_WB.instance_to_wrap_DAT_O[8]/DIODE    1.500000    1.737384   -0.237384 (VIOLATED)
mprj.team_03_Wrapper.team_03_WB.instance_to_wrap/DAT_O[8]    1.500000    1.737384   -0.237384 (VIOLATED)
ANTENNA_mprj.sram.sram_inst_addr1[2]/DIODE    1.500000    1.737072   -0.237072 (VIOLATED)
ANTENNA_mprj.team_06_Wrapper.team_06_WB.instance_to_wrap_gpio_oeb[15]/DIODE    1.500000    1.737019   -0.237019 (VIOLATED)
mprj.team_12_Wrapper.team_12_WB.instance_to_wrap/gpio_in[12]    1.500000    1.736944   -0.236944 (VIOLATED)
mprj.team_06_Wrapper.team_06_WB.instance_to_wrap/gpio_oeb[15]    1.500000    1.736939   -0.236939 (VIOLATED)
ANTENNA_mprj.team_12_Wrapper.team_12_WB.instance_to_wrap_gpio_in[12]/DIODE    1.500000    1.736922   -0.236922 (VIOLATED)
_6480_/A                                1.500000    1.735854   -0.235854 (VIOLATED)
ANTENNA__6480__A/DIODE                  1.500000    1.735842   -0.235843 (VIOLATED)
output128/A                             1.500000    1.731562   -0.231562 (VIOLATED)
ANTENNA_output128_A/DIODE               1.500000    1.731146   -0.231146 (VIOLATED)
output111/A                             1.500000    1.731047   -0.231047 (VIOLATED)
ANTENNA_output111_A/DIODE               1.500000    1.731014   -0.231014 (VIOLATED)
ANTENNA_mprj.team_10_Wrapper.team_10_WB.instance_to_wrap_gpio_in[26]/DIODE    1.500000    1.730593   -0.230594 (VIOLATED)
ANTENNA_mprj.team_02_Wrapper.team_02_WB.instance_to_wrap_gpio_out[21]/DIODE    1.500000    1.728859   -0.228859 (VIOLATED)
mprj.team_02_Wrapper.team_02_WB.instance_to_wrap/gpio_out[21]    1.500000    1.728859   -0.228859 (VIOLATED)
_6736_/A1                               1.500000    1.726459   -0.226459 (VIOLATED)
ANTENNA__6736__A1/DIODE                 1.500000    1.726405   -0.226405 (VIOLATED)
ANTENNA_mprj.sram.sram_inst_din0[9]/DIODE    1.500000    1.726236   -0.226236 (VIOLATED)
ANTENNA_mprj.team_01_Wrapper.team_01_WB.instance_to_wrap_DAT_O[6]/DIODE    1.500000    1.725017   -0.225017 (VIOLATED)
mprj.team_01_Wrapper.team_01_WB.instance_to_wrap/DAT_O[6]    1.500000    1.724998   -0.224998 (VIOLATED)
_8011_/A                                1.500000    1.724552   -0.224552 (VIOLATED)
ANTENNA__8011__A/DIODE                  1.500000    1.724533   -0.224533 (VIOLATED)
_4118_/A1                               1.500000    1.724196   -0.224196 (VIOLATED)
ANTENNA__4118__A1/DIODE                 1.500000    1.724127   -0.224127 (VIOLATED)
ANTENNA__4126__A2/DIODE                 1.500000    1.724077   -0.224077 (VIOLATED)
mprj.team_07_Wrapper.team_07_WB.instance_to_wrap/gpio_in[17]    1.500000    1.724005   -0.224005 (VIOLATED)
ANTENNA_mprj.team_07_Wrapper.team_07_WB.instance_to_wrap_gpio_in[17]/DIODE    1.500000    1.723925   -0.223925 (VIOLATED)
_4126_/A2                               1.500000    1.723878   -0.223878 (VIOLATED)
_8055_/A1                               1.500000    1.723361   -0.223361 (VIOLATED)
ANTENNA__8055__A1/DIODE                 1.500000    1.723247   -0.223247 (VIOLATED)
ANTENNA__4169__A0/DIODE                 1.500000    1.723185   -0.223185 (VIOLATED)
_4169_/A0                               1.500000    1.723180   -0.223180 (VIOLATED)
_4175_/A2                               1.500000    1.723172   -0.223172 (VIOLATED)
ANTENNA__4175__A2/DIODE                 1.500000    1.723154   -0.223154 (VIOLATED)
_7977_/X                                1.497633    1.720402   -0.222769 (VIOLATED)
_7983_/A1                               1.500000    1.722635   -0.222635 (VIOLATED)
ANTENNA__7983__A1/DIODE                 1.500000    1.722593   -0.222593 (VIOLATED)
_7980_/A1                               1.500000    1.721843   -0.221843 (VIOLATED)
ANTENNA__7980__A1/DIODE                 1.500000    1.721779   -0.221779 (VIOLATED)
ANTENNA_wire691_X/DIODE                 1.500000    1.721233   -0.221233 (VIOLATED)
ANTENNA__7977__X/DIODE                  1.500000    1.720554   -0.220554 (VIOLATED)
wire691/X                               1.500000    1.720407   -0.220407 (VIOLATED)
wire798/A                               1.500000    1.718641   -0.218641 (VIOLATED)
ANTENNA_wire798_A/DIODE                 1.500000    1.718109   -0.218109 (VIOLATED)
ANTENNA_mprj.team_01_Wrapper.team_01_WB.instance_to_wrap_ADR_O[24]/DIODE    1.500000    1.716705   -0.216705 (VIOLATED)
mprj.team_01_Wrapper.team_01_WB.instance_to_wrap/ADR_O[24]    1.500000    1.716705   -0.216705 (VIOLATED)
_7625_/B                                1.500000    1.715844   -0.215844 (VIOLATED)
ANTENNA_mprj.team_03_Wrapper.team_03_WB.instance_to_wrap_ADR_O[20]/DIODE    1.500000    1.715754   -0.215754 (VIOLATED)
mprj.team_03_Wrapper.team_03_WB.instance_to_wrap/ADR_O[20]    1.500000    1.715754   -0.215754 (VIOLATED)
ANTENNA__7625__B/DIODE                  1.500000    1.715732   -0.215732 (VIOLATED)
ANTENNA_mprj.team_01_Wrapper.team_01_WB.instance_to_wrap_DAT_O[9]/DIODE    1.500000    1.713071   -0.213071 (VIOLATED)
mprj.team_01_Wrapper.team_01_WB.instance_to_wrap/DAT_O[9]    1.500000    1.713071   -0.213071 (VIOLATED)
ANTENNA_508/DIODE                       1.500000    1.711635   -0.211635 (VIOLATED)
wire787/A                               1.500000    1.711563   -0.211563 (VIOLATED)
ANTENNA_wire787_A/DIODE                 1.500000    1.711146   -0.211146 (VIOLATED)
ANTENNA__4902__A1/DIODE                 1.500000    1.709615   -0.209615 (VIOLATED)
_4908_/A2                               1.500000    1.709610   -0.209610 (VIOLATED)
ANTENNA__4908__A2/DIODE                 1.500000    1.709599   -0.209599 (VIOLATED)
_4902_/A1                               1.500000    1.709577   -0.209577 (VIOLATED)
mprj.team_10_Wrapper.team_10_WB.instance_to_wrap/gpio_in[26]    1.500000    1.709311   -0.209311 (VIOLATED)
_7383_/Y                                1.495733    1.703676   -0.207943 (VIOLATED)
mprj.team_03_Wrapper.team_03_WB.instance_to_wrap/gpio_in[21]    1.500000    1.707313   -0.207313 (VIOLATED)
_4397_/A2                               1.500000    1.707118   -0.207118 (VIOLATED)
_4391_/A1                               1.500000    1.707087   -0.207087 (VIOLATED)
ANTENNA__4397__A2/DIODE                 1.500000    1.707028   -0.207028 (VIOLATED)
ANTENNA_mprj.team_03_Wrapper.team_03_WB.instance_to_wrap_gpio_in[21]/DIODE    1.500000    1.706869   -0.206869 (VIOLATED)
ANTENNA__4391__A1/DIODE                 1.500000    1.706844   -0.206844 (VIOLATED)
_7249_/B1                               1.500000    1.704656   -0.204656 (VIOLATED)
ANTENNA__7249__B1/DIODE                 1.500000    1.704642   -0.204642 (VIOLATED)
_5451_/B                                1.500000    1.704607   -0.204607 (VIOLATED)
ANTENNA__5451__B/DIODE                  1.500000    1.704578   -0.204578 (VIOLATED)
ANTENNA__7383__Y/DIODE                  1.500000    1.703710   -0.203710 (VIOLATED)
mprj.sram.sram_inst/addr0[7]            1.500000    1.703676   -0.203676 (VIOLATED)
mprj.sram.sram_inst/addr1[7]            1.500000    1.703676   -0.203676 (VIOLATED)
hold883/X                               1.498918    1.702279   -0.203361 (VIOLATED)
ANTENNA__4330__A2/DIODE                 1.500000    1.703144   -0.203144 (VIOLATED)
_4330_/A2                               1.500000    1.703140   -0.203140 (VIOLATED)
_4324_/A1                               1.500000    1.702993   -0.202993 (VIOLATED)
ANTENNA__4324__A1/DIODE                 1.500000    1.702965   -0.202965 (VIOLATED)
ANTENNA__7267__B1/DIODE                 1.500000    1.702608   -0.202608 (VIOLATED)
_7267_/B1                               1.500000    1.702557   -0.202558 (VIOLATED)
output113/A                             1.500000    1.702320   -0.202320 (VIOLATED)
ANTENNA_hold883_X/DIODE                 1.500000    1.702297   -0.202297 (VIOLATED)
ANTENNA_output113_A/DIODE               1.500000    1.702224   -0.202224 (VIOLATED)
ANTENNA_225/DIODE                       1.500000    1.701732   -0.201732 (VIOLATED)
ANTENNA_233/DIODE                       1.500000    1.701684   -0.201684 (VIOLATED)
wire751/A                               1.500000    1.701592   -0.201592 (VIOLATED)
ANTENNA_mprj.team_01_Wrapper.team_01_WB.instance_to_wrap_DAT_O[7]/DIODE    1.500000    1.701504   -0.201504 (VIOLATED)
mprj.team_01_Wrapper.team_01_WB.instance_to_wrap/DAT_O[7]    1.500000    1.701501   -0.201501 (VIOLATED)
_6857_/A                                1.500000    1.701396   -0.201396 (VIOLATED)
ANTENNA__6857__A/DIODE                  1.500000    1.701366   -0.201366 (VIOLATED)
ANTENNA_wire751_A/DIODE                 1.500000    1.701317   -0.201317 (VIOLATED)
ANTENNA_222/DIODE                       1.500000    1.701225   -0.201225 (VIOLATED)
_4560_/A2                               1.500000    1.701110   -0.201110 (VIOLATED)
ANTENNA__4560__A2/DIODE                 1.500000    1.701096   -0.201096 (VIOLATED)
_4781_/B                                1.500000    1.701033   -0.201033 (VIOLATED)
ANTENNA__4781__B/DIODE                  1.500000    1.701013   -0.201013 (VIOLATED)
_4816_/A                                1.500000    1.700856   -0.200856 (VIOLATED)
ANTENNA__4816__A/DIODE                  1.500000    1.700825   -0.200825 (VIOLATED)
_4280_/B                                1.500000    1.700601   -0.200601 (VIOLATED)
_7481_/B                                1.500000    1.700595   -0.200595 (VIOLATED)
ANTENNA__4280__B/DIODE                  1.500000    1.700587   -0.200587 (VIOLATED)
ANTENNA_219/DIODE                       1.500000    1.700571   -0.200571 (VIOLATED)
ANTENNA__7481__B/DIODE                  1.500000    1.700469   -0.200469 (VIOLATED)
ANTENNA_221/DIODE                       1.500000    1.700232   -0.200232 (VIOLATED)
_5543_/B                                1.500000    1.700071   -0.200071 (VIOLATED)
ANTENNA__5543__B/DIODE                  1.500000    1.700061   -0.200062 (VIOLATED)
ANTENNA_224/DIODE                       1.500000    1.699914   -0.199915 (VIOLATED)
ANTENNA_230/DIODE                       1.500000    1.699883   -0.199883 (VIOLATED)
ANTENNA_228/DIODE                       1.500000    1.699871   -0.199871 (VIOLATED)
ANTENNA_227/DIODE                       1.500000    1.699853   -0.199853 (VIOLATED)
ANTENNA_229/DIODE                       1.500000    1.699830   -0.199830 (VIOLATED)
output175/A                             1.500000    1.699823   -0.199823 (VIOLATED)
ANTENNA_output175_A/DIODE               1.500000    1.699806   -0.199807 (VIOLATED)
ANTENNA_543/DIODE                       1.500000    1.699773   -0.199773 (VIOLATED)
ANTENNA_838/DIODE                       1.500000    1.699708   -0.199708 (VIOLATED)
ANTENNA_231/DIODE                       1.500000    1.699654   -0.199654 (VIOLATED)
ANTENNA_223/DIODE                       1.500000    1.699197   -0.199197 (VIOLATED)
hold667/X                               1.498918    1.698053   -0.199135 (VIOLATED)
ANTENNA_mprj.team_06_Wrapper.team_06_WB.instance_to_wrap_gpio_oeb[16]/DIODE    1.500000    1.698784   -0.198785 (VIOLATED)
mprj.team_06_Wrapper.team_06_WB.instance_to_wrap/gpio_oeb[16]    1.500000    1.698781   -0.198781 (VIOLATED)
ANTENNA_mprj.team_07_Wrapper.team_07_WB.instance_to_wrap_gpio_out[16]/DIODE    1.500000    1.698454   -0.198454 (VIOLATED)
mprj.team_07_Wrapper.team_07_WB.instance_to_wrap/gpio_out[16]    1.500000    1.698454   -0.198454 (VIOLATED)
ANTENNA_220/DIODE                       1.500000    1.698421   -0.198421 (VIOLATED)
ANTENNA_232/DIODE                       1.500000    1.698283   -0.198283 (VIOLATED)
ANTENNA_hold46_A/DIODE                  1.500000    1.698132   -0.198132 (VIOLATED)
hold46/A                                1.500000    1.698103   -0.198103 (VIOLATED)
ANTENNA_hold667_X/DIODE                 1.500000    1.698055   -0.198055 (VIOLATED)
hold6/X                                 1.498918    1.696563   -0.197645 (VIOLATED)
_5146_/A1                               1.500000    1.697396   -0.197396 (VIOLATED)
_7011_/A1                               1.500000    1.697390   -0.197390 (VIOLATED)
ANTENNA__5146__A1/DIODE                 1.500000    1.697389   -0.197389 (VIOLATED)
ANTENNA__7011__A1/DIODE                 1.500000    1.697374   -0.197374 (VIOLATED)
ANTENNA_hold1112_A/DIODE                1.500000    1.697240   -0.197240 (VIOLATED)
hold1112/A                              1.500000    1.697159   -0.197159 (VIOLATED)
ANTENNA_hold6_X/DIODE                   1.500000    1.696568   -0.196569 (VIOLATED)
hold641/X                               1.498918    1.695211   -0.196293 (VIOLATED)
ANTENNA_mprj.team_04_Wrapper.team_04_WB.instance_to_wrap_gpio_in[21]/DIODE    1.500000    1.695961   -0.195961 (VIOLATED)
mprj.team_04_Wrapper.team_04_WB.instance_to_wrap/gpio_in[21]    1.500000    1.695734   -0.195734 (VIOLATED)
ANTENNA_hold641_X/DIODE                 1.500000    1.695223   -0.195223 (VIOLATED)
_4408_/A2                               1.500000    1.694211   -0.194211 (VIOLATED)
_4402_/A1                               1.500000    1.694187   -0.194187 (VIOLATED)
ANTENNA__4402__A1/DIODE                 1.500000    1.694112   -0.194112 (VIOLATED)
ANTENNA__4408__A2/DIODE                 1.500000    1.693999   -0.193999 (VIOLATED)
hold607/X                               1.498918    1.690811   -0.191893 (VIOLATED)
_7022_/B2                               1.500000    1.691047   -0.191047 (VIOLATED)
ANTENNA__7022__B2/DIODE                 1.500000    1.691042   -0.191042 (VIOLATED)
_5145_/A1                               1.500000    1.691033   -0.191033 (VIOLATED)
ANTENNA__5145__A1/DIODE                 1.500000    1.691025   -0.191025 (VIOLATED)
ANTENNA_hold1732_A/DIODE                1.500000    1.690861   -0.190861 (VIOLATED)
hold1732/A                              1.500000    1.690851   -0.190851 (VIOLATED)
ANTENNA_hold607_X/DIODE                 1.500000    1.690836   -0.190836 (VIOLATED)
_8059_/X                                1.498177    1.688191   -0.190014 (VIOLATED)
_4836_/B1                               1.500000    1.688686   -0.188687 (VIOLATED)
ANTENNA__4836__B1/DIODE                 1.500000    1.688629   -0.188629 (VIOLATED)
ANTENNA__4830__A0/DIODE                 1.500000    1.688603   -0.188603 (VIOLATED)
_4830_/A0                               1.500000    1.688478   -0.188478 (VIOLATED)
ANTENNA_mprj.team_02_Wrapper.team_02_WB.instance_to_wrap_gpio_out[9]/DIODE    1.500000    1.688346   -0.188346 (VIOLATED)
mprj.team_02_Wrapper.team_02_WB.instance_to_wrap/gpio_out[9]    1.500000    1.688346   -0.188346 (VIOLATED)
ANTENNA__8059__X/DIODE                  1.500000    1.688287   -0.188287 (VIOLATED)
_6700_/A                                1.500000    1.688082   -0.188082 (VIOLATED)
ANTENNA__6700__A/DIODE                  1.500000    1.688012   -0.188012 (VIOLATED)
_4707_/A1                               1.500000    1.687629   -0.187629 (VIOLATED)
ANTENNA__4707__A1/DIODE                 1.500000    1.687574   -0.187574 (VIOLATED)
ANTENNA_mprj.team_02_Wrapper.team_02_WB.instance_to_wrap_gpio_out[10]/DIODE    1.500000    1.687454   -0.187455 (VIOLATED)
mprj.team_02_Wrapper.team_02_WB.instance_to_wrap/gpio_out[10]    1.500000    1.687384   -0.187384 (VIOLATED)
_4714_/B                                1.500000    1.687266   -0.187267 (VIOLATED)
ANTENNA__4714__B/DIODE                  1.500000    1.687236   -0.187236 (VIOLATED)
_7980_/B2                               1.500000    1.686864   -0.186864 (VIOLATED)
ANTENNA__7980__B2/DIODE                 1.500000    1.686832   -0.186832 (VIOLATED)
_5186_/A1                               1.500000    1.686626   -0.186626 (VIOLATED)
ANTENNA__5186__A1/DIODE                 1.500000    1.686615   -0.186616 (VIOLATED)
_8045_/X                                1.499683    1.686293   -0.186610 (VIOLATED)
ANTENNA__8045__X/DIODE                  1.500000    1.686494   -0.186494 (VIOLATED)
ANTENNA_hold1555_A/DIODE                1.500000    1.686432   -0.186432 (VIOLATED)
hold1555/A                              1.500000    1.686374   -0.186374 (VIOLATED)
ANTENNA_873/DIODE                       1.500000    1.686305   -0.186305 (VIOLATED)
ANTENNA_mprj.team_06_Wrapper.team_06_WB.instance_to_wrap_gpio_oeb[9]/DIODE    1.500000    1.686139   -0.186139 (VIOLATED)
mprj.team_06_Wrapper.team_06_WB.instance_to_wrap/gpio_oeb[9]    1.500000    1.686129   -0.186129 (VIOLATED)
hold1518/X                              1.498918    1.684456   -0.185538 (VIOLATED)
ANTENNA_hold1518_X/DIODE                1.500000    1.684456   -0.184456 (VIOLATED)
ANTENNA_mprj.team_12_Wrapper.team_12_WB.instance_to_wrap_gpio_in[28]/DIODE    1.500000    1.683682   -0.183682 (VIOLATED)
mprj.team_12_Wrapper.team_12_WB.instance_to_wrap/gpio_in[28]    1.500000    1.683640   -0.183640 (VIOLATED)
_4405_/A2                               1.500000    1.683521   -0.183521 (VIOLATED)
_4400_/A1                               1.500000    1.683458   -0.183458 (VIOLATED)
ANTENNA__4405__A2/DIODE                 1.500000    1.683350   -0.183350 (VIOLATED)
ANTENNA__4400__A1/DIODE                 1.500000    1.683075   -0.183075 (VIOLATED)
hold1503/X                              1.498918    1.680540   -0.181622 (VIOLATED)
ANTENNA_953/DIODE                       1.500000    1.680806   -0.180806 (VIOLATED)
_5185_/A1                               1.500000    1.680805   -0.180805 (VIOLATED)
ANTENNA__5185__A1/DIODE                 1.500000    1.680804   -0.180804 (VIOLATED)
ANTENNA_mprj.team_01_Wrapper.team_01_WB.instance_to_wrap_DAT_O[22]/DIODE    1.500000    1.680735   -0.180735 (VIOLATED)
mprj.team_01_Wrapper.team_01_WB.instance_to_wrap/DAT_O[22]    1.500000    1.680727   -0.180727 (VIOLATED)
ANTENNA__7678__X/DIODE                  1.500000    1.680662   -0.180662 (VIOLATED)
ANTENNA_hold1758_A/DIODE                1.500000    1.680544   -0.180544 (VIOLATED)
hold1758/A                              1.500000    1.680541   -0.180541 (VIOLATED)
ANTENNA_hold1503_X/DIODE                1.500000    1.680540   -0.180540 (VIOLATED)
_7678_/X                                1.500000    1.680410   -0.180410 (VIOLATED)
_6326_/A                                1.500000    1.677208   -0.177208 (VIOLATED)
ANTENNA__6326__A/DIODE                  1.500000    1.677139   -0.177139 (VIOLATED)
_4981_/A1                               1.500000    1.675350   -0.175350 (VIOLATED)
ANTENNA__4981__A1/DIODE                 1.500000    1.675263   -0.175263 (VIOLATED)
ANTENNA__4987__A2/DIODE                 1.500000    1.675112   -0.175112 (VIOLATED)
_6519_/A1                               1.500000    1.674985   -0.174985 (VIOLATED)
ANTENNA__6519__A1/DIODE                 1.500000    1.674935   -0.174935 (VIOLATED)
_4987_/A2                               1.500000    1.674920   -0.174920 (VIOLATED)
_7760_/B2                               1.500000    1.674559   -0.174559 (VIOLATED)
ANTENNA__7760__B2/DIODE                 1.500000    1.674432   -0.174432 (VIOLATED)
ANTENNA_mprj.team_09_Wrapper.team_09_WB.instance_to_wrap_gpio_in[18]/DIODE    1.500000    1.674097   -0.174097 (VIOLATED)
_6453_/X                                1.498177    1.670792   -0.172615 (VIOLATED)
ANTENNA_mprj.team_07_Wrapper.team_07_WB.instance_to_wrap_gpio_out[9]/DIODE    1.500000    1.672393   -0.172394 (VIOLATED)
mprj.team_07_Wrapper.team_07_WB.instance_to_wrap/gpio_out[9]    1.500000    1.672386   -0.172386 (VIOLATED)
ANTENNA_mprj.team_03_Wrapper.team_03_WB.instance_to_wrap_DAT_O[22]/DIODE    1.500000    1.671511   -0.171511 (VIOLATED)
mprj.team_03_Wrapper.team_03_WB.instance_to_wrap/DAT_O[22]    1.500000    1.671511   -0.171511 (VIOLATED)
ANTENNA__6453__X/DIODE                  1.500000    1.670850   -0.170850 (VIOLATED)
ANTENNA_mprj.team_04_Wrapper.team_04_WB.instance_to_wrap_gpio_out[3]/DIODE    1.500000    1.670442   -0.170442 (VIOLATED)
mprj.team_04_Wrapper.team_04_WB.instance_to_wrap/gpio_out[3]    1.500000    1.670442   -0.170442 (VIOLATED)
ANTENNA_mprj.team_06_Wrapper.team_06_WB.instance_to_wrap_gpio_out[6]/DIODE    1.500000    1.669566   -0.169566 (VIOLATED)
mprj.team_06_Wrapper.team_06_WB.instance_to_wrap/gpio_out[6]    1.500000    1.669555   -0.169555 (VIOLATED)
_4292_/A2                               1.500000    1.667871   -0.167871 (VIOLATED)
ANTENNA__4292__A2/DIODE                 1.500000    1.667851   -0.167852 (VIOLATED)
_4286_/A1                               1.500000    1.667779   -0.167779 (VIOLATED)
ANTENNA__4286__A1/DIODE                 1.500000    1.667637   -0.167637 (VIOLATED)
ANTENNA_mprj.sram.sram_inst_din0[13]/DIODE    1.500000    1.667288   -0.167288 (VIOLATED)
ANTENNA_mprj.team_01_Wrapper.team_01_WB.instance_to_wrap_gpio_in[1]/DIODE    1.500000    1.666430   -0.166431 (VIOLATED)
mprj.team_01_Wrapper.team_01_WB.instance_to_wrap/gpio_in[1]    1.500000    1.666314   -0.166314 (VIOLATED)
ANTENNA_mprj.team_03_Wrapper.team_03_WB.instance_to_wrap_ADR_O[29]/DIODE    1.500000    1.664806   -0.164806 (VIOLATED)
mprj.team_03_Wrapper.team_03_WB.instance_to_wrap/ADR_O[29]    1.500000    1.664601   -0.164601 (VIOLATED)
ANTENNA_mprj.team_03_Wrapper.team_03_WB.instance_to_wrap_DAT_O[26]/DIODE    1.500000    1.664258   -0.164258 (VIOLATED)
mprj.team_03_Wrapper.team_03_WB.instance_to_wrap/DAT_O[26]    1.500000    1.664164   -0.164164 (VIOLATED)
output125/A                             1.500000    1.662828   -0.162828 (VIOLATED)
ANTENNA_mprj.team_12_Wrapper.team_12_WB.instance_to_wrap_gpio_in[27]/DIODE    1.500000    1.662827   -0.162827 (VIOLATED)
mprj.team_12_Wrapper.team_12_WB.instance_to_wrap/gpio_in[27]    1.500000    1.662809   -0.162809 (VIOLATED)
ANTENNA_output125_A/DIODE               1.500000    1.662605   -0.162605 (VIOLATED)
mprj.team_07_Wrapper.team_07_WB.instance_to_wrap/gpio_in[24]    1.500000    1.662359   -0.162359 (VIOLATED)
ANTENNA_mprj.team_07_Wrapper.team_07_WB.instance_to_wrap_gpio_in[24]/DIODE    1.500000    1.662290   -0.162290 (VIOLATED)
ANTENNA_mprj.team_09_Wrapper.team_09_WB.instance_to_wrap_gpio_out[0]/DIODE    1.500000    1.661082   -0.161082 (VIOLATED)
mprj.team_09_Wrapper.team_09_WB.instance_to_wrap/gpio_out[0]    1.500000    1.661082   -0.161082 (VIOLATED)
ANTENNA_mprj.team_06_Wrapper.team_06_WB.instance_to_wrap_gpio_out[25]/DIODE    1.500000    1.659619   -0.159619 (VIOLATED)
mprj.team_06_Wrapper.team_06_WB.instance_to_wrap/gpio_out[25]    1.500000    1.659619   -0.159619 (VIOLATED)
_4341_/A2                               1.500000    1.658971   -0.158971 (VIOLATED)
ANTENNA__4341__A2/DIODE                 1.500000    1.658888   -0.158889 (VIOLATED)
_4335_/A1                               1.500000    1.658862   -0.158862 (VIOLATED)
ANTENNA__4335__A1/DIODE                 1.500000    1.658543   -0.158543 (VIOLATED)
ANTENNA_mprj.team_02_Wrapper.team_02_WB.instance_to_wrap_gpio_out[22]/DIODE    1.500000    1.657890   -0.157890 (VIOLATED)
mprj.team_02_Wrapper.team_02_WB.instance_to_wrap/gpio_out[22]    1.500000    1.657882   -0.157882 (VIOLATED)
_4689_/B                                1.500000    1.656508   -0.156508 (VIOLATED)
ANTENNA__4689__B/DIODE                  1.500000    1.656416   -0.156416 (VIOLATED)
ANTENNA_mprj.team_03_Wrapper.team_03_WB.instance_to_wrap_ADR_O[0]/DIODE    1.500000    1.655838   -0.155838 (VIOLATED)
mprj.team_03_Wrapper.team_03_WB.instance_to_wrap/ADR_O[0]    1.500000    1.655838   -0.155838 (VIOLATED)
hold1051/X                              1.498918    1.653828   -0.154910 (VIOLATED)
ANTENNA_509/DIODE                       1.500000    1.653943   -0.153944 (VIOLATED)
wire785/A                               1.500000    1.653896   -0.153896 (VIOLATED)
ANTENNA_hold1051_X/DIODE                1.500000    1.653828   -0.153828 (VIOLATED)
ANTENNA_wire785_A/DIODE                 1.500000    1.653734   -0.153734 (VIOLATED)
_6379_/A1                               1.500000    1.653137   -0.153137 (VIOLATED)
ANTENNA_mprj.team_01_Wrapper.team_01_WB.instance_to_wrap_ADR_O[4]/DIODE    1.500000    1.652963   -0.152963 (VIOLATED)
mprj.team_01_Wrapper.team_01_WB.instance_to_wrap/ADR_O[4]    1.500000    1.652963   -0.152963 (VIOLATED)
ANTENNA__6379__A1/DIODE                 1.500000    1.652945   -0.152945 (VIOLATED)
ANTENNA_mprj.team_12_Wrapper.team_12_WB.instance_to_wrap_en/DIODE    1.500000    1.652396   -0.152396 (VIOLATED)
mprj.team_12_Wrapper.team_12_WB.instance_to_wrap/en    1.500000    1.652392   -0.152392 (VIOLATED)
mprj.team_06_Wrapper.team_06_WB.instance_to_wrap/gpio_in[0]    1.500000    1.652244   -0.152244 (VIOLATED)
ANTENNA_mprj.team_06_Wrapper.team_06_WB.instance_to_wrap_gpio_in[0]/DIODE    1.500000    1.652220   -0.152220 (VIOLATED)
ANTENNA_mprj.team_08_Wrapper.team_08_WB.instance_to_wrap_gpio_out[28]/DIODE    1.500000    1.651044   -0.151044 (VIOLATED)
mprj.team_08_Wrapper.team_08_WB.instance_to_wrap/gpio_out[28]    1.500000    1.651044   -0.151044 (VIOLATED)
_5000_/A2                               1.500000    1.650480   -0.150480 (VIOLATED)
ANTENNA__5000__A2/DIODE                 1.500000    1.650419   -0.150419 (VIOLATED)
_4994_/A1                               1.500000    1.650281   -0.150281 (VIOLATED)
ANTENNA_mprj.team_06_Wrapper.team_06_WB.instance_to_wrap_gpio_out[8]/DIODE    1.500000    1.650125   -0.150125 (VIOLATED)
mprj.team_06_Wrapper.team_06_WB.instance_to_wrap/gpio_out[8]    1.500000    1.650078   -0.150079 (VIOLATED)
_7358_/Y                                1.495733    1.645776   -0.150043 (VIOLATED)
_6930_/Y                                1.488467    1.638427   -0.149960 (VIOLATED)
ANTENNA__4994__A1/DIODE                 1.500000    1.649931   -0.149932 (VIOLATED)
ANTENNA_mprj.team_03_Wrapper.team_03_WB.instance_to_wrap_DAT_O[5]/DIODE    1.500000    1.649465   -0.149465 (VIOLATED)
mprj.team_03_Wrapper.team_03_WB.instance_to_wrap/DAT_O[5]    1.500000    1.649465   -0.149465 (VIOLATED)
hold1706/X                              1.498918    1.648272   -0.149354 (VIOLATED)
_5543_/C_N                              1.500000    1.649189   -0.149189 (VIOLATED)
ANTENNA__5543__C_N/DIODE                1.500000    1.649176   -0.149176 (VIOLATED)
mprj.team_12_Wrapper.team_12_WB.instance_to_wrap/gpio_in[17]    1.500000    1.648562   -0.148563 (VIOLATED)
ANTENNA_mprj.team_12_Wrapper.team_12_WB.instance_to_wrap_gpio_in[17]/DIODE    1.500000    1.648561   -0.148561 (VIOLATED)
_7560_/B                                1.500000    1.648540   -0.148540 (VIOLATED)
ANTENNA__7560__B/DIODE                  1.500000    1.648436   -0.148436 (VIOLATED)
ANTENNA_hold1706_X/DIODE                1.500000    1.648312   -0.148312 (VIOLATED)
_4445_/A2                               1.500000    1.648153   -0.148153 (VIOLATED)
ANTENNA__4445__A2/DIODE                 1.500000    1.648089   -0.148089 (VIOLATED)
_4439_/A1                               1.500000    1.648016   -0.148016 (VIOLATED)
ANTENNA__4439__A1/DIODE                 1.500000    1.647838   -0.147838 (VIOLATED)
ANTENNA_38/DIODE                        1.500000    1.647679   -0.147679 (VIOLATED)
hold35/A                                1.500000    1.647227   -0.147227 (VIOLATED)
ANTENNA_hold35_A/DIODE                  1.500000    1.647103   -0.147103 (VIOLATED)
hold2/X                                 1.498918    1.645490   -0.146572 (VIOLATED)
ANTENNA_mprj.team_01_Wrapper.team_01_WB.instance_to_wrap_DAT_O[21]/DIODE    1.500000    1.646437   -0.146437 (VIOLATED)
mprj.team_01_Wrapper.team_01_WB.instance_to_wrap/DAT_O[21]    1.500000    1.646437   -0.146437 (VIOLATED)
ANTENNA__7358__Y/DIODE                  1.500000    1.645927   -0.145927 (VIOLATED)
mprj.sram.sram_inst/din0[22]            1.500000    1.645776   -0.145777 (VIOLATED)
ANTENNA_hold2_X/DIODE                   1.500000    1.645522   -0.145522 (VIOLATED)
_6396_/A1                               1.500000    1.644829   -0.144829 (VIOLATED)
ANTENNA__6396__A1/DIODE                 1.500000    1.644698   -0.144698 (VIOLATED)
_6617_/A1                               1.500000    1.643799   -0.143800 (VIOLATED)
ANTENNA_mprj.team_05_Wrapper.team_05_WB.instance_to_wrap_gpio_out[3]/DIODE    1.500000    1.643760   -0.143760 (VIOLATED)
ANTENNA__6617__A1/DIODE                 1.500000    1.643698   -0.143698 (VIOLATED)
mprj.team_05_Wrapper.team_05_WB.instance_to_wrap/gpio_out[3]    1.500000    1.643674   -0.143674 (VIOLATED)
output164/A                             1.500000    1.643440   -0.143440 (VIOLATED)
ANTENNA_output164_A/DIODE               1.500000    1.643221   -0.143221 (VIOLATED)
ANTENNA_mprj.team_01_Wrapper.team_01_WB.instance_to_wrap_DAT_O[31]/DIODE    1.500000    1.641667   -0.141667 (VIOLATED)
mprj.team_01_Wrapper.team_01_WB.instance_to_wrap/DAT_O[31]    1.500000    1.641662   -0.141662 (VIOLATED)
ANTENNA_mprj.team_01_Wrapper.team_01_WB.instance_to_wrap_DAT_O[16]/DIODE    1.500000    1.641256   -0.141257 (VIOLATED)
mprj.team_01_Wrapper.team_01_WB.instance_to_wrap/DAT_O[16]    1.500000    1.641256   -0.141257 (VIOLATED)
ANTENNA_mprj.team_03_Wrapper.team_03_WB.instance_to_wrap_DAT_O[25]/DIODE    1.500000    1.640774   -0.140774 (VIOLATED)
mprj.team_03_Wrapper.team_03_WB.instance_to_wrap/DAT_O[25]    1.500000    1.640767   -0.140767 (VIOLATED)
ANTENNA_mprj.team_03_Wrapper.team_03_WB.instance_to_wrap_DAT_O[17]/DIODE    1.500000    1.640261   -0.140261 (VIOLATED)
mprj.team_03_Wrapper.team_03_WB.instance_to_wrap/DAT_O[17]    1.500000    1.640257   -0.140258 (VIOLATED)
wire319/A                               1.500000    1.640142   -0.140142 (VIOLATED)
ANTENNA_wire319_A/DIODE                 1.500000    1.640139   -0.140139 (VIOLATED)
ANTENNA_mprj.sram.sram_inst_din0[14]/DIODE    1.500000    1.639648   -0.139648 (VIOLATED)
_4790_/D                                1.500000    1.639327   -0.139327 (VIOLATED)
ANTENNA__4790__D/DIODE                  1.500000    1.639322   -0.139322 (VIOLATED)
_6972_/A                                1.500000    1.638911   -0.138911 (VIOLATED)
ANTENNA__6972__A/DIODE                  1.500000    1.638854   -0.138854 (VIOLATED)
ANTENNA_mprj.team_03_Wrapper.team_03_WB.instance_to_wrap_DAT_O[13]/DIODE    1.500000    1.638641   -0.138641 (VIOLATED)
mprj.team_03_Wrapper.team_03_WB.instance_to_wrap/DAT_O[13]    1.500000    1.638633   -0.138633 (VIOLATED)
ANTENNA__6930__Y/DIODE                  1.500000    1.638443   -0.138443 (VIOLATED)
hold1770/X                              1.498918    1.636559   -0.137641 (VIOLATED)
ANTENNA_hold1770_X/DIODE                1.500000    1.637174   -0.137174 (VIOLATED)
mprj.team_09_Wrapper.team_09_WB.instance_to_wrap/gpio_in[18]    1.500000    1.637082   -0.137082 (VIOLATED)
_6667_/A1                               1.500000    1.635874   -0.135874 (VIOLATED)
ANTENNA__6667__A1/DIODE                 1.500000    1.635720   -0.135720 (VIOLATED)
_6345_/A3                               1.500000    1.632833   -0.132833 (VIOLATED)
ANTENNA__6345__A3/DIODE                 1.500000    1.632807   -0.132807 (VIOLATED)
ANTENNA__8012__A/DIODE                  1.500000    1.632297   -0.132297 (VIOLATED)
_8012_/A                                1.500000    1.632279   -0.132279 (VIOLATED)
output132/A                             1.500000    1.630859   -0.130859 (VIOLATED)
ANTENNA_output132_A/DIODE               1.500000    1.630507   -0.130507 (VIOLATED)
ANTENNA_mprj.team_03_Wrapper.team_03_WB.instance_to_wrap_ACK_I/DIODE    1.500000    1.630248   -0.130248 (VIOLATED)
mprj.team_03_Wrapper.team_03_WB.instance_to_wrap/ACK_I    1.500000    1.630021   -0.130022 (VIOLATED)
ANTENNA_mprj.team_02_Wrapper.team_02_WB.instance_to_wrap_gpio_out[13]/DIODE    1.500000    1.629146   -0.129146 (VIOLATED)
mprj.team_02_Wrapper.team_02_WB.instance_to_wrap/gpio_out[13]    1.500000    1.629146   -0.129146 (VIOLATED)
ANTENNA_mprj.team_10_Wrapper.team_10_WB.instance_to_wrap_gpio_in[23]/DIODE    1.500000    1.628281   -0.128281 (VIOLATED)
mprj.team_10_Wrapper.team_10_WB.instance_to_wrap/gpio_in[23]    1.500000    1.628232   -0.128233 (VIOLATED)
_4081_/A                                1.500000    1.627526   -0.127526 (VIOLATED)
_4541_/A1                               1.500000    1.627493   -0.127493 (VIOLATED)
ANTENNA__6563__X/DIODE                  1.500000    1.627432   -0.127432 (VIOLATED)
ANTENNA__4081__A/DIODE                  1.500000    1.627370   -0.127370 (VIOLATED)
ANTENNA__4541__A1/DIODE                 1.500000    1.627332   -0.127332 (VIOLATED)
_6563_/X                                1.500000    1.627289   -0.127289 (VIOLATED)
ANTENNA_mprj.team_12_Wrapper.team_12_WB.instance_to_wrap_gpio_in[0]/DIODE    1.500000    1.627252   -0.127252 (VIOLATED)
mprj.team_12_Wrapper.team_12_WB.instance_to_wrap/gpio_in[0]    1.500000    1.627159   -0.127160 (VIOLATED)
ANTENNA_415/DIODE                       1.500000    1.625912   -0.125913 (VIOLATED)
ANTENNA_414/DIODE                       1.500000    1.625853   -0.125853 (VIOLATED)
ANTENNA_795/DIODE                       1.500000    1.625853   -0.125853 (VIOLATED)
ANTENNA_410/DIODE                       1.500000    1.625835   -0.125835 (VIOLATED)
ANTENNA_409/DIODE                       1.500000    1.625831   -0.125831 (VIOLATED)
ANTENNA_408/DIODE                       1.500000    1.625826   -0.125826 (VIOLATED)
ANTENNA_406/DIODE                       1.500000    1.625788   -0.125788 (VIOLATED)
ANTENNA_405/DIODE                       1.500000    1.625768   -0.125768 (VIOLATED)
ANTENNA_413/DIODE                       1.500000    1.625738   -0.125738 (VIOLATED)
ANTENNA_mprj.team_11_Wrapper.team_11_WB.instance_to_wrap_gpio_out[18]/DIODE    1.500000    1.625723   -0.125723 (VIOLATED)
mprj.team_11_Wrapper.team_11_WB.instance_to_wrap/gpio_out[18]    1.500000    1.625723   -0.125723 (VIOLATED)
ANTENNA_411/DIODE                       1.500000    1.625710   -0.125710 (VIOLATED)
ANTENNA_407/DIODE                       1.500000    1.625185   -0.125185 (VIOLATED)
ANTENNA_412/DIODE                       1.500000    1.624609   -0.124609 (VIOLATED)
ANTENNA_794/DIODE                       1.500000    1.624472   -0.124472 (VIOLATED)
ANTENNA_793/DIODE                       1.500000    1.623878   -0.123878 (VIOLATED)
_7706_/A1                               1.500000    1.623677   -0.123677 (VIOLATED)
ANTENNA__7706__A1/DIODE                 1.500000    1.623532   -0.123532 (VIOLATED)
_7988_/A1                               1.500000    1.623377   -0.123377 (VIOLATED)
_7813_/A1                               1.500000    1.623255   -0.123255 (VIOLATED)
ANTENNA__7988__A1/DIODE                 1.500000    1.623200   -0.123200 (VIOLATED)
ANTENNA__7813__A1/DIODE                 1.500000    1.623077   -0.123077 (VIOLATED)
ANTENNA_mprj.sram.sram_inst_din0[1]/DIODE    1.500000    1.622296   -0.122297 (VIOLATED)
ANTENNA_773/DIODE                       1.500000    1.621504   -0.121504 (VIOLATED)
ANTENNA_904/DIODE                       1.500000    1.621437   -0.121437 (VIOLATED)
ANTENNA_906/DIODE                       1.500000    1.621407   -0.121407 (VIOLATED)
ANTENNA_905/DIODE                       1.500000    1.621370   -0.121370 (VIOLATED)
_7464_/B                                1.500000    1.621342   -0.121342 (VIOLATED)
ANTENNA_767/DIODE                       1.500000    1.621248   -0.121248 (VIOLATED)
ANTENNA__7464__B/DIODE                  1.500000    1.621231   -0.121231 (VIOLATED)
ANTENNA_769/DIODE                       1.500000    1.621203   -0.121203 (VIOLATED)
ANTENNA_776/DIODE                       1.500000    1.621153   -0.121153 (VIOLATED)
ANTENNA_765/DIODE                       1.500000    1.621152   -0.121152 (VIOLATED)
ANTENNA_770/DIODE                       1.500000    1.621108   -0.121108 (VIOLATED)
ANTENNA_768/DIODE                       1.500000    1.620646   -0.120646 (VIOLATED)
ANTENNA_775/DIODE                       1.500000    1.620121   -0.120121 (VIOLATED)
ANTENNA_774/DIODE                       1.500000    1.620092   -0.120092 (VIOLATED)
ANTENNA_772/DIODE                       1.500000    1.620078   -0.120078 (VIOLATED)
ANTENNA_766/DIODE                       1.500000    1.619987   -0.119987 (VIOLATED)
output131/A                             1.500000    1.619626   -0.119626 (VIOLATED)
ANTENNA_output131_A/DIODE               1.500000    1.619252   -0.119252 (VIOLATED)
ANTENNA_771/DIODE                       1.500000    1.619058   -0.119058 (VIOLATED)
ANTENNA_mprj.team_05_Wrapper.team_05_WB.instance_to_wrap_gpio_out[33]/DIODE    1.500000    1.618910   -0.118910 (VIOLATED)
_7833_/A1                               1.500000    1.618763   -0.118763 (VIOLATED)
mprj.team_05_Wrapper.team_05_WB.instance_to_wrap/gpio_out[33]    1.500000    1.618742   -0.118742 (VIOLATED)
ANTENNA__7833__A1/DIODE                 1.500000    1.618576   -0.118576 (VIOLATED)
ANTENNA_mprj.team_09_Wrapper.team_09_WB.instance_to_wrap_gpio_in[2]/DIODE    1.500000    1.618421   -0.118421 (VIOLATED)
mprj.team_09_Wrapper.team_09_WB.instance_to_wrap/gpio_in[2]    1.500000    1.618115   -0.118115 (VIOLATED)
mprj.team_03_Wrapper.team_03_WB.instance_to_wrap/gpio_in[0]    1.500000    1.617386   -0.117386 (VIOLATED)
ANTENNA_mprj.team_03_Wrapper.team_03_WB.instance_to_wrap_ADR_O[9]/DIODE    1.500000    1.617182   -0.117182 (VIOLATED)
mprj.team_03_Wrapper.team_03_WB.instance_to_wrap/ADR_O[9]    1.500000    1.617182   -0.117182 (VIOLATED)
ANTENNA__7532__B/DIODE                  1.500000    1.617115   -0.117115 (VIOLATED)
_7532_/B                                1.500000    1.617087   -0.117087 (VIOLATED)
ANTENNA_mprj.team_03_Wrapper.team_03_WB.instance_to_wrap_gpio_in[0]/DIODE    1.500000    1.616976   -0.116976 (VIOLATED)
ANTENNA_mprj.team_07_Wrapper.team_07_WB.instance_to_wrap_gpio_out[17]/DIODE    1.500000    1.616831   -0.116831 (VIOLATED)
mprj.team_07_Wrapper.team_07_WB.instance_to_wrap/gpio_out[17]    1.500000    1.616831   -0.116831 (VIOLATED)
ANTENNA_mprj.team_01_Wrapper.team_01_WB.instance_to_wrap_DAT_O[13]/DIODE    1.500000    1.615348   -0.115348 (VIOLATED)
mprj.team_01_Wrapper.team_01_WB.instance_to_wrap/DAT_O[13]    1.500000    1.615335   -0.115335 (VIOLATED)
fanout318/A                             1.500000    1.615170   -0.115170 (VIOLATED)
ANTENNA_fanout318_A/DIODE               1.500000    1.615160   -0.115160 (VIOLATED)
hold732/X                               1.498918    1.613830   -0.114912 (VIOLATED)
mprj.team_01_Wrapper.team_01_WB.instance_to_wrap/gpio_in[21]    1.500000    1.614771   -0.114771 (VIOLATED)
ANTENNA_mprj.team_01_Wrapper.team_01_WB.instance_to_wrap_gpio_in[21]/DIODE    1.500000    1.614726   -0.114726 (VIOLATED)
ANTENNA__6966__B1/DIODE                 1.500000    1.614040   -0.114040 (VIOLATED)
_7530_/B                                1.500000    1.614033   -0.114033 (VIOLATED)
_6966_/B1                               1.500000    1.614014   -0.114014 (VIOLATED)
ANTENNA__7530__B/DIODE                  1.500000    1.613917   -0.113917 (VIOLATED)
ANTENNA__7391__A_N/DIODE                1.500000    1.613837   -0.113837 (VIOLATED)
_7391_/A_N                              1.500000    1.613837   -0.113837 (VIOLATED)
ANTENNA_hold732_X/DIODE                 1.500000    1.613830   -0.113830 (VIOLATED)
ANTENNA__4227__A1/DIODE                 1.500000    1.613703   -0.113703 (VIOLATED)
_4227_/A1                               1.500000    1.613613   -0.113613 (VIOLATED)
_4233_/A2                               1.500000    1.613531   -0.113531 (VIOLATED)
_8117_/Y                                1.495733    1.608948   -0.113215 (VIOLATED)
ANTENNA__4233__A2/DIODE                 1.500000    1.613182   -0.113182 (VIOLATED)
mprj.team_11_Wrapper.team_11_WB.instance_to_wrap/gpio_in[24]    1.500000    1.612981   -0.112981 (VIOLATED)
ANTENNA_mprj.team_12_Wrapper.team_12_WB.instance_to_wrap_gpio_in[33]/DIODE    1.500000    1.612566   -0.112566 (VIOLATED)
mprj.team_12_Wrapper.team_12_WB.instance_to_wrap/gpio_in[33]    1.500000    1.612522   -0.112522 (VIOLATED)
ANTENNA_mprj.team_03_Wrapper.team_03_WB.instance_to_wrap_ADR_O[12]/DIODE    1.500000    1.611209   -0.111209 (VIOLATED)
mprj.team_03_Wrapper.team_03_WB.instance_to_wrap/ADR_O[12]    1.500000    1.611196   -0.111196 (VIOLATED)
ANTENNA_mprj.team_11_Wrapper.team_11_WB.instance_to_wrap_gpio_in[24]/DIODE    1.500000    1.610252   -0.110252 (VIOLATED)
ANTENNA_mprj.team_06_Wrapper.team_06_WB.instance_to_wrap_gpio_out[11]/DIODE    1.500000    1.610173   -0.110173 (VIOLATED)
mprj.team_06_Wrapper.team_06_WB.instance_to_wrap/gpio_out[11]    1.500000    1.610173   -0.110173 (VIOLATED)
ANTENNA__8117__Y/DIODE                  1.500000    1.609063   -0.109063 (VIOLATED)
ANTENNA__7500__B/DIODE                  1.500000    1.608174   -0.108174 (VIOLATED)
ANTENNA_mprj.sram.sram_inst_addr0[3]/DIODE    1.500000    1.607598   -0.107598 (VIOLATED)
_7498_/B                                1.500000    1.607515   -0.107515 (VIOLATED)
ANTENNA__7498__B/DIODE                  1.500000    1.607400   -0.107400 (VIOLATED)
_6259_/A1                               1.500000    1.607187   -0.107187 (VIOLATED)
ANTENNA__6259__A1/DIODE                 1.500000    1.607033   -0.107033 (VIOLATED)
ANTENNA_mprj.team_03_Wrapper.team_03_WB.instance_to_wrap_ADR_O[10]/DIODE    1.500000    1.606979   -0.106979 (VIOLATED)
ANTENNA_mprj.team_11_Wrapper.team_11_WB.instance_to_wrap_gpio_in[23]/DIODE    1.500000    1.606863   -0.106863 (VIOLATED)
mprj.team_11_Wrapper.team_11_WB.instance_to_wrap/gpio_in[23]    1.500000    1.606844   -0.106844 (VIOLATED)
mprj.team_03_Wrapper.team_03_WB.instance_to_wrap/ADR_O[10]    1.500000    1.606724   -0.106724 (VIOLATED)
ANTENNA__4431__A2/DIODE                 1.500000    1.606387   -0.106388 (VIOLATED)
_4431_/A2                               1.500000    1.606376   -0.106376 (VIOLATED)
_4426_/A1                               1.500000    1.606127   -0.106127 (VIOLATED)
ANTENNA__4426__A1/DIODE                 1.500000    1.605902   -0.105902 (VIOLATED)
ANTENNA_mprj.team_05_Wrapper.team_05_WB.instance_to_wrap_gpio_out[7]/DIODE    1.500000    1.605864   -0.105864 (VIOLATED)
mprj.team_05_Wrapper.team_05_WB.instance_to_wrap/gpio_out[7]    1.500000    1.605843   -0.105843 (VIOLATED)
ANTENNA_568/DIODE                       1.500000    1.604760   -0.104760 (VIOLATED)
ANTENNA_823/DIODE                       1.500000    1.604218   -0.104218 (VIOLATED)
ANTENNA_503/DIODE                       1.500000    1.604186   -0.104186 (VIOLATED)
_7777_/A1                               1.500000    1.604177   -0.104177 (VIOLATED)
ANTENNA__7777__A1/DIODE                 1.500000    1.603990   -0.103990 (VIOLATED)
ANTENNA_mprj.team_03_Wrapper.team_03_WB.instance_to_wrap_ADR_O[25]/DIODE    1.500000    1.603905   -0.103906 (VIOLATED)
mprj.team_03_Wrapper.team_03_WB.instance_to_wrap/ADR_O[25]    1.500000    1.603705   -0.103705 (VIOLATED)
hold1303/X                              1.498918    1.602406   -0.103488 (VIOLATED)
output155/A                             1.500000    1.602597   -0.102597 (VIOLATED)
_5285_/A1                               1.500000    1.602453   -0.102453 (VIOLATED)
ANTENNA__5285__A1/DIODE                 1.500000    1.602448   -0.102448 (VIOLATED)
_5290_/A1                               1.500000    1.602448   -0.102448 (VIOLATED)
ANTENNA__5290__A1/DIODE                 1.500000    1.602448   -0.102448 (VIOLATED)
ANTENNA__5289__A1/DIODE                 1.500000    1.602446   -0.102446 (VIOLATED)
_4296_/C                                1.500000    1.602446   -0.102446 (VIOLATED)
ANTENNA__4296__C/DIODE                  1.500000    1.602445   -0.102445 (VIOLATED)
_5289_/A1                               1.500000    1.602444   -0.102444 (VIOLATED)
_7397_/A                                1.500000    1.602437   -0.102437 (VIOLATED)
ANTENNA__7397__A/DIODE                  1.500000    1.602436   -0.102436 (VIOLATED)
_7500_/B                                1.500000    1.602435   -0.102435 (VIOLATED)
ANTENNA__5293__A/DIODE                  1.500000    1.602433   -0.102434 (VIOLATED)
_5293_/A                                1.500000    1.602433   -0.102433 (VIOLATED)
ANTENNA_hold1303_X/DIODE                1.500000    1.602406   -0.102406 (VIOLATED)
ANTENNA_output155_A/DIODE               1.500000    1.602381   -0.102381 (VIOLATED)
ANTENNA_mprj.team_01_Wrapper.team_01_WB.instance_to_wrap_nrst/DIODE    1.500000    1.602154   -0.102154 (VIOLATED)
hold1701/X                              1.498918    1.600053   -0.101135 (VIOLATED)
ANTENNA_mprj.team_10_Wrapper.team_10_WB.instance_to_wrap_gpio_in[24]/DIODE    1.500000    1.600395   -0.100395 (VIOLATED)
mprj.team_10_Wrapper.team_10_WB.instance_to_wrap/gpio_in[24]    1.500000    1.600320   -0.100320 (VIOLATED)
ANTENNA_mprj.team_04_Wrapper.team_04_WB.instance_to_wrap_memory_size[14]/DIODE    1.500000    1.600253   -0.100253 (VIOLATED)
mprj.team_04_Wrapper.team_04_WB.instance_to_wrap/memory_size[14]    1.500000    1.600247   -0.100247 (VIOLATED)
_5172_/A1                               1.500000    1.600161   -0.100161 (VIOLATED)
ANTENNA__5172__A1/DIODE                 1.500000    1.600156   -0.100156 (VIOLATED)
ANTENNA_hold1701_X/DIODE                1.500000    1.600054   -0.100054 (VIOLATED)
ANTENNA_mprj.team_03_Wrapper.team_03_WB.instance_to_wrap_gpio_in[10]/DIODE    1.500000    1.595067   -0.095067 (VIOLATED)
mprj.team_03_Wrapper.team_03_WB.instance_to_wrap/gpio_in[10]    1.500000    1.595037   -0.095037 (VIOLATED)
ANTENNA_mprj.team_03_Wrapper.team_03_WB.instance_to_wrap_ADR_O[19]/DIODE    1.500000    1.594869   -0.094869 (VIOLATED)
mprj.team_03_Wrapper.team_03_WB.instance_to_wrap/ADR_O[19]    1.500000    1.594869   -0.094869 (VIOLATED)
_7574_/B                                1.500000    1.589236   -0.089236 (VIOLATED)
ANTENNA__7574__B/DIODE                  1.500000    1.589174   -0.089174 (VIOLATED)
_7740_/A1                               1.500000    1.588301   -0.088301 (VIOLATED)
ANTENNA__7740__A1/DIODE                 1.500000    1.588275   -0.088275 (VIOLATED)
ANTENNA_457/DIODE                       1.500000    1.586883   -0.086883 (VIOLATED)
ANTENNA_mprj.team_09_Wrapper.team_09_WB.instance_to_wrap_gpio_out[3]/DIODE    1.500000    1.586883   -0.086883 (VIOLATED)
mprj.team_09_Wrapper.team_09_WB.instance_to_wrap/gpio_out[3]    1.500000    1.586883   -0.086883 (VIOLATED)
ANTENNA_mprj.team_03_Wrapper.team_03_WB.instance_to_wrap_ADR_O[8]/DIODE    1.500000    1.585423   -0.085423 (VIOLATED)
mprj.team_03_Wrapper.team_03_WB.instance_to_wrap/ADR_O[8]    1.500000    1.585423   -0.085423 (VIOLATED)
ANTENNA__4428__A1/DIODE                 1.500000    1.584960   -0.084960 (VIOLATED)
_4428_/A1                               1.500000    1.584947   -0.084947 (VIOLATED)
_4434_/A2                               1.500000    1.584842   -0.084842 (VIOLATED)
ANTENNA__4434__A2/DIODE                 1.500000    1.584723   -0.084723 (VIOLATED)
ANTENNA_mprj.sram.sram_inst_din0[11]/DIODE    1.500000    1.583905   -0.083905 (VIOLATED)
_4091_/B                                1.500000    1.583616   -0.083616 (VIOLATED)
ANTENNA__4091__B/DIODE                  1.500000    1.583613   -0.083613 (VIOLATED)
ANTENNA__4092__B/DIODE                  1.500000    1.583593   -0.083593 (VIOLATED)
_4092_/B                                1.500000    1.583511   -0.083511 (VIOLATED)
_4105_/A1                               1.500000    1.583496   -0.083497 (VIOLATED)
ANTENNA__4105__A1/DIODE                 1.500000    1.583449   -0.083449 (VIOLATED)
ANTENNA_mprj.team_03_Wrapper.team_03_WB.instance_to_wrap_ADR_O[11]/DIODE    1.500000    1.583405   -0.083405 (VIOLATED)
mprj.team_03_Wrapper.team_03_WB.instance_to_wrap/ADR_O[11]    1.500000    1.583405   -0.083405 (VIOLATED)
ANTENNA_mprj.team_01_Wrapper.team_01_WB.instance_to_wrap_gpio_out[2]/DIODE    1.500000    1.582917   -0.082917 (VIOLATED)
mprj.team_01_Wrapper.team_01_WB.instance_to_wrap/gpio_out[2]    1.500000    1.582917   -0.082917 (VIOLATED)
ANTENNA_739/DIODE                       1.500000    1.582858   -0.082858 (VIOLATED)
ANTENNA_738/DIODE                       1.500000    1.582768   -0.082768 (VIOLATED)
ANTENNA_742/DIODE                       1.500000    1.582709   -0.082709 (VIOLATED)
ANTENNA_740/DIODE                       1.500000    1.582694   -0.082695 (VIOLATED)
ANTENNA_737/DIODE                       1.500000    1.582669   -0.082670 (VIOLATED)
ANTENNA_744/DIODE                       1.500000    1.582613   -0.082613 (VIOLATED)
ANTENNA_743/DIODE                       1.500000    1.582589   -0.082589 (VIOLATED)
ANTENNA_741/DIODE                       1.500000    1.582181   -0.082181 (VIOLATED)
ANTENNA__6329__B2/DIODE                 1.500000    1.581936   -0.081936 (VIOLATED)
_6329_/B2                               1.500000    1.581720   -0.081720 (VIOLATED)
ANTENNA__7504__B/DIODE                  1.500000    1.581604   -0.081605 (VIOLATED)
_7504_/B                                1.500000    1.581579   -0.081580 (VIOLATED)
load_slew749/A                          1.500000    1.581267   -0.081267 (VIOLATED)
ANTENNA_load_slew749_A/DIODE            1.500000    1.581136   -0.081137 (VIOLATED)
hold359/X                               1.498918    1.579741   -0.080823 (VIOLATED)
_7362_/Y                                1.495733    1.576149   -0.080416 (VIOLATED)
ANTENNA_hold359_X/DIODE                 1.500000    1.579741   -0.079741 (VIOLATED)
_7360_/Y                                1.495733    1.573739   -0.078006 (VIOLATED)
ANTENNA_mprj.team_07_Wrapper.team_07_WB.instance_to_wrap_gpio_in[6]/DIODE    1.500000    1.577542   -0.077542 (VIOLATED)
mprj.team_07_Wrapper.team_07_WB.instance_to_wrap/gpio_in[6]    1.500000    1.577478   -0.077478 (VIOLATED)
mprj.team_04_Wrapper.team_04_WB.instance_to_wrap/gpio_in[17]    1.500000    1.577056   -0.077056 (VIOLATED)
ANTENNA_mprj.team_04_Wrapper.team_04_WB.instance_to_wrap_gpio_in[17]/DIODE    1.500000    1.577010   -0.077010 (VIOLATED)
_6656_/X                                1.497633    1.573944   -0.076312 (VIOLATED)
ANTENNA__7362__Y/DIODE                  1.500000    1.576192   -0.076192 (VIOLATED)
mprj.sram.sram_inst/din0[18]            1.500000    1.576149   -0.076149 (VIOLATED)
_7472_/B                                1.500000    1.574599   -0.074599 (VIOLATED)
ANTENNA__7472__B/DIODE                  1.500000    1.574483   -0.074483 (VIOLATED)
ANTENNA__6656__X/DIODE                  1.500000    1.574060   -0.074060 (VIOLATED)
ANTENNA__7360__Y/DIODE                  1.500000    1.573776   -0.073776 (VIOLATED)
mprj.sram.sram_inst/din0[20]            1.500000    1.573739   -0.073739 (VIOLATED)
mprj.team_01_Wrapper.team_01_WB.instance_to_wrap/nrst    1.500000    1.573442   -0.073442 (VIOLATED)
ANTENNA_645/DIODE                       1.500000    1.572521   -0.072521 (VIOLATED)
hold1635/A                              1.500000    1.572489   -0.072489 (VIOLATED)
ANTENNA_hold1635_A/DIODE                1.500000    1.572464   -0.072464 (VIOLATED)
hold1220/X                              1.498918    1.570704   -0.071786 (VIOLATED)
ANTENNA_mprj.team_03_Wrapper.team_03_WB.instance_to_wrap_WE_O/DIODE    1.500000    1.571758   -0.071758 (VIOLATED)
ANTENNA_mprj.team_03_Wrapper.team_03_WB.instance_to_wrap_DAT_O[19]/DIODE    1.500000    1.571740   -0.071740 (VIOLATED)
mprj.team_03_Wrapper.team_03_WB.instance_to_wrap/DAT_O[19]    1.500000    1.571740   -0.071740 (VIOLATED)
mprj.team_03_Wrapper.team_03_WB.instance_to_wrap/WE_O    1.500000    1.571658   -0.071658 (VIOLATED)
output130/A                             1.500000    1.571564   -0.071564 (VIOLATED)
ANTENNA_output130_A/DIODE               1.500000    1.571313   -0.071313 (VIOLATED)
_6995_/B2                               1.500000    1.571307   -0.071308 (VIOLATED)
_5184_/A1                               1.500000    1.571298   -0.071298 (VIOLATED)
ANTENNA__6995__B2/DIODE                 1.500000    1.571269   -0.071269 (VIOLATED)
ANTENNA__5184__A1/DIODE                 1.500000    1.571268   -0.071268 (VIOLATED)
ANTENNA_hold1220_X/DIODE                1.500000    1.571249   -0.071249 (VIOLATED)
mprj.team_09_Wrapper.team_09_WB.instance_to_wrap/gpio_in[32]    1.500000    1.570083   -0.070083 (VIOLATED)
_8114_/Y                                1.495733    1.565067   -0.069334 (VIOLATED)
ANTENNA_mprj.team_02_Wrapper.team_02_WB.instance_to_wrap_gpio_in[1]/DIODE    1.500000    1.568378   -0.068378 (VIOLATED)
ANTENNA_63/DIODE                        1.500000    1.566661   -0.066661 (VIOLATED)
ANTENNA_66/DIODE                        1.500000    1.566659   -0.066659 (VIOLATED)
ANTENNA_64/DIODE                        1.500000    1.566231   -0.066231 (VIOLATED)
ANTENNA_65/DIODE                        1.500000    1.566230   -0.066230 (VIOLATED)
ANTENNA_67/DIODE                        1.500000    1.566230   -0.066230 (VIOLATED)
ANTENNA_62/DIODE                        1.500000    1.566229   -0.066229 (VIOLATED)
ANTENNA_mprj.team_03_Wrapper.team_03_WB.instance_to_wrap_DAT_O[3]/DIODE    1.500000    1.566187   -0.066187 (VIOLATED)
mprj.team_03_Wrapper.team_03_WB.instance_to_wrap/DAT_O[3]    1.500000    1.566050   -0.066050 (VIOLATED)
ANTENNA__8114__Y/DIODE                  1.500000    1.565102   -0.065102 (VIOLATED)
_6300_/A                                1.500000    1.563786   -0.063786 (VIOLATED)
ANTENNA__6300__A/DIODE                  1.500000    1.563721   -0.063721 (VIOLATED)
hold735/X                               1.498918    1.562371   -0.063453 (VIOLATED)
ANTENNA__5142__A1/DIODE                 1.500000    1.562640   -0.062640 (VIOLATED)
_5142_/A1                               1.500000    1.562639   -0.062639 (VIOLATED)
ANTENNA__7059__A1/DIODE                 1.500000    1.562638   -0.062638 (VIOLATED)
_7059_/A1                               1.500000    1.562633   -0.062633 (VIOLATED)
ANTENNA_hold1734_A/DIODE                1.500000    1.562382   -0.062382 (VIOLATED)
hold1734/A                              1.500000    1.562379   -0.062379 (VIOLATED)
ANTENNA_hold735_X/DIODE                 1.500000    1.562371   -0.062371 (VIOLATED)
mprj.team_04_Wrapper.team_04_WB.instance_to_wrap/gpio_in[33]    1.500000    1.561412   -0.061412 (VIOLATED)
ANTENNA_mprj.team_03_Wrapper.team_03_WB.instance_to_wrap_ADR_O[15]/DIODE    1.500000    1.559186   -0.059186 (VIOLATED)
mprj.team_03_Wrapper.team_03_WB.instance_to_wrap/ADR_O[15]    1.500000    1.559186   -0.059186 (VIOLATED)
_7350_/Y                                1.495733    1.553522   -0.057789 (VIOLATED)
mprj.team_02_Wrapper.team_02_WB.instance_to_wrap/gpio_in[1]    1.500000    1.557716   -0.057716 (VIOLATED)
output107/A                             1.500000    1.557637   -0.057638 (VIOLATED)
ANTENNA_output107_A/DIODE               1.500000    1.557533   -0.057533 (VIOLATED)
_8053_/A1                               1.500000    1.556135   -0.056135 (VIOLATED)
ANTENNA__8053__A1/DIODE                 1.500000    1.556036   -0.056036 (VIOLATED)
ANTENNA__4967__A1/DIODE                 1.500000    1.554459   -0.054459 (VIOLATED)
_4967_/A1                               1.500000    1.554451   -0.054451 (VIOLATED)
_4974_/A2                               1.500000    1.554388   -0.054388 (VIOLATED)
ANTENNA__4974__A2/DIODE                 1.500000    1.554321   -0.054321 (VIOLATED)
ANTENNA_58/DIODE                        1.500000    1.553995   -0.053995 (VIOLATED)
ANTENNA__7350__Y/DIODE                  1.500000    1.553555   -0.053555 (VIOLATED)
mprj.sram.sram_inst/din0[30]            1.500000    1.553522   -0.053522 (VIOLATED)
ANTENNA_mprj.team_06_Wrapper.team_06_WB.instance_to_wrap_gpio_oeb[8]/DIODE    1.500000    1.552815   -0.052816 (VIOLATED)
mprj.team_06_Wrapper.team_06_WB.instance_to_wrap/gpio_oeb[8]    1.500000    1.552787   -0.052787 (VIOLATED)
ANTENNA_mprj.team_03_Wrapper.team_03_WB.instance_to_wrap_ADR_O[2]/DIODE    1.500000    1.552238   -0.052238 (VIOLATED)
mprj.team_03_Wrapper.team_03_WB.instance_to_wrap/ADR_O[2]    1.500000    1.552238   -0.052238 (VIOLATED)
ANTENNA_mprj.team_08_Wrapper.team_08_WB.instance_to_wrap_gpio_out[7]/DIODE    1.500000    1.551485   -0.051485 (VIOLATED)
mprj.team_08_Wrapper.team_08_WB.instance_to_wrap/gpio_out[7]    1.500000    1.551270   -0.051270 (VIOLATED)
mprj.team_09_Wrapper.team_09_WB.instance_to_wrap/gpio_in[33]    1.500000    1.551169   -0.051169 (VIOLATED)
ANTENNA_mprj.team_09_Wrapper.team_09_WB.instance_to_wrap_gpio_in[33]/DIODE    1.500000    1.551114   -0.051114 (VIOLATED)
_4934_/A2                               1.500000    1.550725   -0.050725 (VIOLATED)
ANTENNA__4928__A1/DIODE                 1.500000    1.550639   -0.050639 (VIOLATED)
ANTENNA__4934__A2/DIODE                 1.500000    1.550626   -0.050626 (VIOLATED)
_4928_/A1                               1.500000    1.550539   -0.050539 (VIOLATED)
ANTENNA_mprj.team_05_Wrapper.team_05_WB.instance_to_wrap_gpio_out[10]/DIODE    1.500000    1.550263   -0.050263 (VIOLATED)
mprj.team_05_Wrapper.team_05_WB.instance_to_wrap/gpio_out[10]    1.500000    1.550207   -0.050207 (VIOLATED)
ANTENNA_mprj.team_02_Wrapper.team_02_WB.instance_to_wrap_gpio_in[0]/DIODE    1.500000    1.548905   -0.048905 (VIOLATED)
_6372_/A                                1.500000    1.548841   -0.048841 (VIOLATED)
ANTENNA__6372__A/DIODE                  1.500000    1.548784   -0.048784 (VIOLATED)
ANTENNA_mprj.team_06_Wrapper.team_06_WB.instance_to_wrap_gpio_out[9]/DIODE    1.500000    1.547642   -0.047642 (VIOLATED)
mprj.team_06_Wrapper.team_06_WB.instance_to_wrap/gpio_out[9]    1.500000    1.547639   -0.047639 (VIOLATED)
ANTENNA__7478__B/DIODE                  1.500000    1.547307   -0.047307 (VIOLATED)
_7478_/B                                1.500000    1.547274   -0.047274 (VIOLATED)
_8038_/B2                               1.500000    1.546886   -0.046886 (VIOLATED)
ANTENNA__8038__B2/DIODE                 1.500000    1.546790   -0.046790 (VIOLATED)
_6585_/X                                1.497633    1.541803   -0.044170 (VIOLATED)
ANTENNA__6585__X/DIODE                  1.500000    1.542102   -0.042102 (VIOLATED)
_7363_/Y                                1.495733    1.533800   -0.038067 (VIOLATED)
ANTENNA_mprj.team_10_Wrapper.team_10_WB.instance_to_wrap_gpio_in[17]/DIODE    1.500000    1.536886   -0.036886 (VIOLATED)
_7568_/B                                1.500000    1.535624   -0.035624 (VIOLATED)
ANTENNA__7568__B/DIODE                  1.500000    1.535575   -0.035575 (VIOLATED)
ANTENNA__7363__Y/DIODE                  1.500000    1.533893   -0.033893 (VIOLATED)
mprj.sram.sram_inst/din0[17]            1.500000    1.533800   -0.033800 (VIOLATED)
mprj.team_02_Wrapper.team_02_WB.instance_to_wrap/gpio_in[0]    1.500000    1.533560   -0.033560 (VIOLATED)
ANTENNA_mprj.team_03_Wrapper.team_03_WB.instance_to_wrap_DAT_O[18]/DIODE    1.500000    1.532728   -0.032728 (VIOLATED)
mprj.team_03_Wrapper.team_03_WB.instance_to_wrap/DAT_O[18]    1.500000    1.532728   -0.032728 (VIOLATED)
ANTENNA_mprj.team_01_Wrapper.team_01_WB.instance_to_wrap_DAT_I[28]/DIODE    1.500000    1.532715   -0.032715 (VIOLATED)
mprj.team_01_Wrapper.team_01_WB.instance_to_wrap/DAT_I[28]    1.500000    1.532704   -0.032704 (VIOLATED)
ANTENNA_mprj.team_03_Wrapper.team_03_WB.instance_to_wrap_ADR_O[6]/DIODE    1.500000    1.532459   -0.032460 (VIOLATED)
mprj.team_03_Wrapper.team_03_WB.instance_to_wrap/ADR_O[6]    1.500000    1.532459   -0.032460 (VIOLATED)
hold265/X                               1.498918    1.530747   -0.031829 (VIOLATED)
_6658_/A                                1.500000    1.531781   -0.031781 (VIOLATED)
ANTENNA__6658__A/DIODE                  1.500000    1.531706   -0.031706 (VIOLATED)
ANTENNA_mprj.sram.sram_inst_addr1[3]/DIODE    1.500000    1.531661   -0.031661 (VIOLATED)
ANTENNA_hold265_X/DIODE                 1.500000    1.530747   -0.030747 (VIOLATED)
_7664_/X                                1.497633    1.527866   -0.030233 (VIOLATED)
_6445_/A1                               1.500000    1.528720   -0.028720 (VIOLATED)
ANTENNA__6445__A1/DIODE                 1.500000    1.528669   -0.028670 (VIOLATED)
ANTENNA__7664__X/DIODE                  1.500000    1.528003   -0.028003 (VIOLATED)
ANTENNA_mprj.team_06_Wrapper.team_06_WB.instance_to_wrap_gpio_oeb[19]/DIODE    1.500000    1.526520   -0.026520 (VIOLATED)
_6261_/A3                               1.500000    1.526498   -0.026498 (VIOLATED)
ANTENNA__6261__A3/DIODE                 1.500000    1.526444   -0.026444 (VIOLATED)
mprj.team_06_Wrapper.team_06_WB.instance_to_wrap/gpio_oeb[19]    1.500000    1.526443   -0.026443 (VIOLATED)
ANTENNA_129/DIODE                       1.500000    1.526342   -0.026342 (VIOLATED)
_4859_/A1                               1.500000    1.525286   -0.025286 (VIOLATED)
ANTENNA__4859__A1/DIODE                 1.500000    1.525267   -0.025267 (VIOLATED)
output112/A                             1.500000    1.525246   -0.025246 (VIOLATED)
_4866_/A2                               1.500000    1.525155   -0.025155 (VIOLATED)
ANTENNA__4866__A2/DIODE                 1.500000    1.525063   -0.025064 (VIOLATED)
ANTENNA_output112_A/DIODE               1.500000    1.524940   -0.024940 (VIOLATED)
ANTENNA_mprj.team_03_Wrapper.team_03_WB.instance_to_wrap_ADR_O[30]/DIODE    1.500000    1.524170   -0.024170 (VIOLATED)
mprj.team_03_Wrapper.team_03_WB.instance_to_wrap/ADR_O[30]    1.500000    1.524164   -0.024164 (VIOLATED)
_7384_/Y                                1.495733    1.518987   -0.023254 (VIOLATED)
ANTENNA_mprj.team_03_Wrapper.team_03_WB.instance_to_wrap_ADR_O[13]/DIODE    1.500000    1.522588   -0.022588 (VIOLATED)
mprj.team_03_Wrapper.team_03_WB.instance_to_wrap/ADR_O[13]    1.500000    1.522588   -0.022588 (VIOLATED)
_4223_/A2                               1.500000    1.522507   -0.022507 (VIOLATED)
_4217_/A1                               1.500000    1.522451   -0.022451 (VIOLATED)
ANTENNA__4223__A2/DIODE                 1.500000    1.522437   -0.022437 (VIOLATED)
ANTENNA__4217__A1/DIODE                 1.500000    1.522339   -0.022339 (VIOLATED)
ANTENNA__4155__A1/DIODE                 1.500000    1.522143   -0.022143 (VIOLATED)
_4155_/A1                               1.500000    1.522138   -0.022138 (VIOLATED)
ANTENNA__4161__A2/DIODE                 1.500000    1.522094   -0.022094 (VIOLATED)
_4161_/A2                               1.500000    1.521992   -0.021992 (VIOLATED)
ANTENNA_mprj.team_06_Wrapper.team_06_WB.instance_to_wrap_gpio_out[27]/DIODE    1.500000    1.519214   -0.019214 (VIOLATED)
mprj.team_06_Wrapper.team_06_WB.instance_to_wrap/gpio_out[27]    1.500000    1.519108   -0.019108 (VIOLATED)
ANTENNA__7384__Y/DIODE                  1.500000    1.519071   -0.019071 (VIOLATED)
mprj.sram.sram_inst/addr0[6]            1.500000    1.518987   -0.018987 (VIOLATED)
mprj.sram.sram_inst/addr1[6]            1.500000    1.518987   -0.018987 (VIOLATED)
ANTENNA_mprj.team_06_Wrapper.team_06_WB.instance_to_wrap_gpio_oeb[17]/DIODE    1.500000    1.518448   -0.018448 (VIOLATED)
mprj.team_06_Wrapper.team_06_WB.instance_to_wrap/gpio_oeb[17]    1.500000    1.518364   -0.018364 (VIOLATED)
ANTENNA_mprj.team_04_Wrapper.team_04_WB.instance_to_wrap_gpio_in[15]/DIODE    1.500000    1.517873   -0.017873 (VIOLATED)
_6451_/A1                               1.500000    1.517633   -0.017633 (VIOLATED)
ANTENNA__6451__A1/DIODE                 1.500000    1.517588   -0.017588 (VIOLATED)
_4672_/A2                               1.500000    1.517516   -0.017516 (VIOLATED)
ANTENNA__4672__A2/DIODE                 1.500000    1.517426   -0.017427 (VIOLATED)
ANTENNA__4666__A1/DIODE                 1.500000    1.517366   -0.017366 (VIOLATED)
_4666_/A1                               1.500000    1.517335   -0.017335 (VIOLATED)
ANTENNA_mprj.team_01_Wrapper.team_01_WB.instance_to_wrap_gpio_in[24]/DIODE    1.500000    1.517027   -0.017027 (VIOLATED)
mprj.team_01_Wrapper.team_01_WB.instance_to_wrap/gpio_in[24]    1.500000    1.517027   -0.017027 (VIOLATED)
mprj.team_03_Wrapper.team_03_WB.instance_to_wrap/gpio_in[1]    1.500000    1.516828   -0.016828 (VIOLATED)
ANTENNA_mprj.team_03_Wrapper.team_03_WB.instance_to_wrap_gpio_in[1]/DIODE    1.500000    1.516785   -0.016785 (VIOLATED)
ANTENNA_mprj.team_09_Wrapper.team_09_WB.instance_to_wrap_gpio_in[13]/DIODE    1.500000    1.516715   -0.016715 (VIOLATED)
_7073_/A2                               1.500000    1.516630   -0.016630 (VIOLATED)
ANTENNA__7073__A2/DIODE                 1.500000    1.516564   -0.016564 (VIOLATED)
mprj.team_09_Wrapper.team_09_WB.instance_to_wrap/gpio_in[13]    1.500000    1.516488   -0.016488 (VIOLATED)
ANTENNA_mprj.team_11_Wrapper.team_11_WB.instance_to_wrap_gpio_in[12]/DIODE    1.500000    1.515603   -0.015604 (VIOLATED)
ANTENNA_mprj.team_04_Wrapper.team_04_WB.instance_to_wrap_gpio_in[33]/DIODE    1.500000    1.515600   -0.015600 (VIOLATED)
_7147_/A2                               1.500000    1.515315   -0.015315 (VIOLATED)
ANTENNA__7147__A2/DIODE                 1.500000    1.515241   -0.015241 (VIOLATED)
_6406_/A1                               1.500000    1.515035   -0.015035 (VIOLATED)
ANTENNA__6406__A1/DIODE                 1.500000    1.514804   -0.014804 (VIOLATED)
_7620_/B                                1.500000    1.513568   -0.013568 (VIOLATED)
ANTENNA__7620__B/DIODE                  1.500000    1.513419   -0.013419 (VIOLATED)
ANTENNA_mprj.team_09_Wrapper.team_09_WB.instance_to_wrap_gpio_in[27]/DIODE    1.500000    1.513123   -0.013123 (VIOLATED)
ANTENNA__4658__A2/DIODE                 1.500000    1.510175   -0.010175 (VIOLATED)
_4658_/A2                               1.500000    1.510165   -0.010165 (VIOLATED)
ANTENNA__4652__A1/DIODE                 1.500000    1.510165   -0.010165 (VIOLATED)
_4652_/A1                               1.500000    1.510130   -0.010130 (VIOLATED)
ANTENNA_mprj.team_01_Wrapper.team_01_WB.instance_to_wrap_DAT_O[30]/DIODE    1.500000    1.509787   -0.009787 (VIOLATED)
mprj.team_01_Wrapper.team_01_WB.instance_to_wrap/DAT_O[30]    1.500000    1.509736   -0.009736 (VIOLATED)
ANTENNA__4614__A1/DIODE                 1.500000    1.508930   -0.008930 (VIOLATED)
_4614_/A1                               1.500000    1.508881   -0.008881 (VIOLATED)
_4620_/A2                               1.500000    1.508829   -0.008829 (VIOLATED)
ANTENNA__4620__A2/DIODE                 1.500000    1.508738   -0.008738 (VIOLATED)
ANTENNA__7181__A2/DIODE                 1.500000    1.508733   -0.008733 (VIOLATED)
_7181_/A2                               1.500000    1.508101   -0.008101 (VIOLATED)
mprj.team_11_Wrapper.team_11_WB.instance_to_wrap/gpio_in[12]    1.500000    1.507823   -0.007823 (VIOLATED)
ANTENNA_mprj.team_10_Wrapper.team_10_WB.instance_to_wrap_gpio_in[4]/DIODE    1.500000    1.507675   -0.007675 (VIOLATED)
mprj.team_10_Wrapper.team_10_WB.instance_to_wrap/gpio_in[4]    1.500000    1.507537   -0.007537 (VIOLATED)
_7952_/A1                               1.500000    1.507497   -0.007497 (VIOLATED)
ANTENNA__7952__A1/DIODE                 1.500000    1.507487   -0.007487 (VIOLATED)
_4659_/A2                               1.500000    1.507305   -0.007305 (VIOLATED)
_4653_/A1                               1.500000    1.507224   -0.007224 (VIOLATED)
ANTENNA__4659__A2/DIODE                 1.500000    1.507186   -0.007186 (VIOLATED)
_6548_/X                                1.497633    1.504780   -0.007147 (VIOLATED)
ANTENNA__4653__A1/DIODE                 1.500000    1.507131   -0.007131 (VIOLATED)
mprj.team_04_Wrapper.team_04_WB.instance_to_wrap/gpio_in[15]    1.500000    1.505733   -0.005733 (VIOLATED)
ANTENNA_837/DIODE                       1.500000    1.504848   -0.004848 (VIOLATED)
ANTENNA_834/DIODE                       1.500000    1.504847   -0.004847 (VIOLATED)
ANTENNA_836/DIODE                       1.500000    1.504847   -0.004847 (VIOLATED)
ANTENNA_833/DIODE                       1.500000    1.504844   -0.004844 (VIOLATED)
ANTENNA__6548__X/DIODE                  1.500000    1.504844   -0.004844 (VIOLATED)
ANTENNA_829/DIODE                       1.500000    1.504844   -0.004844 (VIOLATED)
ANTENNA_831/DIODE                       1.500000    1.504843   -0.004843 (VIOLATED)
ANTENNA_835/DIODE                       1.500000    1.504843   -0.004843 (VIOLATED)
ANTENNA_832/DIODE                       1.500000    1.504843   -0.004843 (VIOLATED)
ANTENNA_830/DIODE                       1.500000    1.504842   -0.004842 (VIOLATED)
ANTENNA_827/DIODE                       1.500000    1.504842   -0.004842 (VIOLATED)
ANTENNA_828/DIODE                       1.500000    1.504841   -0.004841 (VIOLATED)
_6268_/C                                1.500000    1.504493   -0.004493 (VIOLATED)
ANTENNA__6268__C/DIODE                  1.500000    1.504452   -0.004453 (VIOLATED)
ANTENNA_mprj.team_09_Wrapper.team_09_WB.instance_to_wrap_gpio_in[32]/DIODE    1.500000    1.504372   -0.004372 (VIOLATED)
ANTENNA__8052__A/DIODE                  1.500000    1.504112   -0.004112 (VIOLATED)
_8052_/A                                1.500000    1.504106   -0.004106 (VIOLATED)
ANTENNA_mprj.team_11_Wrapper.team_11_WB.instance_to_wrap_gpio_out[20]/DIODE    1.500000    1.503053   -0.003053 (VIOLATED)
mprj.team_11_Wrapper.team_11_WB.instance_to_wrap/gpio_out[20]    1.500000    1.503047   -0.003047 (VIOLATED)
ANTENNA__4731__A2/DIODE                 1.500000    1.500509   -0.000509 (VIOLATED)
_4731_/A2                               1.500000    1.500508   -0.000508 (VIOLATED)
ANTENNA__4725__A1/DIODE                 1.500000    1.500490   -0.000490 (VIOLATED)
_4725_/A1                               1.500000    1.500485   -0.000485 (VIOLATED)
ANTENNA_mprj.team_08_Wrapper.team_08_WB.instance_to_wrap_gpio_out[30]/DIODE    1.500000    1.500416   -0.000416 (VIOLATED)

max fanout

Pin                                   Limit Fanout  Slack
---------------------------------------------------------
clkbuf_5_22_0_wb_clk_i_regs/X            10     31    -21 (VIOLATED)
clkbuf_5_12_0_wb_clk_i_regs/X            10     29    -19 (VIOLATED)
clkbuf_5_17_0_wb_clk_i_regs/X            10     29    -19 (VIOLATED)
clkbuf_5_23_0_wb_clk_i_regs/X            10     29    -19 (VIOLATED)
clkbuf_5_20_0_wb_clk_i_regs/X            10     25    -15 (VIOLATED)
hold29/X                                 10     25    -15 (VIOLATED)
mprj.team_09_Wrapper.team_09_WB.instance_to_wrap/gpio_oeb[12]     10     25    -15 (VIOLATED)
clkbuf_5_13_0_wb_clk_i_regs/X            10     23    -13 (VIOLATED)
clkbuf_5_16_0_wb_clk_i_regs/X            10     23    -13 (VIOLATED)
clkbuf_5_26_0_wb_clk_i_regs/X            10     23    -13 (VIOLATED)
clkbuf_5_4_0_wb_clk_i_regs/X             10     23    -13 (VIOLATED)
clkbuf_5_5_0_wb_clk_i_regs/X             10     23    -13 (VIOLATED)
clkbuf_5_6_0_wb_clk_i_regs/X             10     23    -13 (VIOLATED)
clkbuf_5_7_0_wb_clk_i_regs/X             10     23    -13 (VIOLATED)
fanout539/X                              10     23    -13 (VIOLATED)
hold8/X                                  10     23    -13 (VIOLATED)
fanout248/X                              10     22    -12 (VIOLATED)
fanout252/X                              10     22    -12 (VIOLATED)
fanout266/X                              10     22    -12 (VIOLATED)
fanout320/X                              10     22    -12 (VIOLATED)
fanout362/X                              10     22    -12 (VIOLATED)
fanout399/X                              10     22    -12 (VIOLATED)
fanout564/X                              10     22    -12 (VIOLATED)
fanout572/X                              10     22    -12 (VIOLATED)
fanout573/X                              10     22    -12 (VIOLATED)
fanout625/X                              10     22    -12 (VIOLATED)
_4075_/Y                                 10     21    -11 (VIOLATED)
_4168_/Y                                 10     21    -11 (VIOLATED)
_4270_/Y                                 10     21    -11 (VIOLATED)
_4305_/Y                                 10     21    -11 (VIOLATED)
_8561_/Q                                 10     21    -11 (VIOLATED)
_8580_/Q                                 10     21    -11 (VIOLATED)
_8622_/Q                                 10     21    -11 (VIOLATED)
_8652_/Q                                 10     21    -11 (VIOLATED)
_8664_/Q                                 10     21    -11 (VIOLATED)
_8847_/Q                                 10     21    -11 (VIOLATED)
_8848_/Q                                 10     21    -11 (VIOLATED)
fanout208/X                              10     21    -11 (VIOLATED)
fanout211/X                              10     21    -11 (VIOLATED)
fanout212/X                              10     21    -11 (VIOLATED)
fanout213/X                              10     21    -11 (VIOLATED)
fanout215/X                              10     21    -11 (VIOLATED)
fanout217/X                              10     21    -11 (VIOLATED)
fanout219/X                              10     21    -11 (VIOLATED)
fanout221/X                              10     21    -11 (VIOLATED)
fanout223/X                              10     21    -11 (VIOLATED)
fanout225/X                              10     21    -11 (VIOLATED)
fanout227/X                              10     21    -11 (VIOLATED)
fanout229/X                              10     21    -11 (VIOLATED)
fanout230/X                              10     21    -11 (VIOLATED)
fanout231/X                              10     21    -11 (VIOLATED)
fanout232/X                              10     21    -11 (VIOLATED)
fanout235/X                              10     21    -11 (VIOLATED)
fanout236/X                              10     21    -11 (VIOLATED)
fanout239/X                              10     21    -11 (VIOLATED)
fanout240/X                              10     21    -11 (VIOLATED)
fanout241/X                              10     21    -11 (VIOLATED)
fanout242/X                              10     21    -11 (VIOLATED)
fanout245/X                              10     21    -11 (VIOLATED)
fanout247/X                              10     21    -11 (VIOLATED)
fanout250/X                              10     21    -11 (VIOLATED)
fanout253/X                              10     21    -11 (VIOLATED)
fanout255/X                              10     21    -11 (VIOLATED)
fanout256/X                              10     21    -11 (VIOLATED)
fanout257/X                              10     21    -11 (VIOLATED)
fanout259/X                              10     21    -11 (VIOLATED)
fanout263/X                              10     21    -11 (VIOLATED)
fanout268/X                              10     21    -11 (VIOLATED)
fanout272/X                              10     21    -11 (VIOLATED)
fanout275/X                              10     21    -11 (VIOLATED)
fanout277/X                              10     21    -11 (VIOLATED)
fanout279/X                              10     21    -11 (VIOLATED)
fanout280/X                              10     21    -11 (VIOLATED)
fanout282/X                              10     21    -11 (VIOLATED)
fanout283/X                              10     21    -11 (VIOLATED)
fanout286/X                              10     21    -11 (VIOLATED)
fanout287/X                              10     21    -11 (VIOLATED)
fanout289/X                              10     21    -11 (VIOLATED)
fanout290/X                              10     21    -11 (VIOLATED)
fanout292/X                              10     21    -11 (VIOLATED)
fanout294/X                              10     21    -11 (VIOLATED)
fanout296/X                              10     21    -11 (VIOLATED)
fanout297/X                              10     21    -11 (VIOLATED)
fanout299/X                              10     21    -11 (VIOLATED)
fanout300/X                              10     21    -11 (VIOLATED)
fanout302/X                              10     21    -11 (VIOLATED)
fanout303/X                              10     21    -11 (VIOLATED)
fanout305/X                              10     21    -11 (VIOLATED)
fanout306/X                              10     21    -11 (VIOLATED)
fanout308/X                              10     21    -11 (VIOLATED)
fanout311/X                              10     21    -11 (VIOLATED)
fanout312/X                              10     21    -11 (VIOLATED)
fanout316/X                              10     21    -11 (VIOLATED)
fanout325/X                              10     21    -11 (VIOLATED)
fanout326/X                              10     21    -11 (VIOLATED)
fanout329/X                              10     21    -11 (VIOLATED)
fanout330/X                              10     21    -11 (VIOLATED)
fanout334/X                              10     21    -11 (VIOLATED)
fanout335/X                              10     21    -11 (VIOLATED)
fanout342/X                              10     21    -11 (VIOLATED)
fanout343/X                              10     21    -11 (VIOLATED)
fanout344/X                              10     21    -11 (VIOLATED)
fanout345/X                              10     21    -11 (VIOLATED)
fanout347/X                              10     21    -11 (VIOLATED)
fanout349/X                              10     21    -11 (VIOLATED)
fanout363/X                              10     21    -11 (VIOLATED)
fanout364/X                              10     21    -11 (VIOLATED)
fanout365/X                              10     21    -11 (VIOLATED)
fanout367/X                              10     21    -11 (VIOLATED)
fanout371/X                              10     21    -11 (VIOLATED)
fanout372/X                              10     21    -11 (VIOLATED)
fanout373/X                              10     21    -11 (VIOLATED)
fanout377/X                              10     21    -11 (VIOLATED)
fanout378/X                              10     21    -11 (VIOLATED)
fanout379/X                              10     21    -11 (VIOLATED)
fanout381/X                              10     21    -11 (VIOLATED)
fanout383/X                              10     21    -11 (VIOLATED)
fanout384/X                              10     21    -11 (VIOLATED)
fanout386/X                              10     21    -11 (VIOLATED)
fanout387/X                              10     21    -11 (VIOLATED)
fanout390/X                              10     21    -11 (VIOLATED)
fanout391/X                              10     21    -11 (VIOLATED)
fanout392/X                              10     21    -11 (VIOLATED)
fanout395/X                              10     21    -11 (VIOLATED)
fanout396/X                              10     21    -11 (VIOLATED)
fanout400/X                              10     21    -11 (VIOLATED)
fanout402/X                              10     21    -11 (VIOLATED)
fanout404/X                              10     21    -11 (VIOLATED)
fanout405/X                              10     21    -11 (VIOLATED)
fanout407/X                              10     21    -11 (VIOLATED)
fanout409/X                              10     21    -11 (VIOLATED)
fanout410/X                              10     21    -11 (VIOLATED)
fanout412/X                              10     21    -11 (VIOLATED)
fanout413/X                              10     21    -11 (VIOLATED)
fanout414/X                              10     21    -11 (VIOLATED)
fanout415/X                              10     21    -11 (VIOLATED)
fanout416/X                              10     21    -11 (VIOLATED)
fanout417/X                              10     21    -11 (VIOLATED)
fanout423/X                              10     21    -11 (VIOLATED)
fanout425/X                              10     21    -11 (VIOLATED)
fanout426/X                              10     21    -11 (VIOLATED)
fanout427/X                              10     21    -11 (VIOLATED)
fanout429/X                              10     21    -11 (VIOLATED)
fanout430/X                              10     21    -11 (VIOLATED)
fanout432/X                              10     21    -11 (VIOLATED)
fanout434/X                              10     21    -11 (VIOLATED)
fanout435/X                              10     21    -11 (VIOLATED)
fanout437/X                              10     21    -11 (VIOLATED)
fanout438/X                              10     21    -11 (VIOLATED)
fanout441/X                              10     21    -11 (VIOLATED)
fanout442/X                              10     21    -11 (VIOLATED)
fanout444/X                              10     21    -11 (VIOLATED)
fanout446/X                              10     21    -11 (VIOLATED)
fanout447/X                              10     21    -11 (VIOLATED)
fanout449/X                              10     21    -11 (VIOLATED)
fanout450/X                              10     21    -11 (VIOLATED)
fanout452/X                              10     21    -11 (VIOLATED)
fanout455/X                              10     21    -11 (VIOLATED)
fanout456/X                              10     21    -11 (VIOLATED)
fanout458/X                              10     21    -11 (VIOLATED)
fanout460/X                              10     21    -11 (VIOLATED)
fanout462/X                              10     21    -11 (VIOLATED)
fanout464/X                              10     21    -11 (VIOLATED)
fanout465/X                              10     21    -11 (VIOLATED)
fanout467/X                              10     21    -11 (VIOLATED)
fanout468/X                              10     21    -11 (VIOLATED)
fanout469/X                              10     21    -11 (VIOLATED)
fanout470/X                              10     21    -11 (VIOLATED)
fanout472/X                              10     21    -11 (VIOLATED)
fanout473/X                              10     21    -11 (VIOLATED)
fanout475/X                              10     21    -11 (VIOLATED)
fanout477/X                              10     21    -11 (VIOLATED)
fanout478/X                              10     21    -11 (VIOLATED)
fanout480/X                              10     21    -11 (VIOLATED)
fanout481/X                              10     21    -11 (VIOLATED)
fanout484/X                              10     21    -11 (VIOLATED)
fanout486/X                              10     21    -11 (VIOLATED)
fanout487/X                              10     21    -11 (VIOLATED)
fanout489/X                              10     21    -11 (VIOLATED)
fanout491/X                              10     21    -11 (VIOLATED)
fanout492/X                              10     21    -11 (VIOLATED)
fanout494/X                              10     21    -11 (VIOLATED)
fanout495/X                              10     21    -11 (VIOLATED)
fanout497/X                              10     21    -11 (VIOLATED)
fanout498/X                              10     21    -11 (VIOLATED)
fanout500/X                              10     21    -11 (VIOLATED)
fanout502/X                              10     21    -11 (VIOLATED)
fanout504/X                              10     21    -11 (VIOLATED)
fanout505/X                              10     21    -11 (VIOLATED)
fanout507/X                              10     21    -11 (VIOLATED)
fanout509/X                              10     21    -11 (VIOLATED)
fanout511/X                              10     21    -11 (VIOLATED)
fanout512/X                              10     21    -11 (VIOLATED)
fanout513/X                              10     21    -11 (VIOLATED)
fanout514/X                              10     21    -11 (VIOLATED)
fanout516/X                              10     21    -11 (VIOLATED)
fanout529/X                              10     21    -11 (VIOLATED)
fanout530/X                              10     21    -11 (VIOLATED)
fanout531/X                              10     21    -11 (VIOLATED)
fanout532/X                              10     21    -11 (VIOLATED)
fanout533/X                              10     21    -11 (VIOLATED)
fanout534/X                              10     21    -11 (VIOLATED)
fanout535/X                              10     21    -11 (VIOLATED)
fanout536/X                              10     21    -11 (VIOLATED)
fanout537/X                              10     21    -11 (VIOLATED)
fanout538/X                              10     21    -11 (VIOLATED)
fanout540/X                              10     21    -11 (VIOLATED)
fanout541/X                              10     21    -11 (VIOLATED)
fanout542/X                              10     21    -11 (VIOLATED)
fanout543/X                              10     21    -11 (VIOLATED)
fanout545/X                              10     21    -11 (VIOLATED)
fanout546/X                              10     21    -11 (VIOLATED)
fanout551/X                              10     21    -11 (VIOLATED)
fanout552/X                              10     21    -11 (VIOLATED)
fanout553/X                              10     21    -11 (VIOLATED)
fanout554/X                              10     21    -11 (VIOLATED)
fanout555/X                              10     21    -11 (VIOLATED)
fanout556/X                              10     21    -11 (VIOLATED)
fanout558/X                              10     21    -11 (VIOLATED)
fanout560/X                              10     21    -11 (VIOLATED)
fanout561/X                              10     21    -11 (VIOLATED)
fanout562/X                              10     21    -11 (VIOLATED)
fanout563/X                              10     21    -11 (VIOLATED)
fanout565/X                              10     21    -11 (VIOLATED)
fanout566/X                              10     21    -11 (VIOLATED)
fanout567/X                              10     21    -11 (VIOLATED)
fanout568/X                              10     21    -11 (VIOLATED)
fanout569/X                              10     21    -11 (VIOLATED)
fanout570/X                              10     21    -11 (VIOLATED)
fanout571/X                              10     21    -11 (VIOLATED)
fanout574/X                              10     21    -11 (VIOLATED)
fanout575/X                              10     21    -11 (VIOLATED)
fanout576/X                              10     21    -11 (VIOLATED)
fanout578/X                              10     21    -11 (VIOLATED)
fanout579/X                              10     21    -11 (VIOLATED)
fanout582/X                              10     21    -11 (VIOLATED)
fanout583/X                              10     21    -11 (VIOLATED)
fanout584/X                              10     21    -11 (VIOLATED)
fanout588/X                              10     21    -11 (VIOLATED)
fanout590/X                              10     21    -11 (VIOLATED)
fanout591/X                              10     21    -11 (VIOLATED)
fanout593/X                              10     21    -11 (VIOLATED)
fanout595/X                              10     21    -11 (VIOLATED)
fanout596/X                              10     21    -11 (VIOLATED)
fanout597/X                              10     21    -11 (VIOLATED)
fanout598/X                              10     21    -11 (VIOLATED)
fanout602/X                              10     21    -11 (VIOLATED)
fanout603/X                              10     21    -11 (VIOLATED)
fanout604/X                              10     21    -11 (VIOLATED)
fanout607/X                              10     21    -11 (VIOLATED)
fanout608/X                              10     21    -11 (VIOLATED)
fanout609/X                              10     21    -11 (VIOLATED)
fanout610/X                              10     21    -11 (VIOLATED)
fanout612/X                              10     21    -11 (VIOLATED)
fanout615/X                              10     21    -11 (VIOLATED)
fanout616/X                              10     21    -11 (VIOLATED)
fanout617/X                              10     21    -11 (VIOLATED)
fanout619/X                              10     21    -11 (VIOLATED)
fanout623/X                              10     21    -11 (VIOLATED)
fanout624/X                              10     21    -11 (VIOLATED)
fanout628/X                              10     21    -11 (VIOLATED)
fanout630/X                              10     21    -11 (VIOLATED)
fanout632/X                              10     21    -11 (VIOLATED)
fanout633/X                              10     21    -11 (VIOLATED)
fanout634/X                              10     21    -11 (VIOLATED)
fanout635/X                              10     21    -11 (VIOLATED)
fanout638/X                              10     21    -11 (VIOLATED)
fanout674/X                              10     21    -11 (VIOLATED)
fanout677/X                              10     21    -11 (VIOLATED)
fanout693/X                              10     21    -11 (VIOLATED)
fanout694/X                              10     21    -11 (VIOLATED)
fanout696/X                              10     21    -11 (VIOLATED)
fanout700/X                              10     21    -11 (VIOLATED)
fanout703/X                              10     21    -11 (VIOLATED)
fanout705/X                              10     21    -11 (VIOLATED)
fanout706/X                              10     21    -11 (VIOLATED)
fanout708/X                              10     21    -11 (VIOLATED)
fanout711/X                              10     21    -11 (VIOLATED)
fanout713/X                              10     21    -11 (VIOLATED)
fanout715/X                              10     21    -11 (VIOLATED)
fanout718/X                              10     21    -11 (VIOLATED)
fanout721/X                              10     21    -11 (VIOLATED)
fanout723/X                              10     21    -11 (VIOLATED)
fanout725/X                              10     21    -11 (VIOLATED)
fanout727/X                              10     21    -11 (VIOLATED)
fanout729/X                              10     21    -11 (VIOLATED)
fanout731/X                              10     21    -11 (VIOLATED)
fanout735/X                              10     21    -11 (VIOLATED)
fanout737/X                              10     21    -11 (VIOLATED)
fanout739/X                              10     21    -11 (VIOLATED)
fanout740/X                              10     21    -11 (VIOLATED)
hold175/X                                10     21    -11 (VIOLATED)
hold275/X                                10     21    -11 (VIOLATED)
hold28/X                                 10     21    -11 (VIOLATED)
hold453/X                                10     21    -11 (VIOLATED)
mprj.team_08_Wrapper.team_08_WB.instance_to_wrap/gpio_oeb[12]     10     21    -11 (VIOLATED)
fanout678/X                              10     20    -10 (VIOLATED)
_5114_/X                                 10     19     -9 (VIOLATED)
_8560_/Q                                 10     19     -9 (VIOLATED)
_8581_/Q                                 10     19     -9 (VIOLATED)
_8604_/Q                                 10     19     -9 (VIOLATED)
_8605_/Q                                 10     19     -9 (VIOLATED)
_8620_/Q                                 10     19     -9 (VIOLATED)
_8623_/Q                                 10     19     -9 (VIOLATED)
_8653_/Q                                 10     19     -9 (VIOLATED)
_8827_/Q                                 10     19     -9 (VIOLATED)
clkbuf_5_10_0_wb_clk_i_regs/X            10     19     -9 (VIOLATED)
clkbuf_5_15_0_wb_clk_i_regs/X            10     19     -9 (VIOLATED)
clkbuf_5_19_0_wb_clk_i_regs/X            10     19     -9 (VIOLATED)
clkbuf_5_3_0_wb_clk_i_regs/X             10     19     -9 (VIOLATED)
clkbuf_5_8_0_wb_clk_i_regs/X             10     19     -9 (VIOLATED)
fanout214/X                              10     19     -9 (VIOLATED)
fanout216/X                              10     19     -9 (VIOLATED)
fanout218/X                              10     19     -9 (VIOLATED)
fanout220/X                              10     19     -9 (VIOLATED)
fanout254/X                              10     19     -9 (VIOLATED)
fanout317/X                              10     19     -9 (VIOLATED)
fanout336/X                              10     19     -9 (VIOLATED)
fanout374/X                              10     19     -9 (VIOLATED)
fanout408/X                              10     19     -9 (VIOLATED)
fanout445/X                              10     19     -9 (VIOLATED)
fanout482/X                              10     19     -9 (VIOLATED)
fanout510/X                              10     19     -9 (VIOLATED)
fanout589/X                              10     19     -9 (VIOLATED)
fanout600/X                              10     19     -9 (VIOLATED)
fanout620/X                              10     19     -9 (VIOLATED)
fanout631/X                              10     19     -9 (VIOLATED)
fanout695/X                              10     19     -9 (VIOLATED)
fanout709/X                              10     19     -9 (VIOLATED)
fanout741/X                              10     19     -9 (VIOLATED)
hold13/X                                 10     19     -9 (VIOLATED)
hold150/X                                10     19     -9 (VIOLATED)
hold337/X                                10     19     -9 (VIOLATED)
hold550/X                                10     19     -9 (VIOLATED)
mprj.team_08_Wrapper.team_08_WB.instance_to_wrap/gpio_oeb[14]     10     19     -9 (VIOLATED)
mprj.team_08_Wrapper.team_08_WB.instance_to_wrap/gpio_oeb[7]     10     19     -9 (VIOLATED)
_4583_/Y                                 10     18     -8 (VIOLATED)
clkbuf_5_27_0_wb_clk_i_regs/X            10     18     -8 (VIOLATED)
fanout304/X                              10     18     -8 (VIOLATED)
hold800/X                                10     18     -8 (VIOLATED)
input41/X                                10     18     -8 (VIOLATED)
mprj.team_05_Wrapper.team_05_WB.instance_to_wrap/gpio_oeb[32]     10     18     -8 (VIOLATED)
mprj.team_08_Wrapper.team_08_WB.instance_to_wrap/gpio_oeb[5]     10     18     -8 (VIOLATED)
wire653/X                                10     18     -8 (VIOLATED)
_4108_/X                                 10     17     -7 (VIOLATED)
_4304_/X                                 10     17     -7 (VIOLATED)
_4812_/Y                                 10     17     -7 (VIOLATED)
_5077_/Y                                 10     17     -7 (VIOLATED)
_5080_/Y                                 10     17     -7 (VIOLATED)
_5154_/Y                                 10     17     -7 (VIOLATED)
_5191_/Y                                 10     17     -7 (VIOLATED)
_5287_/X                                 10     17     -7 (VIOLATED)
_5376_/Y                                 10     17     -7 (VIOLATED)
_5937_/Y                                 10     17     -7 (VIOLATED)
_6192_/X                                 10     17     -7 (VIOLATED)
_6214_/X                                 10     17     -7 (VIOLATED)
_6251_/X                                 10     17     -7 (VIOLATED)
_6317_/X                                 10     17     -7 (VIOLATED)
_6324_/X                                 10     17     -7 (VIOLATED)
_6349_/X                                 10     17     -7 (VIOLATED)
_6353_/X                                 10     17     -7 (VIOLATED)
_6421_/X                                 10     17     -7 (VIOLATED)
_6422_/X                                 10     17     -7 (VIOLATED)
_6460_/X                                 10     17     -7 (VIOLATED)
_6462_/X                                 10     17     -7 (VIOLATED)
_6496_/X                                 10     17     -7 (VIOLATED)
_6498_/X                                 10     17     -7 (VIOLATED)
_6536_/X                                 10     17     -7 (VIOLATED)
_6572_/X                                 10     17     -7 (VIOLATED)
_6606_/X                                 10     17     -7 (VIOLATED)
_6647_/X                                 10     17     -7 (VIOLATED)
_6679_/X                                 10     17     -7 (VIOLATED)
_6712_/X                                 10     17     -7 (VIOLATED)
_6717_/X                                 10     17     -7 (VIOLATED)
_6749_/X                                 10     17     -7 (VIOLATED)
_6753_/X                                 10     17     -7 (VIOLATED)
_6784_/X                                 10     17     -7 (VIOLATED)
_6787_/X                                 10     17     -7 (VIOLATED)
_6823_/X                                 10     17     -7 (VIOLATED)
_6824_/X                                 10     17     -7 (VIOLATED)
_6854_/X                                 10     17     -7 (VIOLATED)
_6855_/X                                 10     17     -7 (VIOLATED)
_6889_/X                                 10     17     -7 (VIOLATED)
_6891_/X                                 10     17     -7 (VIOLATED)
_6937_/Y                                 10     17     -7 (VIOLATED)
_6964_/X                                 10     17     -7 (VIOLATED)
_7427_/X                                 10     17     -7 (VIOLATED)
_7653_/X                                 10     17     -7 (VIOLATED)
_7683_/X                                 10     17     -7 (VIOLATED)
_7686_/X                                 10     17     -7 (VIOLATED)
_7722_/X                                 10     17     -7 (VIOLATED)
_7753_/X                                 10     17     -7 (VIOLATED)
_7754_/X                                 10     17     -7 (VIOLATED)
_7790_/X                                 10     17     -7 (VIOLATED)
_7829_/X                                 10     17     -7 (VIOLATED)
_7892_/X                                 10     17     -7 (VIOLATED)
_7894_/X                                 10     17     -7 (VIOLATED)
_7926_/X                                 10     17     -7 (VIOLATED)
_7930_/X                                 10     17     -7 (VIOLATED)
_7963_/X                                 10     17     -7 (VIOLATED)
_7997_/X                                 10     17     -7 (VIOLATED)
_7999_/X                                 10     17     -7 (VIOLATED)
_8028_/X                                 10     17     -7 (VIOLATED)
_8069_/X                                 10     17     -7 (VIOLATED)
_8071_/X                                 10     17     -7 (VIOLATED)
_8602_/Q                                 10     17     -7 (VIOLATED)
_8659_/Q                                 10     17     -7 (VIOLATED)
_8686_/Q                                 10     17     -7 (VIOLATED)
_8687_/Q                                 10     17     -7 (VIOLATED)
_8845_/Q                                 10     17     -7 (VIOLATED)
_8849_/Q                                 10     17     -7 (VIOLATED)
clkbuf_5_0_0_wb_clk_i_regs/X             10     17     -7 (VIOLATED)
clkbuf_5_11_0_wb_clk_i_regs/X            10     17     -7 (VIOLATED)
clkbuf_5_21_0_wb_clk_i_regs/X            10     17     -7 (VIOLATED)
clkbuf_5_29_0_wb_clk_i_regs/X            10     17     -7 (VIOLATED)
clkbuf_5_31_0_wb_clk_i_regs/X            10     17     -7 (VIOLATED)
clkbuf_5_9_0_wb_clk_i_regs/X             10     17     -7 (VIOLATED)
fanout233/X                              10     17     -7 (VIOLATED)
fanout234/X                              10     17     -7 (VIOLATED)
fanout249/X                              10     17     -7 (VIOLATED)
fanout284/X                              10     17     -7 (VIOLATED)
fanout301/X                              10     17     -7 (VIOLATED)
fanout314/X                              10     17     -7 (VIOLATED)
fanout321/X                              10     17     -7 (VIOLATED)
fanout327/X                              10     17     -7 (VIOLATED)
fanout337/X                              10     17     -7 (VIOLATED)
fanout382/X                              10     17     -7 (VIOLATED)
fanout403/X                              10     17     -7 (VIOLATED)
fanout436/X                              10     17     -7 (VIOLATED)
fanout471/X                              10     17     -7 (VIOLATED)
fanout493/X                              10     17     -7 (VIOLATED)
fanout496/X                              10     17     -7 (VIOLATED)
fanout501/X                              10     17     -7 (VIOLATED)
fanout699/X                              10     17     -7 (VIOLATED)
fanout722/X                              10     17     -7 (VIOLATED)
fanout728/X                              10     17     -7 (VIOLATED)
hold231/X                                10     17     -7 (VIOLATED)
mprj.team_08_Wrapper.team_08_WB.instance_to_wrap/gpio_out[1]     10     17     -7 (VIOLATED)
wire315/X                                10     17     -7 (VIOLATED)
wire319/X                                10     17     -7 (VIOLATED)
_6311_/X                                 10     16     -6 (VIOLATED)
_7860_/X                                 10     16     -6 (VIOLATED)
fanout457/X                              10     16     -6 (VIOLATED)
hold201/X                                10     16     -6 (VIOLATED)
input42/X                                10     16     -6 (VIOLATED)
input70/X                                10     16     -6 (VIOLATED)
_4029_/Y                                 10     15     -5 (VIOLATED)
_4071_/Y                                 10     15     -5 (VIOLATED)
_4141_/X                                 10     15     -5 (VIOLATED)
_4281_/X                                 10     15     -5 (VIOLATED)
_5082_/Y                                 10     15     -5 (VIOLATED)
_5097_/X                                 10     15     -5 (VIOLATED)
_5192_/Y                                 10     15     -5 (VIOLATED)
_5289_/Y                                 10     15     -5 (VIOLATED)
_5481_/X                                 10     15     -5 (VIOLATED)
_6184_/Y                                 10     15     -5 (VIOLATED)
_6185_/Y                                 10     15     -5 (VIOLATED)
_6196_/X                                 10     15     -5 (VIOLATED)
_6209_/Y                                 10     15     -5 (VIOLATED)
_6210_/Y                                 10     15     -5 (VIOLATED)
_6246_/Y                                 10     15     -5 (VIOLATED)
_6250_/X                                 10     15     -5 (VIOLATED)
_6282_/Y                                 10     15     -5 (VIOLATED)
_6285_/X                                 10     15     -5 (VIOLATED)
_6355_/Y                                 10     15     -5 (VIOLATED)
_6384_/Y                                 10     15     -5 (VIOLATED)
_6388_/X                                 10     15     -5 (VIOLATED)
_6418_/Y                                 10     15     -5 (VIOLATED)
_6454_/Y                                 10     15     -5 (VIOLATED)
_6455_/Y                                 10     15     -5 (VIOLATED)
_6491_/Y                                 10     15     -5 (VIOLATED)
_6492_/Y                                 10     15     -5 (VIOLATED)
_6526_/Y                                 10     15     -5 (VIOLATED)
_6527_/Y                                 10     15     -5 (VIOLATED)
_6533_/X                                 10     15     -5 (VIOLATED)
_6565_/Y                                 10     15     -5 (VIOLATED)
_6573_/X                                 10     15     -5 (VIOLATED)
_6600_/Y                                 10     15     -5 (VIOLATED)
_6601_/Y                                 10     15     -5 (VIOLATED)
_6635_/Y                                 10     15     -5 (VIOLATED)
_6636_/Y                                 10     15     -5 (VIOLATED)
_6639_/X                                 10     15     -5 (VIOLATED)
_6673_/Y                                 10     15     -5 (VIOLATED)
_6676_/X                                 10     15     -5 (VIOLATED)
_6707_/Y                                 10     15     -5 (VIOLATED)
_6708_/Y                                 10     15     -5 (VIOLATED)
_6743_/Y                                 10     15     -5 (VIOLATED)
_6744_/Y                                 10     15     -5 (VIOLATED)
_6779_/Y                                 10     15     -5 (VIOLATED)
_6780_/Y                                 10     15     -5 (VIOLATED)
_6815_/Y                                 10     15     -5 (VIOLATED)
_6850_/Y                                 10     15     -5 (VIOLATED)
_6884_/Y                                 10     15     -5 (VIOLATED)
_7642_/Y                                 10     15     -5 (VIOLATED)
_7643_/Y                                 10     15     -5 (VIOLATED)
_7679_/Y                                 10     15     -5 (VIOLATED)
_7716_/Y                                 10     15     -5 (VIOLATED)
_7720_/X                                 10     15     -5 (VIOLATED)
_7783_/Y                                 10     15     -5 (VIOLATED)
_7788_/X                                 10     15     -5 (VIOLATED)
_7819_/Y                                 10     15     -5 (VIOLATED)
_7823_/X                                 10     15     -5 (VIOLATED)
_7887_/Y                                 10     15     -5 (VIOLATED)
_7922_/Y                                 10     15     -5 (VIOLATED)
_7956_/Y                                 10     15     -5 (VIOLATED)
_7990_/Y                                 10     15     -5 (VIOLATED)
_8023_/Y                                 10     15     -5 (VIOLATED)
_8032_/X                                 10     15     -5 (VIOLATED)
_8061_/Y                                 10     15     -5 (VIOLATED)
_8566_/Q                                 10     15     -5 (VIOLATED)
_8567_/Q                                 10     15     -5 (VIOLATED)
_8600_/Q                                 10     15     -5 (VIOLATED)
_8601_/Q                                 10     15     -5 (VIOLATED)
_8603_/Q                                 10     15     -5 (VIOLATED)
_8642_/Q                                 10     15     -5 (VIOLATED)
_8643_/Q                                 10     15     -5 (VIOLATED)
_8658_/Q                                 10     15     -5 (VIOLATED)
_8668_/Q                                 10     15     -5 (VIOLATED)
_8684_/Q                                 10     15     -5 (VIOLATED)
_8850_/Q                                 10     15     -5 (VIOLATED)
clkbuf_5_14_0_wb_clk_i_regs/X            10     15     -5 (VIOLATED)
clkbuf_5_18_0_wb_clk_i_regs/X            10     15     -5 (VIOLATED)
clkbuf_5_24_0_wb_clk_i_regs/X            10     15     -5 (VIOLATED)
clkbuf_5_25_0_wb_clk_i_regs/X            10     15     -5 (VIOLATED)
clkbuf_5_2_0_wb_clk_i_regs/X             10     15     -5 (VIOLATED)
clkbuf_5_30_0_wb_clk_i_regs/X            10     15     -5 (VIOLATED)
fanout209/X                              10     15     -5 (VIOLATED)
fanout243/X                              10     15     -5 (VIOLATED)
fanout251/X                              10     15     -5 (VIOLATED)
fanout258/X                              10     15     -5 (VIOLATED)
fanout265/X                              10     15     -5 (VIOLATED)
fanout273/X                              10     15     -5 (VIOLATED)
fanout278/X                              10     15     -5 (VIOLATED)
fanout288/X                              10     15     -5 (VIOLATED)
fanout291/X                              10     15     -5 (VIOLATED)
fanout318/X                              10     15     -5 (VIOLATED)
fanout348/X                              10     15     -5 (VIOLATED)
fanout370/X                              10     15     -5 (VIOLATED)
fanout385/X                              10     15     -5 (VIOLATED)
fanout393/X                              10     15     -5 (VIOLATED)
fanout406/X                              10     15     -5 (VIOLATED)
fanout424/X                              10     15     -5 (VIOLATED)
fanout428/X                              10     15     -5 (VIOLATED)
fanout448/X                              10     15     -5 (VIOLATED)
fanout466/X                              10     15     -5 (VIOLATED)
fanout479/X                              10     15     -5 (VIOLATED)
fanout499/X                              10     15     -5 (VIOLATED)
fanout503/X                              10     15     -5 (VIOLATED)
fanout508/X                              10     15     -5 (VIOLATED)
fanout544/X                              10     15     -5 (VIOLATED)
fanout548/X                              10     15     -5 (VIOLATED)
fanout559/X                              10     15     -5 (VIOLATED)
fanout611/X                              10     15     -5 (VIOLATED)
fanout639/X                              10     15     -5 (VIOLATED)
fanout675/X                              10     15     -5 (VIOLATED)
fanout704/X                              10     15     -5 (VIOLATED)
fanout719/X                              10     15     -5 (VIOLATED)
fanout720/X                              10     15     -5 (VIOLATED)
fanout742/X                              10     15     -5 (VIOLATED)
hold148/X                                10     15     -5 (VIOLATED)
hold202/X                                10     15     -5 (VIOLATED)
hold223/X                                10     15     -5 (VIOLATED)
hold411/X                                10     15     -5 (VIOLATED)
hold414/X                                10     15     -5 (VIOLATED)
hold436/X                                10     15     -5 (VIOLATED)
hold514/X                                10     15     -5 (VIOLATED)
hold778/X                                10     15     -5 (VIOLATED)
hold999/X                                10     15     -5 (VIOLATED)
load_slew692/X                           10     15     -5 (VIOLATED)
mprj.team_05_Wrapper.team_05_WB.instance_to_wrap/gpio_oeb[20]     10     15     -5 (VIOLATED)
mprj.team_08_Wrapper.team_08_WB.instance_to_wrap/gpio_oeb[8]     10     15     -5 (VIOLATED)
_5233_/Y                                 10     14     -4 (VIOLATED)
_6548_/X                                 10     14     -4 (VIOLATED)
_7335_/X                                 10     14     -4 (VIOLATED)
_8592_/Q                                 10     14     -4 (VIOLATED)
hold222/X                                10     14     -4 (VIOLATED)
hold296/X                                10     14     -4 (VIOLATED)
mprj.team_05_Wrapper.team_05_WB.instance_to_wrap/gpio_oeb[15]     10     14     -4 (VIOLATED)
mprj.team_05_Wrapper.team_05_WB.instance_to_wrap/gpio_oeb[25]     10     14     -4 (VIOLATED)
mprj.team_05_Wrapper.team_05_WB.instance_to_wrap/gpio_oeb[31]     10     14     -4 (VIOLATED)
mprj.team_08_Wrapper.team_08_WB.instance_to_wrap/gpio_oeb[18]     10     14     -4 (VIOLATED)
mprj.team_08_Wrapper.team_08_WB.instance_to_wrap/gpio_oeb[26]     10     14     -4 (VIOLATED)
mprj.team_08_Wrapper.team_08_WB.instance_to_wrap/gpio_oeb[3]     10     14     -4 (VIOLATED)
mprj.team_08_Wrapper.team_08_WB.instance_to_wrap/gpio_oeb[4]     10     14     -4 (VIOLATED)
mprj.team_08_Wrapper.team_08_WB.instance_to_wrap/gpio_out[0]     10     14     -4 (VIOLATED)
mprj.team_08_Wrapper.team_08_WB.instance_to_wrap/gpio_out[27]     10     14     -4 (VIOLATED)
mprj.team_09_Wrapper.team_09_WB.instance_to_wrap/gpio_oeb[9]     10     14     -4 (VIOLATED)
mprj.team_11_Wrapper.team_11_WB.instance_to_wrap/gpio_oeb[30]     10     14     -4 (VIOLATED)
_4140_/Y                                 10     13     -3 (VIOLATED)
_4166_/X                                 10     13     -3 (VIOLATED)
_4179_/Y                                 10     13     -3 (VIOLATED)
_4307_/X                                 10     13     -3 (VIOLATED)
_4534_/X                                 10     13     -3 (VIOLATED)
_4761_/Y                                 10     13     -3 (VIOLATED)
_5083_/X                                 10     13     -3 (VIOLATED)
_5084_/Y                                 10     13     -3 (VIOLATED)
_5223_/Y                                 10     13     -3 (VIOLATED)
_5297_/X                                 10     13     -3 (VIOLATED)
_5372_/X                                 10     13     -3 (VIOLATED)
_5412_/Y                                 10     13     -3 (VIOLATED)
_5456_/Y                                 10     13     -3 (VIOLATED)
_5854_/Y                                 10     13     -3 (VIOLATED)
_5926_/Y                                 10     13     -3 (VIOLATED)
_5938_/Y                                 10     13     -3 (VIOLATED)
_6188_/X                                 10     13     -3 (VIOLATED)
_6190_/X                                 10     13     -3 (VIOLATED)
_6194_/X                                 10     13     -3 (VIOLATED)
_6213_/X                                 10     13     -3 (VIOLATED)
_6216_/X                                 10     13     -3 (VIOLATED)
_6245_/Y                                 10     13     -3 (VIOLATED)
_6279_/X                                 10     13     -3 (VIOLATED)
_6281_/Y                                 10     13     -3 (VIOLATED)
_6314_/X                                 10     13     -3 (VIOLATED)
_6315_/Y                                 10     13     -3 (VIOLATED)
_6319_/Y                                 10     13     -3 (VIOLATED)
_6351_/Y                                 10     13     -3 (VIOLATED)
_6352_/X                                 10     13     -3 (VIOLATED)
_6385_/Y                                 10     13     -3 (VIOLATED)
_6417_/Y                                 10     13     -3 (VIOLATED)
_6424_/X                                 10     13     -3 (VIOLATED)
_6425_/X                                 10     13     -3 (VIOLATED)
_6427_/X                                 10     13     -3 (VIOLATED)
_6458_/X                                 10     13     -3 (VIOLATED)
_6463_/X                                 10     13     -3 (VIOLATED)
_6495_/X                                 10     13     -3 (VIOLATED)
_6503_/X                                 10     13     -3 (VIOLATED)
_6530_/X                                 10     13     -3 (VIOLATED)
_6535_/X                                 10     13     -3 (VIOLATED)
_6568_/X                                 10     13     -3 (VIOLATED)
_6571_/X                                 10     13     -3 (VIOLATED)
_6605_/X                                 10     13     -3 (VIOLATED)
_6608_/X                                 10     13     -3 (VIOLATED)
_6611_/X                                 10     13     -3 (VIOLATED)
_6640_/X                                 10     13     -3 (VIOLATED)
_6642_/X                                 10     13     -3 (VIOLATED)
_6648_/X                                 10     13     -3 (VIOLATED)
_6672_/Y                                 10     13     -3 (VIOLATED)
_6677_/X                                 10     13     -3 (VIOLATED)
_6678_/X                                 10     13     -3 (VIOLATED)
_6711_/X                                 10     13     -3 (VIOLATED)
_6714_/X                                 10     13     -3 (VIOLATED)
_6716_/X                                 10     13     -3 (VIOLATED)
_6747_/X                                 10     13     -3 (VIOLATED)
_6748_/X                                 10     13     -3 (VIOLATED)
_6751_/X                                 10     13     -3 (VIOLATED)
_6783_/X                                 10     13     -3 (VIOLATED)
_6788_/X                                 10     13     -3 (VIOLATED)
_6816_/Y                                 10     13     -3 (VIOLATED)
_6819_/X                                 10     13     -3 (VIOLATED)
_6820_/X                                 10     13     -3 (VIOLATED)
_6856_/X                                 10     13     -3 (VIOLATED)
_6859_/X                                 10     13     -3 (VIOLATED)
_6896_/X                                 10     13     -3 (VIOLATED)
_6963_/X                                 10     13     -3 (VIOLATED)
_7647_/X                                 10     13     -3 (VIOLATED)
_7648_/X                                 10     13     -3 (VIOLATED)
_7684_/X                                 10     13     -3 (VIOLATED)
_7713_/Y                                 10     13     -3 (VIOLATED)
_7714_/X                                 10     13     -3 (VIOLATED)
_7748_/Y                                 10     13     -3 (VIOLATED)
_7751_/X                                 10     13     -3 (VIOLATED)
_7755_/X                                 10     13     -3 (VIOLATED)
_7784_/Y                                 10     13     -3 (VIOLATED)
_7820_/Y                                 10     13     -3 (VIOLATED)
_7825_/X                                 10     13     -3 (VIOLATED)
_7854_/Y                                 10     13     -3 (VIOLATED)
_7855_/Y                                 10     13     -3 (VIOLATED)
_7858_/X                                 10     13     -3 (VIOLATED)
_7888_/Y                                 10     13     -3 (VIOLATED)
_7891_/X                                 10     13     -3 (VIOLATED)
_7898_/X                                 10     13     -3 (VIOLATED)
_7923_/Y                                 10     13     -3 (VIOLATED)
_7931_/X                                 10     13     -3 (VIOLATED)
_7957_/Y                                 10     13     -3 (VIOLATED)
_7961_/X                                 10     13     -3 (VIOLATED)
_7964_/X                                 10     13     -3 (VIOLATED)
_7966_/X                                 10     13     -3 (VIOLATED)
_7991_/Y                                 10     13     -3 (VIOLATED)
_7995_/X                                 10     13     -3 (VIOLATED)
_8024_/Y                                 10     13     -3 (VIOLATED)
_8031_/X                                 10     13     -3 (VIOLATED)
_8060_/Y                                 10     13     -3 (VIOLATED)
_8065_/X                                 10     13     -3 (VIOLATED)
_8067_/X                                 10     13     -3 (VIOLATED)
_8068_/X                                 10     13     -3 (VIOLATED)
_8536_/Q                                 10     13     -3 (VIOLATED)
_8539_/Q                                 10     13     -3 (VIOLATED)
_8562_/Q                                 10     13     -3 (VIOLATED)
_8563_/Q                                 10     13     -3 (VIOLATED)
_8564_/Q                                 10     13     -3 (VIOLATED)
_8568_/Q                                 10     13     -3 (VIOLATED)
_8570_/Q                                 10     13     -3 (VIOLATED)
_8571_/Q                                 10     13     -3 (VIOLATED)
_8573_/Q                                 10     13     -3 (VIOLATED)
_8574_/Q                                 10     13     -3 (VIOLATED)
_8575_/Q                                 10     13     -3 (VIOLATED)
_8578_/Q                                 10     13     -3 (VIOLATED)
_8579_/Q                                 10     13     -3 (VIOLATED)
_8582_/Q                                 10     13     -3 (VIOLATED)
_8586_/Q                                 10     13     -3 (VIOLATED)
_8587_/Q                                 10     13     -3 (VIOLATED)
_8590_/Q                                 10     13     -3 (VIOLATED)
_8594_/Q                                 10     13     -3 (VIOLATED)
_8595_/Q                                 10     13     -3 (VIOLATED)
_8611_/Q                                 10     13     -3 (VIOLATED)
_8619_/Q                                 10     13     -3 (VIOLATED)
_8624_/Q                                 10     13     -3 (VIOLATED)
_8626_/Q                                 10     13     -3 (VIOLATED)
_8627_/Q                                 10     13     -3 (VIOLATED)
_8634_/Q                                 10     13     -3 (VIOLATED)
_8635_/Q                                 10     13     -3 (VIOLATED)
_8636_/Q                                 10     13     -3 (VIOLATED)
_8646_/Q                                 10     13     -3 (VIOLATED)
_8649_/Q                                 10     13     -3 (VIOLATED)
_8650_/Q                                 10     13     -3 (VIOLATED)
_8651_/Q                                 10     13     -3 (VIOLATED)
_8654_/Q                                 10     13     -3 (VIOLATED)
_8666_/Q                                 10     13     -3 (VIOLATED)
_8667_/Q                                 10     13     -3 (VIOLATED)
_8670_/Q                                 10     13     -3 (VIOLATED)
_8676_/Q                                 10     13     -3 (VIOLATED)
_8677_/Q                                 10     13     -3 (VIOLATED)
_8682_/Q                                 10     13     -3 (VIOLATED)
_8683_/Q                                 10     13     -3 (VIOLATED)
_8685_/Q                                 10     13     -3 (VIOLATED)
_8818_/Q                                 10     13     -3 (VIOLATED)
_8851_/Q                                 10     13     -3 (VIOLATED)
clkbuf_5_1_0_wb_clk_i_regs/X             10     13     -3 (VIOLATED)
clkbuf_5_28_0_wb_clk_i_regs/X            10     13     -3 (VIOLATED)
fanout222/X                              10     13     -3 (VIOLATED)
fanout224/X                              10     13     -3 (VIOLATED)
fanout226/X                              10     13     -3 (VIOLATED)
fanout228/X                              10     13     -3 (VIOLATED)
fanout264/X                              10     13     -3 (VIOLATED)
fanout269/X                              10     13     -3 (VIOLATED)
fanout276/X                              10     13     -3 (VIOLATED)
fanout281/X                              10     13     -3 (VIOLATED)
fanout298/X                              10     13     -3 (VIOLATED)
fanout313/X                              10     13     -3 (VIOLATED)
fanout328/X                              10     13     -3 (VIOLATED)
fanout331/X                              10     13     -3 (VIOLATED)
fanout332/X                              10     13     -3 (VIOLATED)
fanout333/X                              10     13     -3 (VIOLATED)
fanout346/X                              10     13     -3 (VIOLATED)
fanout366/X                              10     13     -3 (VIOLATED)
fanout388/X                              10     13     -3 (VIOLATED)
fanout418/X                              10     13     -3 (VIOLATED)
fanout419/X                              10     13     -3 (VIOLATED)
fanout440/X                              10     13     -3 (VIOLATED)
fanout454/X                              10     13     -3 (VIOLATED)
fanout463/X                              10     13     -3 (VIOLATED)
fanout474/X                              10     13     -3 (VIOLATED)
fanout483/X                              10     13     -3 (VIOLATED)
fanout488/X                              10     13     -3 (VIOLATED)
fanout490/X                              10     13     -3 (VIOLATED)
fanout515/X                              10     13     -3 (VIOLATED)
fanout549/X                              10     13     -3 (VIOLATED)
fanout585/X                              10     13     -3 (VIOLATED)
fanout606/X                              10     13     -3 (VIOLATED)
fanout636/X                              10     13     -3 (VIOLATED)
fanout637/X                              10     13     -3 (VIOLATED)
fanout640/X                              10     13     -3 (VIOLATED)
fanout641/X                              10     13     -3 (VIOLATED)
fanout697/X                              10     13     -3 (VIOLATED)
fanout698/X                              10     13     -3 (VIOLATED)
fanout716/X                              10     13     -3 (VIOLATED)
fanout726/X                              10     13     -3 (VIOLATED)
fanout732/X                              10     13     -3 (VIOLATED)
fanout733/X                              10     13     -3 (VIOLATED)
fanout736/X                              10     13     -3 (VIOLATED)
fanout738/X                              10     13     -3 (VIOLATED)
hold109/X                                10     13     -3 (VIOLATED)
hold112/X                                10     13     -3 (VIOLATED)
hold1303/X                               10     13     -3 (VIOLATED)
hold232/X                                10     13     -3 (VIOLATED)
hold303/X                                10     13     -3 (VIOLATED)
hold492/X                                10     13     -3 (VIOLATED)
hold544/X                                10     13     -3 (VIOLATED)
hold551/X                                10     13     -3 (VIOLATED)
hold630/X                                10     13     -3 (VIOLATED)
hold652/X                                10     13     -3 (VIOLATED)
hold693/X                                10     13     -3 (VIOLATED)
hold73/X                                 10     13     -3 (VIOLATED)
hold730/X                                10     13     -3 (VIOLATED)
hold790/X                                10     13     -3 (VIOLATED)
hold854/X                                10     13     -3 (VIOLATED)
load_slew688/X                           10     13     -3 (VIOLATED)
mprj.team_05_Wrapper.team_05_WB.instance_to_wrap/gpio_oeb[17]     10     13     -3 (VIOLATED)
mprj.team_05_Wrapper.team_05_WB.instance_to_wrap/gpio_oeb[28]     10     13     -3 (VIOLATED)
mprj.team_09_Wrapper.team_09_WB.instance_to_wrap/gpio_oeb[13]     10     13     -3 (VIOLATED)
_7095_/X                                 10     12     -2 (VIOLATED)
_8108_/X                                 10     12     -2 (VIOLATED)
fanout626/X                              10     12     -2 (VIOLATED)
hold1029/X                               10     12     -2 (VIOLATED)
hold215/X                                10     12     -2 (VIOLATED)
hold340/X                                10     12     -2 (VIOLATED)
hold946/X                                10     12     -2 (VIOLATED)
mprj.team_01_Wrapper.team_01_WB.instance_to_wrap/gpio_out[28]     10     12     -2 (VIOLATED)
mprj.team_02_Wrapper.team_02_WB.instance_to_wrap/gpio_oeb[14]     10     12     -2 (VIOLATED)
mprj.team_05_Wrapper.team_05_WB.instance_to_wrap/gpio_oeb[29]     10     12     -2 (VIOLATED)
wire655/X                                10     12     -2 (VIOLATED)
wire683/X                                10     12     -2 (VIOLATED)
_4030_/Y                                 10     11        (VIOLATED)
_4036_/Y                                 10     11        (VIOLATED)
_4037_/Y                                 10     11        (VIOLATED)
_4038_/Y                                 10     11        (VIOLATED)
_4041_/Y                                 10     11        (VIOLATED)
_4044_/Y                                 10     11        (VIOLATED)
_4085_/Y                                 10     11        (VIOLATED)
_4113_/X                                 10     11        (VIOLATED)
_4163_/Y                                 10     11        (VIOLATED)
_4268_/Y                                 10     11        (VIOLATED)
_4282_/X                                 10     11        (VIOLATED)
_4283_/X                                 10     11        (VIOLATED)
_4320_/Y                                 10     11        (VIOLATED)
_4538_/X                                 10     11        (VIOLATED)
_4766_/X                                 10     11        (VIOLATED)
_4770_/Y                                 10     11        (VIOLATED)
_4776_/Y                                 10     11        (VIOLATED)
_4798_/X                                 10     11        (VIOLATED)
_4813_/X                                 10     11        (VIOLATED)
_5085_/Y                                 10     11        (VIOLATED)
_5110_/X                                 10     11        (VIOLATED)
_5149_/X                                 10     11        (VIOLATED)
_5236_/Y                                 10     11        (VIOLATED)
_5322_/X                                 10     11        (VIOLATED)
_5324_/X                                 10     11        (VIOLATED)
_5330_/X                                 10     11        (VIOLATED)
_5332_/X                                 10     11        (VIOLATED)
_5334_/X                                 10     11        (VIOLATED)
_5336_/X                                 10     11        (VIOLATED)
_5338_/X                                 10     11        (VIOLATED)
_5340_/X                                 10     11        (VIOLATED)
_5342_/X                                 10     11        (VIOLATED)
_5344_/X                                 10     11        (VIOLATED)
_5346_/X                                 10     11        (VIOLATED)
_5348_/X                                 10     11        (VIOLATED)
_5350_/X                                 10     11        (VIOLATED)
_5352_/X                                 10     11        (VIOLATED)
_5354_/X                                 10     11        (VIOLATED)
_5356_/X                                 10     11        (VIOLATED)
_5358_/X                                 10     11        (VIOLATED)
_5360_/X                                 10     11        (VIOLATED)
_5365_/X                                 10     11        (VIOLATED)
_5367_/X                                 10     11        (VIOLATED)
_5369_/Y                                 10     11        (VIOLATED)
_5518_/Y                                 10     11        (VIOLATED)
_5534_/X                                 10     11        (VIOLATED)
_5584_/X                                 10     11        (VIOLATED)
_5848_/X                                 10     11        (VIOLATED)
_5857_/Y                                 10     11        (VIOLATED)
_5876_/Y                                 10     11        (VIOLATED)
_5882_/Y                                 10     11        (VIOLATED)
_5891_/X                                 10     11        (VIOLATED)
_5895_/Y                                 10     11        (VIOLATED)
_5899_/Y                                 10     11        (VIOLATED)
_5946_/Y                                 10     11        (VIOLATED)
_5991_/X                                 10     11        (VIOLATED)
_6193_/X                                 10     11        (VIOLATED)
_6215_/X                                 10     11        (VIOLATED)
_6280_/X                                 10     11        (VIOLATED)
_6286_/X                                 10     11        (VIOLATED)
_6287_/X                                 10     11        (VIOLATED)
_6318_/X                                 10     11        (VIOLATED)
_6359_/X                                 10     11        (VIOLATED)
_6531_/X                                 10     11        (VIOLATED)
_6569_/X                                 10     11        (VIOLATED)
_6604_/X                                 10     11        (VIOLATED)
_6851_/Y                                 10     11        (VIOLATED)
_6885_/Y                                 10     11        (VIOLATED)
_6951_/Y                                 10     11        (VIOLATED)
_7646_/X                                 10     11        (VIOLATED)
_7651_/X                                 10     11        (VIOLATED)
_7687_/X                                 10     11        (VIOLATED)
_7721_/X                                 10     11        (VIOLATED)
_7747_/Y                                 10     11        (VIOLATED)
_7756_/X                                 10     11        (VIOLATED)
_7824_/X                                 10     11        (VIOLATED)
_7827_/X                                 10     11        (VIOLATED)
_7864_/Y                                 10     11        (VIOLATED)
_7932_/X                                 10     11        (VIOLATED)
_7968_/X                                 10     11        (VIOLATED)
_7998_/X                                 10     11        (VIOLATED)
_8029_/X                                 10     11        (VIOLATED)
_8034_/X                                 10     11        (VIOLATED)
_8509_/Q                                 10     11        (VIOLATED)
_8537_/Q                                 10     11        (VIOLATED)
_8538_/Q                                 10     11        (VIOLATED)
_8558_/Q                                 10     11        (VIOLATED)
_8559_/Q                                 10     11        (VIOLATED)
_8565_/Q                                 10     11        (VIOLATED)
_8569_/Q                                 10     11        (VIOLATED)
_8583_/Q                                 10     11        (VIOLATED)
_8585_/Q                                 10     11        (VIOLATED)
_8593_/Q                                 10     11        (VIOLATED)
_8596_/Q                                 10     11        (VIOLATED)
_8597_/Q                                 10     11        (VIOLATED)
_8598_/Q                                 10     11        (VIOLATED)
_8599_/Q                                 10     11        (VIOLATED)
_8606_/Q                                 10     11        (VIOLATED)
_8607_/Q                                 10     11        (VIOLATED)
_8608_/Q                                 10     11        (VIOLATED)
_8610_/Q                                 10     11        (VIOLATED)
_8615_/Q                                 10     11        (VIOLATED)
_8618_/Q                                 10     11        (VIOLATED)
_8625_/Q                                 10     11        (VIOLATED)
_8630_/Q                                 10     11        (VIOLATED)
_8631_/Q                                 10     11        (VIOLATED)
_8639_/Q                                 10     11        (VIOLATED)
_8640_/Q                                 10     11        (VIOLATED)
_8645_/Q                                 10     11        (VIOLATED)
_8647_/Q                                 10     11        (VIOLATED)
_8655_/Q                                 10     11        (VIOLATED)
_8660_/Q                                 10     11        (VIOLATED)
_8661_/Q                                 10     11        (VIOLATED)
_8662_/Q                                 10     11        (VIOLATED)
_8663_/Q                                 10     11        (VIOLATED)
_8669_/Q                                 10     11        (VIOLATED)
_8671_/Q                                 10     11        (VIOLATED)
_8674_/Q                                 10     11        (VIOLATED)
_8675_/Q                                 10     11        (VIOLATED)
_8678_/Q                                 10     11        (VIOLATED)
_8679_/Q                                 10     11        (VIOLATED)
_8804_/Q                                 10     11        (VIOLATED)
_8852_/Q                                 10     11        (VIOLATED)
fanout210/X                              10     11        (VIOLATED)
fanout244/X                              10     11        (VIOLATED)
fanout271/X                              10     11        (VIOLATED)
fanout307/X                              10     11        (VIOLATED)
fanout309/X                              10     11        (VIOLATED)
fanout310/X                              10     11        (VIOLATED)
fanout324/X                              10     11        (VIOLATED)
fanout369/X                              10     11        (VIOLATED)
fanout375/X                              10     11        (VIOLATED)
fanout376/X                              10     11        (VIOLATED)
fanout389/X                              10     11        (VIOLATED)
fanout394/X                              10     11        (VIOLATED)
fanout397/X                              10     11        (VIOLATED)
fanout398/X                              10     11        (VIOLATED)
fanout401/X                              10     11        (VIOLATED)
fanout411/X                              10     11        (VIOLATED)
fanout420/X                              10     11        (VIOLATED)
fanout431/X                              10     11        (VIOLATED)
fanout433/X                              10     11        (VIOLATED)
fanout439/X                              10     11        (VIOLATED)
fanout443/X                              10     11        (VIOLATED)
fanout451/X                              10     11        (VIOLATED)
fanout453/X                              10     11        (VIOLATED)
fanout459/X                              10     11        (VIOLATED)
fanout461/X                              10     11        (VIOLATED)
fanout476/X                              10     11        (VIOLATED)
fanout485/X                              10     11        (VIOLATED)
fanout506/X                              10     11        (VIOLATED)
fanout547/X                              10     11        (VIOLATED)
fanout557/X                              10     11        (VIOLATED)
fanout586/X                              10     11        (VIOLATED)
fanout592/X                              10     11        (VIOLATED)
fanout594/X                              10     11        (VIOLATED)
fanout599/X                              10     11        (VIOLATED)
fanout613/X                              10     11        (VIOLATED)
fanout618/X                              10     11        (VIOLATED)
fanout621/X                              10     11        (VIOLATED)
fanout701/X                              10     11        (VIOLATED)
fanout702/X                              10     11        (VIOLATED)
fanout707/X                              10     11        (VIOLATED)
fanout710/X                              10     11        (VIOLATED)
fanout712/X                              10     11        (VIOLATED)
fanout714/X                              10     11        (VIOLATED)
fanout717/X                              10     11        (VIOLATED)
fanout724/X                              10     11        (VIOLATED)
fanout730/X                              10     11        (VIOLATED)
fanout734/X                              10     11        (VIOLATED)
hold1192/X                               10     11        (VIOLATED)
hold1305/X                               10     11        (VIOLATED)
hold132/X                                10     11        (VIOLATED)
hold163/X                                10     11        (VIOLATED)
hold189/X                                10     11        (VIOLATED)
hold230/X                                10     11        (VIOLATED)
hold239/X                                10     11        (VIOLATED)
hold253/X                                10     11        (VIOLATED)
hold264/X                                10     11        (VIOLATED)
hold276/X                                10     11        (VIOLATED)
hold307/X                                10     11        (VIOLATED)
hold376/X                                10     11        (VIOLATED)
hold41/X                                 10     11        (VIOLATED)
hold451/X                                10     11        (VIOLATED)
hold474/X                                10     11        (VIOLATED)
hold484/X                                10     11        (VIOLATED)
hold55/X                                 10     11        (VIOLATED)
hold574/X                                10     11        (VIOLATED)
hold596/X                                10     11        (VIOLATED)
hold600/X                                10     11        (VIOLATED)
hold64/X                                 10     11        (VIOLATED)
hold682/X                                10     11        (VIOLATED)
hold684/X                                10     11        (VIOLATED)
hold708/X                                10     11        (VIOLATED)
hold713/X                                10     11        (VIOLATED)
hold723/X                                10     11        (VIOLATED)
hold77/X                                 10     11        (VIOLATED)
hold791/X                                10     11        (VIOLATED)
hold819/X                                10     11        (VIOLATED)
hold831/X                                10     11        (VIOLATED)
hold88/X                                 10     11        (VIOLATED)
hold91/X                                 10     11        (VIOLATED)
hold918/X                                10     11        (VIOLATED)
hold94/X                                 10     11        (VIOLATED)
hold997/X                                10     11        (VIOLATED)
mprj.team_03_Wrapper.team_03_WB.instance_to_wrap/DAT_O[3]     10     11        (VIOLATED)
mprj.team_05_Wrapper.team_05_WB.instance_to_wrap/gpio_oeb[22]     10     11        (VIOLATED)
mprj.team_05_Wrapper.team_05_WB.instance_to_wrap/gpio_oeb[26]     10     11        (VIOLATED)
mprj.team_05_Wrapper.team_05_WB.instance_to_wrap/gpio_oeb[4]     10     11        (VIOLATED)
mprj.team_08_Wrapper.team_08_WB.instance_to_wrap/gpio_oeb[17]     10     11        (VIOLATED)
mprj.team_08_Wrapper.team_08_WB.instance_to_wrap/gpio_oeb[24]     10     11        (VIOLATED)
wire238/X                                10     11        (VIOLATED)

max capacitance

Pin                                        Limit         Cap       Slack
------------------------------------------------------------------------
clkbuf_1_1_1_wb_clk_i/X                 0.585947    1.422428   -0.836481 (VIOLATED)
clkbuf_1_0_1_wb_clk_i/X                 0.585947    1.376096   -0.790149 (VIOLATED)
_6383_/X                                0.322276    0.470769   -0.148493 (VIOLATED)
_6692_/X                                0.315867    0.456850   -0.140983 (VIOLATED)
hold1744/X                              0.100718    0.235255   -0.134537 (VIOLATED)
hold982/X                               0.100718    0.234280   -0.133562 (VIOLATED)
hold1745/X                              0.100718    0.205258   -0.104540 (VIOLATED)
_8689_/Q                                0.348826    0.445476   -0.096650 (VIOLATED)
_6475_/X                                0.315867    0.407780   -0.091913 (VIOLATED)
_6778_/X                                0.355234    0.437916   -0.082682 (VIOLATED)
_6706_/X                                0.336008    0.418351   -0.082343 (VIOLATED)
hold1031/X                              0.100718    0.182045   -0.081327 (VIOLATED)
hold620/X                               0.100718    0.173549   -0.072831 (VIOLATED)
hold317/X                               0.100718    0.172884   -0.072166 (VIOLATED)
hold638/X                               0.100718    0.172833   -0.072115 (VIOLATED)
hold972/X                               0.100718    0.172132   -0.071414 (VIOLATED)
hold643/X                               0.100718    0.170537   -0.069819 (VIOLATED)
_6333_/X                                0.315867    0.385106   -0.069239 (VIOLATED)
hold758/X                               0.100718    0.168110   -0.067392 (VIOLATED)
hold442/X                               0.100718    0.167307   -0.066589 (VIOLATED)
hold287/X                               0.100718    0.166866   -0.066148 (VIOLATED)
hold29/X                                0.100718    0.164130   -0.063412 (VIOLATED)
hold1056/X                              0.100718    0.161135   -0.060417 (VIOLATED)
hold451/X                               0.100718    0.160137   -0.059419 (VIOLATED)
hold340/X                               0.100718    0.159867   -0.059149 (VIOLATED)
_6849_/X                                0.336008    0.392689   -0.056681 (VIOLATED)
hold860/X                               0.100718    0.155406   -0.054688 (VIOLATED)
_7381_/Y                                0.270090    0.324716   -0.054626 (VIOLATED)
hold587/X                               0.100718    0.153972   -0.053254 (VIOLATED)
hold791/X                               0.100718    0.151440   -0.050722 (VIOLATED)
hold1411/X                              0.100718    0.151285   -0.050567 (VIOLATED)
hold853/X                               0.100718    0.151037   -0.050319 (VIOLATED)
hold1028/X                              0.100718    0.149172   -0.048454 (VIOLATED)
_7977_/X                                0.315867    0.362360   -0.046493 (VIOLATED)
_8059_/X                                0.355234    0.401314   -0.046080 (VIOLATED)
_6453_/X                                0.355234    0.400834   -0.045600 (VIOLATED)
_8045_/X                                0.353403    0.396469   -0.043066 (VIOLATED)
hold163/X                               0.100718    0.141718   -0.041000 (VIOLATED)
_6348_/X                                0.356150    0.395725   -0.039575 (VIOLATED)
_7678_/X                                0.336008    0.374491   -0.038483 (VIOLATED)
hold424/X                               0.100718    0.138877   -0.038159 (VIOLATED)
hold1112/X                              0.100718    0.136436   -0.035718 (VIOLATED)
hold1341/X                              0.100718    0.136290   -0.035572 (VIOLATED)
_7383_/Y                                0.270090    0.304863   -0.034773 (VIOLATED)
hold1598/X                              0.100718    0.135013   -0.034295 (VIOLATED)
hold11/X                                0.100718    0.133191   -0.032473 (VIOLATED)
hold1014/X                              0.100718    0.131715   -0.030997 (VIOLATED)
hold233/X                               0.100718    0.131684   -0.030966 (VIOLATED)
hold741/X                               0.100718    0.131383   -0.030665 (VIOLATED)
_6563_/X                                0.336008    0.365840   -0.029832 (VIOLATED)
hold189/X                               0.100718    0.130275   -0.029557 (VIOLATED)
hold1172/X                              0.100718    0.129801   -0.029083 (VIOLATED)
hold1093/X                              0.100718    0.129517   -0.028799 (VIOLATED)
hold1281/X                              0.100718    0.129500   -0.028782 (VIOLATED)
hold1337/X                              0.100718    0.127671   -0.026953 (VIOLATED)
fanout676/X                             1.017161    1.044030   -0.026869 (VIOLATED)
hold1127/X                              0.100718    0.127199   -0.026481 (VIOLATED)
hold1151/X                              0.100718    0.126601   -0.025883 (VIOLATED)
_7358_/Y                                0.270090    0.295821   -0.025731 (VIOLATED)
_4841_/Y                                0.130930    0.156344   -0.025414 (VIOLATED)
hold1190/X                              0.100718    0.125508   -0.024790 (VIOLATED)
hold17/X                                0.100718    0.124548   -0.023830 (VIOLATED)
hold567/X                               0.100718    0.124122   -0.023404 (VIOLATED)
hold232/X                               0.100718    0.124050   -0.023332 (VIOLATED)
hold808/X                               0.100718    0.122149   -0.021431 (VIOLATED)
hold602/X                               0.100718    0.122061   -0.021343 (VIOLATED)
hold479/X                               0.100718    0.122017   -0.021299 (VIOLATED)
hold1555/X                              0.100718    0.121675   -0.020957 (VIOLATED)
hold494/X                               0.100718    0.121381   -0.020663 (VIOLATED)
hold150/X                               0.100718    0.120761   -0.020043 (VIOLATED)
hold876/X                               0.100718    0.120528   -0.019810 (VIOLATED)
hold496/X                               0.100718    0.120402   -0.019684 (VIOLATED)
_8117_/Y                                0.270090    0.289213   -0.019123 (VIOLATED)
hold492/X                               0.100718    0.119303   -0.018585 (VIOLATED)
hold386/X                               0.100718    0.118694   -0.017976 (VIOLATED)
hold375/X                               0.100718    0.118071   -0.017353 (VIOLATED)
hold219/X                               0.100718    0.117963   -0.017245 (VIOLATED)
_7360_/Y                                0.270090    0.285950   -0.015860 (VIOLATED)
hold883/X                               0.100718    0.115239   -0.014521 (VIOLATED)
hold667/X                               0.100718    0.115024   -0.014306 (VIOLATED)
hold6/X                                 0.100718    0.114942   -0.014224 (VIOLATED)
hold641/X                               0.100718    0.114916   -0.014198 (VIOLATED)
_6656_/X                                0.315867    0.329537   -0.013670 (VIOLATED)
hold1518/X                              0.100718    0.114239   -0.013521 (VIOLATED)
hold607/X                               0.100718    0.114207   -0.013489 (VIOLATED)
hold1503/X                              0.100718    0.113575   -0.012857 (VIOLATED)
_6930_/Y                                0.086070    0.098229   -0.012159 (VIOLATED)
_7362_/Y                                0.270090    0.281646   -0.011556 (VIOLATED)
hold1051/X                              0.100718    0.112117   -0.011399 (VIOLATED)
_8114_/Y                                0.270090    0.280567   -0.010477 (VIOLATED)
hold1770/X                              0.100718    0.110929   -0.010211 (VIOLATED)
hold1706/X                              0.100718    0.110910   -0.010192 (VIOLATED)
hold2/X                                 0.100718    0.110826   -0.010108 (VIOLATED)
_7350_/Y                                0.270090    0.278522   -0.008432 (VIOLATED)
hold732/X                               0.100718    0.108904   -0.008186 (VIOLATED)
_6585_/X                                0.315867    0.324004   -0.008137 (VIOLATED)
hold1303/X                              0.100718    0.108241   -0.007523 (VIOLATED)
hold1701/X                              0.100718    0.108007   -0.007289 (VIOLATED)
hold359/X                               0.100718    0.106995   -0.006277 (VIOLATED)
hold1220/X                              0.100718    0.106368   -0.005650 (VIOLATED)
wire794/X                               1.017161    1.022688   -0.005527 (VIOLATED)
wire683/X                               1.017161    1.022333   -0.005172 (VIOLATED)
_7664_/X                                0.315867    0.320767   -0.004900 (VIOLATED)
hold735/X                               0.100718    0.105428   -0.004710 (VIOLATED)
_7363_/Y                                0.270090    0.274023   -0.003933 (VIOLATED)
hold265/X                               0.100718    0.103615   -0.002897 (VIOLATED)
_6548_/X                                0.315867    0.317178   -0.001311 (VIOLATED)
_7384_/Y                                0.270090    0.270791   -0.000701 (VIOLATED)
_5945_/Y                                0.091563    0.092008   -0.000445 (VIOLATED)
hold1699/X                              0.100718    0.101072   -0.000354 (VIOLATED)
_5304_/Y                                0.088816    0.088903   -0.000087 (VIOLATED)



===========================================================================
report_parasitic_annotation -report_unannotated
============================================================================
Found 516 unannotated drivers.
 analog_io[0]
 analog_io[10]
 analog_io[11]
 analog_io[12]
 analog_io[13]
 analog_io[14]
 analog_io[15]
 analog_io[16]
 analog_io[17]
 analog_io[18]
 analog_io[19]
 analog_io[1]
 analog_io[20]
 analog_io[21]
 analog_io[22]
 analog_io[23]
 analog_io[24]
 analog_io[25]
 analog_io[26]
 analog_io[27]
 analog_io[28]
 analog_io[2]
 analog_io[3]
 analog_io[4]
 analog_io[5]
 analog_io[6]
 analog_io[7]
 analog_io[8]
 analog_io[9]
 io_in[1]
 io_in[2]
 io_in[3]
 io_in[4]
 la_data_in[100]
 la_data_in[101]
 la_data_in[102]
 la_data_in[103]
 la_data_in[104]
 la_data_in[105]
 la_data_in[106]
 la_data_in[107]
 la_data_in[108]
 la_data_in[109]
 la_data_in[10]
 la_data_in[110]
 la_data_in[111]
 la_data_in[112]
 la_data_in[113]
 la_data_in[114]
 la_data_in[115]
 la_data_in[116]
 la_data_in[117]
 la_data_in[118]
 la_data_in[119]
 la_data_in[11]
 la_data_in[120]
 la_data_in[121]
 la_data_in[122]
 la_data_in[123]
 la_data_in[124]
 la_data_in[125]
 la_data_in[126]
 la_data_in[127]
 la_data_in[12]
 la_data_in[13]
 la_data_in[14]
 la_data_in[15]
 la_data_in[16]
 la_data_in[17]
 la_data_in[18]
 la_data_in[19]
 la_data_in[20]
 la_data_in[21]
 la_data_in[22]
 la_data_in[23]
 la_data_in[24]
 la_data_in[25]
 la_data_in[26]
 la_data_in[27]
 la_data_in[28]
 la_data_in[29]
 la_data_in[2]
 la_data_in[30]
 la_data_in[31]
 la_data_in[32]
 la_data_in[33]
 la_data_in[34]
 la_data_in[35]
 la_data_in[36]
 la_data_in[37]
 la_data_in[38]
 la_data_in[39]
 la_data_in[3]
 la_data_in[40]
 la_data_in[41]
 la_data_in[42]
 la_data_in[43]
 la_data_in[44]
 la_data_in[45]
 la_data_in[46]
 la_data_in[47]
 la_data_in[48]
 la_data_in[49]
 la_data_in[4]
 la_data_in[50]
 la_data_in[51]
 la_data_in[52]
 la_data_in[53]
 la_data_in[54]
 la_data_in[55]
 la_data_in[56]
 la_data_in[57]
 la_data_in[58]
 la_data_in[59]
 la_data_in[5]
 la_data_in[60]
 la_data_in[61]
 la_data_in[62]
 la_data_in[63]
 la_data_in[64]
 la_data_in[65]
 la_data_in[66]
 la_data_in[67]
 la_data_in[68]
 la_data_in[69]
 la_data_in[6]
 la_data_in[70]
 la_data_in[71]
 la_data_in[72]
 la_data_in[73]
 la_data_in[74]
 la_data_in[75]
 la_data_in[76]
 la_data_in[77]
 la_data_in[78]
 la_data_in[79]
 la_data_in[7]
 la_data_in[80]
 la_data_in[81]
 la_data_in[82]
 la_data_in[83]
 la_data_in[84]
 la_data_in[85]
 la_data_in[86]
 la_data_in[87]
 la_data_in[88]
 la_data_in[89]
 la_data_in[8]
 la_data_in[90]
 la_data_in[91]
 la_data_in[92]
 la_data_in[93]
 la_data_in[94]
 la_data_in[95]
 la_data_in[96]
 la_data_in[97]
 la_data_in[98]
 la_data_in[99]
 la_data_in[9]
 la_oenb[100]
 la_oenb[101]
 la_oenb[102]
 la_oenb[103]
 la_oenb[104]
 la_oenb[105]
 la_oenb[106]
 la_oenb[107]
 la_oenb[108]
 la_oenb[109]
 la_oenb[10]
 la_oenb[110]
 la_oenb[111]
 la_oenb[112]
 la_oenb[113]
 la_oenb[114]
 la_oenb[115]
 la_oenb[116]
 la_oenb[117]
 la_oenb[118]
 la_oenb[119]
 la_oenb[11]
 la_oenb[120]
 la_oenb[121]
 la_oenb[122]
 la_oenb[123]
 la_oenb[124]
 la_oenb[125]
 la_oenb[126]
 la_oenb[127]
 la_oenb[12]
 la_oenb[13]
 la_oenb[14]
 la_oenb[15]
 la_oenb[16]
 la_oenb[17]
 la_oenb[18]
 la_oenb[19]
 la_oenb[20]
 la_oenb[21]
 la_oenb[22]
 la_oenb[23]
 la_oenb[24]
 la_oenb[25]
 la_oenb[26]
 la_oenb[27]
 la_oenb[28]
 la_oenb[29]
 la_oenb[2]
 la_oenb[30]
 la_oenb[31]
 la_oenb[32]
 la_oenb[33]
 la_oenb[34]
 la_oenb[35]
 la_oenb[36]
 la_oenb[37]
 la_oenb[38]
 la_oenb[39]
 la_oenb[3]
 la_oenb[40]
 la_oenb[41]
 la_oenb[42]
 la_oenb[43]
 la_oenb[44]
 la_oenb[45]
 la_oenb[46]
 la_oenb[47]
 la_oenb[48]
 la_oenb[49]
 la_oenb[4]
 la_oenb[50]
 la_oenb[51]
 la_oenb[52]
 la_oenb[53]
 la_oenb[54]
 la_oenb[55]
 la_oenb[56]
 la_oenb[57]
 la_oenb[58]
 la_oenb[59]
 la_oenb[5]
 la_oenb[60]
 la_oenb[61]
 la_oenb[62]
 la_oenb[63]
 la_oenb[64]
 la_oenb[65]
 la_oenb[66]
 la_oenb[67]
 la_oenb[68]
 la_oenb[69]
 la_oenb[6]
 la_oenb[70]
 la_oenb[71]
 la_oenb[72]
 la_oenb[73]
 la_oenb[74]
 la_oenb[75]
 la_oenb[76]
 la_oenb[77]
 la_oenb[78]
 la_oenb[79]
 la_oenb[7]
 la_oenb[80]
 la_oenb[81]
 la_oenb[82]
 la_oenb[83]
 la_oenb[84]
 la_oenb[85]
 la_oenb[86]
 la_oenb[87]
 la_oenb[88]
 la_oenb[89]
 la_oenb[8]
 la_oenb[90]
 la_oenb[91]
 la_oenb[92]
 la_oenb[93]
 la_oenb[94]
 la_oenb[95]
 la_oenb[96]
 la_oenb[97]
 la_oenb[98]
 la_oenb[99]
 la_oenb[9]
 user_clock2
 wbs_sel_i[0]
 wbs_sel_i[1]
 wbs_sel_i[2]
 wbs_sel_i[3]
 _8469__935/LO
 clkload0/X
 clkload1/Y
 clkload10/Y
 clkload11/Y
 clkload12/X
 clkload13/X
 clkload14/X
 clkload15/X
 clkload16/X
 clkload17/X
 clkload18/X
 clkload19/X
 clkload2/X
 clkload20/X
 clkload21/X
 clkload22/X
 clkload23/X
 clkload24/X
 clkload25/X
 clkload26/X
 clkload27/X
 clkload28/X
 clkload29/X
 clkload3/X
 clkload30/X
 clkload31/X
 clkload32/X
 clkload33/X
 clkload34/X
 clkload35/X
 clkload36/X
 clkload37/X
 clkload38/X
 clkload39/X
 clkload4/Y
 clkload40/X
 clkload41/X
 clkload42/X
 clkload43/X
 clkload44/X
 clkload45/X
 clkload46/X
 clkload47/X
 clkload48/X
 clkload49/X
 clkload5/Y
 clkload50/X
 clkload51/X
 clkload52/X
 clkload53/X
 clkload54/X
 clkload55/X
 clkload56/X
 clkload57/X
 clkload58/X
 clkload59/X
 clkload6/Y
 clkload60/X
 clkload61/X
 clkload62/X
 clkload63/X
 clkload64/X
 clkload65/X
 clkload7/Y
 clkload8/Y
 clkload9/Y
 mprj.team_01_Wrapper.team_01_WB.instance_to_wrap/SEL_O[0]
 mprj.team_01_Wrapper.team_01_WB.instance_to_wrap/SEL_O[1]
 mprj.team_01_Wrapper.team_01_WB.instance_to_wrap/SEL_O[2]
 mprj.team_01_Wrapper.team_01_WB.instance_to_wrap/SEL_O[3]
 mprj.team_02_Wrapper.team_02_WB.instance_to_wrap/SEL_O[0]
 mprj.team_02_Wrapper.team_02_WB.instance_to_wrap/SEL_O[1]
 mprj.team_02_Wrapper.team_02_WB.instance_to_wrap/SEL_O[2]
 mprj.team_02_Wrapper.team_02_WB.instance_to_wrap/SEL_O[3]
 mprj.team_03_Wrapper.team_03_WB.instance_to_wrap/SEL_O[0]
 mprj.team_03_Wrapper.team_03_WB.instance_to_wrap/SEL_O[1]
 mprj.team_03_Wrapper.team_03_WB.instance_to_wrap/SEL_O[2]
 mprj.team_03_Wrapper.team_03_WB.instance_to_wrap/SEL_O[3]
 mprj.team_04_Wrapper.team_04_WB.instance_to_wrap/SEL_O[0]
 mprj.team_04_Wrapper.team_04_WB.instance_to_wrap/SEL_O[1]
 mprj.team_04_Wrapper.team_04_WB.instance_to_wrap/SEL_O[2]
 mprj.team_04_Wrapper.team_04_WB.instance_to_wrap/SEL_O[3]
 mprj.team_05_Wrapper.team_05_WB.instance_to_wrap/SEL_O[0]
 mprj.team_05_Wrapper.team_05_WB.instance_to_wrap/SEL_O[1]
 mprj.team_05_Wrapper.team_05_WB.instance_to_wrap/SEL_O[2]
 mprj.team_05_Wrapper.team_05_WB.instance_to_wrap/SEL_O[3]
 user_project_wrapper_800/HI
 user_project_wrapper_801/HI
 user_project_wrapper_802/HI
 user_project_wrapper_803/HI
 user_project_wrapper_804/HI
 user_project_wrapper_805/HI
 user_project_wrapper_806/HI
 user_project_wrapper_807/HI
 user_project_wrapper_808/HI
 user_project_wrapper_809/HI
 user_project_wrapper_810/HI
 user_project_wrapper_811/HI
 user_project_wrapper_812/HI
 user_project_wrapper_813/HI
 user_project_wrapper_814/HI
 user_project_wrapper_815/HI
 user_project_wrapper_816/HI
 user_project_wrapper_817/HI
 user_project_wrapper_818/HI
 user_project_wrapper_819/HI
 user_project_wrapper_820/HI
 user_project_wrapper_821/HI
 user_project_wrapper_822/HI
 user_project_wrapper_823/HI
 user_project_wrapper_824/HI
 user_project_wrapper_825/HI
 user_project_wrapper_826/HI
 user_project_wrapper_827/HI
 user_project_wrapper_828/HI
 user_project_wrapper_829/HI
 user_project_wrapper_830/HI
 user_project_wrapper_831/HI
 user_project_wrapper_832/HI
 user_project_wrapper_833/HI
 user_project_wrapper_834/HI
 user_project_wrapper_835/HI
 user_project_wrapper_836/HI
 user_project_wrapper_837/HI
 user_project_wrapper_838/HI
 user_project_wrapper_839/HI
 user_project_wrapper_840/HI
 user_project_wrapper_841/HI
 user_project_wrapper_842/HI
 user_project_wrapper_843/HI
 user_project_wrapper_844/HI
 user_project_wrapper_845/HI
 user_project_wrapper_846/HI
 user_project_wrapper_847/HI
 user_project_wrapper_848/HI
 user_project_wrapper_849/HI
 user_project_wrapper_850/HI
 user_project_wrapper_851/HI
 user_project_wrapper_852/HI
 user_project_wrapper_853/HI
 user_project_wrapper_854/HI
 user_project_wrapper_855/HI
 user_project_wrapper_856/HI
 user_project_wrapper_857/HI
 user_project_wrapper_858/HI
 user_project_wrapper_859/HI
 user_project_wrapper_860/HI
 user_project_wrapper_861/HI
 user_project_wrapper_862/HI
 user_project_wrapper_863/HI
 user_project_wrapper_864/HI
 user_project_wrapper_865/HI
 user_project_wrapper_866/HI
 user_project_wrapper_867/HI
 user_project_wrapper_868/HI
 user_project_wrapper_869/HI
 user_project_wrapper_870/HI
 user_project_wrapper_871/HI
 user_project_wrapper_872/HI
 user_project_wrapper_873/HI
 user_project_wrapper_874/HI
 user_project_wrapper_875/HI
 user_project_wrapper_876/HI
 user_project_wrapper_877/HI
 user_project_wrapper_878/HI
 user_project_wrapper_879/HI
 user_project_wrapper_880/HI
 user_project_wrapper_881/HI
 user_project_wrapper_882/HI
 user_project_wrapper_883/HI
 user_project_wrapper_884/HI
 user_project_wrapper_885/HI
 user_project_wrapper_886/HI
 user_project_wrapper_887/HI
 user_project_wrapper_888/HI
 user_project_wrapper_889/HI
 user_project_wrapper_890/HI
 user_project_wrapper_891/HI
 user_project_wrapper_892/HI
 user_project_wrapper_893/HI
 user_project_wrapper_894/HI
 user_project_wrapper_895/HI
 user_project_wrapper_896/HI
 user_project_wrapper_897/HI
 user_project_wrapper_898/HI
 user_project_wrapper_899/HI
 user_project_wrapper_900/HI
 user_project_wrapper_901/HI
 user_project_wrapper_902/HI
 user_project_wrapper_903/HI
 user_project_wrapper_904/HI
 user_project_wrapper_905/HI
 user_project_wrapper_906/HI
 user_project_wrapper_907/HI
 user_project_wrapper_908/HI
 user_project_wrapper_909/HI
 user_project_wrapper_910/HI
 user_project_wrapper_911/HI
 user_project_wrapper_912/HI
 user_project_wrapper_913/HI
 user_project_wrapper_914/HI
 user_project_wrapper_915/HI
 user_project_wrapper_916/HI
 user_project_wrapper_917/HI
 user_project_wrapper_918/HI
 user_project_wrapper_919/HI
 user_project_wrapper_920/HI
 user_project_wrapper_921/HI
 user_project_wrapper_922/HI
 user_project_wrapper_923/HI
 user_project_wrapper_924/HI
 user_project_wrapper_925/HI
 user_project_wrapper_926/HI
 user_project_wrapper_927/HI
 user_project_wrapper_928/HI
 user_project_wrapper_929/HI
 user_project_wrapper_930/HI
 user_project_wrapper_931/HI
 user_project_wrapper_932/HI
 user_project_wrapper_933/HI
 user_project_wrapper_934/HI
 user_project_wrapper_936/LO
 user_project_wrapper_937/LO
 user_project_wrapper_938/LO
 user_project_wrapper_939/LO
Found 42 partially unannotated drivers.
 _7349_/X
  mprj.sram.sram_inst/din0[31]
 _7350_/Y
  mprj.sram.sram_inst/din0[30]
 _7351_/Y
  mprj.sram.sram_inst/din0[29]
 _7352_/Y
  mprj.sram.sram_inst/din0[28]
 _7353_/Y
  mprj.sram.sram_inst/din0[27]
 _7354_/Y
  mprj.sram.sram_inst/din0[26]
 _7355_/Y
  mprj.sram.sram_inst/din0[25]
 _7356_/Y
  mprj.sram.sram_inst/din0[24]
 _7357_/Y
  mprj.sram.sram_inst/din0[23]
 _7358_/Y
  mprj.sram.sram_inst/din0[22]
 _7359_/Y
  mprj.sram.sram_inst/din0[21]
 _7360_/Y
  mprj.sram.sram_inst/din0[20]
 _7361_/Y
  mprj.sram.sram_inst/din0[19]
 _7362_/Y
  mprj.sram.sram_inst/din0[18]
 _7363_/Y
  mprj.sram.sram_inst/din0[17]
 _7364_/Y
  mprj.sram.sram_inst/din0[16]
 _7365_/Y
  mprj.sram.sram_inst/din0[15]
 _7366_/Y
  mprj.sram.sram_inst/din0[14]
 _7367_/Y
  mprj.sram.sram_inst/din0[13]
 _7368_/Y
  mprj.sram.sram_inst/din0[12]
 _7369_/Y
  mprj.sram.sram_inst/din0[11]
 _7370_/Y
  mprj.sram.sram_inst/din0[10]
 _7371_/Y
  mprj.sram.sram_inst/din0[9]
 _7372_/Y
  mprj.sram.sram_inst/din0[8]
 _7373_/Y
  mprj.sram.sram_inst/din0[7]
 _7374_/Y
  mprj.sram.sram_inst/din0[6]
 _7375_/X
  mprj.sram.sram_inst/din0[5]
 _7376_/Y
  mprj.sram.sram_inst/din0[4]
 _7377_/Y
  mprj.sram.sram_inst/din0[3]
 _7378_/Y
  mprj.sram.sram_inst/din0[2]
 _7379_/Y
  mprj.sram.sram_inst/din0[1]
 _7380_/Y
  mprj.sram.sram_inst/din0[0]
 _7381_/Y
  mprj.sram.sram_inst/addr0[9]
  mprj.sram.sram_inst/addr1[9]
 _7382_/Y
  mprj.sram.sram_inst/addr0[8]
  mprj.sram.sram_inst/addr1[8]
 _7383_/Y
  mprj.sram.sram_inst/addr0[7]
  mprj.sram.sram_inst/addr1[7]
 _7384_/Y
  mprj.sram.sram_inst/addr0[6]
  mprj.sram.sram_inst/addr1[6]
 _7385_/Y
  mprj.sram.sram_inst/addr0[5]
  mprj.sram.sram_inst/addr1[5]
 _7386_/Y
  mprj.sram.sram_inst/addr0[4]
  mprj.sram.sram_inst/addr1[4]
 _7387_/Y
  mprj.sram.sram_inst/addr0[3]
  mprj.sram.sram_inst/addr1[3]
 _7388_/Y
  mprj.sram.sram_inst/addr0[2]
  mprj.sram.sram_inst/addr1[2]
 _7389_/Y
  mprj.sram.sram_inst/addr0[1]
  mprj.sram.sram_inst/addr1[1]
 _7390_/Y
  mprj.sram.sram_inst/addr0[0]
  mprj.sram.sram_inst/addr1[0]

===========================================================================
max slew violation count 2723
max fanout violation count 1014
max cap violation count 111
============================================================================

===========================================================================
check_setup -verbose -unconstrained_endpoints -multiple_clock -no_clock -no_input_delay -loops -generated_clocks
===========================================================================
Warning: There are 68 input ports missing set_input_delay.
  analog_io[0]
  analog_io[10]
  analog_io[11]
  analog_io[12]
  analog_io[13]
  analog_io[14]
  analog_io[15]
  analog_io[16]
  analog_io[17]
  analog_io[18]
  analog_io[19]
  analog_io[1]
  analog_io[20]
  analog_io[21]
  analog_io[22]
  analog_io[23]
  analog_io[24]
  analog_io[25]
  analog_io[26]
  analog_io[27]
  analog_io[28]
  analog_io[2]
  analog_io[3]
  analog_io[4]
  analog_io[5]
  analog_io[6]
  analog_io[7]
  analog_io[8]
  analog_io[9]
  io_in[0]
  io_in[10]
  io_in[11]
  io_in[12]
  io_in[13]
  io_in[14]
  io_in[15]
  io_in[16]
  io_in[17]
  io_in[18]
  io_in[19]
  io_in[1]
  io_in[20]
  io_in[21]
  io_in[22]
  io_in[23]
  io_in[24]
  io_in[25]
  io_in[26]
  io_in[27]
  io_in[28]
  io_in[29]
  io_in[2]
  io_in[30]
  io_in[31]
  io_in[32]
  io_in[33]
  io_in[34]
  io_in[35]
  io_in[36]
  io_in[37]
  io_in[3]
  io_in[4]
  io_in[5]
  io_in[6]
  io_in[7]
  io_in[8]
  io_in[9]
  user_clock2
Warning: There are 316 unconstrained endpoints.
  analog_io[0]
  analog_io[10]
  analog_io[11]
  analog_io[12]
  analog_io[13]
  analog_io[14]
  analog_io[15]
  analog_io[16]
  analog_io[17]
  analog_io[18]
  analog_io[19]
  analog_io[1]
  analog_io[20]
  analog_io[21]
  analog_io[22]
  analog_io[23]
  analog_io[24]
  analog_io[25]
  analog_io[26]
  analog_io[27]
  analog_io[28]
  analog_io[2]
  analog_io[3]
  analog_io[4]
  analog_io[5]
  analog_io[6]
  analog_io[7]
  analog_io[8]
  analog_io[9]
  io_oeb[0]
  io_oeb[10]
  io_oeb[11]
  io_oeb[12]
  io_oeb[13]
  io_oeb[14]
  io_oeb[15]
  io_oeb[16]
  io_oeb[17]
  io_oeb[18]
  io_oeb[19]
  io_oeb[1]
  io_oeb[20]
  io_oeb[21]
  io_oeb[22]
  io_oeb[23]
  io_oeb[24]
  io_oeb[25]
  io_oeb[26]
  io_oeb[27]
  io_oeb[28]
  io_oeb[29]
  io_oeb[2]
  io_oeb[30]
  io_oeb[31]
  io_oeb[32]
  io_oeb[33]
  io_oeb[34]
  io_oeb[35]
  io_oeb[36]
  io_oeb[37]
  io_oeb[3]
  io_oeb[4]
  io_oeb[5]
  io_oeb[6]
  io_oeb[7]
  io_oeb[8]
  io_oeb[9]
  io_out[0]
  io_out[10]
  io_out[11]
  io_out[12]
  io_out[13]
  io_out[14]
  io_out[15]
  io_out[16]
  io_out[17]
  io_out[18]
  io_out[19]
  io_out[1]
  io_out[20]
  io_out[21]
  io_out[22]
  io_out[23]
  io_out[24]
  io_out[25]
  io_out[26]
  io_out[27]
  io_out[28]
  io_out[29]
  io_out[2]
  io_out[30]
  io_out[31]
  io_out[32]
  io_out[33]
  io_out[34]
  io_out[35]
  io_out[36]
  io_out[37]
  io_out[3]
  io_out[4]
  io_out[5]
  io_out[6]
  io_out[7]
  io_out[8]
  io_out[9]
  la_data_out[0]
  la_data_out[100]
  la_data_out[101]
  la_data_out[102]
  la_data_out[103]
  la_data_out[104]
  la_data_out[105]
  la_data_out[106]
  la_data_out[107]
  la_data_out[108]
  la_data_out[109]
  la_data_out[10]
  la_data_out[110]
  la_data_out[111]
  la_data_out[112]
  la_data_out[113]
  la_data_out[114]
  la_data_out[115]
  la_data_out[116]
  la_data_out[117]
  la_data_out[118]
  la_data_out[119]
  la_data_out[11]
  la_data_out[120]
  la_data_out[121]
  la_data_out[122]
  la_data_out[123]
  la_data_out[124]
  la_data_out[125]
  la_data_out[126]
  la_data_out[127]
  la_data_out[12]
  la_data_out[13]
  la_data_out[14]
  la_data_out[15]
  la_data_out[16]
  la_data_out[17]
  la_data_out[18]
  la_data_out[19]
  la_data_out[1]
  la_data_out[20]
  la_data_out[21]
  la_data_out[22]
  la_data_out[23]
  la_data_out[24]
  la_data_out[25]
  la_data_out[26]
  la_data_out[27]
  la_data_out[28]
  la_data_out[29]
  la_data_out[2]
  la_data_out[30]
  la_data_out[31]
  la_data_out[32]
  la_data_out[33]
  la_data_out[34]
  la_data_out[35]
  la_data_out[36]
  la_data_out[37]
  la_data_out[38]
  la_data_out[39]
  la_data_out[3]
  la_data_out[40]
  la_data_out[41]
  la_data_out[42]
  la_data_out[43]
  la_data_out[44]
  la_data_out[45]
  la_data_out[46]
  la_data_out[47]
  la_data_out[48]
  la_data_out[49]
  la_data_out[4]
  la_data_out[50]
  la_data_out[51]
  la_data_out[52]
  la_data_out[53]
  la_data_out[54]
  la_data_out[55]
  la_data_out[56]
  la_data_out[57]
  la_data_out[58]
  la_data_out[59]
  la_data_out[5]
  la_data_out[60]
  la_data_out[61]
  la_data_out[62]
  la_data_out[63]
  la_data_out[64]
  la_data_out[65]
  la_data_out[66]
  la_data_out[67]
  la_data_out[68]
  la_data_out[69]
  la_data_out[6]
  la_data_out[70]
  la_data_out[71]
  la_data_out[72]
  la_data_out[73]
  la_data_out[74]
  la_data_out[75]
  la_data_out[76]
  la_data_out[77]
  la_data_out[78]
  la_data_out[79]
  la_data_out[7]
  la_data_out[80]
  la_data_out[81]
  la_data_out[82]
  la_data_out[83]
  la_data_out[84]
  la_data_out[85]
  la_data_out[86]
  la_data_out[87]
  la_data_out[88]
  la_data_out[89]
  la_data_out[8]
  la_data_out[90]
  la_data_out[91]
  la_data_out[92]
  la_data_out[93]
  la_data_out[94]
  la_data_out[95]
  la_data_out[96]
  la_data_out[97]
  la_data_out[98]
  la_data_out[99]
  la_data_out[9]
  user_irq[0]
  user_irq[1]
  user_irq[2]
  _8469_/D
  mprj.team_01_Wrapper.team_01_WB.instance_to_wrap/gpio_in[12]
  mprj.team_01_Wrapper.team_01_WB.instance_to_wrap/gpio_in[13]
  mprj.team_01_Wrapper.team_01_WB.instance_to_wrap/gpio_in[14]
  mprj.team_01_Wrapper.team_01_WB.instance_to_wrap/gpio_in[15]
  mprj.team_02_Wrapper.team_02_WB.instance_to_wrap/gpio_in[15]
  mprj.team_02_Wrapper.team_02_WB.instance_to_wrap/gpio_in[16]
  mprj.team_02_Wrapper.team_02_WB.instance_to_wrap/gpio_in[17]
  mprj.team_02_Wrapper.team_02_WB.instance_to_wrap/gpio_in[18]
  mprj.team_03_Wrapper.team_03_WB.instance_to_wrap/gpio_in[0]
  mprj.team_03_Wrapper.team_03_WB.instance_to_wrap/gpio_in[10]
  mprj.team_03_Wrapper.team_03_WB.instance_to_wrap/gpio_in[11]
  mprj.team_03_Wrapper.team_03_WB.instance_to_wrap/gpio_in[12]
  mprj.team_03_Wrapper.team_03_WB.instance_to_wrap/gpio_in[13]
  mprj.team_03_Wrapper.team_03_WB.instance_to_wrap/gpio_in[14]
  mprj.team_03_Wrapper.team_03_WB.instance_to_wrap/gpio_in[15]
  mprj.team_03_Wrapper.team_03_WB.instance_to_wrap/gpio_in[16]
  mprj.team_03_Wrapper.team_03_WB.instance_to_wrap/gpio_in[17]
  mprj.team_03_Wrapper.team_03_WB.instance_to_wrap/gpio_in[18]
  mprj.team_03_Wrapper.team_03_WB.instance_to_wrap/gpio_in[19]
  mprj.team_03_Wrapper.team_03_WB.instance_to_wrap/gpio_in[1]
  mprj.team_03_Wrapper.team_03_WB.instance_to_wrap/gpio_in[20]
  mprj.team_03_Wrapper.team_03_WB.instance_to_wrap/gpio_in[21]
  mprj.team_03_Wrapper.team_03_WB.instance_to_wrap/gpio_in[22]
  mprj.team_03_Wrapper.team_03_WB.instance_to_wrap/gpio_in[23]
  mprj.team_03_Wrapper.team_03_WB.instance_to_wrap/gpio_in[24]
  mprj.team_03_Wrapper.team_03_WB.instance_to_wrap/gpio_in[25]
  mprj.team_03_Wrapper.team_03_WB.instance_to_wrap/gpio_in[26]
  mprj.team_03_Wrapper.team_03_WB.instance_to_wrap/gpio_in[27]
  mprj.team_03_Wrapper.team_03_WB.instance_to_wrap/gpio_in[28]
  mprj.team_03_Wrapper.team_03_WB.instance_to_wrap/gpio_in[29]
  mprj.team_03_Wrapper.team_03_WB.instance_to_wrap/gpio_in[2]
  mprj.team_03_Wrapper.team_03_WB.instance_to_wrap/gpio_in[30]
  mprj.team_03_Wrapper.team_03_WB.instance_to_wrap/gpio_in[31]
  mprj.team_03_Wrapper.team_03_WB.instance_to_wrap/gpio_in[3]
  mprj.team_03_Wrapper.team_03_WB.instance_to_wrap/gpio_in[4]
  mprj.team_03_Wrapper.team_03_WB.instance_to_wrap/gpio_in[5]
  mprj.team_03_Wrapper.team_03_WB.instance_to_wrap/gpio_in[6]
  mprj.team_03_Wrapper.team_03_WB.instance_to_wrap/gpio_in[7]
  mprj.team_03_Wrapper.team_03_WB.instance_to_wrap/gpio_in[8]
  mprj.team_03_Wrapper.team_03_WB.instance_to_wrap/gpio_in[9]
  mprj.team_04_Wrapper.team_04_WB.instance_to_wrap/gpio_in[5]
  mprj.team_05_Wrapper.team_05_WB.instance_to_wrap/gpio_in[30]
  mprj.team_05_Wrapper.team_05_WB.instance_to_wrap/gpio_in[31]
  mprj.team_05_Wrapper.team_05_WB.instance_to_wrap/gpio_in[32]
  mprj.team_05_Wrapper.team_05_WB.instance_to_wrap/gpio_in[33]
  mprj.team_06_Wrapper.team_06_WB.instance_to_wrap/gpio_in[0]
  mprj.team_06_Wrapper.team_06_WB.instance_to_wrap/gpio_in[1]
  mprj.team_06_Wrapper.team_06_WB.instance_to_wrap/gpio_in[2]
  mprj.team_06_Wrapper.team_06_WB.instance_to_wrap/gpio_in[3]
  mprj.team_06_Wrapper.team_06_WB.instance_to_wrap/gpio_in[4]
  mprj.team_06_Wrapper.team_06_WB.instance_to_wrap/gpio_in[5]
  mprj.team_07_Wrapper.team_07_WB.instance_to_wrap/gpio_in[18]
  mprj.team_07_Wrapper.team_07_WB.instance_to_wrap/gpio_in[19]
  mprj.team_07_Wrapper.team_07_WB.instance_to_wrap/gpio_in[20]
  mprj.team_07_Wrapper.team_07_WB.instance_to_wrap/gpio_in[21]
  mprj.team_07_Wrapper.team_07_WB.instance_to_wrap/gpio_in[22]
  mprj.team_07_Wrapper.team_07_WB.instance_to_wrap/gpio_in[23]
  mprj.team_08_Wrapper.team_08_WB.instance_to_wrap/gpio_in[0]
  mprj.team_08_Wrapper.team_08_WB.instance_to_wrap/gpio_in[1]
  mprj.team_09_Wrapper.team_09_WB.instance_to_wrap/gpio_in[25]
  mprj.team_09_Wrapper.team_09_WB.instance_to_wrap/gpio_in[26]
  mprj.team_09_Wrapper.team_09_WB.instance_to_wrap/gpio_in[27]
  mprj.team_09_Wrapper.team_09_WB.instance_to_wrap/gpio_in[28]
  mprj.team_09_Wrapper.team_09_WB.instance_to_wrap/gpio_in[29]
  mprj.team_09_Wrapper.team_09_WB.instance_to_wrap/gpio_in[30]
  mprj.team_09_Wrapper.team_09_WB.instance_to_wrap/gpio_in[31]
  mprj.team_10_Wrapper.team_10_WB.instance_to_wrap/gpio_in[20]
  mprj.team_10_Wrapper.team_10_WB.instance_to_wrap/gpio_in[21]
  mprj.team_10_Wrapper.team_10_WB.instance_to_wrap/gpio_in[22]
  mprj.team_10_Wrapper.team_10_WB.instance_to_wrap/gpio_in[23]
  mprj.team_10_Wrapper.team_10_WB.instance_to_wrap/gpio_in[24]
  mprj.team_10_Wrapper.team_10_WB.instance_to_wrap/gpio_in[33]
  mprj.team_11_Wrapper.team_11_WB.instance_to_wrap/gpio_in[30]
  mprj.team_11_Wrapper.team_11_WB.instance_to_wrap/gpio_in[31]
  mprj.team_11_Wrapper.team_11_WB.instance_to_wrap/gpio_in[32]
  mprj.team_11_Wrapper.team_11_WB.instance_to_wrap/gpio_in[33]
  mprj.team_12_Wrapper.team_12_WB.instance_to_wrap/gpio_in[0]
  mprj.team_12_Wrapper.team_12_WB.instance_to_wrap/gpio_in[1]
  mprj.team_12_Wrapper.team_12_WB.instance_to_wrap/gpio_in[2]
