
===========================================================================
report_checks -unconstrained
===========================================================================
======================= max_tt_025C_1v80 Corner ===================================

Startpoint: wb_rst_i (input port clocked by clk)
Endpoint: _8675_ (recovery check against rising-edge clock clk)
Path Group: asynchronous
Path Type: max

Fanout         Cap        Slew       Delay        Time   Description
---------------------------------------------------------------------------------------------
                                  0.000000    0.000000   clock clk (rise edge)
                                  5.570000    5.570000   clock network delay (propagated)
                                 50.000000   55.570000 v input external delay
     2    0.017252    0.000000    0.000000   55.570000 v wb_rst_i (in)
                                                         wb_rst_i (net)
                      0.001571    0.000785   55.570786 v input39/A (sky130_fd_sc_hd__buf_12)
    11    0.416351    0.054769    0.131568   55.702354 v input39/X (sky130_fd_sc_hd__buf_12)
                                                         net39 (net)
                      0.958555    0.477989   56.180344 v fanout740/A (sky130_fd_sc_hd__buf_12)
    11    0.536940    0.166042    0.541270   56.721611 v fanout740/X (sky130_fd_sc_hd__buf_12)
                                                         net740 (net)
                      0.480290    0.213777   56.935390 v fanout739/A (sky130_fd_sc_hd__buf_8)
    11    0.192701    0.139135    0.340247   57.275635 v fanout739/X (sky130_fd_sc_hd__buf_8)
                                                         net739 (net)
                      0.223936    0.087550   57.363186 v fanout738/A (sky130_fd_sc_hd__clkbuf_16)
    15    0.255452    0.147349    0.291895   57.655079 v fanout738/X (sky130_fd_sc_hd__clkbuf_16)
                                                         net738 (net)
                      0.209768    0.069129   57.724209 v fanout737/A (sky130_fd_sc_hd__buf_8)
    21    0.166748    0.116417    0.238551   57.962761 v fanout737/X (sky130_fd_sc_hd__buf_8)
                                                         net737 (net)
                      0.136491    0.033516   57.996277 v fanout735/A (sky130_fd_sc_hd__buf_6)
    21    0.130733    0.117690    0.232216   58.228493 v fanout735/X (sky130_fd_sc_hd__buf_6)
                                                         net735 (net)
                      0.119516    0.011820   58.240311 v _8326_/A (sky130_fd_sc_hd__inv_2)
     1    0.004958    0.045249    0.076142   58.316452 ^ _8326_/Y (sky130_fd_sc_hd__inv_2)
                                                         _0172_ (net)
                      0.045249    0.000270   58.316723 ^ _8675_/RESET_B (sky130_fd_sc_hd__dfrtp_4)
                                             58.316723   data arrival time

                                100.000000  100.000000   clock clk (rise edge)
                                  4.650000  104.649994   clock source latency
     4    0.410353    0.610000    0.000000  104.649994 ^ wb_clk_i (in)
                                                         wb_clk_i (net)
                      1.713821    0.551914  105.201912 ^ clkbuf_regs_0_clk/A (sky130_fd_sc_hd__clkbuf_16)
     1    0.017569    0.080799    0.348287  105.550194 ^ clkbuf_regs_0_clk/X (sky130_fd_sc_hd__clkbuf_16)
                                                         delaynet_0_clk (net)
                      0.080801    0.001712  105.551910 ^ delaybuf_0_clk/A (sky130_fd_sc_hd__clkbuf_16)
     1    0.018302    0.040491    0.136389  105.688293 ^ delaybuf_0_clk/X (sky130_fd_sc_hd__clkbuf_16)
                                                         delaynet_1_clk (net)
                      0.040529    0.002004  105.690300 ^ delaybuf_1_clk/A (sky130_fd_sc_hd__clkbuf_16)
     1    0.015248    0.037870    0.118881  105.809181 ^ delaybuf_1_clk/X (sky130_fd_sc_hd__clkbuf_16)
                                                         wb_clk_i_regs (net)
                      0.037892    0.001570  105.810753 ^ clkbuf_0_wb_clk_i_regs/A (sky130_fd_sc_hd__clkbuf_16)
     5    0.121433    0.135324    0.192159  106.002914 ^ clkbuf_0_wb_clk_i_regs/X (sky130_fd_sc_hd__clkbuf_16)
                                                         clknet_0_wb_clk_i_regs (net)
                      0.137689    0.014111  106.017021 ^ clkbuf_1_0_0_wb_clk_i_regs/A (sky130_fd_sc_hd__clkbuf_8)
     5    0.064118    0.122448    0.210783  106.227806 ^ clkbuf_1_0_0_wb_clk_i_regs/X (sky130_fd_sc_hd__clkbuf_8)
                                                         clknet_1_0_0_wb_clk_i_regs (net)
                      0.126855    0.018282  106.246086 ^ clkbuf_2_1_0_wb_clk_i_regs/A (sky130_fd_sc_hd__clkbuf_8)
     3    0.074687    0.137536    0.216126  106.462212 ^ clkbuf_2_1_0_wb_clk_i_regs/X (sky130_fd_sc_hd__clkbuf_8)
                                                         clknet_2_1_0_wb_clk_i_regs (net)
                      0.145155    0.025231  106.487442 ^ clkbuf_2_1_1_wb_clk_i_regs/A (sky130_fd_sc_hd__clkbuf_8)
     9    0.126483    0.222759    0.282441  106.769882 ^ clkbuf_2_1_1_wb_clk_i_regs/X (sky130_fd_sc_hd__clkbuf_8)
                                                         clknet_2_1_1_wb_clk_i_regs (net)
                      0.226456    0.022929  106.792816 ^ clkbuf_4_7_0_wb_clk_i_regs/A (sky130_fd_sc_hd__clkbuf_8)
     5    0.047702    0.096616    0.222336  107.015152 ^ clkbuf_4_7_0_wb_clk_i_regs/X (sky130_fd_sc_hd__clkbuf_8)
                                                         clknet_4_7_0_wb_clk_i_regs (net)
                      0.098376    0.010282  107.025429 ^ clkbuf_5_15_0_wb_clk_i_regs/A (sky130_fd_sc_hd__clkbuf_8)
    13    0.083238    0.150228    0.224944  107.250374 ^ clkbuf_5_15_0_wb_clk_i_regs/X (sky130_fd_sc_hd__clkbuf_8)
                                                         clknet_5_15_0_wb_clk_i_regs (net)
                      0.150486    0.005102  107.255478 ^ _8675_/CLK (sky130_fd_sc_hd__dfrtp_4)
                                 -0.200000  107.055481   clock uncertainty
                                  0.000000  107.055481   clock reconvergence pessimism
                                  0.249715  107.305191   library recovery time
                                            107.305191   data required time
---------------------------------------------------------------------------------------------
                                            107.305191   data required time
                                            -58.316723   data arrival time
---------------------------------------------------------------------------------------------
                                             48.988468   slack (MET)


Startpoint: _8731_ (rising edge-triggered flip-flop clocked by clk)
Endpoint: mprj.team_04_Wrapper.team_04_WB.instance_to_wrap
          (rising edge-triggered flip-flop clocked by clk)
Path Group: clk
Path Type: max

Fanout         Cap        Slew       Delay        Time   Description
---------------------------------------------------------------------------------------------
                                  0.000000    0.000000   clock clk (rise edge)
                                  5.570000    5.570000   clock source latency
     4    0.410353    0.610000    0.000000    5.570000 ^ wb_clk_i (in)
                                                         wb_clk_i (net)
                      1.713821    0.551911    6.121911 ^ clkbuf_regs_0_clk/A (sky130_fd_sc_hd__clkbuf_16)
     1    0.017569    0.080799    0.348289    6.470200 ^ clkbuf_regs_0_clk/X (sky130_fd_sc_hd__clkbuf_16)
                                                         delaynet_0_clk (net)
                      0.080801    0.001710    6.471910 ^ delaybuf_0_clk/A (sky130_fd_sc_hd__clkbuf_16)
     1    0.018302    0.040491    0.136389    6.608298 ^ delaybuf_0_clk/X (sky130_fd_sc_hd__clkbuf_16)
                                                         delaynet_1_clk (net)
                      0.040529    0.002005    6.610303 ^ delaybuf_1_clk/A (sky130_fd_sc_hd__clkbuf_16)
     1    0.015248    0.037870    0.118880    6.729184 ^ delaybuf_1_clk/X (sky130_fd_sc_hd__clkbuf_16)
                                                         wb_clk_i_regs (net)
                      0.037892    0.001571    6.730755 ^ clkbuf_0_wb_clk_i_regs/A (sky130_fd_sc_hd__clkbuf_16)
     5    0.121433    0.135324    0.192161    6.922915 ^ clkbuf_0_wb_clk_i_regs/X (sky130_fd_sc_hd__clkbuf_16)
                                                         clknet_0_wb_clk_i_regs (net)
                      0.138635    0.016699    6.939614 ^ clkbuf_1_1_0_wb_clk_i_regs/A (sky130_fd_sc_hd__clkbuf_8)
     5    0.091547    0.163746    0.246072    7.185687 ^ clkbuf_1_1_0_wb_clk_i_regs/X (sky130_fd_sc_hd__clkbuf_8)
                                                         clknet_1_1_0_wb_clk_i_regs (net)
                      0.165727    0.014399    7.200086 ^ clkbuf_2_2_0_wb_clk_i_regs/A (sky130_fd_sc_hd__clkbuf_8)
     3    0.142996    0.248223    0.277825    7.477911 ^ clkbuf_2_2_0_wb_clk_i_regs/X (sky130_fd_sc_hd__clkbuf_8)
                                                         clknet_2_2_0_wb_clk_i_regs (net)
                      0.284649    0.072441    7.550352 ^ clkbuf_2_2_1_wb_clk_i_regs/A (sky130_fd_sc_hd__clkbuf_8)
     9    0.221679    0.372273    0.365718    7.916070 ^ clkbuf_2_2_1_wb_clk_i_regs/X (sky130_fd_sc_hd__clkbuf_8)
                                                         clknet_2_2_1_wb_clk_i_regs (net)
                      0.386796    0.057716    7.973785 ^ clkbuf_4_8_0_wb_clk_i_regs/A (sky130_fd_sc_hd__clkbuf_8)
     5    0.117434    0.209762    0.332440    8.306225 ^ clkbuf_4_8_0_wb_clk_i_regs/X (sky130_fd_sc_hd__clkbuf_8)
                                                         clknet_4_8_0_wb_clk_i_regs (net)
                      0.213651    0.022804    8.329029 ^ clkbuf_5_16_0_wb_clk_i_regs/A (sky130_fd_sc_hd__clkbuf_8)
    18    0.261262    0.444034    0.441647    8.770676 ^ clkbuf_5_16_0_wb_clk_i_regs/X (sky130_fd_sc_hd__clkbuf_8)
                                                         clknet_5_16_0_wb_clk_i_regs (net)
                      0.451619    0.046551    8.817227 ^ _8731_/CLK (sky130_fd_sc_hd__dfrtp_4)
     1    0.008864    0.061907    0.513744    9.330971 ^ _8731_/Q (sky130_fd_sc_hd__dfrtp_4)
                                                         mprj.team_04_Wrapper.team_04_WB.EN_VAL_REG (net)
                      0.061907    0.000647    9.331617 ^ hold2049/A (sky130_fd_sc_hd__dlygate4sd3_1)
     1    0.002622    0.051380    0.538314    9.869932 ^ hold2049/X (sky130_fd_sc_hd__dlygate4sd3_1)
                                                         net2986 (net)
                      0.051380    0.000174    9.870106 ^ hold1771/A (sky130_fd_sc_hd__dlygate4sd3_1)
     5    0.051569    0.503013    0.865125   10.735230 ^ hold1771/X (sky130_fd_sc_hd__dlygate4sd3_1)
                                                         net2708 (net)
                      0.503305    0.011182   10.746413 ^ hold639/A (sky130_fd_sc_hd__dlygate4sd3_1)
     7    0.096498    0.927691    1.239838   11.986251 ^ hold639/X (sky130_fd_sc_hd__dlygate4sd3_1)
                                                         net1576 (net)
                      0.927713    0.003920   11.990171 ^ hold1772/A (sky130_fd_sc_hd__dlygate4sd3_1)
     3    0.031288    0.313277    0.850081   12.840252 ^ hold1772/X (sky130_fd_sc_hd__dlygate4sd3_1)
                                                         net2709 (net)
                      0.313311    0.003391   12.843643 ^ mprj.team_04_Wrapper.team_04_WB.instance_to_wrap/en (team_04)
                                             12.843643   data arrival time

                                 50.000000   50.000000   clock clk (fall edge)
                                  4.650000   54.650002   clock source latency
     4    0.408279    0.610000    0.000000   54.650002 v wb_clk_i (in)
                                                         wb_clk_i (net)
                      1.763475    0.576737   55.226738 v clkbuf_0_wb_clk_i/A (sky130_fd_sc_hd__clkbuf_16)
     5    0.110469    0.121933    0.730328   55.957066 v clkbuf_0_wb_clk_i/X (sky130_fd_sc_hd__clkbuf_16)
                                                         clknet_0_wb_clk_i (net)
                      0.127950    0.022421   55.979485 v clkbuf_1_0_0_wb_clk_i/A (sky130_fd_sc_hd__clkbuf_8)
     3    0.069628    0.090082    0.213959   56.193443 v clkbuf_1_0_0_wb_clk_i/X (sky130_fd_sc_hd__clkbuf_8)
                                                         clknet_1_0_0_wb_clk_i (net)
                      0.101611    0.024336   56.217781 v clkbuf_1_0_1_wb_clk_i/A (sky130_fd_sc_hd__clkbuf_8)
    13    1.407728    1.394527    0.911498   57.129280 v clkbuf_1_0_1_wb_clk_i/X (sky130_fd_sc_hd__clkbuf_8)
                                                         clknet_1_0_1_wb_clk_i (net)
                      1.523167    0.324555   57.453835 v mprj.team_04_Wrapper.team_04_WB.instance_to_wrap/clk (team_04)
                                 -0.200000   57.253834   clock uncertainty
                                  0.920000   58.173832   clock reconvergence pessimism
                                -11.255480   46.918354   library setup time
                                             46.918354   data required time
---------------------------------------------------------------------------------------------
                                             46.918354   data required time
                                            -12.843643   data arrival time
---------------------------------------------------------------------------------------------
                                             34.074711   slack (MET)




===========================================================================
report_checks --slack_max -0.01
============================================================================
======================= max_tt_025C_1v80 Corner ===================================

No paths found.


===========================================================================
 report_check_types -max_slew -max_cap -max_fanout -violators
============================================================================
======================= max_tt_025C_1v80 Corner ===================================

max slew

Pin                                        Limit        Slew       Slack
------------------------------------------------------------------------
mprj.team_03_Wrapper.team_03_WB.instance_to_wrap/nrst    1.500000    4.523602   -3.023602 (VIOLATED)
ANTENNA_mprj.team_03_Wrapper.team_03_WB.instance_to_wrap_nrst/DIODE    1.500000    4.523435   -3.023435 (VIOLATED)
mprj.team_04_Wrapper.team_04_WB.instance_to_wrap/nrst    1.500000    4.482939   -2.982939 (VIOLATED)
ANTENNA_mprj.team_04_Wrapper.team_04_WB.instance_to_wrap_nrst/DIODE    1.500000    4.482512   -2.982513 (VIOLATED)
mprj.team_05_Wrapper.team_05_WB.instance_to_wrap/nrst    1.500000    4.286346   -2.786346 (VIOLATED)
ANTENNA_mprj.team_05_Wrapper.team_05_WB.instance_to_wrap_nrst/DIODE    1.500000    4.274387   -2.774387 (VIOLATED)
ANTENNA_mprj.team_02_Wrapper.team_02_WB.instance_to_wrap_nrst/DIODE    1.500000    3.906589   -2.406589 (VIOLATED)
mprj.team_02_Wrapper.team_02_WB.instance_to_wrap/nrst    1.500000    3.889086   -2.389086 (VIOLATED)
ANTENNA_mprj.team_07_Wrapper.team_07_WB.instance_to_wrap_gpio_in[18]/DIODE    1.500000    3.833718   -2.333718 (VIOLATED)
mprj.team_07_Wrapper.team_07_WB.instance_to_wrap/gpio_in[18]    1.500000    3.833673   -2.333673 (VIOLATED)
ANTENNA_mprj.team_05_Wrapper.team_05_WB.instance_to_wrap_gpio_in[21]/DIODE    1.500000    3.800951   -2.300951 (VIOLATED)
mprj.team_05_Wrapper.team_05_WB.instance_to_wrap/gpio_in[21]    1.500000    3.800885   -2.300885 (VIOLATED)
ANTENNA_mprj.team_08_Wrapper.team_08_WB.instance_to_wrap_gpio_in[13]/DIODE    1.500000    3.750987   -2.250987 (VIOLATED)
mprj.team_08_Wrapper.team_08_WB.instance_to_wrap/gpio_in[13]    1.500000    3.750987   -2.250987 (VIOLATED)
ANTENNA_mprj.team_08_Wrapper.team_08_WB.instance_to_wrap_gpio_in[3]/DIODE    1.500000    3.748365   -2.248365 (VIOLATED)
mprj.team_08_Wrapper.team_08_WB.instance_to_wrap/gpio_in[3]    1.500000    3.748304   -2.248304 (VIOLATED)
ANTENNA_mprj.team_02_Wrapper.team_02_WB.instance_to_wrap_gpio_in[21]/DIODE    1.500000    3.674566   -2.174566 (VIOLATED)
mprj.team_02_Wrapper.team_02_WB.instance_to_wrap/gpio_in[21]    1.500000    3.673635   -2.173635 (VIOLATED)
ANTENNA_mprj.team_08_Wrapper.team_08_WB.instance_to_wrap_gpio_in[8]/DIODE    1.500000    3.667053   -2.167053 (VIOLATED)
mprj.team_08_Wrapper.team_08_WB.instance_to_wrap/gpio_in[8]    1.500000    3.666982   -2.166982 (VIOLATED)
ANTENNA_mprj.team_08_Wrapper.team_08_WB.instance_to_wrap_gpio_in[7]/DIODE    1.500000    3.631380   -2.131381 (VIOLATED)
mprj.team_08_Wrapper.team_08_WB.instance_to_wrap/gpio_in[7]    1.500000    3.631354   -2.131355 (VIOLATED)
mprj.team_06_Wrapper.team_06_WB.instance_to_wrap/gpio_in[3]    1.500000    3.608999   -2.108999 (VIOLATED)
ANTENNA_mprj.team_06_Wrapper.team_06_WB.instance_to_wrap_gpio_in[3]/DIODE    1.500000    3.608482   -2.108482 (VIOLATED)
mprj.team_06_Wrapper.team_06_WB.instance_to_wrap/gpio_in[13]    1.500000    3.566756   -2.066756 (VIOLATED)
ANTENNA_mprj.team_11_Wrapper.team_11_WB.instance_to_wrap_gpio_in[18]/DIODE    1.500000    3.564506   -2.064506 (VIOLATED)
mprj.team_11_Wrapper.team_11_WB.instance_to_wrap/gpio_in[18]    1.500000    3.564322   -2.064322 (VIOLATED)
ANTENNA_mprj.team_06_Wrapper.team_06_WB.instance_to_wrap_gpio_in[13]/DIODE    1.500000    3.564188   -2.064188 (VIOLATED)
ANTENNA_mprj.team_11_Wrapper.team_11_WB.instance_to_wrap_gpio_in[32]/DIODE    1.500000    3.553577   -2.053577 (VIOLATED)
mprj.team_11_Wrapper.team_11_WB.instance_to_wrap/gpio_in[32]    1.500000    3.553367   -2.053367 (VIOLATED)
ANTENNA_mprj.team_02_Wrapper.team_02_WB.instance_to_wrap_gpio_in[13]/DIODE    1.500000    3.526645   -2.026645 (VIOLATED)
mprj.team_02_Wrapper.team_02_WB.instance_to_wrap/gpio_in[13]    1.500000    3.526612   -2.026612 (VIOLATED)
ANTENNA_mprj.team_02_Wrapper.team_02_WB.instance_to_wrap_gpio_in[3]/DIODE    1.500000    3.522345   -2.022346 (VIOLATED)
mprj.team_02_Wrapper.team_02_WB.instance_to_wrap/gpio_in[3]    1.500000    3.502471   -2.002471 (VIOLATED)
mprj.team_06_Wrapper.team_06_WB.instance_to_wrap/gpio_in[8]    1.500000    3.494320   -1.994320 (VIOLATED)
ANTENNA_mprj.team_06_Wrapper.team_06_WB.instance_to_wrap_gpio_in[8]/DIODE    1.500000    3.492115   -1.992116 (VIOLATED)
ANTENNA_mprj.team_09_Wrapper.team_09_WB.instance_to_wrap_gpio_in[5]/DIODE    1.500000    3.491043   -1.991043 (VIOLATED)
mprj.team_09_Wrapper.team_09_WB.instance_to_wrap/gpio_in[5]    1.500000    3.490992   -1.990992 (VIOLATED)
ANTENNA_mprj.team_06_Wrapper.team_06_WB.instance_to_wrap_gpio_in[7]/DIODE    1.500000    3.487533   -1.987533 (VIOLATED)
mprj.team_06_Wrapper.team_06_WB.instance_to_wrap/gpio_in[7]    1.500000    3.487514   -1.987514 (VIOLATED)
ANTENNA_mprj.team_06_Wrapper.team_06_WB.instance_to_wrap_gpio_in[21]/DIODE    1.500000    3.477277   -1.977277 (VIOLATED)
mprj.team_06_Wrapper.team_06_WB.instance_to_wrap/gpio_in[21]    1.500000    3.469615   -1.969615 (VIOLATED)
mprj.team_07_Wrapper.team_07_WB.instance_to_wrap/gpio_in[32]    1.500000    3.466509   -1.966509 (VIOLATED)
ANTENNA_mprj.team_07_Wrapper.team_07_WB.instance_to_wrap_gpio_in[32]/DIODE    1.500000    3.466391   -1.966391 (VIOLATED)
mprj.team_02_Wrapper.team_02_WB.instance_to_wrap/gpio_in[8]    1.500000    3.454106   -1.954106 (VIOLATED)
ANTENNA_mprj.team_02_Wrapper.team_02_WB.instance_to_wrap_gpio_in[8]/DIODE    1.500000    3.453745   -1.953745 (VIOLATED)
load_slew786/A                          1.500000    3.436312   -1.936312 (VIOLATED)
ANTENNA_mprj.team_05_Wrapper.team_05_WB.instance_to_wrap_gpio_in[13]/DIODE    1.500000    3.432996   -1.932996 (VIOLATED)
mprj.team_05_Wrapper.team_05_WB.instance_to_wrap/gpio_in[13]    1.500000    3.432880   -1.932880 (VIOLATED)
ANTENNA_mprj.team_05_Wrapper.team_05_WB.instance_to_wrap_gpio_in[3]/DIODE    1.500000    3.420064   -1.920065 (VIOLATED)
mprj.team_05_Wrapper.team_05_WB.instance_to_wrap/gpio_in[3]    1.500000    3.419885   -1.919885 (VIOLATED)
ANTENNA_load_slew786_A/DIODE            1.500000    3.417581   -1.917581 (VIOLATED)
mprj.team_06_Wrapper.team_06_WB.instance_to_wrap/nrst    1.500000    3.402466   -1.902466 (VIOLATED)
ANTENNA_mprj.team_06_Wrapper.team_06_WB.instance_to_wrap_nrst/DIODE    1.500000    3.402435   -1.902435 (VIOLATED)
mprj.team_10_Wrapper.team_10_WB.instance_to_wrap/gpio_in[33]    1.500000    3.393454   -1.893454 (VIOLATED)
ANTENNA_mprj.team_10_Wrapper.team_10_WB.instance_to_wrap_gpio_in[33]/DIODE    1.500000    3.393424   -1.893424 (VIOLATED)
mprj.team_12_Wrapper.team_12_WB.instance_to_wrap/gpio_in[5]    1.500000    3.378902   -1.878902 (VIOLATED)
ANTENNA_mprj.team_12_Wrapper.team_12_WB.instance_to_wrap_gpio_in[5]/DIODE    1.500000    3.378876   -1.878876 (VIOLATED)
mprj.team_01_Wrapper.team_01_WB.instance_to_wrap/gpio_in[27]    1.500000    3.369537   -1.869537 (VIOLATED)
ANTENNA_mprj.team_01_Wrapper.team_01_WB.instance_to_wrap_gpio_in[27]/DIODE    1.500000    3.369464   -1.869464 (VIOLATED)
ANTENNA_mprj.team_03_Wrapper.team_03_WB.instance_to_wrap_gpio_in[27]/DIODE    1.500000    3.362223   -1.862223 (VIOLATED)
ANTENNA_mprj.team_05_Wrapper.team_05_WB.instance_to_wrap_gpio_in[8]/DIODE    1.500000    3.362223   -1.862223 (VIOLATED)
mprj.team_05_Wrapper.team_05_WB.instance_to_wrap/gpio_in[8]    1.500000    3.361910   -1.861910 (VIOLATED)
mprj.team_03_Wrapper.team_03_WB.instance_to_wrap/gpio_in[27]    1.500000    3.361757   -1.861757 (VIOLATED)
mprj.team_07_Wrapper.team_07_WB.instance_to_wrap/gpio_in[33]    1.500000    3.359889   -1.859889 (VIOLATED)
ANTENNA_mprj.team_07_Wrapper.team_07_WB.instance_to_wrap_gpio_in[33]/DIODE    1.500000    3.356393   -1.856393 (VIOLATED)
ANTENNA_813/DIODE                       1.500000    3.305617   -1.805617 (VIOLATED)
ANTENNA_812/DIODE                       1.500000    3.300999   -1.800999 (VIOLATED)
ANTENNA_mprj.team_11_Wrapper.team_11_WB.instance_to_wrap_gpio_in[33]/DIODE    1.500000    3.299645   -1.799645 (VIOLATED)
mprj.team_11_Wrapper.team_11_WB.instance_to_wrap/gpio_in[33]    1.500000    3.299582   -1.799582 (VIOLATED)
ANTENNA_mprj.team_10_Wrapper.team_10_WB.instance_to_wrap_gpio_in[32]/DIODE    1.500000    3.295965   -1.795965 (VIOLATED)
ANTENNA_mprj.team_02_Wrapper.team_02_WB.instance_to_wrap_gpio_in[7]/DIODE    1.500000    3.290353   -1.790353 (VIOLATED)
mprj.team_10_Wrapper.team_10_WB.instance_to_wrap/gpio_in[32]    1.500000    3.277113   -1.777113 (VIOLATED)
mprj.team_02_Wrapper.team_02_WB.instance_to_wrap/gpio_in[7]    1.500000    3.276635   -1.776635 (VIOLATED)
mprj.team_01_Wrapper.team_01_WB.instance_to_wrap/gpio_in[28]    1.500000    3.273119   -1.773119 (VIOLATED)
ANTENNA_mprj.team_01_Wrapper.team_01_WB.instance_to_wrap_gpio_in[28]/DIODE    1.500000    3.273077   -1.773077 (VIOLATED)
ANTENNA_mprj.team_05_Wrapper.team_05_WB.instance_to_wrap_gpio_in[7]/DIODE    1.500000    3.246219   -1.746219 (VIOLATED)
mprj.team_05_Wrapper.team_05_WB.instance_to_wrap/gpio_in[7]    1.500000    3.246020   -1.746020 (VIOLATED)
ANTENNA_mprj.team_05_Wrapper.team_05_WB.instance_to_wrap_gpio_in[22]/DIODE    1.500000    3.231393   -1.731393 (VIOLATED)
mprj.team_05_Wrapper.team_05_WB.instance_to_wrap/gpio_in[22]    1.500000    3.231308   -1.731308 (VIOLATED)
mprj.team_04_Wrapper.team_04_WB.instance_to_wrap/gpio_in[8]    1.500000    3.221419   -1.721419 (VIOLATED)
ANTENNA_mprj.team_04_Wrapper.team_04_WB.instance_to_wrap_gpio_in[8]/DIODE    1.500000    3.220948   -1.720948 (VIOLATED)
ANTENNA_mprj.team_08_Wrapper.team_08_WB.instance_to_wrap_gpio_in[14]/DIODE    1.500000    3.218239   -1.718239 (VIOLATED)
mprj.team_08_Wrapper.team_08_WB.instance_to_wrap/gpio_in[14]    1.500000    3.218219   -1.718219 (VIOLATED)
ANTENNA_mprj.team_05_Wrapper.team_05_WB.instance_to_wrap_gpio_in[24]/DIODE    1.500000    3.201401   -1.701401 (VIOLATED)
mprj.team_05_Wrapper.team_05_WB.instance_to_wrap/gpio_in[24]    1.500000    3.201275   -1.701275 (VIOLATED)
ANTENNA_mprj.team_08_Wrapper.team_08_WB.instance_to_wrap_gpio_in[6]/DIODE    1.500000    3.196226   -1.696226 (VIOLATED)
mprj.team_08_Wrapper.team_08_WB.instance_to_wrap/gpio_in[6]    1.500000    3.196218   -1.696218 (VIOLATED)
ANTENNA_mprj.team_02_Wrapper.team_02_WB.instance_to_wrap_gpio_in[24]/DIODE    1.500000    3.173709   -1.673709 (VIOLATED)
mprj.team_02_Wrapper.team_02_WB.instance_to_wrap/gpio_in[24]    1.500000    3.173311   -1.673312 (VIOLATED)
mprj.team_06_Wrapper.team_06_WB.instance_to_wrap/gpio_in[6]    1.500000    3.158108   -1.658108 (VIOLATED)
ANTENNA_mprj.team_06_Wrapper.team_06_WB.instance_to_wrap_gpio_in[6]/DIODE    1.500000    3.156673   -1.656673 (VIOLATED)
mprj.team_03_Wrapper.team_03_WB.instance_to_wrap/gpio_in[28]    1.500000    3.152340   -1.652340 (VIOLATED)
ANTENNA_mprj.team_03_Wrapper.team_03_WB.instance_to_wrap_gpio_in[28]/DIODE    1.500000    3.151796   -1.651796 (VIOLATED)
ANTENNA_mprj.team_06_Wrapper.team_06_WB.instance_to_wrap_gpio_in[24]/DIODE    1.500000    3.138776   -1.638776 (VIOLATED)
mprj.team_06_Wrapper.team_06_WB.instance_to_wrap/gpio_in[24]    1.500000    3.138305   -1.638305 (VIOLATED)
ANTENNA_mprj.team_02_Wrapper.team_02_WB.instance_to_wrap_gpio_in[22]/DIODE    1.500000    3.117959   -1.617960 (VIOLATED)
mprj.team_02_Wrapper.team_02_WB.instance_to_wrap/gpio_in[22]    1.500000    3.111097   -1.611097 (VIOLATED)
ANTENNA_mprj.team_10_Wrapper.team_10_WB.instance_to_wrap_gpio_in[18]/DIODE    1.500000    3.104146   -1.604147 (VIOLATED)
mprj.team_10_Wrapper.team_10_WB.instance_to_wrap/gpio_in[18]    1.500000    3.082681   -1.582681 (VIOLATED)
ANTENNA_mprj.team_06_Wrapper.team_06_WB.instance_to_wrap_gpio_in[14]/DIODE    1.500000    3.068312   -1.568312 (VIOLATED)
mprj.team_06_Wrapper.team_06_WB.instance_to_wrap/gpio_in[14]    1.500000    3.067066   -1.567066 (VIOLATED)
ANTENNA_mprj.team_05_Wrapper.team_05_WB.instance_to_wrap_gpio_in[19]/DIODE    1.500000    3.063268   -1.563268 (VIOLATED)
mprj.team_05_Wrapper.team_05_WB.instance_to_wrap/gpio_in[19]    1.500000    3.063182   -1.563182 (VIOLATED)
mprj.team_04_Wrapper.team_04_WB.instance_to_wrap/gpio_in[28]    1.500000    3.043755   -1.543755 (VIOLATED)
ANTENNA_mprj.team_04_Wrapper.team_04_WB.instance_to_wrap_gpio_in[28]/DIODE    1.500000    3.043715   -1.543716 (VIOLATED)
ANTENNA_mprj.team_08_Wrapper.team_08_WB.instance_to_wrap_gpio_in[24]/DIODE    1.500000    3.017257   -1.517257 (VIOLATED)
mprj.team_08_Wrapper.team_08_WB.instance_to_wrap/gpio_in[24]    1.500000    3.007223   -1.507223 (VIOLATED)
ANTENNA_mprj.team_11_Wrapper.team_11_WB.instance_to_wrap_gpio_in[27]/DIODE    1.500000    2.971144   -1.471144 (VIOLATED)
mprj.team_11_Wrapper.team_11_WB.instance_to_wrap/gpio_in[27]    1.500000    2.970667   -1.470667 (VIOLATED)
mprj.team_12_Wrapper.team_12_WB.instance_to_wrap/clk    1.500000    2.968226   -1.468226 (VIOLATED)
ANTENNA_mprj.team_12_Wrapper.team_12_WB.instance_to_wrap_clk/DIODE    1.500000    2.966309   -1.466309 (VIOLATED)
ANTENNA_mprj.team_08_Wrapper.team_08_WB.instance_to_wrap_gpio_in[4]/DIODE    1.500000    2.961366   -1.461366 (VIOLATED)
mprj.team_08_Wrapper.team_08_WB.instance_to_wrap/gpio_in[4]    1.500000    2.961285   -1.461285 (VIOLATED)
mprj.team_06_Wrapper.team_06_WB.instance_to_wrap/gpio_in[22]    1.500000    2.958160   -1.458160 (VIOLATED)
ANTENNA_mprj.team_06_Wrapper.team_06_WB.instance_to_wrap_gpio_in[22]/DIODE    1.500000    2.957308   -1.457308 (VIOLATED)
ANTENNA_mprj.team_09_Wrapper.team_09_WB.instance_to_wrap_gpio_in[6]/DIODE    1.500000    2.953666   -1.453666 (VIOLATED)
mprj.team_09_Wrapper.team_09_WB.instance_to_wrap/gpio_in[6]    1.500000    2.953461   -1.453461 (VIOLATED)
ANTENNA_mprj.team_02_Wrapper.team_02_WB.instance_to_wrap_gpio_in[19]/DIODE    1.500000    2.950006   -1.450006 (VIOLATED)
mprj.team_02_Wrapper.team_02_WB.instance_to_wrap/gpio_in[19]    1.500000    2.949147   -1.449147 (VIOLATED)
ANTENNA_mprj.team_04_Wrapper.team_04_WB.instance_to_wrap_gpio_in[27]/DIODE    1.500000    2.944383   -1.444383 (VIOLATED)
mprj.team_04_Wrapper.team_04_WB.instance_to_wrap/gpio_in[27]    1.500000    2.943781   -1.443781 (VIOLATED)
ANTENNA_mprj.team_08_Wrapper.team_08_WB.instance_to_wrap_gpio_in[21]/DIODE    1.500000    2.936749   -1.436749 (VIOLATED)
ANTENNA_mprj.team_02_Wrapper.team_02_WB.instance_to_wrap_gpio_in[6]/DIODE    1.500000    2.922096   -1.422096 (VIOLATED)
mprj.team_08_Wrapper.team_08_WB.instance_to_wrap/gpio_in[21]    1.500000    2.914919   -1.414919 (VIOLATED)
mprj.team_07_Wrapper.team_07_WB.instance_to_wrap/gpio_in[27]    1.500000    2.913442   -1.413442 (VIOLATED)
ANTENNA_mprj.team_07_Wrapper.team_07_WB.instance_to_wrap_gpio_in[27]/DIODE    1.500000    2.913311   -1.413311 (VIOLATED)
mprj.team_02_Wrapper.team_02_WB.instance_to_wrap/gpio_in[6]    1.500000    2.890527   -1.390527 (VIOLATED)
_4244_/A0                               1.500000    2.888997   -1.388997 (VIOLATED)
ANTENNA__4244__A0/DIODE                 1.500000    2.888933   -1.388933 (VIOLATED)
ANTENNA__4250__B1/DIODE                 1.500000    2.888774   -1.388774 (VIOLATED)
_4250_/B1                               1.500000    2.888679   -1.388679 (VIOLATED)
ANTENNA_mprj.team_05_Wrapper.team_05_WB.instance_to_wrap_gpio_in[23]/DIODE    1.500000    2.885758   -1.385758 (VIOLATED)
mprj.team_05_Wrapper.team_05_WB.instance_to_wrap/gpio_in[23]    1.500000    2.885682   -1.385682 (VIOLATED)
ANTENNA_mprj.team_02_Wrapper.team_02_WB.instance_to_wrap_gpio_in[14]/DIODE    1.500000    2.884133   -1.384133 (VIOLATED)
mprj.team_08_Wrapper.team_08_WB.instance_to_wrap/gpio_in[12]    1.500000    2.874196   -1.374196 (VIOLATED)
ANTENNA_mprj.team_08_Wrapper.team_08_WB.instance_to_wrap_gpio_in[12]/DIODE    1.500000    2.874156   -1.374156 (VIOLATED)
mprj.team_02_Wrapper.team_02_WB.instance_to_wrap/gpio_in[14]    1.500000    2.872479   -1.372479 (VIOLATED)
ANTENNA_mprj.team_02_Wrapper.team_02_WB.instance_to_wrap_gpio_in[23]/DIODE    1.500000    2.864609   -1.364608 (VIOLATED)
mprj.team_02_Wrapper.team_02_WB.instance_to_wrap/gpio_in[23]    1.500000    2.864030   -1.364030 (VIOLATED)
mprj.team_03_Wrapper.team_03_WB.instance_to_wrap/gpio_in[22]    1.500000    2.861727   -1.361727 (VIOLATED)
ANTENNA_mprj.team_03_Wrapper.team_03_WB.instance_to_wrap_gpio_in[22]/DIODE    1.500000    2.861376   -1.361376 (VIOLATED)
ANTENNA_mprj.team_04_Wrapper.team_04_WB.instance_to_wrap_gpio_in[22]/DIODE    1.500000    2.856371   -1.356372 (VIOLATED)
mprj.team_04_Wrapper.team_04_WB.instance_to_wrap/gpio_in[22]    1.500000    2.855913   -1.355913 (VIOLATED)
ANTENNA_mprj.team_12_Wrapper.team_12_WB.instance_to_wrap_gpio_in[6]/DIODE    1.500000    2.848535   -1.348535 (VIOLATED)
mprj.team_12_Wrapper.team_12_WB.instance_to_wrap/gpio_in[6]    1.500000    2.848499   -1.348499 (VIOLATED)
mprj.team_06_Wrapper.team_06_WB.instance_to_wrap/gpio_in[23]    1.500000    2.833624   -1.333624 (VIOLATED)
ANTENNA_mprj.team_06_Wrapper.team_06_WB.instance_to_wrap_gpio_in[23]/DIODE    1.500000    2.832604   -1.332604 (VIOLATED)
mprj.team_06_Wrapper.team_06_WB.instance_to_wrap/gpio_in[4]    1.500000    2.828854   -1.328854 (VIOLATED)
ANTENNA_mprj.team_06_Wrapper.team_06_WB.instance_to_wrap_gpio_in[4]/DIODE    1.500000    2.828529   -1.328529 (VIOLATED)
ANTENNA_mprj.team_05_Wrapper.team_05_WB.instance_to_wrap_gpio_in[14]/DIODE    1.500000    2.813809   -1.313809 (VIOLATED)
mprj.team_05_Wrapper.team_05_WB.instance_to_wrap/gpio_in[14]    1.500000    2.813491   -1.313491 (VIOLATED)
ANTENNA_mprj.team_01_Wrapper.team_01_WB.instance_to_wrap_gpio_in[33]/DIODE    1.500000    2.812306   -1.312306 (VIOLATED)
mprj.team_01_Wrapper.team_01_WB.instance_to_wrap/gpio_in[33]    1.500000    2.812269   -1.312269 (VIOLATED)
ANTENNA__7556__A/DIODE                  1.500000    2.805699   -1.305699 (VIOLATED)
_7531_/A                                1.500000    2.805659   -1.305659 (VIOLATED)
_7556_/A                                1.500000    2.805659   -1.305659 (VIOLATED)
ANTENNA__7531__A/DIODE                  1.500000    2.805617   -1.305617 (VIOLATED)
_7555_/A                                1.500000    2.805512   -1.305512 (VIOLATED)
ANTENNA__7555__A/DIODE                  1.500000    2.805507   -1.305508 (VIOLATED)
_7558_/A                                1.500000    2.805418   -1.305418 (VIOLATED)
ANTENNA__7558__A/DIODE                  1.500000    2.805405   -1.305405 (VIOLATED)
mprj.team_06_Wrapper.team_06_WB.instance_to_wrap/gpio_in[19]    1.500000    2.804578   -1.304578 (VIOLATED)
ANTENNA_mprj.team_06_Wrapper.team_06_WB.instance_to_wrap_gpio_in[19]/DIODE    1.500000    2.803963   -1.303963 (VIOLATED)
hold218/X                               1.495067    2.787554   -1.292487 (VIOLATED)
ANTENNA_319/DIODE                       1.500000    2.792136   -1.292136 (VIOLATED)
ANTENNA_659/DIODE                       1.500000    2.792049   -1.292049 (VIOLATED)
ANTENNA_780/DIODE                       1.500000    2.791967   -1.291967 (VIOLATED)
ANTENNA_318/DIODE                       1.500000    2.791761   -1.291761 (VIOLATED)
ANTENNA_658/DIODE                       1.500000    2.791748   -1.291748 (VIOLATED)
ANTENNA_779/DIODE                       1.500000    2.791672   -1.291672 (VIOLATED)
_6527_/A1                               1.500000    2.791121   -1.291121 (VIOLATED)
ANTENNA__6527__A1/DIODE                 1.500000    2.791075   -1.291075 (VIOLATED)
ANTENNA_fanout586_A/DIODE               1.500000    2.788241   -1.288241 (VIOLATED)
fanout586/A                             1.500000    2.788240   -1.288240 (VIOLATED)
ANTENNA_fanout585_A/DIODE               1.500000    2.787644   -1.287645 (VIOLATED)
ANTENNA_hold218_X/DIODE                 1.500000    2.787644   -1.287644 (VIOLATED)
fanout585/A                             1.500000    2.787575   -1.287575 (VIOLATED)
_5033_/A0                               1.500000    2.760641   -1.260641 (VIOLATED)
ANTENNA__5033__A0/DIODE                 1.500000    2.760617   -1.260617 (VIOLATED)
ANTENNA__5039__A2/DIODE                 1.500000    2.760472   -1.260472 (VIOLATED)
_5039_/A2                               1.500000    2.760462   -1.260462 (VIOLATED)
mprj.team_09_Wrapper.team_09_WB.instance_to_wrap/clk    1.500000    2.753230   -1.253230 (VIOLATED)
ANTENNA_mprj.team_09_Wrapper.team_09_WB.instance_to_wrap_clk/DIODE    1.500000    2.752394   -1.252394 (VIOLATED)
ANTENNA_mprj.team_10_Wrapper.team_10_WB.instance_to_wrap_gpio_in[27]/DIODE    1.500000    2.749157   -1.249157 (VIOLATED)
mprj.team_10_Wrapper.team_10_WB.instance_to_wrap/gpio_in[27]    1.500000    2.738185   -1.238185 (VIOLATED)
_4397_/A0                               1.500000    2.721638   -1.221638 (VIOLATED)
ANTENNA__4397__A0/DIODE                 1.500000    2.721608   -1.221608 (VIOLATED)
ANTENNA_16/DIODE                        1.500000    2.721451   -1.221451 (VIOLATED)
ANTENNA__4403__B1/DIODE                 1.500000    2.721347   -1.221347 (VIOLATED)
_4403_/B1                               1.500000    2.721241   -1.221241 (VIOLATED)
ANTENNA_17/DIODE                        1.500000    2.720936   -1.220936 (VIOLATED)
mprj.team_10_Wrapper.team_10_WB.instance_to_wrap/gpio_in[5]    1.500000    2.720390   -1.220390 (VIOLATED)
ANTENNA_mprj.team_08_Wrapper.team_08_WB.instance_to_wrap_gpio_in[23]/DIODE    1.500000    2.719598   -1.219598 (VIOLATED)
mprj.team_06_Wrapper.team_06_WB.instance_to_wrap/gpio_in[12]    1.500000    2.717377   -1.217377 (VIOLATED)
ANTENNA_mprj.team_06_Wrapper.team_06_WB.instance_to_wrap_gpio_in[12]/DIODE    1.500000    2.715510   -1.215510 (VIOLATED)
ANTENNA_mprj.team_05_Wrapper.team_05_WB.instance_to_wrap_gpio_in[26]/DIODE    1.500000    2.707047   -1.207047 (VIOLATED)
mprj.team_05_Wrapper.team_05_WB.instance_to_wrap/gpio_in[26]    1.500000    2.706982   -1.206982 (VIOLATED)
mprj.team_08_Wrapper.team_08_WB.instance_to_wrap/gpio_in[23]    1.500000    2.701970   -1.201970 (VIOLATED)
ANTENNA__4271__A0/DIODE                 1.500000    2.700775   -1.200775 (VIOLATED)
ANTENNA__4283__A2/DIODE                 1.500000    2.700763   -1.200763 (VIOLATED)
_4271_/A0                               1.500000    2.700716   -1.200716 (VIOLATED)
_4283_/A2                               1.500000    2.700714   -1.200714 (VIOLATED)
mprj.team_01_Wrapper.team_01_WB.instance_to_wrap/gpio_in[31]    1.500000    2.698807   -1.198807 (VIOLATED)
ANTENNA_mprj.team_01_Wrapper.team_01_WB.instance_to_wrap_gpio_in[31]/DIODE    1.500000    2.698792   -1.198792 (VIOLATED)
ANTENNA_mprj.team_10_Wrapper.team_10_WB.instance_to_wrap_gpio_in[5]/DIODE    1.500000    2.694519   -1.194519 (VIOLATED)
ANTENNA__6498__A/DIODE                  1.500000    2.688834   -1.188834 (VIOLATED)
_6498_/A                                1.500000    2.688811   -1.188811 (VIOLATED)
ANTENNA_mprj.team_05_Wrapper.team_05_WB.instance_to_wrap_gpio_in[20]/DIODE    1.500000    2.681258   -1.181258 (VIOLATED)
mprj.team_05_Wrapper.team_05_WB.instance_to_wrap/gpio_in[20]    1.500000    2.681134   -1.181134 (VIOLATED)
mprj.team_03_Wrapper.team_03_WB.instance_to_wrap/gpio_in[31]    1.500000    2.680530   -1.180530 (VIOLATED)
ANTENNA_757/DIODE                       1.500000    2.680462   -1.180462 (VIOLATED)
ANTENNA_mprj.team_03_Wrapper.team_03_WB.instance_to_wrap_gpio_in[31]/DIODE    1.500000    2.679945   -1.179945 (VIOLATED)
ANTENNA_mprj.team_02_Wrapper.team_02_WB.instance_to_wrap_gpio_in[26]/DIODE    1.500000    2.674594   -1.174594 (VIOLATED)
mprj.team_02_Wrapper.team_02_WB.instance_to_wrap/gpio_in[26]    1.500000    2.674331   -1.174332 (VIOLATED)
_4284_/A2                               1.500000    2.671822   -1.171822 (VIOLATED)
ANTENNA__4284__A2/DIODE                 1.500000    2.671809   -1.171809 (VIOLATED)
_4277_/A0                               1.500000    2.671759   -1.171759 (VIOLATED)
ANTENNA__4277__A0/DIODE                 1.500000    2.671757   -1.171757 (VIOLATED)
_7916_/A                                1.500000    2.671541   -1.171541 (VIOLATED)
ANTENNA_217/DIODE                       1.500000    2.671474   -1.171474 (VIOLATED)
ANTENNA__7916__A/DIODE                  1.500000    2.671348   -1.171348 (VIOLATED)
ANTENNA_218/DIODE                       1.500000    2.671268   -1.171268 (VIOLATED)
ANTENNA_750/DIODE                       1.500000    2.667422   -1.167422 (VIOLATED)
ANTENNA_mprj.team_06_Wrapper.team_06_WB.instance_to_wrap_gpio_in[18]/DIODE    1.500000    2.663441   -1.163441 (VIOLATED)
mprj.team_06_Wrapper.team_06_WB.instance_to_wrap/gpio_in[18]    1.500000    2.663410   -1.163410 (VIOLATED)
ANTENNA_755/DIODE                       1.500000    2.656903   -1.156903 (VIOLATED)
mprj.team_04_Wrapper.team_04_WB.instance_to_wrap/gpio_in[7]    1.500000    2.656852   -1.156852 (VIOLATED)
ANTENNA_mprj.team_04_Wrapper.team_04_WB.instance_to_wrap_gpio_in[7]/DIODE    1.500000    2.656407   -1.156407 (VIOLATED)
mprj.team_04_Wrapper.team_04_WB.instance_to_wrap/gpio_in[26]    1.500000    2.652775   -1.152775 (VIOLATED)
ANTENNA_mprj.team_04_Wrapper.team_04_WB.instance_to_wrap_gpio_in[26]/DIODE    1.500000    2.652680   -1.152680 (VIOLATED)
_4430_/A2                               1.500000    2.647870   -1.147870 (VIOLATED)
_4424_/A0                               1.500000    2.647820   -1.147821 (VIOLATED)
ANTENNA__4430__A2/DIODE                 1.500000    2.647719   -1.147719 (VIOLATED)
ANTENNA__4424__A0/DIODE                 1.500000    2.647686   -1.147686 (VIOLATED)
ANTENNA_752/DIODE                       1.500000    2.645701   -1.145702 (VIOLATED)
mprj.team_06_Wrapper.team_06_WB.instance_to_wrap/gpio_in[26]    1.500000    2.639034   -1.139034 (VIOLATED)
ANTENNA_mprj.team_06_Wrapper.team_06_WB.instance_to_wrap_gpio_in[26]/DIODE    1.500000    2.638613   -1.138613 (VIOLATED)
ANTENNA_379/DIODE                       1.500000    2.636093   -1.136093 (VIOLATED)
ANTENNA_378/DIODE                       1.500000    2.636055   -1.136055 (VIOLATED)
ANTENNA_377/DIODE                       1.500000    2.635990   -1.135991 (VIOLATED)
ANTENNA__7886__A1/DIODE                 1.500000    2.635931   -1.135931 (VIOLATED)
_7886_/A1                               1.500000    2.635894   -1.135894 (VIOLATED)
_4409_/A0                               1.500000    2.633561   -1.133561 (VIOLATED)
ANTENNA__4409__A0/DIODE                 1.500000    2.633483   -1.133483 (VIOLATED)
_4415_/B1                               1.500000    2.633452   -1.133452 (VIOLATED)
ANTENNA__4415__B1/DIODE                 1.500000    2.633357   -1.133357 (VIOLATED)
ANTENNA__4391__B1/DIODE                 1.500000    2.629328   -1.129328 (VIOLATED)
_4391_/B1                               1.500000    2.629311   -1.129311 (VIOLATED)
ANTENNA__4385__A0/DIODE                 1.500000    2.629236   -1.129236 (VIOLATED)
_4385_/A0                               1.500000    2.629108   -1.129108 (VIOLATED)
ANTENNA_34/DIODE                        1.500000    2.625615   -1.125615 (VIOLATED)
_4656_/A0                               1.500000    2.625608   -1.125609 (VIOLATED)
ANTENNA__4656__A0/DIODE                 1.500000    2.625556   -1.125556 (VIOLATED)
_4662_/B1                               1.500000    2.625527   -1.125528 (VIOLATED)
ANTENNA__4662__B1/DIODE                 1.500000    2.625280   -1.125280 (VIOLATED)
ANTENNA_mprj.team_01_Wrapper.team_01_WB.instance_to_wrap_gpio_in[30]/DIODE    1.500000    2.618472   -1.118472 (VIOLATED)
mprj.team_01_Wrapper.team_01_WB.instance_to_wrap/gpio_in[30]    1.500000    2.618365   -1.118365 (VIOLATED)
ANTENNA_mprj.team_01_Wrapper.team_01_WB.instance_to_wrap_ADR_O[28]/DIODE    1.500000    2.617708   -1.117708 (VIOLATED)
mprj.team_01_Wrapper.team_01_WB.instance_to_wrap/ADR_O[28]    1.500000    2.617708   -1.117708 (VIOLATED)
ANTENNA_mprj.team_08_Wrapper.team_08_WB.instance_to_wrap_gpio_in[11]/DIODE    1.500000    2.611690   -1.111690 (VIOLATED)
mprj.team_08_Wrapper.team_08_WB.instance_to_wrap/nrst    1.500000    2.611605   -1.111606 (VIOLATED)
mprj.team_08_Wrapper.team_08_WB.instance_to_wrap/gpio_in[11]    1.500000    2.611463   -1.111463 (VIOLATED)
ANTENNA_mprj.team_08_Wrapper.team_08_WB.instance_to_wrap_nrst/DIODE    1.500000    2.611422   -1.111422 (VIOLATED)
mprj.team_09_Wrapper.team_09_WB.instance_to_wrap/gpio_in[3]    1.500000    2.603331   -1.103331 (VIOLATED)
ANTENNA_mprj.team_09_Wrapper.team_09_WB.instance_to_wrap_gpio_in[3]/DIODE    1.500000    2.602927   -1.102927 (VIOLATED)
ANTENNA__4372__A0/DIODE                 1.500000    2.601802   -1.101802 (VIOLATED)
_4372_/A0                               1.500000    2.601730   -1.101730 (VIOLATED)
_4378_/A2                               1.500000    2.601427   -1.101427 (VIOLATED)
ANTENNA__4378__A2/DIODE                 1.500000    2.601241   -1.101241 (VIOLATED)
ANTENNA_mprj.team_08_Wrapper.team_08_WB.instance_to_wrap_gpio_in[5]/DIODE    1.500000    2.600635   -1.100635 (VIOLATED)
mprj.team_08_Wrapper.team_08_WB.instance_to_wrap/gpio_in[5]    1.500000    2.600568   -1.100568 (VIOLATED)
ANTENNA_756/DIODE                       1.500000    2.599570   -1.099570 (VIOLATED)
ANTENNA_mprj.team_09_Wrapper.team_09_WB.instance_to_wrap_gpio_in[9]/DIODE    1.500000    2.599566   -1.099566 (VIOLATED)
mprj.team_09_Wrapper.team_09_WB.instance_to_wrap/gpio_in[9]    1.500000    2.599458   -1.099458 (VIOLATED)
ANTENNA_mprj.team_05_Wrapper.team_05_WB.instance_to_wrap_gpio_in[6]/DIODE    1.500000    2.595461   -1.095461 (VIOLATED)
mprj.team_05_Wrapper.team_05_WB.instance_to_wrap/gpio_in[6]    1.500000    2.595299   -1.095299 (VIOLATED)
ANTENNA__7912__A/DIODE                  1.500000    2.593755   -1.093755 (VIOLATED)
_7912_/A                                1.500000    2.593632   -1.093632 (VIOLATED)
_7953_/A1                               1.500000    2.590801   -1.090801 (VIOLATED)
ANTENNA__7953__A1/DIODE                 1.500000    2.590708   -1.090709 (VIOLATED)
ANTENNA_mprj.team_02_Wrapper.team_02_WB.instance_to_wrap_gpio_in[20]/DIODE    1.500000    2.580808   -1.080808 (VIOLATED)
mprj.team_02_Wrapper.team_02_WB.instance_to_wrap/gpio_in[20]    1.500000    2.578607   -1.078607 (VIOLATED)
_7975_/A1                               1.500000    2.578451   -1.078451 (VIOLATED)
ANTENNA__7975__A1/DIODE                 1.500000    2.578326   -1.078326 (VIOLATED)
ANTENNA_751/DIODE                       1.500000    2.578001   -1.078001 (VIOLATED)
ANTENNA_337/DIODE                       1.500000    2.577618   -1.077618 (VIOLATED)
ANTENNA_338/DIODE                       1.500000    2.577594   -1.077594 (VIOLATED)
_8014_/A                                1.500000    2.575774   -1.075774 (VIOLATED)
ANTENNA__8014__A/DIODE                  1.500000    2.575684   -1.075684 (VIOLATED)
mprj.team_04_Wrapper.team_04_WB.instance_to_wrap/gpio_in[31]    1.500000    2.575665   -1.075665 (VIOLATED)
ANTENNA_mprj.team_04_Wrapper.team_04_WB.instance_to_wrap_gpio_in[31]/DIODE    1.500000    2.575483   -1.075483 (VIOLATED)
ANTENNA_753/DIODE                       1.500000    2.571585   -1.071585 (VIOLATED)
ANTENNA_mprj.team_08_Wrapper.team_08_WB.instance_to_wrap_gpio_in[17]/DIODE    1.500000    2.564480   -1.064480 (VIOLATED)
mprj.team_08_Wrapper.team_08_WB.instance_to_wrap/gpio_in[17]    1.500000    2.564463   -1.064463 (VIOLATED)
ANTENNA_mprj.team_11_Wrapper.team_11_WB.instance_to_wrap_gpio_in[30]/DIODE    1.500000    2.563516   -1.063516 (VIOLATED)
mprj.team_11_Wrapper.team_11_WB.instance_to_wrap/gpio_in[30]    1.500000    2.563450   -1.063450 (VIOLATED)
_7970_/B2                               1.500000    2.561620   -1.061620 (VIOLATED)
ANTENNA__7970__B2/DIODE                 1.500000    2.561577   -1.061577 (VIOLATED)
_4447_/A2                               1.500000    2.560168   -1.060168 (VIOLATED)
ANTENNA__4441__A0/DIODE                 1.500000    2.560110   -1.060110 (VIOLATED)
ANTENNA_18/DIODE                        1.500000    2.560089   -1.060089 (VIOLATED)
ANTENNA__4447__A2/DIODE                 1.500000    2.560071   -1.060071 (VIOLATED)
_4441_/A0                               1.500000    2.559766   -1.059766 (VIOLATED)
ANTENNA_mprj.team_03_Wrapper.team_03_WB.instance_to_wrap_gpio_in[30]/DIODE    1.500000    2.559173   -1.059173 (VIOLATED)
mprj.team_03_Wrapper.team_03_WB.instance_to_wrap/gpio_in[30]    1.500000    2.559167   -1.059167 (VIOLATED)
_4255_/A0                               1.500000    2.558306   -1.058306 (VIOLATED)
ANTENNA__4255__A0/DIODE                 1.500000    2.558235   -1.058235 (VIOLATED)
ANTENNA__4261__A2/DIODE                 1.500000    2.558180   -1.058180 (VIOLATED)
_4261_/A2                               1.500000    2.558051   -1.058051 (VIOLATED)
ANTENNA_mprj.team_02_Wrapper.team_02_WB.instance_to_wrap_gpio_in[12]/DIODE    1.500000    2.549915   -1.049915 (VIOLATED)
mprj.team_02_Wrapper.team_02_WB.instance_to_wrap/gpio_in[12]    1.500000    2.549906   -1.049907 (VIOLATED)
mprj.team_08_Wrapper.team_08_WB.instance_to_wrap/clk    1.500000    2.548905   -1.048905 (VIOLATED)
ANTENNA_mprj.team_08_Wrapper.team_08_WB.instance_to_wrap_clk/DIODE    1.500000    2.548831   -1.048831 (VIOLATED)
ANTENNA_754/DIODE                       1.500000    2.548235   -1.048235 (VIOLATED)
mprj.team_05_Wrapper.team_05_WB.instance_to_wrap/gpio_in[31]    1.500000    2.538723   -1.038724 (VIOLATED)
ANTENNA_mprj.team_05_Wrapper.team_05_WB.instance_to_wrap_gpio_in[31]/DIODE    1.500000    2.538212   -1.038212 (VIOLATED)
ANTENNA__4776__A0/DIODE                 1.500000    2.536278   -1.036278 (VIOLATED)
_4776_/A0                               1.500000    2.536273   -1.036273 (VIOLATED)
ANTENNA__4782__A2/DIODE                 1.500000    2.536189   -1.036189 (VIOLATED)
_4782_/A2                               1.500000    2.536170   -1.036170 (VIOLATED)
_6542_/A1                               1.500000    2.531480   -1.031480 (VIOLATED)
ANTENNA__6542__A1/DIODE                 1.500000    2.531430   -1.031430 (VIOLATED)
ANTENNA_mprj.team_01_Wrapper.team_01_WB.instance_to_wrap_ADR_O[29]/DIODE    1.500000    2.531014   -1.031014 (VIOLATED)
mprj.team_01_Wrapper.team_01_WB.instance_to_wrap/ADR_O[29]    1.500000    2.530979   -1.030979 (VIOLATED)
ANTENNA_mprj.team_04_Wrapper.team_04_WB.instance_to_wrap_gpio_in[13]/DIODE    1.500000    2.522123   -1.022123 (VIOLATED)
mprj.team_06_Wrapper.team_06_WB.instance_to_wrap/gpio_in[5]    1.500000    2.521014   -1.021014 (VIOLATED)
ANTENNA_mprj.team_06_Wrapper.team_06_WB.instance_to_wrap_gpio_in[5]/DIODE    1.500000    2.520662   -1.020662 (VIOLATED)
mprj.team_02_Wrapper.team_02_WB.instance_to_wrap/gpio_in[4]    1.500000    2.517805   -1.017805 (VIOLATED)
ANTENNA_mprj.team_02_Wrapper.team_02_WB.instance_to_wrap_gpio_in[4]/DIODE    1.500000    2.517668   -1.017668 (VIOLATED)
ANTENNA_mprj.team_08_Wrapper.team_08_WB.instance_to_wrap_gpio_in[10]/DIODE    1.500000    2.515804   -1.015804 (VIOLATED)
ANTENNA_mprj.team_01_Wrapper.team_01_WB.instance_to_wrap_DAT_O[0]/DIODE    1.500000    2.515696   -1.015696 (VIOLATED)
mprj.team_01_Wrapper.team_01_WB.instance_to_wrap/DAT_O[0]    1.500000    2.515696   -1.015696 (VIOLATED)
mprj.team_08_Wrapper.team_08_WB.instance_to_wrap/gpio_in[10]    1.500000    2.515675   -1.015675 (VIOLATED)
ANTENNA_mprj.team_08_Wrapper.team_08_WB.instance_to_wrap_gpio_in[26]/DIODE    1.500000    2.508978   -1.008978 (VIOLATED)
ANTENNA_mprj.team_04_Wrapper.team_04_WB.instance_to_wrap_gpio_in[3]/DIODE    1.500000    2.507102   -1.007102 (VIOLATED)
ANTENNA_mprj.team_05_Wrapper.team_05_WB.instance_to_wrap_gpio_in[28]/DIODE    1.500000    2.505946   -1.005946 (VIOLATED)
mprj.team_05_Wrapper.team_05_WB.instance_to_wrap/gpio_in[28]    1.500000    2.505873   -1.005873 (VIOLATED)
mprj.team_08_Wrapper.team_08_WB.instance_to_wrap/gpio_in[18]    1.500000    2.504288   -1.004288 (VIOLATED)
ANTENNA_mprj.team_08_Wrapper.team_08_WB.instance_to_wrap_gpio_in[18]/DIODE    1.500000    2.501920   -1.001920 (VIOLATED)
_7866_/A                                1.500000    2.495787   -0.995787 (VIOLATED)
ANTENNA__7866__A/DIODE                  1.500000    2.495711   -0.995711 (VIOLATED)
mprj.team_08_Wrapper.team_08_WB.instance_to_wrap/gpio_in[22]    1.500000    2.492961   -0.992961 (VIOLATED)
mprj.team_04_Wrapper.team_04_WB.instance_to_wrap/gpio_in[13]    1.500000    2.492002   -0.992002 (VIOLATED)
ANTENNA_mprj.team_11_Wrapper.team_11_WB.instance_to_wrap_gpio_in[31]/DIODE    1.500000    2.491671   -0.991671 (VIOLATED)
mprj.team_11_Wrapper.team_11_WB.instance_to_wrap/gpio_in[31]    1.500000    2.491605   -0.991605 (VIOLATED)
ANTENNA_mprj.team_06_Wrapper.team_06_WB.instance_to_wrap_gpio_in[11]/DIODE    1.500000    2.489541   -0.989541 (VIOLATED)
ANTENNA_mprj.team_12_Wrapper.team_12_WB.instance_to_wrap_gpio_in[3]/DIODE    1.500000    2.486045   -0.986045 (VIOLATED)
mprj.team_12_Wrapper.team_12_WB.instance_to_wrap/gpio_in[3]    1.500000    2.486034   -0.986034 (VIOLATED)
_7935_/A                                1.500000    2.484261   -0.984261 (VIOLATED)
ANTENNA__7935__A/DIODE                  1.500000    2.484215   -0.984215 (VIOLATED)
mprj.team_08_Wrapper.team_08_WB.instance_to_wrap/gpio_in[26]    1.500000    2.483371   -0.983372 (VIOLATED)
_7989_/A1                               1.500000    2.481290   -0.981290 (VIOLATED)
ANTENNA__7989__A1/DIODE                 1.500000    2.481082   -0.981083 (VIOLATED)
_4599_/A0                               1.500000    2.480011   -0.980011 (VIOLATED)
_4605_/A2                               1.500000    2.479969   -0.979969 (VIOLATED)
ANTENNA__4599__A0/DIODE                 1.500000    2.479968   -0.979968 (VIOLATED)
ANTENNA__4605__A2/DIODE                 1.500000    2.479940   -0.979940 (VIOLATED)
mprj.team_06_Wrapper.team_06_WB.instance_to_wrap/gpio_in[11]    1.500000    2.479410   -0.979410 (VIOLATED)
mprj.team_07_Wrapper.team_07_WB.instance_to_wrap/gpio_in[30]    1.500000    2.479058   -0.979058 (VIOLATED)
ANTENNA_mprj.team_07_Wrapper.team_07_WB.instance_to_wrap_gpio_in[30]/DIODE    1.500000    2.479042   -0.979042 (VIOLATED)
ANTENNA__4433__A0/DIODE                 1.500000    2.475576   -0.975576 (VIOLATED)
_4433_/A0                               1.500000    2.475492   -0.975492 (VIOLATED)
ANTENNA__4439__A2/DIODE                 1.500000    2.475211   -0.975211 (VIOLATED)
_4439_/A2                               1.500000    2.475073   -0.975073 (VIOLATED)
ANTENNA_mprj.team_04_Wrapper.team_04_WB.instance_to_wrap_gpio_in[25]/DIODE    1.500000    2.472435   -0.972435 (VIOLATED)
mprj.team_04_Wrapper.team_04_WB.instance_to_wrap/gpio_in[25]    1.500000    2.472053   -0.972053 (VIOLATED)
ANTENNA_mprj.team_01_Wrapper.team_01_WB.instance_to_wrap_ADR_O[27]/DIODE    1.500000    2.468555   -0.968555 (VIOLATED)
mprj.team_01_Wrapper.team_01_WB.instance_to_wrap/ADR_O[27]    1.500000    2.468452   -0.968452 (VIOLATED)
ANTENNA_mprj.team_05_Wrapper.team_05_WB.instance_to_wrap_gpio_in[25]/DIODE    1.500000    2.467171   -0.967171 (VIOLATED)
mprj.team_05_Wrapper.team_05_WB.instance_to_wrap/gpio_in[25]    1.500000    2.466938   -0.966938 (VIOLATED)
ANTENNA__4367__A2/DIODE                 1.500000    2.465107   -0.965107 (VIOLATED)
_4367_/A2                               1.500000    2.465075   -0.965075 (VIOLATED)
ANTENNA__4361__A0/DIODE                 1.500000    2.464865   -0.964865 (VIOLATED)
_4361_/A0                               1.500000    2.464785   -0.964785 (VIOLATED)
ANTENNA_mprj.team_08_Wrapper.team_08_WB.instance_to_wrap_gpio_in[22]/DIODE    1.500000    2.464781   -0.964781 (VIOLATED)
mprj.team_06_Wrapper.team_06_WB.instance_to_wrap/gpio_in[17]    1.500000    2.462566   -0.962566 (VIOLATED)
ANTENNA_mprj.team_06_Wrapper.team_06_WB.instance_to_wrap_gpio_in[17]/DIODE    1.500000    2.462511   -0.962511 (VIOLATED)
mprj.team_03_Wrapper.team_03_WB.instance_to_wrap/gpio_in[25]    1.500000    2.459649   -0.959650 (VIOLATED)
ANTENNA_mprj.team_03_Wrapper.team_03_WB.instance_to_wrap_gpio_in[25]/DIODE    1.500000    2.459594   -0.959594 (VIOLATED)
ANTENNA_mprj.team_02_Wrapper.team_02_WB.instance_to_wrap_gpio_out[21]/DIODE    1.500000    2.457149   -0.957149 (VIOLATED)
mprj.team_02_Wrapper.team_02_WB.instance_to_wrap/gpio_out[21]    1.500000    2.456976   -0.956976 (VIOLATED)
ANTENNA_mprj.team_01_Wrapper.team_01_WB.instance_to_wrap_ADR_O[10]/DIODE    1.500000    2.452155   -0.952155 (VIOLATED)
mprj.team_01_Wrapper.team_01_WB.instance_to_wrap/ADR_O[10]    1.500000    2.452021   -0.952021 (VIOLATED)
mprj.team_04_Wrapper.team_04_WB.instance_to_wrap/gpio_in[30]    1.500000    2.450367   -0.950367 (VIOLATED)
mprj.team_07_Wrapper.team_07_WB.instance_to_wrap/gpio_in[31]    1.500000    2.450149   -0.950149 (VIOLATED)
ANTENNA_mprj.team_07_Wrapper.team_07_WB.instance_to_wrap_gpio_in[31]/DIODE    1.500000    2.450057   -0.950057 (VIOLATED)
ANTENNA_mprj.team_04_Wrapper.team_04_WB.instance_to_wrap_gpio_in[30]/DIODE    1.500000    2.449720   -0.949720 (VIOLATED)
ANTENNA_mprj.team_07_Wrapper.team_07_WB.instance_to_wrap_clk/DIODE    1.500000    2.445265   -0.945265 (VIOLATED)
mprj.team_07_Wrapper.team_07_WB.instance_to_wrap/clk    1.500000    2.445215   -0.945215 (VIOLATED)
ANTENNA_mprj.team_05_Wrapper.team_05_WB.instance_to_wrap_gpio_in[27]/DIODE    1.500000    2.445149   -0.945149 (VIOLATED)
mprj.team_05_Wrapper.team_05_WB.instance_to_wrap/gpio_in[27]    1.500000    2.445043   -0.945043 (VIOLATED)
ANTENNA_mprj.team_12_Wrapper.team_12_WB.instance_to_wrap_gpio_in[9]/DIODE    1.500000    2.444262   -0.944262 (VIOLATED)
mprj.team_12_Wrapper.team_12_WB.instance_to_wrap/gpio_in[9]    1.500000    2.444234   -0.944234 (VIOLATED)
mprj.team_02_Wrapper.team_02_WB.instance_to_wrap/gpio_in[5]    1.500000    2.443627   -0.943627 (VIOLATED)
ANTENNA_mprj.team_02_Wrapper.team_02_WB.instance_to_wrap_gpio_in[5]/DIODE    1.500000    2.443463   -0.943463 (VIOLATED)
ANTENNA__4356__A2/DIODE                 1.500000    2.431469   -0.931469 (VIOLATED)
_4356_/A2                               1.500000    2.431453   -0.931453 (VIOLATED)
ANTENNA__4350__A0/DIODE                 1.500000    2.431202   -0.931202 (VIOLATED)
_4350_/A0                               1.500000    2.431163   -0.931163 (VIOLATED)
ANTENNA_mprj.team_05_Wrapper.team_05_WB.instance_to_wrap_gpio_in[5]/DIODE    1.500000    2.428473   -0.928473 (VIOLATED)
mprj.team_05_Wrapper.team_05_WB.instance_to_wrap/gpio_in[5]    1.500000    2.428207   -0.928208 (VIOLATED)
ANTENNA_mprj.team_05_Wrapper.team_05_WB.instance_to_wrap_gpio_in[29]/DIODE    1.500000    2.427589   -0.927589 (VIOLATED)
mprj.team_05_Wrapper.team_05_WB.instance_to_wrap/gpio_in[29]    1.500000    2.427520   -0.927520 (VIOLATED)
ANTENNA_mprj.team_04_Wrapper.team_04_WB.instance_to_wrap_clk/DIODE    1.500000    2.426296   -0.926296 (VIOLATED)
mprj.team_04_Wrapper.team_04_WB.instance_to_wrap/clk    1.500000    2.426245   -0.926245 (VIOLATED)
ANTENNA_mprj.team_01_Wrapper.team_01_WB.instance_to_wrap_DAT_O[12]/DIODE    1.500000    2.424253   -0.924253 (VIOLATED)
mprj.team_01_Wrapper.team_01_WB.instance_to_wrap/DAT_O[12]    1.500000    2.423885   -0.923885 (VIOLATED)
mprj.team_07_Wrapper.team_07_WB.instance_to_wrap/gpio_in[29]    1.500000    2.422863   -0.922863 (VIOLATED)
ANTENNA_mprj.team_07_Wrapper.team_07_WB.instance_to_wrap_gpio_in[29]/DIODE    1.500000    2.422787   -0.922787 (VIOLATED)
ANTENNA_mprj.team_06_Wrapper.team_06_WB.instance_to_wrap_gpio_in[20]/DIODE    1.500000    2.421782   -0.921782 (VIOLATED)
mprj.team_06_Wrapper.team_06_WB.instance_to_wrap/gpio_in[20]    1.500000    2.421622   -0.921622 (VIOLATED)
_7885_/A1                               1.500000    2.417518   -0.917518 (VIOLATED)
ANTENNA__7885__A1/DIODE                 1.500000    2.417495   -0.917495 (VIOLATED)
mprj.team_03_Wrapper.team_03_WB.instance_to_wrap/clk    1.500000    2.408999   -0.908999 (VIOLATED)
wire761/A                               1.500000    2.408517   -0.908517 (VIOLATED)
ANTENNA_wire761_A/DIODE                 1.500000    2.408078   -0.908078 (VIOLATED)
ANTENNA_mprj.team_03_Wrapper.team_03_WB.instance_to_wrap_clk/DIODE    1.500000    2.408026   -0.908025 (VIOLATED)
ANTENNA_mprj.team_01_Wrapper.team_01_WB.instance_to_wrap_gpio_in[22]/DIODE    1.500000    2.405509   -0.905509 (VIOLATED)
mprj.team_01_Wrapper.team_01_WB.instance_to_wrap/gpio_in[22]    1.500000    2.405217   -0.905217 (VIOLATED)
mprj.team_04_Wrapper.team_04_WB.instance_to_wrap/gpio_in[3]    1.500000    2.404799   -0.904799 (VIOLATED)
ANTENNA_mprj.team_11_Wrapper.team_11_WB.instance_to_wrap_clk/DIODE    1.500000    2.403590   -0.903590 (VIOLATED)
ANTENNA_mprj.team_02_Wrapper.team_02_WB.instance_to_wrap_gpio_in[29]/DIODE    1.500000    2.403209   -0.903210 (VIOLATED)
ANTENNA_mprj.team_05_Wrapper.team_05_WB.instance_to_wrap_gpio_out[5]/DIODE    1.500000    2.402519   -0.902519 (VIOLATED)
mprj.team_05_Wrapper.team_05_WB.instance_to_wrap/gpio_out[5]    1.500000    2.402519   -0.902519 (VIOLATED)
mprj.team_11_Wrapper.team_11_WB.instance_to_wrap/clk    1.500000    2.400358   -0.900358 (VIOLATED)
mprj.team_02_Wrapper.team_02_WB.instance_to_wrap/gpio_in[29]    1.500000    2.398510   -0.898510 (VIOLATED)
mprj.team_02_Wrapper.team_02_WB.instance_to_wrap/gpio_in[25]    1.500000    2.396671   -0.896671 (VIOLATED)
_7981_/A                                1.500000    2.393316   -0.893316 (VIOLATED)
ANTENNA_mprj.team_02_Wrapper.team_02_WB.instance_to_wrap_gpio_in[25]/DIODE    1.500000    2.393315   -0.893315 (VIOLATED)
ANTENNA__7981__A/DIODE                  1.500000    2.393247   -0.893247 (VIOLATED)
ANTENNA_mprj.team_03_Wrapper.team_03_WB.instance_to_wrap_gpio_in[26]/DIODE    1.500000    2.391672   -0.891672 (VIOLATED)
mprj.team_03_Wrapper.team_03_WB.instance_to_wrap/gpio_in[26]    1.500000    2.391084   -0.891084 (VIOLATED)
ANTENNA_mprj.team_07_Wrapper.team_07_WB.instance_to_wrap_gpio_in[0]/DIODE    1.500000    2.385616   -0.885616 (VIOLATED)
mprj.team_07_Wrapper.team_07_WB.instance_to_wrap/gpio_in[0]    1.500000    2.385475   -0.885476 (VIOLATED)
ANTENNA__4634__A2/DIODE                 1.500000    2.384875   -0.884875 (VIOLATED)
ANTENNA__4628__A0/DIODE                 1.500000    2.384847   -0.884848 (VIOLATED)
_4628_/A0                               1.500000    2.384778   -0.884778 (VIOLATED)
_4634_/A2                               1.500000    2.384597   -0.884597 (VIOLATED)
mprj.team_05_Wrapper.team_05_WB.instance_to_wrap/clk    1.500000    2.381607   -0.881607 (VIOLATED)
ANTENNA_mprj.team_05_Wrapper.team_05_WB.instance_to_wrap_clk/DIODE    1.500000    2.381226   -0.881226 (VIOLATED)
mprj.team_11_Wrapper.team_11_WB.instance_to_wrap/gpio_in[29]    1.500000    2.378504   -0.878504 (VIOLATED)
mprj.team_06_Wrapper.team_06_WB.instance_to_wrap/clk    1.500000    2.375437   -0.875437 (VIOLATED)
ANTENNA_mprj.team_06_Wrapper.team_06_WB.instance_to_wrap_clk/DIODE    1.500000    2.375258   -0.875258 (VIOLATED)
ANTENNA_mprj.team_11_Wrapper.team_11_WB.instance_to_wrap_gpio_in[29]/DIODE    1.500000    2.372715   -0.872715 (VIOLATED)
mprj.team_02_Wrapper.team_02_WB.instance_to_wrap/clk    1.500000    2.372478   -0.872478 (VIOLATED)
ANTENNA_mprj.team_02_Wrapper.team_02_WB.instance_to_wrap_clk/DIODE    1.500000    2.372267   -0.872267 (VIOLATED)
ANTENNA_mprj.team_06_Wrapper.team_06_WB.instance_to_wrap_gpio_in[10]/DIODE    1.500000    2.364736   -0.864736 (VIOLATED)
ANTENNA_mprj.team_06_Wrapper.team_06_WB.instance_to_wrap_gpio_in[25]/DIODE    1.500000    2.362650   -0.862650 (VIOLATED)
mprj.team_06_Wrapper.team_06_WB.instance_to_wrap/gpio_in[25]    1.500000    2.362290   -0.862290 (VIOLATED)
_4482_/A0                               1.500000    2.358645   -0.858645 (VIOLATED)
ANTENNA__4482__A0/DIODE                 1.500000    2.358638   -0.858638 (VIOLATED)
ANTENNA__4488__A2/DIODE                 1.500000    2.358507   -0.858507 (VIOLATED)
_4488_/A2                               1.500000    2.358359   -0.858359 (VIOLATED)
mprj.team_06_Wrapper.team_06_WB.instance_to_wrap/gpio_in[10]    1.500000    2.357553   -0.857552 (VIOLATED)
_4546_/A0                               1.500000    2.356928   -0.856928 (VIOLATED)
ANTENNA__4546__A0/DIODE                 1.500000    2.356852   -0.856852 (VIOLATED)
_4552_/A2                               1.500000    2.356730   -0.856730 (VIOLATED)
ANTENNA__4552__A2/DIODE                 1.500000    2.356464   -0.856464 (VIOLATED)
ANTENNA_clkbuf_1_0_1_wb_clk_i_X/DIODE    1.500000    2.354642   -0.854642 (VIOLATED)
_4686_/A0                               1.500000    2.354608   -0.854608 (VIOLATED)
ANTENNA__4686__A0/DIODE                 1.500000    2.354576   -0.854576 (VIOLATED)
_4692_/A2                               1.500000    2.354366   -0.854366 (VIOLATED)
ANTENNA__4692__A2/DIODE                 1.500000    2.354229   -0.854229 (VIOLATED)
_8132_/A                                1.500000    2.354214   -0.854214 (VIOLATED)
ANTENNA__8132__A/DIODE                  1.500000    2.354132   -0.854132 (VIOLATED)
mprj.team_06_Wrapper.team_06_WB.instance_to_wrap/gpio_in[29]    1.500000    2.353636   -0.853636 (VIOLATED)
ANTENNA_mprj.team_10_Wrapper.team_10_WB.instance_to_wrap_gpio_in[3]/DIODE    1.500000    2.353244   -0.853244 (VIOLATED)
mprj.team_10_Wrapper.team_10_WB.instance_to_wrap/gpio_in[3]    1.500000    2.352980   -0.852980 (VIOLATED)
mprj.team_11_Wrapper.team_11_WB.instance_to_wrap/gpio_in[0]    1.500000    2.352942   -0.852942 (VIOLATED)
ANTENNA_mprj.team_11_Wrapper.team_11_WB.instance_to_wrap_gpio_in[0]/DIODE    1.500000    2.352895   -0.852896 (VIOLATED)
_4500_/B1                               1.500000    2.351582   -0.851582 (VIOLATED)
ANTENNA__4500__B1/DIODE                 1.500000    2.351495   -0.851495 (VIOLATED)
ANTENNA__4494__A0/DIODE                 1.500000    2.351447   -0.851447 (VIOLATED)
_4494_/A0                               1.500000    2.351372   -0.851373 (VIOLATED)
clkbuf_1_0_1_wb_clk_i/X                 1.500000    2.351125   -0.851126 (VIOLATED)
ANTENNA_mprj.team_06_Wrapper.team_06_WB.instance_to_wrap_gpio_in[29]/DIODE    1.500000    2.350768   -0.850768 (VIOLATED)
ANTENNA_mprj.team_01_Wrapper.team_01_WB.instance_to_wrap_DAT_O[18]/DIODE    1.500000    2.347268   -0.847268 (VIOLATED)
mprj.team_01_Wrapper.team_01_WB.instance_to_wrap/DAT_O[18]    1.500000    2.347064   -0.847064 (VIOLATED)
ANTENNA_mprj.team_08_Wrapper.team_08_WB.instance_to_wrap_gpio_in[19]/DIODE    1.500000    2.345644   -0.845644 (VIOLATED)
_6252_/B2                               1.500000    2.344759   -0.844760 (VIOLATED)
ANTENNA__6252__B2/DIODE                 1.500000    2.344613   -0.844613 (VIOLATED)
mprj.team_10_Wrapper.team_10_WB.instance_to_wrap/gpio_in[29]    1.500000    2.342714   -0.842714 (VIOLATED)
ANTENNA_mprj.team_10_Wrapper.team_10_WB.instance_to_wrap_gpio_in[29]/DIODE    1.500000    2.342338   -0.842338 (VIOLATED)
_4302_/A0                               1.500000    2.339687   -0.839687 (VIOLATED)
ANTENNA__4302__A0/DIODE                 1.500000    2.339670   -0.839670 (VIOLATED)
_4308_/A2                               1.500000    2.339467   -0.839467 (VIOLATED)
ANTENNA__4308__A2/DIODE                 1.500000    2.338943   -0.838943 (VIOLATED)
ANTENNA__4387__A1/DIODE                 1.500000    2.334587   -0.834587 (VIOLATED)
_4387_/A1                               1.500000    2.334567   -0.834567 (VIOLATED)
_4394_/A2                               1.500000    2.333970   -0.833970 (VIOLATED)
ANTENNA__4394__A2/DIODE                 1.500000    2.333596   -0.833596 (VIOLATED)
_7747_/A1                               1.500000    2.333388   -0.833388 (VIOLATED)
ANTENNA__7747__A1/DIODE                 1.500000    2.333351   -0.833351 (VIOLATED)
mprj.team_08_Wrapper.team_08_WB.instance_to_wrap/gpio_in[19]    1.500000    2.327904   -0.827904 (VIOLATED)
_4534_/A2                               1.500000    2.327836   -0.827836 (VIOLATED)
ANTENNA__4534__A2/DIODE                 1.500000    2.327762   -0.827762 (VIOLATED)
ANTENNA__4528__A0/DIODE                 1.500000    2.327571   -0.827571 (VIOLATED)
_4528_/A0                               1.500000    2.327425   -0.827425 (VIOLATED)
_4457_/A2                               1.500000    2.325386   -0.825386 (VIOLATED)
ANTENNA__4457__A2/DIODE                 1.500000    2.325365   -0.825365 (VIOLATED)
ANTENNA__4451__A0/DIODE                 1.500000    2.325190   -0.825190 (VIOLATED)
_4451_/A0                               1.500000    2.325047   -0.825047 (VIOLATED)
ANTENNA_mprj.team_10_Wrapper.team_10_WB.instance_to_wrap_gpio_in[31]/DIODE    1.500000    2.324368   -0.824369 (VIOLATED)
_4339_/A0                               1.500000    2.322945   -0.822945 (VIOLATED)
ANTENNA__4339__A0/DIODE                 1.500000    2.322894   -0.822894 (VIOLATED)
_4345_/A2                               1.500000    2.322858   -0.822858 (VIOLATED)
ANTENNA__4345__A2/DIODE                 1.500000    2.322652   -0.822652 (VIOLATED)
ANTENNA_220/DIODE                       1.500000    2.322617   -0.822617 (VIOLATED)
ANTENNA__6598__A/DIODE                  1.500000    2.322556   -0.822556 (VIOLATED)
_6598_/A                                1.500000    2.322525   -0.822525 (VIOLATED)
ANTENNA_219/DIODE                       1.500000    2.322464   -0.822465 (VIOLATED)
ANTENNA_mprj.team_01_Wrapper.team_01_WB.instance_to_wrap_ADR_O[26]/DIODE    1.500000    2.313801   -0.813801 (VIOLATED)
mprj.team_01_Wrapper.team_01_WB.instance_to_wrap/ADR_O[26]    1.500000    2.313783   -0.813783 (VIOLATED)
ANTENNA_mprj.team_01_Wrapper.team_01_WB.instance_to_wrap_ADR_O[21]/DIODE    1.500000    2.311456   -0.811456 (VIOLATED)
mprj.team_01_Wrapper.team_01_WB.instance_to_wrap/ADR_O[21]    1.500000    2.311428   -0.811428 (VIOLATED)
ANTENNA_mprj.team_01_Wrapper.team_01_WB.instance_to_wrap_gpio_in[26]/DIODE    1.500000    2.308801   -0.808801 (VIOLATED)
_6396_/B2                               1.500000    2.306921   -0.806921 (VIOLATED)
ANTENNA__4204__A0/DIODE                 1.500000    2.306872   -0.806872 (VIOLATED)
_4204_/A0                               1.500000    2.306867   -0.806867 (VIOLATED)
ANTENNA__6396__B2/DIODE                 1.500000    2.306851   -0.806851 (VIOLATED)
ANTENNA__4210__A2/DIODE                 1.500000    2.306839   -0.806840 (VIOLATED)
_4210_/A2                               1.500000    2.306829   -0.806829 (VIOLATED)
ANTENNA_263/DIODE                       1.500000    2.306799   -0.806799 (VIOLATED)
ANTENNA_262/DIODE                       1.500000    2.306692   -0.806692 (VIOLATED)
ANTENNA_265/DIODE                       1.500000    2.306615   -0.806615 (VIOLATED)
ANTENNA_264/DIODE                       1.500000    2.306462   -0.806462 (VIOLATED)
_4231_/A0                               1.500000    2.305866   -0.805866 (VIOLATED)
ANTENNA__4231__A0/DIODE                 1.500000    2.305816   -0.805816 (VIOLATED)
ANTENNA__4237__A2/DIODE                 1.500000    2.305772   -0.805772 (VIOLATED)
_4237_/A2                               1.500000    2.305748   -0.805748 (VIOLATED)
ANTENNA__4476__B1/DIODE                 1.500000    2.305357   -0.805357 (VIOLATED)
_4476_/B1                               1.500000    2.305354   -0.805354 (VIOLATED)
mprj.team_02_Wrapper.team_02_WB.instance_to_wrap/gpio_in[11]    1.500000    2.305341   -0.805341 (VIOLATED)
ANTENNA__4470__A0/DIODE                 1.500000    2.305329   -0.805329 (VIOLATED)
_4470_/A0                               1.500000    2.305281   -0.805281 (VIOLATED)
ANTENNA_mprj.team_02_Wrapper.team_02_WB.instance_to_wrap_gpio_in[11]/DIODE    1.500000    2.305279   -0.805279 (VIOLATED)
ANTENNA_mprj.team_01_Wrapper.team_01_WB.instance_to_wrap_gpio_in[32]/DIODE    1.500000    2.304173   -0.804174 (VIOLATED)
mprj.team_01_Wrapper.team_01_WB.instance_to_wrap/gpio_in[32]    1.500000    2.304043   -0.804043 (VIOLATED)
ANTENNA__4991__A0/DIODE                 1.500000    2.304031   -0.804031 (VIOLATED)
_4991_/A0                               1.500000    2.303998   -0.803998 (VIOLATED)
_4997_/A2                               1.500000    2.303856   -0.803856 (VIOLATED)
ANTENNA__4997__A2/DIODE                 1.500000    2.303533   -0.803533 (VIOLATED)
ANTENNA_mprj.team_01_Wrapper.team_01_WB.instance_to_wrap_DAT_O[8]/DIODE    1.500000    2.300918   -0.800918 (VIOLATED)
mprj.team_01_Wrapper.team_01_WB.instance_to_wrap/DAT_O[8]    1.500000    2.300871   -0.800871 (VIOLATED)
_4730_/A0                               1.500000    2.299970   -0.799970 (VIOLATED)
ANTENNA__4730__A0/DIODE                 1.500000    2.299909   -0.799909 (VIOLATED)
_4736_/A2                               1.500000    2.299754   -0.799754 (VIOLATED)
_4968_/A2                               1.500000    2.299483   -0.799483 (VIOLATED)
ANTENNA__4736__A2/DIODE                 1.500000    2.299449   -0.799449 (VIOLATED)
ANTENNA__4968__A2/DIODE                 1.500000    2.299312   -0.799312 (VIOLATED)
ANTENNA__4962__A0/DIODE                 1.500000    2.299099   -0.799100 (VIOLATED)
_4962_/A0                               1.500000    2.298954   -0.798954 (VIOLATED)
mprj.team_10_Wrapper.team_10_WB.instance_to_wrap/gpio_in[31]    1.500000    2.295943   -0.795944 (VIOLATED)
_4554_/A2                               1.500000    2.295691   -0.795691 (VIOLATED)
ANTENNA__4554__A2/DIODE                 1.500000    2.295566   -0.795566 (VIOLATED)
_4548_/A1                               1.500000    2.295469   -0.795469 (VIOLATED)
ANTENNA__4548__A1/DIODE                 1.500000    2.295315   -0.795315 (VIOLATED)
ANTENNA_mprj.team_01_Wrapper.team_01_WB.instance_to_wrap_ADR_O[30]/DIODE    1.500000    2.293971   -0.793971 (VIOLATED)
mprj.team_01_Wrapper.team_01_WB.instance_to_wrap/ADR_O[30]    1.500000    2.293946   -0.793946 (VIOLATED)
ANTENNA_mprj.team_01_Wrapper.team_01_WB.instance_to_wrap_ADR_O[0]/DIODE    1.500000    2.292376   -0.792376 (VIOLATED)
mprj.team_01_Wrapper.team_01_WB.instance_to_wrap/ADR_O[0]    1.500000    2.292343   -0.792344 (VIOLATED)
ANTENNA_mprj.team_05_Wrapper.team_05_WB.instance_to_wrap_gpio_out[1]/DIODE    1.500000    2.291495   -0.791495 (VIOLATED)
mprj.team_05_Wrapper.team_05_WB.instance_to_wrap/gpio_out[1]    1.500000    2.291486   -0.791486 (VIOLATED)
_4273_/A1                               1.500000    2.290278   -0.790278 (VIOLATED)
ANTENNA__4273__A1/DIODE                 1.500000    2.290204   -0.790204 (VIOLATED)
_4295_/B                                1.500000    2.289778   -0.789778 (VIOLATED)
ANTENNA__4295__B/DIODE                  1.500000    2.289515   -0.789515 (VIOLATED)
_4288_/C                                1.500000    2.288867   -0.788867 (VIOLATED)
ANTENNA__4288__C/DIODE                  1.500000    2.288713   -0.788713 (VIOLATED)
mprj.team_01_Wrapper.team_01_WB.instance_to_wrap/gpio_in[26]    1.500000    2.286574   -0.786574 (VIOLATED)
mprj.team_07_Wrapper.team_07_WB.instance_to_wrap/gpio_in[3]    1.500000    2.283294   -0.783294 (VIOLATED)
ANTENNA__6256__A1/DIODE                 1.500000    2.283267   -0.783267 (VIOLATED)
_6256_/A1                               1.500000    2.283248   -0.783248 (VIOLATED)
ANTENNA_mprj.team_07_Wrapper.team_07_WB.instance_to_wrap_gpio_in[3]/DIODE    1.500000    2.283210   -0.783210 (VIOLATED)
mprj.team_10_Wrapper.team_10_WB.instance_to_wrap/gpio_in[30]    1.500000    2.282665   -0.782665 (VIOLATED)
ANTENNA_mprj.team_01_Wrapper.team_01_WB.instance_to_wrap_ADR_O[9]/DIODE    1.500000    2.278739   -0.778740 (VIOLATED)
mprj.team_01_Wrapper.team_01_WB.instance_to_wrap/ADR_O[9]    1.500000    2.278607   -0.778607 (VIOLATED)
ANTENNA_mprj.team_10_Wrapper.team_10_WB.instance_to_wrap_gpio_in[30]/DIODE    1.500000    2.267763   -0.767763 (VIOLATED)
mprj.team_01_Wrapper.team_01_WB.instance_to_wrap/clk    1.500000    2.267577   -0.767577 (VIOLATED)
ANTENNA__4671__A0/DIODE                 1.500000    2.267117   -0.767117 (VIOLATED)
_4671_/A0                               1.500000    2.267092   -0.767092 (VIOLATED)
mprj.team_03_Wrapper.team_03_WB.instance_to_wrap/gpio_in[32]    1.500000    2.267037   -0.767038 (VIOLATED)
ANTENNA__4677__B1/DIODE                 1.500000    2.266961   -0.766961 (VIOLATED)
_4677_/B1                               1.500000    2.266943   -0.766943 (VIOLATED)
_4333_/A2                               1.500000    2.266673   -0.766673 (VIOLATED)
_4327_/A0                               1.500000    2.266626   -0.766626 (VIOLATED)
ANTENNA__4327__A0/DIODE                 1.500000    2.266620   -0.766620 (VIOLATED)
ANTENNA__4333__A2/DIODE                 1.500000    2.266552   -0.766552 (VIOLATED)
ANTENNA_mprj.team_01_Wrapper.team_01_WB.instance_to_wrap_clk/DIODE    1.500000    2.264139   -0.764139 (VIOLATED)
ANTENNA_mprj.team_09_Wrapper.team_09_WB.instance_to_wrap_gpio_in[8]/DIODE    1.500000    2.261484   -0.761484 (VIOLATED)
mprj.team_09_Wrapper.team_09_WB.instance_to_wrap/gpio_in[8]    1.500000    2.261376   -0.761376 (VIOLATED)
ANTENNA__4778__A1/DIODE                 1.500000    2.259993   -0.759993 (VIOLATED)
_4778_/A1                               1.500000    2.259975   -0.759975 (VIOLATED)
ANTENNA__4784__A2/DIODE                 1.500000    2.259742   -0.759742 (VIOLATED)
_4784_/A2                               1.500000    2.259692   -0.759692 (VIOLATED)
ANTENNA_mprj.team_03_Wrapper.team_03_WB.instance_to_wrap_gpio_in[32]/DIODE    1.500000    2.259374   -0.759374 (VIOLATED)
ANTENNA_mprj.team_10_Wrapper.team_10_WB.instance_to_wrap_gpio_in[0]/DIODE    1.500000    2.258534   -0.758534 (VIOLATED)
mprj.team_10_Wrapper.team_10_WB.instance_to_wrap/gpio_in[0]    1.500000    2.258338   -0.758338 (VIOLATED)
_6320_/A                                1.500000    2.257930   -0.757930 (VIOLATED)
ANTENNA__6320__A/DIODE                  1.500000    2.257868   -0.757868 (VIOLATED)
ANTENNA_mprj.team_01_Wrapper.team_01_WB.instance_to_wrap_ADR_O[11]/DIODE    1.500000    2.255317   -0.755317 (VIOLATED)
mprj.team_01_Wrapper.team_01_WB.instance_to_wrap/ADR_O[11]    1.500000    2.255001   -0.755001 (VIOLATED)
_6247_/A1                               1.500000    2.253143   -0.753143 (VIOLATED)
ANTENNA__6247__A1/DIODE                 1.500000    2.253105   -0.753105 (VIOLATED)
ANTENNA_mprj.team_05_Wrapper.team_05_WB.instance_to_wrap_gpio_out[9]/DIODE    1.500000    2.251575   -0.751575 (VIOLATED)
mprj.team_05_Wrapper.team_05_WB.instance_to_wrap/gpio_out[9]    1.500000    2.251427   -0.751427 (VIOLATED)
ANTENNA_mprj.team_05_Wrapper.team_05_WB.instance_to_wrap_gpio_out[6]/DIODE    1.500000    2.243042   -0.743042 (VIOLATED)
mprj.team_05_Wrapper.team_05_WB.instance_to_wrap/gpio_out[6]    1.500000    2.243033   -0.743033 (VIOLATED)
ANTENNA_mprj.team_05_Wrapper.team_05_WB.instance_to_wrap_gpio_in[12]/DIODE    1.500000    2.241519   -0.741519 (VIOLATED)
mprj.team_05_Wrapper.team_05_WB.instance_to_wrap/gpio_in[12]    1.500000    2.241367   -0.741367 (VIOLATED)
_4152_/A0                               1.500000    2.240223   -0.740223 (VIOLATED)
_4158_/A2                               1.500000    2.240218   -0.740218 (VIOLATED)
ANTENNA__4152__A0/DIODE                 1.500000    2.240172   -0.740172 (VIOLATED)
ANTENNA__4158__A2/DIODE                 1.500000    2.240149   -0.740149 (VIOLATED)
mprj.team_08_Wrapper.team_08_WB.instance_to_wrap/gpio_in[16]    1.500000    2.238160   -0.738160 (VIOLATED)
ANTENNA_mprj.team_08_Wrapper.team_08_WB.instance_to_wrap_gpio_in[16]/DIODE    1.500000    2.238091   -0.738091 (VIOLATED)
_5082_/A2                               1.500000    2.235500   -0.735500 (VIOLATED)
ANTENNA__5076__A0/DIODE                 1.500000    2.235419   -0.735419 (VIOLATED)
ANTENNA__5082__A2/DIODE                 1.500000    2.235394   -0.735394 (VIOLATED)
_5076_/A0                               1.500000    2.235123   -0.735123 (VIOLATED)
ANTENNA__4716__A0/DIODE                 1.500000    2.229904   -0.729904 (VIOLATED)
_4716_/A0                               1.500000    2.229826   -0.729826 (VIOLATED)
_4722_/A2                               1.500000    2.229673   -0.729673 (VIOLATED)
ANTENNA__4722__A2/DIODE                 1.500000    2.229325   -0.729325 (VIOLATED)
ANTENNA_mprj.team_01_Wrapper.team_01_WB.instance_to_wrap_ADR_O[15]/DIODE    1.500000    2.228475   -0.728475 (VIOLATED)
mprj.team_01_Wrapper.team_01_WB.instance_to_wrap/ADR_O[15]    1.500000    2.228475   -0.728475 (VIOLATED)
ANTENNA_mprj.team_09_Wrapper.team_09_WB.instance_to_wrap_gpio_in[1]/DIODE    1.500000    2.226640   -0.726640 (VIOLATED)
mprj.team_09_Wrapper.team_09_WB.instance_to_wrap/gpio_in[1]    1.500000    2.226106   -0.726106 (VIOLATED)
mprj.team_10_Wrapper.team_10_WB.instance_to_wrap/clk    1.500000    2.224621   -0.724621 (VIOLATED)
ANTENNA_mprj.team_10_Wrapper.team_10_WB.instance_to_wrap_clk/DIODE    1.500000    2.224365   -0.724365 (VIOLATED)
ANTENNA_mprj.team_01_Wrapper.team_01_WB.instance_to_wrap_ADR_O[20]/DIODE    1.500000    2.223612   -0.723612 (VIOLATED)
mprj.team_01_Wrapper.team_01_WB.instance_to_wrap/ADR_O[20]    1.500000    2.223545   -0.723545 (VIOLATED)
ANTENNA_mprj.team_01_Wrapper.team_01_WB.instance_to_wrap_gpio_in[25]/DIODE    1.500000    2.222817   -0.722817 (VIOLATED)
mprj.team_01_Wrapper.team_01_WB.instance_to_wrap/gpio_in[25]    1.500000    2.222571   -0.722571 (VIOLATED)
ANTENNA_mprj.team_01_Wrapper.team_01_WB.instance_to_wrap_ADR_O[16]/DIODE    1.500000    2.219853   -0.719853 (VIOLATED)
mprj.team_01_Wrapper.team_01_WB.instance_to_wrap/ADR_O[16]    1.500000    2.219833   -0.719833 (VIOLATED)
mprj.team_05_Wrapper.team_05_WB.instance_to_wrap/gpio_in[30]    1.500000    2.218220   -0.718220 (VIOLATED)
fanout599/A                             1.500000    2.218186   -0.718186 (VIOLATED)
ANTENNA_fanout599_A/DIODE               1.500000    2.218130   -0.718130 (VIOLATED)
ANTENNA_mprj.team_05_Wrapper.team_05_WB.instance_to_wrap_gpio_in[30]/DIODE    1.500000    2.217769   -0.717769 (VIOLATED)
ANTENNA_mprj.team_11_Wrapper.team_11_WB.instance_to_wrap_gpio_in[21]/DIODE    1.500000    2.214469   -0.714469 (VIOLATED)
mprj.team_11_Wrapper.team_11_WB.instance_to_wrap/gpio_in[21]    1.500000    2.214286   -0.714286 (VIOLATED)
ANTENNA__5090__A0/DIODE                 1.500000    2.213378   -0.713378 (VIOLATED)
_5090_/A0                               1.500000    2.213372   -0.713372 (VIOLATED)
_5096_/B1                               1.500000    2.213308   -0.713308 (VIOLATED)
ANTENNA__5096__B1/DIODE                 1.500000    2.213240   -0.713240 (VIOLATED)
_4940_/A2                               1.500000    2.206783   -0.706783 (VIOLATED)
hold399/X                               1.495067    2.201784   -0.706717 (VIOLATED)
ANTENNA__4940__A2/DIODE                 1.500000    2.206649   -0.706649 (VIOLATED)
ANTENNA__4934__A0/DIODE                 1.500000    2.206507   -0.706507 (VIOLATED)
_4934_/A0                               1.500000    2.206168   -0.706168 (VIOLATED)
_7564_/A                                1.500000    2.202041   -0.702041 (VIOLATED)
ANTENNA__7564__A/DIODE                  1.500000    2.202040   -0.702040 (VIOLATED)
_7580_/A                                1.500000    2.202039   -0.702039 (VIOLATED)
ANTENNA__7580__A/DIODE                  1.500000    2.202032   -0.702032 (VIOLATED)
_7563_/A                                1.500000    2.202024   -0.702024 (VIOLATED)
ANTENNA__7563__A/DIODE                  1.500000    2.202020   -0.702020 (VIOLATED)
_7571_/A                                1.500000    2.202020   -0.702020 (VIOLATED)
ANTENNA__7571__A/DIODE                  1.500000    2.202009   -0.702009 (VIOLATED)
ANTENNA_hold399_X/DIODE                 1.500000    2.201830   -0.701830 (VIOLATED)
ANTENNA_678/DIODE                       1.500000    2.199348   -0.699348 (VIOLATED)
ANTENNA_679/DIODE                       1.500000    2.199324   -0.699324 (VIOLATED)
ANTENNA_671/DIODE                       1.500000    2.199273   -0.699273 (VIOLATED)
ANTENNA_673/DIODE                       1.500000    2.199265   -0.699265 (VIOLATED)
ANTENNA_680/DIODE                       1.500000    2.199266   -0.699266 (VIOLATED)
ANTENNA_674/DIODE                       1.500000    2.199226   -0.699226 (VIOLATED)
ANTENNA_672/DIODE                       1.500000    2.199193   -0.699193 (VIOLATED)
ANTENNA_669/DIODE                       1.500000    2.199190   -0.699190 (VIOLATED)
ANTENNA_676/DIODE                       1.500000    2.199167   -0.699167 (VIOLATED)
ANTENNA_677/DIODE                       1.500000    2.199142   -0.699142 (VIOLATED)
ANTENNA_675/DIODE                       1.500000    2.199104   -0.699104 (VIOLATED)
ANTENNA_670/DIODE                       1.500000    2.199101   -0.699101 (VIOLATED)
ANTENNA__7902__A1/DIODE                 1.500000    2.198660   -0.698660 (VIOLATED)
ANTENNA_374/DIODE                       1.500000    2.197822   -0.697822 (VIOLATED)
ANTENNA_372/DIODE                       1.500000    2.197816   -0.697816 (VIOLATED)
ANTENNA_369/DIODE                       1.500000    2.197808   -0.697808 (VIOLATED)
ANTENNA_373/DIODE                       1.500000    2.197795   -0.697795 (VIOLATED)
ANTENNA_371/DIODE                       1.500000    2.197784   -0.697784 (VIOLATED)
ANTENNA_376/DIODE                       1.500000    2.197777   -0.697777 (VIOLATED)
ANTENNA_370/DIODE                       1.500000    2.197765   -0.697765 (VIOLATED)
ANTENNA_375/DIODE                       1.500000    2.197693   -0.697693 (VIOLATED)
ANTENNA_368/DIODE                       1.500000    2.197626   -0.697626 (VIOLATED)
_7783_/A1                               1.500000    2.197525   -0.697525 (VIOLATED)
_7902_/A1                               1.500000    2.197427   -0.697427 (VIOLATED)
ANTENNA__7783__A1/DIODE                 1.500000    2.197420   -0.697420 (VIOLATED)
mprj.team_04_Wrapper.team_04_WB.instance_to_wrap/gpio_in[20]    1.500000    2.196784   -0.696784 (VIOLATED)
ANTENNA_mprj.team_04_Wrapper.team_04_WB.instance_to_wrap_gpio_in[20]/DIODE    1.500000    2.196685   -0.696685 (VIOLATED)
ANTENNA_mprj.team_01_Wrapper.team_01_WB.instance_to_wrap_DAT_O[14]/DIODE    1.500000    2.196434   -0.696434 (VIOLATED)
mprj.team_01_Wrapper.team_01_WB.instance_to_wrap/DAT_O[14]    1.500000    2.196376   -0.696376 (VIOLATED)
_4164_/A0                               1.500000    2.195792   -0.695792 (VIOLATED)
ANTENNA__4164__A0/DIODE                 1.500000    2.195789   -0.695789 (VIOLATED)
ANTENNA__4170__A2/DIODE                 1.500000    2.195732   -0.695732 (VIOLATED)
_4170_/A2                               1.500000    2.195617   -0.695617 (VIOLATED)
ANTENNA_mprj.team_03_Wrapper.team_03_WB.instance_to_wrap_gpio_in[20]/DIODE    1.500000    2.195329   -0.695330 (VIOLATED)
mprj.team_03_Wrapper.team_03_WB.instance_to_wrap/gpio_in[20]    1.500000    2.195124   -0.695124 (VIOLATED)
_6567_/A1                               1.500000    2.193915   -0.693915 (VIOLATED)
ANTENNA__6567__A1/DIODE                 1.500000    2.193788   -0.693788 (VIOLATED)
ANTENNA_mprj.team_02_Wrapper.team_02_WB.instance_to_wrap_gpio_out[13]/DIODE    1.500000    2.191964   -0.691964 (VIOLATED)
mprj.team_02_Wrapper.team_02_WB.instance_to_wrap/gpio_out[13]    1.500000    2.191945   -0.691945 (VIOLATED)
ANTENNA_mprj.team_06_Wrapper.team_06_WB.instance_to_wrap_gpio_oeb[8]/DIODE    1.500000    2.190235   -0.690235 (VIOLATED)
mprj.team_06_Wrapper.team_06_WB.instance_to_wrap/gpio_oeb[8]    1.500000    2.190109   -0.690109 (VIOLATED)
ANTENNA_mprj.team_02_Wrapper.team_02_WB.instance_to_wrap_gpio_in[10]/DIODE    1.500000    2.189409   -0.689409 (VIOLATED)
ANTENNA_mprj.team_11_Wrapper.team_11_WB.instance_to_wrap_gpio_in[28]/DIODE    1.500000    2.187122   -0.687122 (VIOLATED)
mprj.team_11_Wrapper.team_11_WB.instance_to_wrap/gpio_in[28]    1.500000    2.187075   -0.687076 (VIOLATED)
ANTENNA_mprj.team_08_Wrapper.team_08_WB.instance_to_wrap_gpio_out[20]/DIODE    1.500000    2.185803   -0.685803 (VIOLATED)
mprj.team_08_Wrapper.team_08_WB.instance_to_wrap/gpio_out[20]    1.500000    2.185607   -0.685607 (VIOLATED)
ANTENNA__8120__A/DIODE                  1.500000    2.185190   -0.685190 (VIOLATED)
_8120_/A                                1.500000    2.185186   -0.685186 (VIOLATED)
ANTENNA__6531__A1/DIODE                 1.500000    2.183886   -0.683886 (VIOLATED)
_6531_/A1                               1.500000    2.183867   -0.683867 (VIOLATED)
ANTENNA_mprj.team_03_Wrapper.team_03_WB.instance_to_wrap_DAT_I[21]/DIODE    1.500000    2.183017   -0.683017 (VIOLATED)
mprj.team_03_Wrapper.team_03_WB.instance_to_wrap/DAT_I[21]    1.500000    2.183001   -0.683001 (VIOLATED)
_7940_/A1                               1.500000    2.178844   -0.678844 (VIOLATED)
ANTENNA__7940__A1/DIODE                 1.500000    2.178627   -0.678627 (VIOLATED)
ANTENNA_mprj.team_01_Wrapper.team_01_WB.instance_to_wrap_ADR_O[18]/DIODE    1.500000    2.178130   -0.678130 (VIOLATED)
mprj.team_01_Wrapper.team_01_WB.instance_to_wrap/ADR_O[18]    1.500000    2.177844   -0.677844 (VIOLATED)
mprj.team_02_Wrapper.team_02_WB.instance_to_wrap/gpio_in[10]    1.500000    2.175418   -0.675418 (VIOLATED)
mprj.team_07_Wrapper.team_07_WB.instance_to_wrap/gpio_in[5]    1.500000    2.167663   -0.667663 (VIOLATED)
ANTENNA_mprj.team_07_Wrapper.team_07_WB.instance_to_wrap_gpio_in[5]/DIODE    1.500000    2.167631   -0.667631 (VIOLATED)
_6316_/A1                               1.500000    2.167139   -0.667139 (VIOLATED)
ANTENNA__6316__A1/DIODE                 1.500000    2.166978   -0.666978 (VIOLATED)
hold400/X                               1.495067    2.159492   -0.664425 (VIOLATED)
_6933_/A1                               1.500000    2.162352   -0.662352 (VIOLATED)
ANTENNA__6933__A1/DIODE                 1.500000    2.162301   -0.662301 (VIOLATED)
ANTENNA_mprj.team_01_Wrapper.team_01_WB.instance_to_wrap_ADR_O[23]/DIODE    1.500000    2.159621   -0.659621 (VIOLATED)
ANTENNA_hold400_X/DIODE                 1.500000    2.159537   -0.659537 (VIOLATED)
mprj.team_06_Wrapper.team_06_WB.instance_to_wrap/gpio_in[16]    1.500000    2.159532   -0.659532 (VIOLATED)
mprj.team_01_Wrapper.team_01_WB.instance_to_wrap/ADR_O[23]    1.500000    2.159328   -0.659328 (VIOLATED)
_4453_/A1                               1.500000    2.159320   -0.659320 (VIOLATED)
ANTENNA__4453__A1/DIODE                 1.500000    2.159235   -0.659235 (VIOLATED)
ANTENNA__4463__A2/DIODE                 1.500000    2.159166   -0.659166 (VIOLATED)
_4463_/A2                               1.500000    2.159138   -0.659139 (VIOLATED)
ANTENNA_clkbuf_1_1_1_wb_clk_i_X/DIODE    1.500000    2.158844   -0.658844 (VIOLATED)
ANTENNA__5025__A2/DIODE                 1.500000    2.157202   -0.657203 (VIOLATED)
_5025_/A2                               1.500000    2.157192   -0.657193 (VIOLATED)
ANTENNA_235/DIODE                       1.500000    2.157126   -0.657127 (VIOLATED)
ANTENNA_234/DIODE                       1.500000    2.157096   -0.657096 (VIOLATED)
_6721_/A1                               1.500000    2.156997   -0.656997 (VIOLATED)
clkbuf_1_1_1_wb_clk_i/X                 1.500000    2.156875   -0.656875 (VIOLATED)
_5019_/A0                               1.500000    2.156769   -0.656769 (VIOLATED)
ANTENNA__6721__A1/DIODE                 1.500000    2.156736   -0.656736 (VIOLATED)
ANTENNA__5019__A0/DIODE                 1.500000    2.156425   -0.656425 (VIOLATED)
ANTENNA_mprj.team_01_Wrapper.team_01_WB.instance_to_wrap_ADR_O[14]/DIODE    1.500000    2.153897   -0.653897 (VIOLATED)
mprj.team_01_Wrapper.team_01_WB.instance_to_wrap/ADR_O[14]    1.500000    2.153889   -0.653889 (VIOLATED)
ANTENNA_mprj.team_06_Wrapper.team_06_WB.instance_to_wrap_gpio_in[16]/DIODE    1.500000    2.153286   -0.653286 (VIOLATED)
_4154_/A1                               1.500000    2.152825   -0.652825 (VIOLATED)
ANTENNA__4154__A1/DIODE                 1.500000    2.152819   -0.652819 (VIOLATED)
ANTENNA__4160__A2/DIODE                 1.500000    2.152774   -0.652774 (VIOLATED)
_4160_/A2                               1.500000    2.152769   -0.652769 (VIOLATED)
ANTENNA_mprj.team_09_Wrapper.team_09_WB.instance_to_wrap_gpio_in[2]/DIODE    1.500000    2.152074   -0.652074 (VIOLATED)
mprj.team_09_Wrapper.team_09_WB.instance_to_wrap/gpio_in[2]    1.500000    2.151614   -0.651614 (VIOLATED)
ANTENNA_mprj.team_01_Wrapper.team_01_WB.instance_to_wrap_ADR_O[22]/DIODE    1.500000    2.151120   -0.651120 (VIOLATED)
mprj.team_01_Wrapper.team_01_WB.instance_to_wrap/ADR_O[22]    1.500000    2.151114   -0.651114 (VIOLATED)
ANTENNA_mprj.team_05_Wrapper.team_05_WB.instance_to_wrap_gpio_in[17]/DIODE    1.500000    2.150558   -0.650558 (VIOLATED)
mprj.team_07_Wrapper.team_07_WB.instance_to_wrap/gpio_in[28]    1.500000    2.150199   -0.650199 (VIOLATED)
ANTENNA_mprj.team_07_Wrapper.team_07_WB.instance_to_wrap_gpio_in[28]/DIODE    1.500000    2.150135   -0.650135 (VIOLATED)
mprj.team_05_Wrapper.team_05_WB.instance_to_wrap/gpio_in[17]    1.500000    2.150116   -0.650116 (VIOLATED)
ANTENNA__4948__A0/DIODE                 1.500000    2.145314   -0.645314 (VIOLATED)
_4948_/A0                               1.500000    2.145282   -0.645282 (VIOLATED)
ANTENNA_33/DIODE                        1.500000    2.145175   -0.645175 (VIOLATED)
_4954_/A2                               1.500000    2.145040   -0.645040 (VIOLATED)
ANTENNA__4954__A2/DIODE                 1.500000    2.144920   -0.644920 (VIOLATED)
ANTENNA_mprj.team_01_Wrapper.team_01_WB.instance_to_wrap_ADR_O[13]/DIODE    1.500000    2.144549   -0.644549 (VIOLATED)
mprj.team_01_Wrapper.team_01_WB.instance_to_wrap/ADR_O[13]    1.500000    2.144468   -0.644468 (VIOLATED)
ANTENNA_mprj.team_06_Wrapper.team_06_WB.instance_to_wrap_gpio_out[6]/DIODE    1.500000    2.140079   -0.640079 (VIOLATED)
mprj.team_06_Wrapper.team_06_WB.instance_to_wrap/gpio_out[6]    1.500000    2.140067   -0.640067 (VIOLATED)
_8056_/A1                               1.500000    2.137560   -0.637560 (VIOLATED)
ANTENNA__8056__A1/DIODE                 1.500000    2.137359   -0.637359 (VIOLATED)
ANTENNA_mprj.team_03_Wrapper.team_03_WB.instance_to_wrap_ADR_O[10]/DIODE    1.500000    2.132346   -0.632346 (VIOLATED)
mprj.team_03_Wrapper.team_03_WB.instance_to_wrap/ADR_O[10]    1.500000    2.132346   -0.632346 (VIOLATED)
mprj.team_05_Wrapper.team_05_WB.instance_to_wrap/gpio_in[10]    1.500000    2.132255   -0.632255 (VIOLATED)
ANTENNA_mprj.team_05_Wrapper.team_05_WB.instance_to_wrap_gpio_in[10]/DIODE    1.500000    2.132154   -0.632154 (VIOLATED)
_6615_/A1                               1.500000    2.125410   -0.625410 (VIOLATED)
ANTENNA__6615__A1/DIODE                 1.500000    2.125409   -0.625409 (VIOLATED)
ANTENNA__4225__A2/DIODE                 1.500000    2.122181   -0.622181 (VIOLATED)
_4225_/A2                               1.500000    2.122130   -0.622130 (VIOLATED)
_4219_/A0                               1.500000    2.122125   -0.622125 (VIOLATED)
ANTENNA__4219__A0/DIODE                 1.500000    2.122097   -0.622097 (VIOLATED)
ANTENNA_mprj.team_01_Wrapper.team_01_WB.instance_to_wrap_ADR_O[8]/DIODE    1.500000    2.121388   -0.621388 (VIOLATED)
mprj.team_01_Wrapper.team_01_WB.instance_to_wrap/ADR_O[8]    1.500000    2.121388   -0.621388 (VIOLATED)
ANTENNA_mprj.team_12_Wrapper.team_12_WB.instance_to_wrap_gpio_in[8]/DIODE    1.500000    2.119637   -0.619637 (VIOLATED)
mprj.team_12_Wrapper.team_12_WB.instance_to_wrap/gpio_in[8]    1.500000    2.119603   -0.619603 (VIOLATED)
ANTENNA_mprj.team_01_Wrapper.team_01_WB.instance_to_wrap_ADR_O[1]/DIODE    1.500000    2.116636   -0.616636 (VIOLATED)
mprj.team_01_Wrapper.team_01_WB.instance_to_wrap/ADR_O[1]    1.500000    2.116600   -0.616600 (VIOLATED)
_4897_/B1                               1.500000    2.113635   -0.613635 (VIOLATED)
ANTENNA__4897__B1/DIODE                 1.500000    2.113635   -0.613635 (VIOLATED)
ANTENNA__4891__A0/DIODE                 1.500000    2.113581   -0.613581 (VIOLATED)
_4891_/A0                               1.500000    2.113531   -0.613531 (VIOLATED)
ANTENNA_mprj.team_05_Wrapper.team_05_WB.instance_to_wrap_gpio_in[4]/DIODE    1.500000    2.112858   -0.612858 (VIOLATED)
mprj.team_05_Wrapper.team_05_WB.instance_to_wrap/gpio_in[4]    1.500000    2.112441   -0.612441 (VIOLATED)
ANTENNA__4246__A1/DIODE                 1.500000    2.111085   -0.611085 (VIOLATED)
_4246_/A1                               1.500000    2.111049   -0.611049 (VIOLATED)
ANTENNA__4253__A2/DIODE                 1.500000    2.110893   -0.610894 (VIOLATED)
_4253_/A2                               1.500000    2.110864   -0.610864 (VIOLATED)
_6762_/A1                               1.500000    2.109386   -0.609386 (VIOLATED)
ANTENNA__6762__A1/DIODE                 1.500000    2.109304   -0.609304 (VIOLATED)
ANTENNA_mprj.team_01_Wrapper.team_01_WB.instance_to_wrap_ADR_O[2]/DIODE    1.500000    2.107910   -0.607910 (VIOLATED)
mprj.team_01_Wrapper.team_01_WB.instance_to_wrap/ADR_O[2]    1.500000    2.107909   -0.607910 (VIOLATED)
ANTENNA_mprj.team_05_Wrapper.team_05_WB.instance_to_wrap_gpio_in[11]/DIODE    1.500000    2.103660   -0.603660 (VIOLATED)
mprj.team_05_Wrapper.team_05_WB.instance_to_wrap/gpio_in[11]    1.500000    2.103537   -0.603537 (VIOLATED)
ANTENNA_mprj.team_07_Wrapper.team_07_WB.instance_to_wrap_gpio_out[12]/DIODE    1.500000    2.101038   -0.601038 (VIOLATED)
mprj.team_07_Wrapper.team_07_WB.instance_to_wrap/gpio_out[12]    1.500000    2.101038   -0.601038 (VIOLATED)
ANTENNA_mprj.team_01_Wrapper.team_01_WB.instance_to_wrap_ADR_O[12]/DIODE    1.500000    2.100457   -0.600457 (VIOLATED)
mprj.team_01_Wrapper.team_01_WB.instance_to_wrap/ADR_O[12]    1.500000    2.100294   -0.600294 (VIOLATED)
ANTENNA_mprj.team_01_Wrapper.team_01_WB.instance_to_wrap_DAT_O[28]/DIODE    1.500000    2.100084   -0.600084 (VIOLATED)
mprj.team_01_Wrapper.team_01_WB.instance_to_wrap/DAT_O[28]    1.500000    2.099755   -0.599755 (VIOLATED)
ANTENNA_mprj.team_03_Wrapper.team_03_WB.instance_to_wrap_ADR_O[16]/DIODE    1.500000    2.098443   -0.598443 (VIOLATED)
mprj.team_03_Wrapper.team_03_WB.instance_to_wrap/ADR_O[16]    1.500000    2.098443   -0.598443 (VIOLATED)
mprj.team_02_Wrapper.team_02_WB.instance_to_wrap/gpio_in[31]    1.500000    2.097613   -0.597613 (VIOLATED)
_7781_/A1                               1.500000    2.097473   -0.597473 (VIOLATED)
ANTENNA_mprj.team_02_Wrapper.team_02_WB.instance_to_wrap_gpio_in[31]/DIODE    1.500000    2.097441   -0.597441 (VIOLATED)
ANTENNA__7781__A1/DIODE                 1.500000    2.097311   -0.597311 (VIOLATED)
ANTENNA_mprj.team_01_Wrapper.team_01_WB.instance_to_wrap_ADR_O[25]/DIODE    1.500000    2.096378   -0.596378 (VIOLATED)
mprj.team_01_Wrapper.team_01_WB.instance_to_wrap/ADR_O[25]    1.500000    2.096295   -0.596295 (VIOLATED)
mprj.team_03_Wrapper.team_03_WB.instance_to_wrap/gpio_in[33]    1.500000    2.091868   -0.591868 (VIOLATED)
ANTENNA_mprj.team_07_Wrapper.team_07_WB.instance_to_wrap_gpio_in[21]/DIODE    1.500000    2.089329   -0.589329 (VIOLATED)
mprj.team_07_Wrapper.team_07_WB.instance_to_wrap/gpio_in[21]    1.500000    2.089246   -0.589246 (VIOLATED)
_6897_/C                                1.500000    2.087127   -0.587127 (VIOLATED)
ANTENNA__6897__C/DIODE                  1.500000    2.087050   -0.587050 (VIOLATED)
ANTENNA_mprj.team_08_Wrapper.team_08_WB.instance_to_wrap_gpio_in[9]/DIODE    1.500000    2.076666   -0.576666 (VIOLATED)
mprj.team_08_Wrapper.team_08_WB.instance_to_wrap/gpio_in[9]    1.500000    2.076610   -0.576610 (VIOLATED)
ANTENNA_mprj.team_07_Wrapper.team_07_WB.instance_to_wrap_gpio_in[20]/DIODE    1.500000    2.075732   -0.575732 (VIOLATED)
mprj.team_12_Wrapper.team_12_WB.instance_to_wrap/gpio_in[1]    1.500000    2.075691   -0.575691 (VIOLATED)
mprj.team_07_Wrapper.team_07_WB.instance_to_wrap/gpio_in[20]    1.500000    2.075651   -0.575651 (VIOLATED)
ANTENNA_mprj.team_12_Wrapper.team_12_WB.instance_to_wrap_gpio_in[1]/DIODE    1.500000    2.075607   -0.575607 (VIOLATED)
mprj.team_08_Wrapper.team_08_WB.instance_to_wrap/gpio_in[15]    1.500000    2.072876   -0.572876 (VIOLATED)
ANTENNA_mprj.team_08_Wrapper.team_08_WB.instance_to_wrap_gpio_in[15]/DIODE    1.500000    2.072866   -0.572866 (VIOLATED)
ANTENNA__4195__A0/DIODE                 1.500000    2.069886   -0.569886 (VIOLATED)
_4195_/A0                               1.500000    2.069859   -0.569859 (VIOLATED)
_4201_/A2                               1.500000    2.069809   -0.569809 (VIOLATED)
ANTENNA__4201__A2/DIODE                 1.500000    2.069719   -0.569719 (VIOLATED)
_4585_/A0                               1.500000    2.067479   -0.567479 (VIOLATED)
ANTENNA__4585__A0/DIODE                 1.500000    2.067449   -0.567449 (VIOLATED)
ANTENNA__4746__A0/DIODE                 1.500000    2.067314   -0.567314 (VIOLATED)
ANTENNA_mprj.team_03_Wrapper.team_03_WB.instance_to_wrap_ADR_O[23]/DIODE    1.500000    2.067290   -0.567290 (VIOLATED)
mprj.team_03_Wrapper.team_03_WB.instance_to_wrap/ADR_O[23]    1.500000    2.067290   -0.567290 (VIOLATED)
_4746_/A0                               1.500000    2.067281   -0.567282 (VIOLATED)
_4752_/A2                               1.500000    2.067187   -0.567187 (VIOLATED)
_4591_/A2                               1.500000    2.067138   -0.567138 (VIOLATED)
ANTENNA__4752__A2/DIODE                 1.500000    2.066795   -0.566795 (VIOLATED)
ANTENNA__4591__A2/DIODE                 1.500000    2.066650   -0.566650 (VIOLATED)
ANTENNA_32/DIODE                        1.500000    2.066472   -0.566472 (VIOLATED)
ANTENNA__4982__B1/DIODE                 1.500000    2.066468   -0.566468 (VIOLATED)
ANTENNA_31/DIODE                        1.500000    2.066395   -0.566395 (VIOLATED)
_4982_/B1                               1.500000    2.066356   -0.566357 (VIOLATED)
ANTENNA__4976__A0/DIODE                 1.500000    2.066336   -0.566336 (VIOLATED)
_4976_/A0                               1.500000    2.066026   -0.566026 (VIOLATED)
ANTENNA__5092__A1/DIODE                 1.500000    2.065882   -0.565882 (VIOLATED)
_5092_/A1                               1.500000    2.065883   -0.565883 (VIOLATED)
ANTENNA_40/DIODE                        1.500000    2.065861   -0.565861 (VIOLATED)
ANTENNA__5099__A2/DIODE                 1.500000    2.065820   -0.565820 (VIOLATED)
_5099_/A2                               1.500000    2.065725   -0.565726 (VIOLATED)
_4352_/A1                               1.500000    2.064826   -0.564826 (VIOLATED)
ANTENNA__4352__A1/DIODE                 1.500000    2.064733   -0.564733 (VIOLATED)
_4358_/A2                               1.500000    2.064591   -0.564591 (VIOLATED)
ANTENNA__4358__A2/DIODE                 1.500000    2.064423   -0.564423 (VIOLATED)
ANTENNA_289/DIODE                       1.500000    2.060383   -0.560383 (VIOLATED)
ANTENNA_288/DIODE                       1.500000    2.060382   -0.560382 (VIOLATED)
ANTENNA_290/DIODE                       1.500000    2.060366   -0.560366 (VIOLATED)
ANTENNA_291/DIODE                       1.500000    2.060337   -0.560337 (VIOLATED)
_8138_/A1                               1.500000    2.059313   -0.559313 (VIOLATED)
ANTENNA__8138__A1/DIODE                 1.500000    2.059141   -0.559141 (VIOLATED)
ANTENNA__4140__A0/DIODE                 1.500000    2.056150   -0.556150 (VIOLATED)
_4140_/A0                               1.500000    2.056136   -0.556136 (VIOLATED)
_4146_/A2                               1.500000    2.055871   -0.555871 (VIOLATED)
ANTENNA__4146__A2/DIODE                 1.500000    2.055674   -0.555674 (VIOLATED)
ANTENNA_mprj.team_01_Wrapper.team_01_WB.instance_to_wrap_DAT_O[6]/DIODE    1.500000    2.055640   -0.555640 (VIOLATED)
mprj.team_01_Wrapper.team_01_WB.instance_to_wrap/DAT_O[6]    1.500000    2.055563   -0.555563 (VIOLATED)
mprj.team_01_Wrapper.team_01_WB.instance_to_wrap/gpio_in[0]    1.500000    2.055377   -0.555377 (VIOLATED)
ANTENNA_mprj.team_01_Wrapper.team_01_WB.instance_to_wrap_gpio_in[0]/DIODE    1.500000    2.055331   -0.555331 (VIOLATED)
ANTENNA_mprj.team_01_Wrapper.team_01_WB.instance_to_wrap_ADR_O[31]/DIODE    1.500000    2.053034   -0.553034 (VIOLATED)
mprj.team_01_Wrapper.team_01_WB.instance_to_wrap/ADR_O[31]    1.500000    2.053004   -0.553004 (VIOLATED)
ANTENNA_mprj.team_01_Wrapper.team_01_WB.instance_to_wrap_ADR_O[4]/DIODE    1.500000    2.052520   -0.552520 (VIOLATED)
mprj.team_01_Wrapper.team_01_WB.instance_to_wrap/ADR_O[4]    1.500000    2.052489   -0.552489 (VIOLATED)
load_slew780/A                          1.500000    2.051868   -0.551868 (VIOLATED)
ANTENNA_mprj.team_03_Wrapper.team_03_WB.instance_to_wrap_gpio_in[33]/DIODE    1.500000    2.049931   -0.549931 (VIOLATED)
ANTENNA_573/DIODE                       1.500000    2.046970   -0.546970 (VIOLATED)
ANTENNA_load_slew780_A/DIODE            1.500000    2.046031   -0.546031 (VIOLATED)
ANTENNA__4701__A0/DIODE                 1.500000    2.043877   -0.543877 (VIOLATED)
ANTENNA__4707__A2/DIODE                 1.500000    2.043828   -0.543828 (VIOLATED)
_4701_/A0                               1.500000    2.043827   -0.543827 (VIOLATED)
_4707_/A2                               1.500000    2.043795   -0.543795 (VIOLATED)
mprj.team_06_Wrapper.team_06_WB.instance_to_wrap/gpio_in[15]    1.500000    2.043223   -0.543224 (VIOLATED)
ANTENNA_mprj.team_01_Wrapper.team_01_WB.instance_to_wrap_ADR_O[5]/DIODE    1.500000    2.042253   -0.542253 (VIOLATED)
mprj.team_01_Wrapper.team_01_WB.instance_to_wrap/ADR_O[5]    1.500000    2.042230   -0.542230 (VIOLATED)
ANTENNA_mprj.team_06_Wrapper.team_06_WB.instance_to_wrap_gpio_in[15]/DIODE    1.500000    2.039472   -0.539472 (VIOLATED)
ANTENNA_mprj.team_07_Wrapper.team_07_WB.instance_to_wrap_gpio_out[17]/DIODE    1.500000    2.038112   -0.538112 (VIOLATED)
mprj.team_07_Wrapper.team_07_WB.instance_to_wrap/gpio_out[17]    1.500000    2.038112   -0.538112 (VIOLATED)
_7900_/A                                1.500000    2.037845   -0.537845 (VIOLATED)
ANTENNA__7900__A/DIODE                  1.500000    2.037786   -0.537786 (VIOLATED)
ANTENNA_mprj.team_12_Wrapper.team_12_WB.instance_to_wrap_gpio_in[0]/DIODE    1.500000    2.037369   -0.537369 (VIOLATED)
mprj.team_12_Wrapper.team_12_WB.instance_to_wrap/gpio_in[0]    1.500000    2.037262   -0.537262 (VIOLATED)
_7948_/A                                1.500000    2.036250   -0.536250 (VIOLATED)
ANTENNA__7948__A/DIODE                  1.500000    2.036189   -0.536189 (VIOLATED)
ANTENNA_mprj.team_03_Wrapper.team_03_WB.instance_to_wrap_DAT_O[0]/DIODE    1.500000    2.035178   -0.535179 (VIOLATED)
mprj.team_03_Wrapper.team_03_WB.instance_to_wrap/DAT_O[0]    1.500000    2.035172   -0.535172 (VIOLATED)
ANTENNA_max_length787_A/DIODE           1.500000    2.034632   -0.534632 (VIOLATED)
_8058_/A1                               1.500000    2.033083   -0.533083 (VIOLATED)
ANTENNA__8058__A1/DIODE                 1.500000    2.033061   -0.533061 (VIOLATED)
ANTENNA_mprj.team_02_Wrapper.team_02_WB.instance_to_wrap_gpio_in[28]/DIODE    1.500000    2.032469   -0.532469 (VIOLATED)
ANTENNA_mprj.team_10_Wrapper.team_10_WB.instance_to_wrap_gpio_in[28]/DIODE    1.500000    2.030596   -0.530596 (VIOLATED)
ANTENNA_mprj.team_09_Wrapper.team_09_WB.instance_to_wrap_gpio_in[12]/DIODE    1.500000    2.029499   -0.529499 (VIOLATED)
ANTENNA__4100__A0/DIODE                 1.500000    2.029370   -0.529370 (VIOLATED)
_4100_/A0                               1.500000    2.029358   -0.529358 (VIOLATED)
mprj.team_09_Wrapper.team_09_WB.instance_to_wrap/gpio_in[12]    1.500000    2.029339   -0.529339 (VIOLATED)
_4112_/B1                               1.500000    2.029231   -0.529231 (VIOLATED)
ANTENNA__4112__B1/DIODE                 1.500000    2.029205   -0.529205 (VIOLATED)
ANTENNA_mprj.team_03_Wrapper.team_03_WB.instance_to_wrap_WE_O/DIODE    1.500000    2.027320   -0.527320 (VIOLATED)
mprj.team_11_Wrapper.team_11_WB.instance_to_wrap/en    1.500000    2.027075   -0.527075 (VIOLATED)
mprj.team_03_Wrapper.team_03_WB.instance_to_wrap/WE_O    1.500000    2.027073   -0.527073 (VIOLATED)
ANTENNA_mprj.team_11_Wrapper.team_11_WB.instance_to_wrap_en/DIODE    1.500000    2.026999   -0.526999 (VIOLATED)
ANTENNA_mprj.team_01_Wrapper.team_01_WB.instance_to_wrap_DAT_O[10]/DIODE    1.500000    2.025103   -0.525103 (VIOLATED)
mprj.team_01_Wrapper.team_01_WB.instance_to_wrap/DAT_O[10]    1.500000    2.024990   -0.524990 (VIOLATED)
ANTENNA_mprj.team_05_Wrapper.team_05_WB.instance_to_wrap_gpio_in[18]/DIODE    1.500000    2.024800   -0.524800 (VIOLATED)
mprj.team_05_Wrapper.team_05_WB.instance_to_wrap/gpio_in[18]    1.500000    2.024370   -0.524370 (VIOLATED)
mprj.team_08_Wrapper.team_08_WB.instance_to_wrap/gpio_in[1]    1.500000    2.023806   -0.523806 (VIOLATED)
ANTENNA_mprj.team_08_Wrapper.team_08_WB.instance_to_wrap_gpio_in[1]/DIODE    1.500000    2.023741   -0.523741 (VIOLATED)
ANTENNA_mprj.team_03_Wrapper.team_03_WB.instance_to_wrap_ADR_O[29]/DIODE    1.500000    2.022419   -0.522419 (VIOLATED)
mprj.team_03_Wrapper.team_03_WB.instance_to_wrap/ADR_O[29]    1.500000    2.022248   -0.522248 (VIOLATED)
_6650_/A1                               1.500000    2.021368   -0.521368 (VIOLATED)
ANTENNA__6650__A1/DIODE                 1.500000    2.021249   -0.521249 (VIOLATED)
ANTENNA_mprj.team_02_Wrapper.team_02_WB.instance_to_wrap_gpio_in[27]/DIODE    1.500000    2.020670   -0.520670 (VIOLATED)
max_length787/A                         1.500000    2.016311   -0.516311 (VIOLATED)
ANTENNA_mprj.team_05_Wrapper.team_05_WB.instance_to_wrap_gpio_out[31]/DIODE    1.500000    2.016038   -0.516038 (VIOLATED)
mprj.team_05_Wrapper.team_05_WB.instance_to_wrap/gpio_out[31]    1.500000    2.016007   -0.516007 (VIOLATED)
mprj.team_03_Wrapper.team_03_WB.instance_to_wrap/gpio_in[19]    1.500000    2.014870   -0.514870 (VIOLATED)
ANTENNA_mprj.team_03_Wrapper.team_03_WB.instance_to_wrap_gpio_in[19]/DIODE    1.500000    2.014594   -0.514594 (VIOLATED)
mprj.team_10_Wrapper.team_10_WB.instance_to_wrap/gpio_in[28]    1.500000    2.014236   -0.514236 (VIOLATED)
_6970_/A1                               1.500000    2.013823   -0.513823 (VIOLATED)
ANTENNA__6970__A1/DIODE                 1.500000    2.013781   -0.513781 (VIOLATED)
_4876_/A0                               1.500000    2.013501   -0.513501 (VIOLATED)
ANTENNA__4876__A0/DIODE                 1.500000    2.013498   -0.513498 (VIOLATED)
_4882_/B1                               1.500000    2.013440   -0.513440 (VIOLATED)
ANTENNA__4882__B1/DIODE                 1.500000    2.013222   -0.513222 (VIOLATED)
ANTENNA_mprj.team_01_Wrapper.team_01_WB.instance_to_wrap_DAT_O[3]/DIODE    1.500000    2.013073   -0.513073 (VIOLATED)
mprj.team_01_Wrapper.team_01_WB.instance_to_wrap/DAT_O[3]    1.500000    2.013065   -0.513065 (VIOLATED)
_5063_/A1                               1.500000    2.012830   -0.512830 (VIOLATED)
ANTENNA__5063__A1/DIODE                 1.500000    2.012823   -0.512823 (VIOLATED)
ANTENNA__5070__A2/DIODE                 1.500000    2.012792   -0.512792 (VIOLATED)
_5070_/A2                               1.500000    2.012775   -0.512775 (VIOLATED)
ANTENNA_mprj.team_01_Wrapper.team_01_WB.instance_to_wrap_DAT_O[23]/DIODE    1.500000    2.011011   -0.511011 (VIOLATED)
mprj.team_01_Wrapper.team_01_WB.instance_to_wrap/DAT_O[23]    1.500000    2.010985   -0.510985 (VIOLATED)
hold1782/X                              1.495067    2.004667   -0.509600 (VIOLATED)
mprj.team_02_Wrapper.team_02_WB.instance_to_wrap/gpio_in[28]    1.500000    2.009176   -0.509176 (VIOLATED)
ANTENNA_mprj.team_06_Wrapper.team_06_WB.instance_to_wrap_gpio_out[10]/DIODE    1.500000    2.007865   -0.507865 (VIOLATED)
mprj.team_06_Wrapper.team_06_WB.instance_to_wrap/gpio_out[10]    1.500000    2.007865   -0.507865 (VIOLATED)
mprj.team_04_Wrapper.team_04_WB.instance_to_wrap/gpio_in[32]    1.500000    2.007618   -0.507618 (VIOLATED)
mprj.team_04_Wrapper.team_04_WB.instance_to_wrap/gpio_in[19]    1.500000    2.006830   -0.506830 (VIOLATED)
ANTENNA_mprj.team_04_Wrapper.team_04_WB.instance_to_wrap_gpio_in[19]/DIODE    1.500000    2.006644   -0.506644 (VIOLATED)
_8016_/A                                1.500000    2.006568   -0.506568 (VIOLATED)
ANTENNA__8016__A/DIODE                  1.500000    2.006513   -0.506513 (VIOLATED)
ANTENNA_mprj.team_08_Wrapper.team_08_WB.instance_to_wrap_gpio_out[27]/DIODE    1.500000    2.005314   -0.505314 (VIOLATED)
mprj.team_08_Wrapper.team_08_WB.instance_to_wrap/gpio_out[27]    1.500000    2.005314   -0.505314 (VIOLATED)
ANTENNA_hold1782_X/DIODE                1.500000    2.004769   -0.504769 (VIOLATED)
ANTENNA_mprj.team_03_Wrapper.team_03_WB.instance_to_wrap_ADR_O[27]/DIODE    1.500000    2.000926   -0.500926 (VIOLATED)
mprj.team_03_Wrapper.team_03_WB.instance_to_wrap/ADR_O[27]    1.500000    2.000926   -0.500926 (VIOLATED)
_6437_/A1                               1.500000    2.000861   -0.500861 (VIOLATED)
ANTENNA__6437__A1/DIODE                 1.500000    2.000781   -0.500781 (VIOLATED)
ANTENNA_mprj.team_03_Wrapper.team_03_WB.instance_to_wrap_DAT_O[16]/DIODE    1.500000    1.999736   -0.499736 (VIOLATED)
mprj.team_03_Wrapper.team_03_WB.instance_to_wrap/DAT_O[16]    1.500000    1.999432   -0.499433 (VIOLATED)
ANTENNA_mprj.team_04_Wrapper.team_04_WB.instance_to_wrap_gpio_in[10]/DIODE    1.500000    1.999064   -0.499064 (VIOLATED)
_4335_/A2                               1.500000    1.996781   -0.496781 (VIOLATED)
_4329_/A1                               1.500000    1.996687   -0.496687 (VIOLATED)
ANTENNA__4335__A2/DIODE                 1.500000    1.996686   -0.496686 (VIOLATED)
ANTENNA__4329__A1/DIODE                 1.500000    1.996662   -0.496662 (VIOLATED)
ANTENNA__4411__A1/DIODE                 1.500000    1.996370   -0.496370 (VIOLATED)
_4411_/A1                               1.500000    1.996369   -0.496369 (VIOLATED)
_4418_/A2                               1.500000    1.996342   -0.496342 (VIOLATED)
ANTENNA_19/DIODE                        1.500000    1.996279   -0.496279 (VIOLATED)
ANTENNA__4418__A2/DIODE                 1.500000    1.996259   -0.496259 (VIOLATED)
load_slew747/A                          1.500000    1.996009   -0.496009 (VIOLATED)
_5005_/A0                               1.500000    1.993656   -0.493656 (VIOLATED)
ANTENNA__5005__A0/DIODE                 1.500000    1.993587   -0.493587 (VIOLATED)
_5011_/A2                               1.500000    1.993501   -0.493501 (VIOLATED)
ANTENNA__5011__A2/DIODE                 1.500000    1.993308   -0.493309 (VIOLATED)
ANTENNA_mprj.team_04_Wrapper.team_04_WB.instance_to_wrap_gpio_in[32]/DIODE    1.500000    1.992328   -0.492328 (VIOLATED)
ANTENNA_mprj.team_08_Wrapper.team_08_WB.instance_to_wrap_gpio_in[20]/DIODE    1.500000    1.992293   -0.492293 (VIOLATED)
ANTENNA_mprj.team_05_Wrapper.team_05_WB.instance_to_wrap_gpio_out[8]/DIODE    1.500000    1.988133   -0.488133 (VIOLATED)
mprj.team_05_Wrapper.team_05_WB.instance_to_wrap/gpio_out[8]    1.500000    1.988133   -0.488133 (VIOLATED)
ANTENNA_load_slew747_A/DIODE            1.500000    1.983801   -0.483801 (VIOLATED)
_6685_/A1                               1.500000    1.982718   -0.482718 (VIOLATED)
ANTENNA__6685__A1/DIODE                 1.500000    1.982599   -0.482600 (VIOLATED)
_8045_/A1                               1.500000    1.980115   -0.480115 (VIOLATED)
ANTENNA__8045__A1/DIODE                 1.500000    1.979994   -0.479994 (VIOLATED)
mprj.team_04_Wrapper.team_04_WB.instance_to_wrap/gpio_in[14]    1.500000    1.979133   -0.479133 (VIOLATED)
mprj.team_08_Wrapper.team_08_WB.instance_to_wrap/gpio_in[20]    1.500000    1.978374   -0.478374 (VIOLATED)
ANTENNA_mprj.team_01_Wrapper.team_01_WB.instance_to_wrap_DAT_O[29]/DIODE    1.500000    1.976270   -0.476270 (VIOLATED)
mprj.team_01_Wrapper.team_01_WB.instance_to_wrap/DAT_O[29]    1.500000    1.976270   -0.476270 (VIOLATED)
mprj.team_04_Wrapper.team_04_WB.instance_to_wrap/gpio_in[10]    1.500000    1.976161   -0.476161 (VIOLATED)
mprj.team_02_Wrapper.team_02_WB.instance_to_wrap/gpio_in[27]    1.500000    1.974302   -0.474302 (VIOLATED)
ANTENNA__4978__A1/DIODE                 1.500000    1.973877   -0.473877 (VIOLATED)
ANTENNA_42/DIODE                        1.500000    1.973865   -0.473865 (VIOLATED)
ANTENNA_623/DIODE                       1.500000    1.973856   -0.473856 (VIOLATED)
ANTENNA_773/DIODE                       1.500000    1.973837   -0.473837 (VIOLATED)
ANTENNA__4985__A2/DIODE                 1.500000    1.973727   -0.473727 (VIOLATED)
_4985_/A2                               1.500000    1.973606   -0.473606 (VIOLATED)
_4978_/A1                               1.500000    1.973570   -0.473571 (VIOLATED)
_6509_/A1                               1.500000    1.972149   -0.472149 (VIOLATED)
ANTENNA__6509__A1/DIODE                 1.500000    1.972040   -0.472040 (VIOLATED)
output155/A                             1.500000    1.971923   -0.471923 (VIOLATED)
ANTENNA_mprj.team_06_Wrapper.team_06_WB.instance_to_wrap_gpio_oeb[23]/DIODE    1.500000    1.971825   -0.471825 (VIOLATED)
mprj.team_06_Wrapper.team_06_WB.instance_to_wrap/gpio_oeb[23]    1.500000    1.971717   -0.471717 (VIOLATED)
ANTENNA_output155_A/DIODE               1.500000    1.971418   -0.471418 (VIOLATED)
ANTENNA_mprj.team_12_Wrapper.team_12_WB.instance_to_wrap_gpio_in[32]/DIODE    1.500000    1.971184   -0.471184 (VIOLATED)
_5053_/A2                               1.500000    1.971171   -0.471171 (VIOLATED)
mprj.team_12_Wrapper.team_12_WB.instance_to_wrap/gpio_in[32]    1.500000    1.971141   -0.471141 (VIOLATED)
ANTENNA__5047__A0/DIODE                 1.500000    1.971134   -0.471134 (VIOLATED)
ANTENNA__5053__A2/DIODE                 1.500000    1.971073   -0.471073 (VIOLATED)
_5047_/A0                               1.500000    1.970975   -0.470975 (VIOLATED)
ANTENNA__4282__A2/DIODE                 1.500000    1.970271   -0.470271 (VIOLATED)
_4277_/A1                               1.500000    1.970271   -0.470271 (VIOLATED)
_4282_/A2                               1.500000    1.970264   -0.470264 (VIOLATED)
ANTENNA__4277__A1/DIODE                 1.500000    1.970228   -0.470229 (VIOLATED)
ANTENNA_mprj.team_06_Wrapper.team_06_WB.instance_to_wrap_gpio_oeb[13]/DIODE    1.500000    1.968823   -0.468823 (VIOLATED)
mprj.team_06_Wrapper.team_06_WB.instance_to_wrap/gpio_oeb[13]    1.500000    1.968720   -0.468720 (VIOLATED)
ANTENNA_25/DIODE                        1.500000    1.968142   -0.468142 (VIOLATED)
_4240_/A2                               1.500000    1.968077   -0.468077 (VIOLATED)
ANTENNA__4240__A2/DIODE                 1.500000    1.968033   -0.468033 (VIOLATED)
_4233_/A1                               1.500000    1.968020   -0.468021 (VIOLATED)
ANTENNA__4233__A1/DIODE                 1.500000    1.967991   -0.467991 (VIOLATED)
ANTENNA_mprj.team_01_Wrapper.team_01_WB.instance_to_wrap_DAT_O[15]/DIODE    1.500000    1.963088   -0.463088 (VIOLATED)
mprj.team_01_Wrapper.team_01_WB.instance_to_wrap/DAT_O[15]    1.500000    1.963015   -0.463015 (VIOLATED)
ANTENNA_mprj.team_05_Wrapper.team_05_WB.instance_to_wrap_gpio_out[33]/DIODE    1.500000    1.962750   -0.462750 (VIOLATED)
mprj.team_05_Wrapper.team_05_WB.instance_to_wrap/gpio_out[33]    1.500000    1.962750   -0.462750 (VIOLATED)
ANTENNA_mprj.team_01_Wrapper.team_01_WB.instance_to_wrap_DAT_O[4]/DIODE    1.500000    1.962299   -0.462299 (VIOLATED)
mprj.team_01_Wrapper.team_01_WB.instance_to_wrap/DAT_O[4]    1.500000    1.962240   -0.462240 (VIOLATED)
_7637_/B                                1.500000    1.961755   -0.461755 (VIOLATED)
ANTENNA__7637__B/DIODE                  1.500000    1.961747   -0.461747 (VIOLATED)
hold408/X                               1.495067    1.956272   -0.461205 (VIOLATED)
_4310_/A2                               1.500000    1.960789   -0.460789 (VIOLATED)
ANTENNA__4304__A1/DIODE                 1.500000    1.960714   -0.460714 (VIOLATED)
ANTENNA__4310__A2/DIODE                 1.500000    1.960690   -0.460691 (VIOLATED)
_4304_/A1                               1.500000    1.960609   -0.460609 (VIOLATED)
hold477/X                               1.495067    1.953569   -0.458502 (VIOLATED)
ANTENNA_662/DIODE                       1.500000    1.958096   -0.458096 (VIOLATED)
ANTENNA_660/DIODE                       1.500000    1.958087   -0.458087 (VIOLATED)
ANTENNA_661/DIODE                       1.500000    1.957988   -0.457988 (VIOLATED)
ANTENNA_666/DIODE                       1.500000    1.957916   -0.457916 (VIOLATED)
ANTENNA_663/DIODE                       1.500000    1.957848   -0.457848 (VIOLATED)
ANTENNA_667/DIODE                       1.500000    1.957820   -0.457820 (VIOLATED)
ANTENNA_665/DIODE                       1.500000    1.957803   -0.457803 (VIOLATED)
ANTENNA_664/DIODE                       1.500000    1.957793   -0.457793 (VIOLATED)
_6596_/A1                               1.500000    1.957393   -0.457393 (VIOLATED)
ANTENNA_mprj.team_12_Wrapper.team_12_WB.instance_to_wrap_gpio_in[31]/DIODE    1.500000    1.957252   -0.457252 (VIOLATED)
mprj.team_12_Wrapper.team_12_WB.instance_to_wrap/gpio_in[31]    1.500000    1.957239   -0.457239 (VIOLATED)
ANTENNA__6596__A1/DIODE                 1.500000    1.956923   -0.456923 (VIOLATED)
ANTENNA_mprj.team_04_Wrapper.team_04_WB.instance_to_wrap_gpio_in[14]/DIODE    1.500000    1.956866   -0.456866 (VIOLATED)
load_slew660/A                          1.500000    1.956462   -0.456462 (VIOLATED)
ANTENNA_load_slew660_A/DIODE            1.500000    1.956448   -0.456448 (VIOLATED)
ANTENNA_hold408_X/DIODE                 1.500000    1.956287   -0.456287 (VIOLATED)
ANTENNA_mprj.team_06_Wrapper.team_06_WB.instance_to_wrap_gpio_oeb[7]/DIODE    1.500000    1.955991   -0.455991 (VIOLATED)
mprj.team_06_Wrapper.team_06_WB.instance_to_wrap/gpio_oeb[7]    1.500000    1.955927   -0.455927 (VIOLATED)
mprj.team_05_Wrapper.team_05_WB.instance_to_wrap/gpio_in[32]    1.500000    1.955732   -0.455733 (VIOLATED)
ANTENNA_mprj.team_05_Wrapper.team_05_WB.instance_to_wrap_gpio_in[32]/DIODE    1.500000    1.955365   -0.455365 (VIOLATED)
mprj.team_02_Wrapper.team_02_WB.instance_to_wrap/gpio_in[18]    1.500000    1.954860   -0.454860 (VIOLATED)
ANTENNA_mprj.team_02_Wrapper.team_02_WB.instance_to_wrap_gpio_in[18]/DIODE    1.500000    1.954626   -0.454626 (VIOLATED)
ANTENNA_hold477_X/DIODE                 1.500000    1.953622   -0.453622 (VIOLATED)
_4461_/A2                               1.500000    1.949278   -0.449278 (VIOLATED)
ANTENNA_24/DIODE                        1.500000    1.949222   -0.449222 (VIOLATED)
ANTENNA__4461__A2/DIODE                 1.500000    1.949210   -0.449210 (VIOLATED)
ANTENNA__4435__A1/DIODE                 1.500000    1.949066   -0.449066 (VIOLATED)
_4435_/A1                               1.500000    1.949063   -0.449063 (VIOLATED)
ANTENNA_mprj.team_08_Wrapper.team_08_WB.instance_to_wrap_gpio_in[25]/DIODE    1.500000    1.948817   -0.448817 (VIOLATED)
ANTENNA_mprj.team_01_Wrapper.team_01_WB.instance_to_wrap_WE_O/DIODE    1.500000    1.947399   -0.447399 (VIOLATED)
mprj.team_01_Wrapper.team_01_WB.instance_to_wrap/WE_O    1.500000    1.947399   -0.447399 (VIOLATED)
mprj.team_06_Wrapper.team_06_WB.instance_to_wrap/gpio_in[9]    1.500000    1.947295   -0.447295 (VIOLATED)
ANTENNA_mprj.team_06_Wrapper.team_06_WB.instance_to_wrap_gpio_in[9]/DIODE    1.500000    1.946427   -0.446427 (VIOLATED)
ANTENNA_mprj.team_01_Wrapper.team_01_WB.instance_to_wrap_DAT_O[21]/DIODE    1.500000    1.946269   -0.446269 (VIOLATED)
mprj.team_01_Wrapper.team_01_WB.instance_to_wrap/DAT_O[21]    1.500000    1.946248   -0.446248 (VIOLATED)
ANTENNA_mprj.team_01_Wrapper.team_01_WB.instance_to_wrap_DAT_O[7]/DIODE    1.500000    1.944107   -0.444107 (VIOLATED)
mprj.team_01_Wrapper.team_01_WB.instance_to_wrap/DAT_O[7]    1.500000    1.944107   -0.444107 (VIOLATED)
ANTENNA_mprj.team_01_Wrapper.team_01_WB.instance_to_wrap_DAT_O[19]/DIODE    1.500000    1.943766   -0.443766 (VIOLATED)
mprj.team_01_Wrapper.team_01_WB.instance_to_wrap/DAT_O[19]    1.500000    1.943766   -0.443766 (VIOLATED)
ANTENNA_mprj.team_03_Wrapper.team_03_WB.instance_to_wrap_ADR_O[13]/DIODE    1.500000    1.943035   -0.443035 (VIOLATED)
mprj.team_03_Wrapper.team_03_WB.instance_to_wrap/ADR_O[13]    1.500000    1.943035   -0.443035 (VIOLATED)
ANTENNA_mprj.team_11_Wrapper.team_11_WB.instance_to_wrap_gpio_in[22]/DIODE    1.500000    1.942738   -0.442739 (VIOLATED)
mprj.team_11_Wrapper.team_11_WB.instance_to_wrap/gpio_in[22]    1.500000    1.942609   -0.442609 (VIOLATED)
ANTENNA_mprj.team_01_Wrapper.team_01_WB.instance_to_wrap_gpio_in[20]/DIODE    1.500000    1.941383   -0.441383 (VIOLATED)
ANTENNA_363/DIODE                       1.500000    1.940540   -0.440540 (VIOLATED)
_8087_/A1                               1.500000    1.940470   -0.440470 (VIOLATED)
ANTENNA__8087__A1/DIODE                 1.500000    1.940147   -0.440147 (VIOLATED)
ANTENNA_mprj.team_12_Wrapper.team_12_WB.instance_to_wrap_gpio_in[12]/DIODE    1.500000    1.939556   -0.439556 (VIOLATED)
mprj.team_12_Wrapper.team_12_WB.instance_to_wrap/gpio_in[12]    1.500000    1.939521   -0.439521 (VIOLATED)
ANTENNA__8150__A/DIODE                  1.500000    1.937813   -0.437813 (VIOLATED)
_8150_/A                                1.500000    1.937808   -0.437808 (VIOLATED)
hold398/X                               1.495067    1.927833   -0.432766 (VIOLATED)
ANTENNA_mprj.team_01_Wrapper.team_01_WB.instance_to_wrap_DAT_O[25]/DIODE    1.500000    1.930544   -0.430544 (VIOLATED)
mprj.team_01_Wrapper.team_01_WB.instance_to_wrap/DAT_O[25]    1.500000    1.930520   -0.430521 (VIOLATED)
mprj.team_09_Wrapper.team_09_WB.instance_to_wrap/gpio_in[11]    1.500000    1.929943   -0.429943 (VIOLATED)
ANTENNA_mprj.team_09_Wrapper.team_09_WB.instance_to_wrap_gpio_in[11]/DIODE    1.500000    1.929807   -0.429807 (VIOLATED)
ANTENNA__7570__A/DIODE                  1.500000    1.928016   -0.428016 (VIOLATED)
ANTENNA__7586__A/DIODE                  1.500000    1.928000   -0.428000 (VIOLATED)
_7570_/A                                1.500000    1.927999   -0.427999 (VIOLATED)
_7586_/A                                1.500000    1.927999   -0.427999 (VIOLATED)
fanout600/A                             1.500000    1.927895   -0.427895 (VIOLATED)
ANTENNA_fanout600_A/DIODE               1.500000    1.927893   -0.427893 (VIOLATED)
hold592/A                               1.500000    1.927890   -0.427890 (VIOLATED)
ANTENNA_hold592_A/DIODE                 1.500000    1.927888   -0.427888 (VIOLATED)
ANTENNA_hold398_X/DIODE                 1.500000    1.927877   -0.427877 (VIOLATED)
_6321_/A1                               1.500000    1.926423   -0.426423 (VIOLATED)
ANTENNA__6321__A1/DIODE                 1.500000    1.926281   -0.426281 (VIOLATED)
output156/A                             1.500000    1.925642   -0.425642 (VIOLATED)
ANTENNA_mprj.team_06_Wrapper.team_06_WB.instance_to_wrap_gpio_oeb[22]/DIODE    1.500000    1.925452   -0.425452 (VIOLATED)
mprj.team_06_Wrapper.team_06_WB.instance_to_wrap/gpio_oeb[22]    1.500000    1.925372   -0.425372 (VIOLATED)
ANTENNA_output156_A/DIODE               1.500000    1.925098   -0.425098 (VIOLATED)
mprj.team_08_Wrapper.team_08_WB.instance_to_wrap/gpio_in[25]    1.500000    1.924106   -0.424107 (VIOLATED)
_6796_/A1                               1.500000    1.921904   -0.421904 (VIOLATED)
ANTENNA__6796__A1/DIODE                 1.500000    1.921848   -0.421848 (VIOLATED)
_5061_/A0                               1.500000    1.921581   -0.421581 (VIOLATED)
ANTENNA__5061__A0/DIODE                 1.500000    1.921457   -0.421457 (VIOLATED)
_5067_/B1                               1.500000    1.921378   -0.421378 (VIOLATED)
ANTENNA__5067__B1/DIODE                 1.500000    1.921269   -0.421269 (VIOLATED)
ANTENNA__7809__A/DIODE                  1.500000    1.919461   -0.419461 (VIOLATED)
_7809_/A                                1.500000    1.919461   -0.419461 (VIOLATED)
ANTENNA_mprj.team_06_Wrapper.team_06_WB.instance_to_wrap_gpio_out[13]/DIODE    1.500000    1.918994   -0.418994 (VIOLATED)
mprj.team_06_Wrapper.team_06_WB.instance_to_wrap/gpio_out[13]    1.500000    1.918912   -0.418912 (VIOLATED)
ANTENNA_mprj.team_01_Wrapper.team_01_WB.instance_to_wrap_ADR_O[24]/DIODE    1.500000    1.916509   -0.416509 (VIOLATED)
mprj.team_01_Wrapper.team_01_WB.instance_to_wrap/ADR_O[24]    1.500000    1.916509   -0.416509 (VIOLATED)
ANTENNA_104/DIODE                       1.500000    1.913619   -0.413619 (VIOLATED)
_7951_/A                                1.500000    1.912951   -0.412951 (VIOLATED)
_7843_/A                                1.500000    1.912648   -0.412648 (VIOLATED)
ANTENNA__7843__A/DIODE                  1.500000    1.912632   -0.412632 (VIOLATED)
ANTENNA__7951__A/DIODE                  1.500000    1.912573   -0.412574 (VIOLATED)
ANTENNA_106/DIODE                       1.500000    1.912491   -0.412491 (VIOLATED)
mprj.team_01_Wrapper.team_01_WB.instance_to_wrap/gpio_in[20]    1.500000    1.910645   -0.410645 (VIOLATED)
ANTENNA_mprj.team_01_Wrapper.team_01_WB.instance_to_wrap_gpio_in[29]/DIODE    1.500000    1.909216   -0.409216 (VIOLATED)
mprj.team_01_Wrapper.team_01_WB.instance_to_wrap/gpio_in[29]    1.500000    1.909092   -0.409092 (VIOLATED)
_4209_/A2                               1.500000    1.905201   -0.405201 (VIOLATED)
ANTENNA__4209__A2/DIODE                 1.500000    1.905169   -0.405169 (VIOLATED)
_4204_/A1                               1.500000    1.905167   -0.405167 (VIOLATED)
ANTENNA__4204__A1/DIODE                 1.500000    1.905162   -0.405162 (VIOLATED)
mprj.team_02_Wrapper.team_02_WB.instance_to_wrap/gpio_in[9]    1.500000    1.904654   -0.404654 (VIOLATED)
ANTENNA_620/DIODE                       1.500000    1.904037   -0.404037 (VIOLATED)
ANTENNA_mprj.team_01_Wrapper.team_01_WB.instance_to_wrap_DAT_O[24]/DIODE    1.500000    1.903918   -0.403918 (VIOLATED)
_6871_/A1                               1.500000    1.903911   -0.403912 (VIOLATED)
ANTENNA__6871__A1/DIODE                 1.500000    1.903858   -0.403858 (VIOLATED)
mprj.team_01_Wrapper.team_01_WB.instance_to_wrap/DAT_O[24]    1.500000    1.903826   -0.403826 (VIOLATED)
ANTENNA__4347__A2/DIODE                 1.500000    1.902787   -0.402787 (VIOLATED)
_4347_/A2                               1.500000    1.902764   -0.402764 (VIOLATED)
ANTENNA_21/DIODE                        1.500000    1.902642   -0.402642 (VIOLATED)
ANTENNA__4341__A1/DIODE                 1.500000    1.902503   -0.402503 (VIOLATED)
_4341_/A1                               1.500000    1.902408   -0.402408 (VIOLATED)
ANTENNA_20/DIODE                        1.500000    1.902238   -0.402238 (VIOLATED)
_4279_/A1                               1.500000    1.900873   -0.400873 (VIOLATED)
ANTENNA__4279__A1/DIODE                 1.500000    1.900834   -0.400834 (VIOLATED)
ANTENNA__4288__B/DIODE                  1.500000    1.900702   -0.400702 (VIOLATED)
_4288_/B                                1.500000    1.900689   -0.400689 (VIOLATED)
_4287_/B                                1.500000    1.900408   -0.400408 (VIOLATED)
ANTENNA__4287__B/DIODE                  1.500000    1.900258   -0.400258 (VIOLATED)
ANTENNA__4176__A0/DIODE                 1.500000    1.900040   -0.400040 (VIOLATED)
_4176_/A0                               1.500000    1.900038   -0.400038 (VIOLATED)
_4182_/A2                               1.500000    1.899938   -0.399938 (VIOLATED)
ANTENNA__4182__A2/DIODE                 1.500000    1.899914   -0.399914 (VIOLATED)
ANTENNA_mprj.team_05_Wrapper.team_05_WB.instance_to_wrap_gpio_out[32]/DIODE    1.500000    1.899784   -0.399784 (VIOLATED)
mprj.team_05_Wrapper.team_05_WB.instance_to_wrap/gpio_out[32]    1.500000    1.899784   -0.399784 (VIOLATED)
ANTENNA__4472__A1/DIODE                 1.500000    1.898139   -0.398139 (VIOLATED)
_4472_/A1                               1.500000    1.898116   -0.398116 (VIOLATED)
ANTENNA__4479__A2/DIODE                 1.500000    1.897979   -0.397979 (VIOLATED)
_4479_/A2                               1.500000    1.897941   -0.397941 (VIOLATED)
_7987_/B2                               1.500000    1.897265   -0.397265 (VIOLATED)
ANTENNA__7987__B2/DIODE                 1.500000    1.897263   -0.397263 (VIOLATED)
ANTENNA__4619__B1/DIODE                 1.500000    1.896904   -0.396904 (VIOLATED)
_4619_/B1                               1.500000    1.896895   -0.396895 (VIOLATED)
ANTENNA__4613__A0/DIODE                 1.500000    1.896835   -0.396835 (VIOLATED)
_4613_/A0                               1.500000    1.896817   -0.396817 (VIOLATED)
ANTENNA_mprj.team_02_Wrapper.team_02_WB.instance_to_wrap_gpio_in[9]/DIODE    1.500000    1.894997   -0.394997 (VIOLATED)
_4648_/A2                               1.500000    1.893857   -0.393857 (VIOLATED)
ANTENNA__4648__A2/DIODE                 1.500000    1.893854   -0.393854 (VIOLATED)
hold506/X                               1.495067    1.888916   -0.393849 (VIOLATED)
ANTENNA__4642__A0/DIODE                 1.500000    1.893819   -0.393819 (VIOLATED)
_4642_/A0                               1.500000    1.893804   -0.393804 (VIOLATED)
_8071_/A                                1.500000    1.890344   -0.390344 (VIOLATED)
ANTENNA__8071__A/DIODE                  1.500000    1.890288   -0.390288 (VIOLATED)
ANTENNA_hold506_X/DIODE                 1.500000    1.888930   -0.388930 (VIOLATED)
ANTENNA_mprj.team_01_Wrapper.team_01_WB.instance_to_wrap_DAT_O[11]/DIODE    1.500000    1.887085   -0.387085 (VIOLATED)
mprj.team_01_Wrapper.team_01_WB.instance_to_wrap/DAT_O[11]    1.500000    1.887049   -0.387049 (VIOLATED)
ANTENNA_mprj.team_05_Wrapper.team_05_WB.instance_to_wrap_gpio_out[4]/DIODE    1.500000    1.887014   -0.387014 (VIOLATED)
mprj.team_05_Wrapper.team_05_WB.instance_to_wrap/gpio_out[4]    1.500000    1.887014   -0.387014 (VIOLATED)
ANTENNA__7802__A1/DIODE                 1.500000    1.886154   -0.386154 (VIOLATED)
_7802_/A1                               1.500000    1.886126   -0.386126 (VIOLATED)
ANTENNA_mprj.team_01_Wrapper.team_01_WB.instance_to_wrap_DAT_O[9]/DIODE    1.500000    1.885908   -0.385908 (VIOLATED)
mprj.team_01_Wrapper.team_01_WB.instance_to_wrap/DAT_O[9]    1.500000    1.885908   -0.385908 (VIOLATED)
ANTENNA_mprj.team_06_Wrapper.team_06_WB.instance_to_wrap_gpio_out[26]/DIODE    1.500000    1.883894   -0.383894 (VIOLATED)
mprj.team_06_Wrapper.team_06_WB.instance_to_wrap/gpio_out[26]    1.500000    1.883881   -0.383881 (VIOLATED)
_7636_/B                                1.500000    1.881687   -0.381687 (VIOLATED)
ANTENNA__7636__B/DIODE                  1.500000    1.881680   -0.381680 (VIOLATED)
hold538/X                               1.495067    1.876165   -0.381098 (VIOLATED)
_4761_/A0                               1.500000    1.878601   -0.378601 (VIOLATED)
ANTENNA__4761__A0/DIODE                 1.500000    1.878562   -0.378562 (VIOLATED)
ANTENNA__4767__A2/DIODE                 1.500000    1.878206   -0.378206 (VIOLATED)
_4767_/A2                               1.500000    1.877890   -0.377890 (VIOLATED)
max_cap661/A                            1.500000    1.877356   -0.377356 (VIOLATED)
ANTENNA_max_cap661_A/DIODE              1.500000    1.877336   -0.377336 (VIOLATED)
ANTENNA_hold538_X/DIODE                 1.500000    1.876219   -0.376219 (VIOLATED)
_4503_/A2                               1.500000    1.875228   -0.375228 (VIOLATED)
ANTENNA__4503__A2/DIODE                 1.500000    1.875219   -0.375219 (VIOLATED)
_7986_/A1                               1.500000    1.875203   -0.375203 (VIOLATED)
ANTENNA__7986__A1/DIODE                 1.500000    1.875170   -0.375171 (VIOLATED)
_4496_/A1                               1.500000    1.875136   -0.375137 (VIOLATED)
ANTENNA__4496__A1/DIODE                 1.500000    1.874866   -0.374866 (VIOLATED)
_4380_/A2                               1.500000    1.874483   -0.374483 (VIOLATED)
ANTENNA__4380__A2/DIODE                 1.500000    1.874376   -0.374376 (VIOLATED)
_4374_/A1                               1.500000    1.874199   -0.374199 (VIOLATED)
ANTENNA__4374__A1/DIODE                 1.500000    1.873870   -0.373870 (VIOLATED)
ANTENNA_26/DIODE                        1.500000    1.873751   -0.373751 (VIOLATED)
_4506_/A0                               1.500000    1.872087   -0.372087 (VIOLATED)
ANTENNA__4506__A0/DIODE                 1.500000    1.872083   -0.372083 (VIOLATED)
ANTENNA__4512__A2/DIODE                 1.500000    1.872019   -0.372019 (VIOLATED)
_4512_/A2                               1.500000    1.872017   -0.372017 (VIOLATED)
mprj.team_10_Wrapper.team_10_WB.instance_to_wrap/gpio_in[21]    1.500000    1.871813   -0.371813 (VIOLATED)
ANTENNA_mprj.team_06_Wrapper.team_06_WB.instance_to_wrap_gpio_oeb[21]/DIODE    1.500000    1.867902   -0.367902 (VIOLATED)
mprj.team_06_Wrapper.team_06_WB.instance_to_wrap/gpio_oeb[21]    1.500000    1.867890   -0.367890 (VIOLATED)
ANTENNA__4587__A1/DIODE                 1.500000    1.866183   -0.366183 (VIOLATED)
_4587_/A1                               1.500000    1.866176   -0.366176 (VIOLATED)
ANTENNA_mprj.team_05_Wrapper.team_05_WB.instance_to_wrap_gpio_in[16]/DIODE    1.500000    1.866074   -0.366075 (VIOLATED)
_4593_/A2                               1.500000    1.866063   -0.366063 (VIOLATED)
mprj.team_05_Wrapper.team_05_WB.instance_to_wrap/gpio_in[16]    1.500000    1.865907   -0.365907 (VIOLATED)
ANTENNA__4593__A2/DIODE                 1.500000    1.865893   -0.365893 (VIOLATED)
ANTENNA_mprj.team_02_Wrapper.team_02_WB.instance_to_wrap_gpio_out[8]/DIODE    1.500000    1.865841   -0.365841 (VIOLATED)
mprj.team_02_Wrapper.team_02_WB.instance_to_wrap/gpio_out[8]    1.500000    1.865823   -0.365823 (VIOLATED)
ANTENNA_mprj.team_01_Wrapper.team_01_WB.instance_to_wrap_DAT_O[22]/DIODE    1.500000    1.863008   -0.363008 (VIOLATED)
mprj.team_01_Wrapper.team_01_WB.instance_to_wrap/DAT_O[22]    1.500000    1.863008   -0.363008 (VIOLATED)
ANTENNA_mprj.team_01_Wrapper.team_01_WB.instance_to_wrap_DAT_O[13]/DIODE    1.500000    1.862687   -0.362687 (VIOLATED)
mprj.team_01_Wrapper.team_01_WB.instance_to_wrap/DAT_O[13]    1.500000    1.862681   -0.362681 (VIOLATED)
ANTENNA_mprj.team_10_Wrapper.team_10_WB.instance_to_wrap_gpio_in[21]/DIODE    1.500000    1.861828   -0.361828 (VIOLATED)
ANTENNA_mprj.team_01_Wrapper.team_01_WB.instance_to_wrap_ADR_O[6]/DIODE    1.500000    1.861694   -0.361694 (VIOLATED)
mprj.team_01_Wrapper.team_01_WB.instance_to_wrap/ADR_O[6]    1.500000    1.861644   -0.361644 (VIOLATED)
mprj.team_02_Wrapper.team_02_WB.instance_to_wrap/gpio_in[17]    1.500000    1.860479   -0.360479 (VIOLATED)
ANTENNA_mprj.team_02_Wrapper.team_02_WB.instance_to_wrap_gpio_in[17]/DIODE    1.500000    1.860154   -0.360154 (VIOLATED)
ANTENNA_mprj.team_03_Wrapper.team_03_WB.instance_to_wrap_DAT_O[14]/DIODE    1.500000    1.854147   -0.354147 (VIOLATED)
mprj.team_03_Wrapper.team_03_WB.instance_to_wrap/DAT_O[14]    1.500000    1.854147   -0.354147 (VIOLATED)
mprj.team_04_Wrapper.team_04_WB.instance_to_wrap/gpio_in[18]    1.500000    1.854003   -0.354003 (VIOLATED)
ANTENNA_mprj.team_04_Wrapper.team_04_WB.instance_to_wrap_gpio_in[18]/DIODE    1.500000    1.853557   -0.353557 (VIOLATED)
ANTENNA_mprj.team_03_Wrapper.team_03_WB.instance_to_wrap_gpio_in[8]/DIODE    1.500000    1.852098   -0.352098 (VIOLATED)
mprj.team_03_Wrapper.team_03_WB.instance_to_wrap/gpio_in[8]    1.500000    1.852065   -0.352065 (VIOLATED)
mprj.team_04_Wrapper.team_04_WB.instance_to_wrap/gpio_in[6]    1.500000    1.851660   -0.351660 (VIOLATED)
_6795_/A1                               1.500000    1.851397   -0.351397 (VIOLATED)
ANTENNA__6795__A1/DIODE                 1.500000    1.851314   -0.351314 (VIOLATED)
_6289_/A                                1.500000    1.848627   -0.348627 (VIOLATED)
ANTENNA__6289__A/DIODE                  1.500000    1.848537   -0.348537 (VIOLATED)
ANTENNA_mprj.team_01_Wrapper.team_01_WB.instance_to_wrap_gpio_in[2]/DIODE    1.500000    1.848446   -0.348447 (VIOLATED)
mprj.team_01_Wrapper.team_01_WB.instance_to_wrap/gpio_in[2]    1.500000    1.848318   -0.348318 (VIOLATED)
ANTENNA_mprj.team_01_Wrapper.team_01_WB.instance_to_wrap_gpio_in[19]/DIODE    1.500000    1.848139   -0.348139 (VIOLATED)
ANTENNA_mprj.team_06_Wrapper.team_06_WB.instance_to_wrap_gpio_in[1]/DIODE    1.500000    1.848133   -0.348133 (VIOLATED)
ANTENNA_mprj.team_03_Wrapper.team_03_WB.instance_to_wrap_ADR_O[2]/DIODE    1.500000    1.846532   -0.346532 (VIOLATED)
mprj.team_03_Wrapper.team_03_WB.instance_to_wrap/ADR_O[2]    1.500000    1.846532   -0.346532 (VIOLATED)
ANTENNA__7709__A/DIODE                  1.500000    1.846199   -0.346199 (VIOLATED)
_7709_/A                                1.500000    1.846153   -0.346153 (VIOLATED)
ANTENNA_mprj.team_03_Wrapper.team_03_WB.instance_to_wrap_ADR_O[25]/DIODE    1.500000    1.845433   -0.345433 (VIOLATED)
mprj.team_03_Wrapper.team_03_WB.instance_to_wrap/ADR_O[25]    1.500000    1.845433   -0.345433 (VIOLATED)
ANTENNA_mprj.team_08_Wrapper.team_08_WB.instance_to_wrap_gpio_out[28]/DIODE    1.500000    1.843915   -0.343915 (VIOLATED)
mprj.team_08_Wrapper.team_08_WB.instance_to_wrap/gpio_out[28]    1.500000    1.843915   -0.343915 (VIOLATED)
ANTENNA_mprj.team_06_Wrapper.team_06_WB.instance_to_wrap_gpio_out[15]/DIODE    1.500000    1.841744   -0.341744 (VIOLATED)
mprj.team_06_Wrapper.team_06_WB.instance_to_wrap/gpio_out[15]    1.500000    1.841674   -0.341674 (VIOLATED)
mprj.team_06_Wrapper.team_06_WB.instance_to_wrap/gpio_in[1]    1.500000    1.840521   -0.340521 (VIOLATED)
ANTENNA_mprj.team_05_Wrapper.team_05_WB.instance_to_wrap_gpio_out[30]/DIODE    1.500000    1.840219   -0.340220 (VIOLATED)
ANTENNA_mprj.team_01_Wrapper.team_01_WB.instance_to_wrap_DAT_O[2]/DIODE    1.500000    1.839974   -0.339974 (VIOLATED)
mprj.team_01_Wrapper.team_01_WB.instance_to_wrap/DAT_O[2]    1.500000    1.839972   -0.339972 (VIOLATED)
mprj.team_05_Wrapper.team_05_WB.instance_to_wrap/gpio_out[30]    1.500000    1.839903   -0.339904 (VIOLATED)
ANTENNA__6572__A/DIODE                  1.500000    1.837288   -0.337288 (VIOLATED)
_6572_/A                                1.500000    1.837288   -0.337288 (VIOLATED)
ANTENNA_mprj.team_05_Wrapper.team_05_WB.instance_to_wrap_gpio_out[2]/DIODE    1.500000    1.833461   -0.333461 (VIOLATED)
mprj.team_05_Wrapper.team_05_WB.instance_to_wrap/gpio_out[2]    1.500000    1.833351   -0.333352 (VIOLATED)
mprj.team_01_Wrapper.team_01_WB.instance_to_wrap/gpio_in[19]    1.500000    1.827815   -0.327815 (VIOLATED)
ANTENNA_mprj.team_01_Wrapper.team_01_WB.instance_to_wrap_ADR_O[19]/DIODE    1.500000    1.823700   -0.323700 (VIOLATED)
mprj.team_01_Wrapper.team_01_WB.instance_to_wrap/ADR_O[19]    1.500000    1.823700   -0.323700 (VIOLATED)
ANTENNA_mprj.team_03_Wrapper.team_03_WB.instance_to_wrap_ADR_O[28]/DIODE    1.500000    1.821679   -0.321679 (VIOLATED)
mprj.team_03_Wrapper.team_03_WB.instance_to_wrap/ADR_O[28]    1.500000    1.821679   -0.321679 (VIOLATED)
ANTENNA__6285__A/DIODE                  1.500000    1.821094   -0.321094 (VIOLATED)
ANTENNA_97/DIODE                        1.500000    1.821092   -0.321092 (VIOLATED)
_6285_/A                                1.500000    1.821078   -0.321078 (VIOLATED)
ANTENNA_mprj.team_05_Wrapper.team_05_WB.instance_to_wrap_gpio_in[9]/DIODE    1.500000    1.820100   -0.320100 (VIOLATED)
mprj.team_05_Wrapper.team_05_WB.instance_to_wrap/gpio_in[9]    1.500000    1.819827   -0.319827 (VIOLATED)
ANTENNA_mprj.team_04_Wrapper.team_04_WB.instance_to_wrap_gpio_in[6]/DIODE    1.500000    1.819808   -0.319808 (VIOLATED)
ANTENNA_mprj.team_12_Wrapper.team_12_WB.instance_to_wrap_gpio_in[11]/DIODE    1.500000    1.817152   -0.317152 (VIOLATED)
mprj.team_12_Wrapper.team_12_WB.instance_to_wrap/gpio_in[11]    1.500000    1.817010   -0.317010 (VIOLATED)
ANTENNA_mprj.team_02_Wrapper.team_02_WB.instance_to_wrap_gpio_out[22]/DIODE    1.500000    1.816830   -0.316830 (VIOLATED)
mprj.team_02_Wrapper.team_02_WB.instance_to_wrap/gpio_out[22]    1.500000    1.816810   -0.316810 (VIOLATED)
mprj.team_03_Wrapper.team_03_WB.instance_to_wrap/gpio_in[13]    1.500000    1.815650   -0.315650 (VIOLATED)
ANTENNA_mprj.team_03_Wrapper.team_03_WB.instance_to_wrap_gpio_in[13]/DIODE    1.500000    1.815529   -0.315529 (VIOLATED)
ANTENNA_mprj.team_02_Wrapper.team_02_WB.instance_to_wrap_gpio_out[14]/DIODE    1.500000    1.814212   -0.314212 (VIOLATED)
mprj.team_02_Wrapper.team_02_WB.instance_to_wrap/gpio_out[14]    1.500000    1.814212   -0.314212 (VIOLATED)
ANTENNA__4964__A1/DIODE                 1.500000    1.814062   -0.314062 (VIOLATED)
_4964_/A1                               1.500000    1.814029   -0.314029 (VIOLATED)
hold647/X                               1.495067    1.809002   -0.313935 (VIOLATED)
ANTENNA__4970__A2/DIODE                 1.500000    1.813867   -0.313867 (VIOLATED)
_4970_/A2                               1.500000    1.813754   -0.313754 (VIOLATED)
ANTENNA_310/DIODE                       1.500000    1.813721   -0.313721 (VIOLATED)
ANTENNA_309/DIODE                       1.500000    1.813692   -0.313692 (VIOLATED)
ANTENNA_312/DIODE                       1.500000    1.813608   -0.313608 (VIOLATED)
ANTENNA_311/DIODE                       1.500000    1.813498   -0.313498 (VIOLATED)
ANTENNA_308/DIODE                       1.500000    1.813446   -0.313446 (VIOLATED)
ANTENNA_316/DIODE                       1.500000    1.813427   -0.313427 (VIOLATED)
ANTENNA_317/DIODE                       1.500000    1.813404   -0.313404 (VIOLATED)
ANTENNA_314/DIODE                       1.500000    1.813397   -0.313397 (VIOLATED)
ANTENNA_315/DIODE                       1.500000    1.813376   -0.313376 (VIOLATED)
ANTENNA_313/DIODE                       1.500000    1.812948   -0.312948 (VIOLATED)
_6421_/A1                               1.500000    1.812865   -0.312865 (VIOLATED)
ANTENNA_mprj.team_11_Wrapper.team_11_WB.instance_to_wrap_gpio_in[20]/DIODE    1.500000    1.812762   -0.312762 (VIOLATED)
ANTENNA__6421__A1/DIODE                 1.500000    1.812677   -0.312677 (VIOLATED)
mprj.team_11_Wrapper.team_11_WB.instance_to_wrap/gpio_in[20]    1.500000    1.812406   -0.312406 (VIOLATED)
_7633_/B                                1.500000    1.812269   -0.312269 (VIOLATED)
ANTENNA__7633__B/DIODE                  1.500000    1.812264   -0.312264 (VIOLATED)
ANTENNA_mprj.team_11_Wrapper.team_11_WB.instance_to_wrap_gpio_in[26]/DIODE    1.500000    1.811791   -0.311791 (VIOLATED)
mprj.team_11_Wrapper.team_11_WB.instance_to_wrap/gpio_in[26]    1.500000    1.811505   -0.311505 (VIOLATED)
_6504_/A1                               1.500000    1.811469   -0.311469 (VIOLATED)
ANTENNA__6504__A1/DIODE                 1.500000    1.811434   -0.311434 (VIOLATED)
ANTENNA_mprj.team_10_Wrapper.team_10_WB.instance_to_wrap_gpio_in[6]/DIODE    1.500000    1.810072   -0.310072 (VIOLATED)
max_cap664/A                            1.500000    1.809728   -0.309728 (VIOLATED)
ANTENNA_mprj.team_03_Wrapper.team_03_WB.instance_to_wrap_ADR_O[12]/DIODE    1.500000    1.809723   -0.309723 (VIOLATED)
ANTENNA_max_cap664_A/DIODE              1.500000    1.809713   -0.309713 (VIOLATED)
mprj.team_03_Wrapper.team_03_WB.instance_to_wrap/ADR_O[12]    1.500000    1.809528   -0.309528 (VIOLATED)
ANTENNA_mprj.team_03_Wrapper.team_03_WB.instance_to_wrap_ADR_O[9]/DIODE    1.500000    1.809420   -0.309420 (VIOLATED)
mprj.team_03_Wrapper.team_03_WB.instance_to_wrap/ADR_O[9]    1.500000    1.809369   -0.309370 (VIOLATED)
ANTENNA_hold647_X/DIODE                 1.500000    1.809031   -0.309031 (VIOLATED)
hold412/X                               1.495067    1.803412   -0.308345 (VIOLATED)
mprj.team_03_Wrapper.team_03_WB.instance_to_wrap/gpio_in[18]    1.500000    1.807914   -0.307914 (VIOLATED)
ANTENNA_mprj.team_03_Wrapper.team_03_WB.instance_to_wrap_gpio_in[18]/DIODE    1.500000    1.807856   -0.307856 (VIOLATED)
ANTENNA__4263__A2/DIODE                 1.500000    1.807822   -0.307822 (VIOLATED)
ANTENNA__4257__A1/DIODE                 1.500000    1.807809   -0.307809 (VIOLATED)
_4263_/A2                               1.500000    1.807806   -0.307806 (VIOLATED)
_4257_/A1                               1.500000    1.807730   -0.307730 (VIOLATED)
mprj.team_10_Wrapper.team_10_WB.instance_to_wrap/gpio_in[6]    1.500000    1.807354   -0.307354 (VIOLATED)
_7632_/B                                1.500000    1.806147   -0.306147 (VIOLATED)
ANTENNA__7632__B/DIODE                  1.500000    1.806136   -0.306136 (VIOLATED)
_4129_/A2                               1.500000    1.805915   -0.305915 (VIOLATED)
_4098_/B                                1.500000    1.805913   -0.305913 (VIOLATED)
ANTENNA__4129__A2/DIODE                 1.500000    1.805909   -0.305909 (VIOLATED)
ANTENNA__4098__B/DIODE                  1.500000    1.805897   -0.305897 (VIOLATED)
ANTENNA_mprj.team_11_Wrapper.team_11_WB.instance_to_wrap_gpio_in[25]/DIODE    1.500000    1.805620   -0.305620 (VIOLATED)
mprj.team_11_Wrapper.team_11_WB.instance_to_wrap/gpio_in[25]    1.500000    1.805434   -0.305434 (VIOLATED)
max_cap665/A                            1.500000    1.804022   -0.304022 (VIOLATED)
ANTENNA_max_cap665_A/DIODE              1.500000    1.803997   -0.303997 (VIOLATED)
ANTENNA_hold412_X/DIODE                 1.500000    1.803458   -0.303458 (VIOLATED)
ANTENNA_mprj.team_01_Wrapper.team_01_WB.instance_to_wrap_DAT_O[5]/DIODE    1.500000    1.802457   -0.302457 (VIOLATED)
mprj.team_01_Wrapper.team_01_WB.instance_to_wrap/DAT_O[5]    1.500000    1.802457   -0.302457 (VIOLATED)
ANTENNA_mprj.team_01_Wrapper.team_01_WB.instance_to_wrap_STB_O/DIODE    1.500000    1.797087   -0.297087 (VIOLATED)
mprj.team_01_Wrapper.team_01_WB.instance_to_wrap/STB_O    1.500000    1.797087   -0.297087 (VIOLATED)
ANTENNA_296/DIODE                       1.500000    1.796126   -0.296126 (VIOLATED)
ANTENNA_295/DIODE                       1.500000    1.796066   -0.296066 (VIOLATED)
ANTENNA_304/DIODE                       1.500000    1.796011   -0.296012 (VIOLATED)
ANTENNA_294/DIODE                       1.500000    1.795913   -0.295913 (VIOLATED)
ANTENNA_297/DIODE                       1.500000    1.795902   -0.295902 (VIOLATED)
_6309_/A1                               1.500000    1.795827   -0.295827 (VIOLATED)
ANTENNA_305/DIODE                       1.500000    1.795793   -0.295793 (VIOLATED)
ANTENNA_299/DIODE                       1.500000    1.795781   -0.295781 (VIOLATED)
ANTENNA_303/DIODE                       1.500000    1.795721   -0.295721 (VIOLATED)
ANTENNA_298/DIODE                       1.500000    1.795707   -0.295707 (VIOLATED)
ANTENNA__6309__A1/DIODE                 1.500000    1.795451   -0.295451 (VIOLATED)
ANTENNA_302/DIODE                       1.500000    1.795125   -0.295125 (VIOLATED)
ANTENNA_307/DIODE                       1.500000    1.792643   -0.292643 (VIOLATED)
ANTENNA_306/DIODE                       1.500000    1.792555   -0.292555 (VIOLATED)
ANTENNA_mprj.team_09_Wrapper.team_09_WB.instance_to_wrap_gpio_in[0]/DIODE    1.500000    1.791881   -0.291881 (VIOLATED)
ANTENNA_365/DIODE                       1.500000    1.787233   -0.287233 (VIOLATED)
ANTENNA_364/DIODE                       1.500000    1.787206   -0.287206 (VIOLATED)
ANTENNA_687/DIODE                       1.500000    1.787196   -0.287196 (VIOLATED)
ANTENNA_782/DIODE                       1.500000    1.787085   -0.287085 (VIOLATED)
ANTENNA__6291__A1/DIODE                 1.500000    1.786904   -0.286904 (VIOLATED)
_6291_/A1                               1.500000    1.786584   -0.286584 (VIOLATED)
ANTENNA_mprj.team_07_Wrapper.team_07_WB.instance_to_wrap_gpio_in[19]/DIODE    1.500000    1.786053   -0.286054 (VIOLATED)
mprj.team_07_Wrapper.team_07_WB.instance_to_wrap/gpio_in[19]    1.500000    1.785934   -0.285934 (VIOLATED)
ANTENNA_mprj.team_03_Wrapper.team_03_WB.instance_to_wrap_ADR_O[4]/DIODE    1.500000    1.785827   -0.285827 (VIOLATED)
mprj.team_03_Wrapper.team_03_WB.instance_to_wrap/ADR_O[4]    1.500000    1.785819   -0.285819 (VIOLATED)
ANTENNA_mprj.team_03_Wrapper.team_03_WB.instance_to_wrap_ADR_O[26]/DIODE    1.500000    1.781839   -0.281839 (VIOLATED)
mprj.team_03_Wrapper.team_03_WB.instance_to_wrap/ADR_O[26]    1.500000    1.781572   -0.281572 (VIOLATED)
ANTENNA_mprj.team_01_Wrapper.team_01_WB.instance_to_wrap_DAT_O[17]/DIODE    1.500000    1.777797   -0.277797 (VIOLATED)
mprj.team_01_Wrapper.team_01_WB.instance_to_wrap/DAT_O[17]    1.500000    1.777763   -0.277763 (VIOLATED)
ANTENNA_mprj.team_03_Wrapper.team_03_WB.instance_to_wrap_DAT_O[22]/DIODE    1.500000    1.777188   -0.277188 (VIOLATED)
mprj.team_03_Wrapper.team_03_WB.instance_to_wrap/DAT_O[22]    1.500000    1.777188   -0.277188 (VIOLATED)
_4536_/A2                               1.500000    1.775428   -0.275428 (VIOLATED)
ANTENNA__4536__A2/DIODE                 1.500000    1.775367   -0.275367 (VIOLATED)
_4530_/A1                               1.500000    1.775273   -0.275273 (VIOLATED)
ANTENNA__4530__A1/DIODE                 1.500000    1.774941   -0.274941 (VIOLATED)
_6268_/A                                1.500000    1.774052   -0.274052 (VIOLATED)
ANTENNA__6268__A/DIODE                  1.500000    1.774029   -0.274029 (VIOLATED)
_6582_/A1                               1.500000    1.773959   -0.273959 (VIOLATED)
ANTENNA__6582__A1/DIODE                 1.500000    1.773887   -0.273887 (VIOLATED)
mprj.team_09_Wrapper.team_09_WB.instance_to_wrap/gpio_in[0]    1.500000    1.773796   -0.273796 (VIOLATED)
ANTENNA_mprj.team_01_Wrapper.team_01_WB.instance_to_wrap_ADR_O[3]/DIODE    1.500000    1.773720   -0.273720 (VIOLATED)
mprj.team_01_Wrapper.team_01_WB.instance_to_wrap/ADR_O[3]    1.500000    1.773708   -0.273708 (VIOLATED)
ANTENNA_mprj.team_06_Wrapper.team_06_WB.instance_to_wrap_gpio_oeb[6]/DIODE    1.500000    1.773518   -0.273518 (VIOLATED)
mprj.team_06_Wrapper.team_06_WB.instance_to_wrap/gpio_oeb[6]    1.500000    1.773505   -0.273505 (VIOLATED)
_8048_/B2                               1.500000    1.773487   -0.273487 (VIOLATED)
ANTENNA__8048__B2/DIODE                 1.500000    1.773467   -0.273467 (VIOLATED)
clkbuf_0_wb_clk_i/A                     1.500000    1.772647   -0.272647 (VIOLATED)
ANTENNA_clkbuf_0_wb_clk_i_A/DIODE       1.500000    1.772137   -0.272137 (VIOLATED)
ANTENNA_mprj.team_06_Wrapper.team_06_WB.instance_to_wrap_gpio_oeb[15]/DIODE    1.500000    1.768869   -0.268869 (VIOLATED)
mprj.team_06_Wrapper.team_06_WB.instance_to_wrap/gpio_oeb[15]    1.500000    1.768844   -0.268844 (VIOLATED)
ANTENNA__4166__A1/DIODE                 1.500000    1.767837   -0.267837 (VIOLATED)
_4166_/A1                               1.500000    1.767700   -0.267700 (VIOLATED)
ANTENNA__4172__A2/DIODE                 1.500000    1.767686   -0.267686 (VIOLATED)
_4172_/A2                               1.500000    1.767606   -0.267606 (VIOLATED)
ANTENNA_mprj.team_06_Wrapper.team_06_WB.instance_to_wrap_gpio_oeb[10]/DIODE    1.500000    1.767240   -0.267240 (VIOLATED)
mprj.team_06_Wrapper.team_06_WB.instance_to_wrap/gpio_oeb[10]    1.500000    1.767237   -0.267237 (VIOLATED)
ANTENNA_mprj.team_02_Wrapper.team_02_WB.instance_to_wrap_gpio_out[10]/DIODE    1.500000    1.766576   -0.266576 (VIOLATED)
mprj.team_02_Wrapper.team_02_WB.instance_to_wrap/gpio_out[10]    1.500000    1.766576   -0.266576 (VIOLATED)
ANTENNA_mprj.team_07_Wrapper.team_07_WB.instance_to_wrap_gpio_in[26]/DIODE    1.500000    1.763065   -0.263065 (VIOLATED)
mprj.team_07_Wrapper.team_07_WB.instance_to_wrap/gpio_in[26]    1.500000    1.763044   -0.263044 (VIOLATED)
ANTENNA_mprj.team_01_Wrapper.team_01_WB.instance_to_wrap_DAT_O[20]/DIODE    1.500000    1.758821   -0.258821 (VIOLATED)
mprj.team_01_Wrapper.team_01_WB.instance_to_wrap/DAT_O[20]    1.500000    1.758821   -0.258821 (VIOLATED)
_5084_/A2                               1.500000    1.757447   -0.257447 (VIOLATED)
_5078_/A1                               1.500000    1.757427   -0.257427 (VIOLATED)
ANTENNA__5084__A2/DIODE                 1.500000    1.757423   -0.257423 (VIOLATED)
ANTENNA__5078__A1/DIODE                 1.500000    1.757250   -0.257250 (VIOLATED)
ANTENNA_41/DIODE                        1.500000    1.757194   -0.257194 (VIOLATED)
ANTENNA_621/DIODE                       1.500000    1.757167   -0.257167 (VIOLATED)
mprj.team_07_Wrapper.team_07_WB.instance_to_wrap/gpio_in[25]    1.500000    1.757141   -0.257142 (VIOLATED)
ANTENNA_772/DIODE                       1.500000    1.757101   -0.257101 (VIOLATED)
ANTENNA_mprj.team_07_Wrapper.team_07_WB.instance_to_wrap_gpio_in[25]/DIODE    1.500000    1.757012   -0.257013 (VIOLATED)
ANTENNA_mprj.team_12_Wrapper.team_12_WB.instance_to_wrap_gpio_in[27]/DIODE    1.500000    1.756661   -0.256661 (VIOLATED)
mprj.team_12_Wrapper.team_12_WB.instance_to_wrap/gpio_in[27]    1.500000    1.756648   -0.256648 (VIOLATED)
_7919_/A1                               1.500000    1.749958   -0.249958 (VIOLATED)
ANTENNA__7919__A1/DIODE                 1.500000    1.749885   -0.249885 (VIOLATED)
_6759_/A1                               1.500000    1.749737   -0.249737 (VIOLATED)
ANTENNA__6759__A1/DIODE                 1.500000    1.749604   -0.249604 (VIOLATED)
_4506_/A1                               1.500000    1.748049   -0.248049 (VIOLATED)
_4511_/A2                               1.500000    1.747929   -0.247929 (VIOLATED)
ANTENNA__4506__A1/DIODE                 1.500000    1.747548   -0.247548 (VIOLATED)
ANTENNA_mprj.team_03_Wrapper.team_03_WB.instance_to_wrap_ADR_O[22]/DIODE    1.500000    1.747172   -0.247172 (VIOLATED)
mprj.team_03_Wrapper.team_03_WB.instance_to_wrap/ADR_O[22]    1.500000    1.747169   -0.247170 (VIOLATED)
ANTENNA__4511__A2/DIODE                 1.500000    1.747080   -0.247080 (VIOLATED)
mprj.team_11_Wrapper.team_11_WB.instance_to_wrap/gpio_in[3]    1.500000    1.743960   -0.243960 (VIOLATED)
ANTENNA__4658__A1/DIODE                 1.500000    1.741990   -0.241990 (VIOLATED)
ANTENNA__4665__A2/DIODE                 1.500000    1.741978   -0.241978 (VIOLATED)
_4658_/A1                               1.500000    1.741978   -0.241978 (VIOLATED)
_4665_/A2                               1.500000    1.741964   -0.241964 (VIOLATED)
ANTENNA_mprj.team_06_Wrapper.team_06_WB.instance_to_wrap_gpio_out[23]/DIODE    1.500000    1.741377   -0.241377 (VIOLATED)
mprj.team_06_Wrapper.team_06_WB.instance_to_wrap/gpio_out[23]    1.500000    1.741308   -0.241309 (VIOLATED)
ANTENNA_mprj.team_03_Wrapper.team_03_WB.instance_to_wrap_ADR_O[0]/DIODE    1.500000    1.740854   -0.240854 (VIOLATED)
mprj.team_03_Wrapper.team_03_WB.instance_to_wrap/ADR_O[0]    1.500000    1.740854   -0.240854 (VIOLATED)
ANTENNA_mprj.team_03_Wrapper.team_03_WB.instance_to_wrap_ADR_O[14]/DIODE    1.500000    1.738573   -0.238573 (VIOLATED)
mprj.team_03_Wrapper.team_03_WB.instance_to_wrap/ADR_O[14]    1.500000    1.738560   -0.238560 (VIOLATED)
hold432/X                               1.495067    1.733217   -0.238150 (VIOLATED)
ANTENNA__7634__B/DIODE                  1.500000    1.735110   -0.235110 (VIOLATED)
_7634_/B                                1.500000    1.735109   -0.235109 (VIOLATED)
ANTENNA__4610__B/DIODE                  1.500000    1.734754   -0.234754 (VIOLATED)
_4610_/B                                1.500000    1.734750   -0.234750 (VIOLATED)
max_cap663/A                            1.500000    1.733784   -0.233784 (VIOLATED)
ANTENNA_max_cap663_A/DIODE              1.500000    1.733776   -0.233777 (VIOLATED)
ANTENNA_mprj.team_06_Wrapper.team_06_WB.instance_to_wrap_gpio_out[9]/DIODE    1.500000    1.733642   -0.233642 (VIOLATED)
mprj.team_06_Wrapper.team_06_WB.instance_to_wrap/gpio_out[9]    1.500000    1.733571   -0.233571 (VIOLATED)
ANTENNA_hold432_X/DIODE                 1.500000    1.733250   -0.233250 (VIOLATED)
mprj.team_04_Wrapper.team_04_WB.instance_to_wrap/gpio_in[21]    1.500000    1.732870   -0.232870 (VIOLATED)
ANTENNA_mprj.team_04_Wrapper.team_04_WB.instance_to_wrap_gpio_in[21]/DIODE    1.500000    1.732718   -0.232718 (VIOLATED)
ANTENNA_mprj.team_06_Wrapper.team_06_WB.instance_to_wrap_gpio_oeb[11]/DIODE    1.500000    1.731237   -0.231237 (VIOLATED)
mprj.team_06_Wrapper.team_06_WB.instance_to_wrap/gpio_oeb[11]    1.500000    1.731183   -0.231183 (VIOLATED)
_4525_/A2                               1.500000    1.730583   -0.230583 (VIOLATED)
_4519_/A1                               1.500000    1.730490   -0.230490 (VIOLATED)
ANTENNA__4519__A1/DIODE                 1.500000    1.730354   -0.230355 (VIOLATED)
ANTENNA__4525__A2/DIODE                 1.500000    1.730197   -0.230197 (VIOLATED)
hold933/X                               1.495067    1.723013   -0.227946 (VIOLATED)
ANTENNA_mprj.team_06_Wrapper.team_06_WB.instance_to_wrap_gpio_out[25]/DIODE    1.500000    1.727889   -0.227889 (VIOLATED)
mprj.team_06_Wrapper.team_06_WB.instance_to_wrap/gpio_out[25]    1.500000    1.727701   -0.227701 (VIOLATED)
ANTENNA_mprj.team_01_Wrapper.team_01_WB.instance_to_wrap_DAT_O[16]/DIODE    1.500000    1.726711   -0.226711 (VIOLATED)
mprj.team_01_Wrapper.team_01_WB.instance_to_wrap/DAT_O[16]    1.500000    1.726637   -0.226637 (VIOLATED)
ANTENNA__4449__A2/DIODE                 1.500000    1.726506   -0.226506 (VIOLATED)
ANTENNA_36/DIODE                        1.500000    1.726497   -0.226497 (VIOLATED)
ANTENNA_39/DIODE                        1.500000    1.726497   -0.226497 (VIOLATED)
ANTENNA_38/DIODE                        1.500000    1.726496   -0.226496 (VIOLATED)
ANTENNA_35/DIODE                        1.500000    1.726496   -0.226496 (VIOLATED)
ANTENNA_37/DIODE                        1.500000    1.726496   -0.226496 (VIOLATED)
ANTENNA_mprj.team_03_Wrapper.team_03_WB.instance_to_wrap_DAT_O[13]/DIODE    1.500000    1.726494   -0.226494 (VIOLATED)
mprj.team_03_Wrapper.team_03_WB.instance_to_wrap/DAT_O[13]    1.500000    1.726484   -0.226484 (VIOLATED)
ANTENNA_23/DIODE                        1.500000    1.726469   -0.226469 (VIOLATED)
_4449_/A2                               1.500000    1.726426   -0.226426 (VIOLATED)
_4443_/A1                               1.500000    1.726400   -0.226400 (VIOLATED)
ANTENNA__4443__A1/DIODE                 1.500000    1.726323   -0.226323 (VIOLATED)
ANTENNA_mprj.team_09_Wrapper.team_09_WB.instance_to_wrap_gpio_in[17]/DIODE    1.500000    1.726303   -0.226303 (VIOLATED)
mprj.team_09_Wrapper.team_09_WB.instance_to_wrap/gpio_in[17]    1.500000    1.725965   -0.225965 (VIOLATED)
_6395_/A1                               1.500000    1.725225   -0.225225 (VIOLATED)
ANTENNA__6395__A1/DIODE                 1.500000    1.725143   -0.225143 (VIOLATED)
ANTENNA_hold933_X/DIODE                 1.500000    1.723097   -0.223097 (VIOLATED)
ANTENNA_mprj.team_09_Wrapper.team_09_WB.instance_to_wrap_gpio_in[14]/DIODE    1.500000    1.722788   -0.222788 (VIOLATED)
mprj.team_09_Wrapper.team_09_WB.instance_to_wrap/gpio_in[14]    1.500000    1.722599   -0.222599 (VIOLATED)
ANTENNA__4104__A1/DIODE                 1.500000    1.722027   -0.222027 (VIOLATED)
_4104_/A1                               1.500000    1.722026   -0.222026 (VIOLATED)
_6639_/A1                               1.500000    1.722014   -0.222014 (VIOLATED)
ANTENNA__6639__A1/DIODE                 1.500000    1.722002   -0.222002 (VIOLATED)
_4115_/B                                1.500000    1.721973   -0.221973 (VIOLATED)
ANTENNA__4115__B/DIODE                  1.500000    1.721948   -0.221948 (VIOLATED)
_4432_/A2                               1.500000    1.721700   -0.221700 (VIOLATED)
ANTENNA__4432__A2/DIODE                 1.500000    1.721602   -0.221602 (VIOLATED)
ANTENNA__4426__A1/DIODE                 1.500000    1.721468   -0.221468 (VIOLATED)
_4426_/A1                               1.500000    1.721403   -0.221403 (VIOLATED)
ANTENNA_mprj.team_03_Wrapper.team_03_WB.instance_to_wrap_DAT_O[23]/DIODE    1.500000    1.719218   -0.219218 (VIOLATED)
mprj.team_03_Wrapper.team_03_WB.instance_to_wrap/DAT_O[23]    1.500000    1.719186   -0.219186 (VIOLATED)
ANTENNA_mprj.team_06_Wrapper.team_06_WB.instance_to_wrap_gpio_out[7]/DIODE    1.500000    1.717721   -0.217721 (VIOLATED)
mprj.team_06_Wrapper.team_06_WB.instance_to_wrap/gpio_out[7]    1.500000    1.717668   -0.217668 (VIOLATED)
ANTENNA_mprj.team_03_Wrapper.team_03_WB.instance_to_wrap_DAT_O[8]/DIODE    1.500000    1.715782   -0.215782 (VIOLATED)
mprj.team_03_Wrapper.team_03_WB.instance_to_wrap/DAT_O[8]    1.500000    1.715769   -0.215769 (VIOLATED)
clkbuf_regs_0_clk/A                     1.500000    1.713821   -0.213821 (VIOLATED)
ANTENNA_mprj.team_11_Wrapper.team_11_WB.instance_to_wrap_gpio_in[3]/DIODE    1.500000    1.713354   -0.213354 (VIOLATED)
ANTENNA__4098__A/DIODE                  1.500000    1.713344   -0.213344 (VIOLATED)
_4098_/A                                1.500000    1.713200   -0.213200 (VIOLATED)
ANTENNA__4129__A1/DIODE                 1.500000    1.713145   -0.213145 (VIOLATED)
_4129_/A1                               1.500000    1.712966   -0.212966 (VIOLATED)
ANTENNA_mprj.team_01_Wrapper.team_01_WB.instance_to_wrap_ADR_O[17]/DIODE    1.500000    1.710758   -0.210758 (VIOLATED)
mprj.team_01_Wrapper.team_01_WB.instance_to_wrap/ADR_O[17]    1.500000    1.710758   -0.210758 (VIOLATED)
ANTENNA_clkbuf_regs_0_clk_A/DIODE       1.500000    1.708514   -0.208514 (VIOLATED)
_7922_/A1                               1.500000    1.708308   -0.208308 (VIOLATED)
ANTENNA__7922__A1/DIODE                 1.500000    1.708288   -0.208288 (VIOLATED)
_6362_/A3                               1.500000    1.705752   -0.205752 (VIOLATED)
ANTENNA__6362__A3/DIODE                 1.500000    1.705708   -0.205708 (VIOLATED)
ANTENNA_mprj.team_05_Wrapper.team_05_WB.instance_to_wrap_gpio_out[3]/DIODE    1.500000    1.705118   -0.205118 (VIOLATED)
mprj.team_05_Wrapper.team_05_WB.instance_to_wrap/gpio_out[3]    1.500000    1.705118   -0.205118 (VIOLATED)
ANTENNA_233/DIODE                       1.500000    1.701497   -0.201497 (VIOLATED)
_6367_/A1                               1.500000    1.701434   -0.201434 (VIOLATED)
ANTENNA__6367__A1/DIODE                 1.500000    1.701414   -0.201414 (VIOLATED)
ANTENNA_mprj.team_09_Wrapper.team_09_WB.instance_to_wrap_gpio_out[6]/DIODE    1.500000    1.701397   -0.201397 (VIOLATED)
mprj.team_09_Wrapper.team_09_WB.instance_to_wrap/gpio_out[6]    1.500000    1.701397   -0.201397 (VIOLATED)
ANTENNA_mprj.team_03_Wrapper.team_03_WB.instance_to_wrap_ADR_O[8]/DIODE    1.500000    1.700558   -0.200558 (VIOLATED)
mprj.team_03_Wrapper.team_03_WB.instance_to_wrap/ADR_O[8]    1.500000    1.700509   -0.200509 (VIOLATED)
ANTENNA_mprj.team_06_Wrapper.team_06_WB.instance_to_wrap_gpio_out[18]/DIODE    1.500000    1.699485   -0.199485 (VIOLATED)
mprj.team_06_Wrapper.team_06_WB.instance_to_wrap/gpio_out[18]    1.500000    1.699477   -0.199477 (VIOLATED)
ANTENNA_mprj.team_06_Wrapper.team_06_WB.instance_to_wrap_gpio_out[20]/DIODE    1.500000    1.697378   -0.197378 (VIOLATED)
mprj.team_06_Wrapper.team_06_WB.instance_to_wrap/gpio_out[20]    1.500000    1.697359   -0.197359 (VIOLATED)
ANTENNA_mprj.team_07_Wrapper.team_07_WB.instance_to_wrap_gpio_out[16]/DIODE    1.500000    1.693357   -0.193357 (VIOLATED)
mprj.team_07_Wrapper.team_07_WB.instance_to_wrap/gpio_out[16]    1.500000    1.693357   -0.193357 (VIOLATED)
ANTENNA_mprj.team_08_Wrapper.team_08_WB.instance_to_wrap_gpio_in[29]/DIODE    1.500000    1.690929   -0.190929 (VIOLATED)
wire683/A                               1.500000    1.688933   -0.188933 (VIOLATED)
ANTENNA_wire683_A/DIODE                 1.500000    1.688481   -0.188481 (VIOLATED)
ANTENNA_mprj.team_01_Wrapper.team_01_WB.instance_to_wrap_DAT_O[1]/DIODE    1.500000    1.686244   -0.186244 (VIOLATED)
mprj.team_01_Wrapper.team_01_WB.instance_to_wrap/DAT_O[1]    1.500000    1.686244   -0.186244 (VIOLATED)
_8050_/A                                1.500000    1.686173   -0.186173 (VIOLATED)
ANTENNA__8050__A/DIODE                  1.500000    1.686163   -0.186164 (VIOLATED)
_8023_/A1                               1.500000    1.684629   -0.184629 (VIOLATED)
ANTENNA__8023__A1/DIODE                 1.500000    1.684561   -0.184561 (VIOLATED)
ANTENNA_mprj.team_05_Wrapper.team_05_WB.instance_to_wrap_gpio_out[10]/DIODE    1.500000    1.679123   -0.179123 (VIOLATED)
mprj.team_05_Wrapper.team_05_WB.instance_to_wrap/gpio_out[10]    1.500000    1.679123   -0.179123 (VIOLATED)
_4517_/A1                               1.500000    1.675625   -0.175625 (VIOLATED)
ANTENNA_mprj.team_03_Wrapper.team_03_WB.instance_to_wrap_ADR_O[3]/DIODE    1.500000    1.675545   -0.175545 (VIOLATED)
ANTENNA__4517__A1/DIODE                 1.500000    1.675531   -0.175531 (VIOLATED)
mprj.team_03_Wrapper.team_03_WB.instance_to_wrap/ADR_O[3]    1.500000    1.675506   -0.175506 (VIOLATED)
ANTENNA__4522__A2/DIODE                 1.500000    1.675398   -0.175398 (VIOLATED)
_4522_/A2                               1.500000    1.675065   -0.175065 (VIOLATED)
_7811_/A1                               1.500000    1.670491   -0.170491 (VIOLATED)
ANTENNA__7811__A1/DIODE                 1.500000    1.670352   -0.170352 (VIOLATED)
ANTENNA_mprj.team_11_Wrapper.team_11_WB.instance_to_wrap_gpio_out[28]/DIODE    1.500000    1.664477   -0.164477 (VIOLATED)
mprj.team_11_Wrapper.team_11_WB.instance_to_wrap/gpio_out[28]    1.500000    1.664403   -0.164403 (VIOLATED)
_6393_/B2                               1.500000    1.664395   -0.164395 (VIOLATED)
ANTENNA__6393__B2/DIODE                 1.500000    1.664365   -0.164365 (VIOLATED)
ANTENNA_mprj.team_06_Wrapper.team_06_WB.instance_to_wrap_gpio_out[14]/DIODE    1.500000    1.663364   -0.163364 (VIOLATED)
mprj.team_06_Wrapper.team_06_WB.instance_to_wrap/gpio_out[14]    1.500000    1.663359   -0.163359 (VIOLATED)
ANTENNA_mprj.team_03_Wrapper.team_03_WB.instance_to_wrap_gpio_in[21]/DIODE    1.500000    1.662818   -0.162818 (VIOLATED)
mprj.team_03_Wrapper.team_03_WB.instance_to_wrap/gpio_in[21]    1.500000    1.662577   -0.162577 (VIOLATED)
_6866_/A1                               1.500000    1.655940   -0.155940 (VIOLATED)
_7784_/A1                               1.500000    1.655768   -0.155768 (VIOLATED)
ANTENNA__6866__A1/DIODE                 1.500000    1.655758   -0.155758 (VIOLATED)
ANTENNA__7784__A1/DIODE                 1.500000    1.655687   -0.155687 (VIOLATED)
_4369_/A2                               1.500000    1.653895   -0.153895 (VIOLATED)
ANTENNA__4369__A2/DIODE                 1.500000    1.653759   -0.153759 (VIOLATED)
ANTENNA_mprj.team_03_Wrapper.team_03_WB.instance_to_wrap_ADR_O[21]/DIODE    1.500000    1.653628   -0.153628 (VIOLATED)
mprj.team_03_Wrapper.team_03_WB.instance_to_wrap/ADR_O[21]    1.500000    1.653628   -0.153628 (VIOLATED)
_4363_/A1                               1.500000    1.653500   -0.153500 (VIOLATED)
ANTENNA__4363__A1/DIODE                 1.500000    1.653468   -0.153468 (VIOLATED)
ANTENNA_22/DIODE                        1.500000    1.653259   -0.153259 (VIOLATED)
ANTENNA_mprj.team_06_Wrapper.team_06_WB.instance_to_wrap_gpio_out[24]/DIODE    1.500000    1.651769   -0.151769 (VIOLATED)
mprj.team_06_Wrapper.team_06_WB.instance_to_wrap/gpio_out[24]    1.500000    1.651753   -0.151753 (VIOLATED)
_8010_/A1                               1.500000    1.650668   -0.150668 (VIOLATED)
ANTENNA__8010__A1/DIODE                 1.500000    1.650596   -0.150597 (VIOLATED)
mprj.team_12_Wrapper.team_12_WB.instance_to_wrap/gpio_in[14]    1.500000    1.650491   -0.150491 (VIOLATED)
ANTENNA_mprj.team_12_Wrapper.team_12_WB.instance_to_wrap_gpio_in[14]/DIODE    1.500000    1.650393   -0.150393 (VIOLATED)
ANTENNA_105/DIODE                       1.500000    1.649638   -0.149638 (VIOLATED)
ANTENNA_mprj.team_02_Wrapper.team_02_WB.instance_to_wrap_gpio_out[7]/DIODE    1.500000    1.648952   -0.148953 (VIOLATED)
mprj.team_02_Wrapper.team_02_WB.instance_to_wrap/gpio_out[7]    1.500000    1.648951   -0.148951 (VIOLATED)
mprj.team_08_Wrapper.team_08_WB.instance_to_wrap/gpio_in[29]    1.500000    1.647586   -0.147586 (VIOLATED)
ANTENNA__4630__A1/DIODE                 1.500000    1.646932   -0.146932 (VIOLATED)
_4630_/A1                               1.500000    1.646913   -0.146913 (VIOLATED)
_4636_/A2                               1.500000    1.646765   -0.146765 (VIOLATED)
ANTENNA__4636__A2/DIODE                 1.500000    1.646763   -0.146763 (VIOLATED)
ANTENNA_mprj.team_09_Wrapper.team_09_WB.instance_to_wrap_gpio_out[0]/DIODE    1.500000    1.645718   -0.145718 (VIOLATED)
hold270/X                               1.495067    1.640259   -0.145192 (VIOLATED)
ANTENNA__7289__A1/DIODE                 1.500000    1.641375   -0.141375 (VIOLATED)
_7289_/A1                               1.500000    1.641372   -0.141372 (VIOLATED)
ANTENNA_760/DIODE                       1.500000    1.641368   -0.141368 (VIOLATED)
ANTENNA_366/DIODE                       1.500000    1.641239   -0.141239 (VIOLATED)
ANTENNA_688/DIODE                       1.500000    1.641230   -0.141230 (VIOLATED)
ANTENNA_783/DIODE                       1.500000    1.641152   -0.141152 (VIOLATED)
_7751_/A1                               1.500000    1.641113   -0.141113 (VIOLATED)
ANTENNA_mprj.team_03_Wrapper.team_03_WB.instance_to_wrap_ADR_O[5]/DIODE    1.500000    1.640893   -0.140894 (VIOLATED)
mprj.team_03_Wrapper.team_03_WB.instance_to_wrap/ADR_O[5]    1.500000    1.640893   -0.140894 (VIOLATED)
ANTENNA__7751__A1/DIODE                 1.500000    1.640818   -0.140818 (VIOLATED)
_7645_/B                                1.500000    1.640511   -0.140511 (VIOLATED)
ANTENNA__7645__B/DIODE                  1.500000    1.640508   -0.140508 (VIOLATED)
load_slew652/A                          1.500000    1.640448   -0.140448 (VIOLATED)
ANTENNA_load_slew652_A/DIODE            1.500000    1.640445   -0.140445 (VIOLATED)
ANTENNA_hold270_X/DIODE                 1.500000    1.640272   -0.140272 (VIOLATED)
mprj.team_09_Wrapper.team_09_WB.instance_to_wrap/gpio_out[0]    1.500000    1.640140   -0.140140 (VIOLATED)
ANTENNA_mprj.team_06_Wrapper.team_06_WB.instance_to_wrap_gpio_out[8]/DIODE    1.500000    1.639809   -0.139809 (VIOLATED)
mprj.team_06_Wrapper.team_06_WB.instance_to_wrap/gpio_out[8]    1.500000    1.639798   -0.139798 (VIOLATED)
_4490_/A2                               1.500000    1.637346   -0.137346 (VIOLATED)
ANTENNA__4484__A1/DIODE                 1.500000    1.637307   -0.137307 (VIOLATED)
_4484_/A1                               1.500000    1.637215   -0.137216 (VIOLATED)
ANTENNA__4490__A2/DIODE                 1.500000    1.637131   -0.137131 (VIOLATED)
mprj.team_09_Wrapper.team_09_WB.instance_to_wrap/gpio_in[10]    1.500000    1.635819   -0.135819 (VIOLATED)
ANTENNA_mprj.team_09_Wrapper.team_09_WB.instance_to_wrap_gpio_in[10]/DIODE    1.500000    1.635750   -0.135750 (VIOLATED)
_4178_/A1                               1.500000    1.635350   -0.135350 (VIOLATED)
ANTENNA__4178__A1/DIODE                 1.500000    1.635272   -0.135272 (VIOLATED)
ANTENNA__4184__A2/DIODE                 1.500000    1.635154   -0.135154 (VIOLATED)
_4184_/A2                               1.500000    1.635066   -0.135066 (VIOLATED)
ANTENNA_mprj.team_11_Wrapper.team_11_WB.instance_to_wrap_gpio_out[17]/DIODE    1.500000    1.633129   -0.133129 (VIOLATED)
mprj.team_11_Wrapper.team_11_WB.instance_to_wrap/gpio_out[17]    1.500000    1.633129   -0.133129 (VIOLATED)
ANTENNA_mprj.team_03_Wrapper.team_03_WB.instance_to_wrap_ADR_O[18]/DIODE    1.500000    1.631547   -0.131547 (VIOLATED)
mprj.team_03_Wrapper.team_03_WB.instance_to_wrap/ADR_O[18]    1.500000    1.631547   -0.131547 (VIOLATED)
mprj.team_08_Wrapper.team_08_WB.instance_to_wrap/gpio_in[2]    1.500000    1.630894   -0.130895 (VIOLATED)
ANTENNA_mprj.team_02_Wrapper.team_02_WB.instance_to_wrap_gpio_out[9]/DIODE    1.500000    1.630847   -0.130847 (VIOLATED)
mprj.team_02_Wrapper.team_02_WB.instance_to_wrap/gpio_out[9]    1.500000    1.630847   -0.130847 (VIOLATED)
ANTENNA_341/DIODE                       1.500000    1.630705   -0.130705 (VIOLATED)
ANTENNA_340/DIODE                       1.500000    1.630703   -0.130703 (VIOLATED)
ANTENNA_mprj.team_08_Wrapper.team_08_WB.instance_to_wrap_gpio_in[2]/DIODE    1.500000    1.630679   -0.130679 (VIOLATED)
ANTENNA_348/DIODE                       1.500000    1.630674   -0.130674 (VIOLATED)
_4332_/A2                               1.500000    1.630543   -0.130543 (VIOLATED)
_4327_/A1                               1.500000    1.630487   -0.130487 (VIOLATED)
ANTENNA_345/DIODE                       1.500000    1.630477   -0.130477 (VIOLATED)
ANTENNA__4332__A2/DIODE                 1.500000    1.630403   -0.130403 (VIOLATED)
ANTENNA__8001__B2/DIODE                 1.500000    1.630373   -0.130373 (VIOLATED)
ANTENNA__4327__A1/DIODE                 1.500000    1.630348   -0.130348 (VIOLATED)
_8001_/B2                               1.500000    1.630346   -0.130346 (VIOLATED)
ANTENNA_mprj.team_03_Wrapper.team_03_WB.instance_to_wrap_DAT_O[15]/DIODE    1.500000    1.630115   -0.130115 (VIOLATED)
mprj.team_03_Wrapper.team_03_WB.instance_to_wrap/DAT_O[15]    1.500000    1.630115   -0.130115 (VIOLATED)
wire788/A                               1.500000    1.629944   -0.129944 (VIOLATED)
ANTENNA_342/DIODE                       1.500000    1.629803   -0.129804 (VIOLATED)
ANTENNA_wire788_A/DIODE                 1.500000    1.629773   -0.129773 (VIOLATED)
ANTENNA_343/DIODE                       1.500000    1.629681   -0.129681 (VIOLATED)
ANTENNA_346/DIODE                       1.500000    1.629630   -0.129631 (VIOLATED)
ANTENNA_347/DIODE                       1.500000    1.629577   -0.129577 (VIOLATED)
ANTENNA_349/DIODE                       1.500000    1.629427   -0.129427 (VIOLATED)
_8019_/A1                               1.500000    1.629302   -0.129302 (VIOLATED)
ANTENNA__8019__A1/DIODE                 1.500000    1.629135   -0.129135 (VIOLATED)
ANTENNA_344/DIODE                       1.500000    1.629080   -0.129080 (VIOLATED)
ANTENNA_mprj.team_11_Wrapper.team_11_WB.instance_to_wrap_gpio_out[20]/DIODE    1.500000    1.628135   -0.128135 (VIOLATED)
mprj.team_11_Wrapper.team_11_WB.instance_to_wrap/gpio_out[20]    1.500000    1.628135   -0.128135 (VIOLATED)
_8093_/A1                               1.500000    1.627298   -0.127298 (VIOLATED)
ANTENNA__8093__A1/DIODE                 1.500000    1.627138   -0.127138 (VIOLATED)
_6379_/A                                1.500000    1.618627   -0.118627 (VIOLATED)
ANTENNA__6379__A/DIODE                  1.500000    1.618585   -0.118585 (VIOLATED)
_4673_/A1                               1.500000    1.616419   -0.116419 (VIOLATED)
ANTENNA__4673__A1/DIODE                 1.500000    1.616322   -0.116322 (VIOLATED)
ANTENNA_43/DIODE                        1.500000    1.616316   -0.116317 (VIOLATED)
ANTENNA_624/DIODE                       1.500000    1.616310   -0.116310 (VIOLATED)
ANTENNA_774/DIODE                       1.500000    1.616300   -0.116300 (VIOLATED)
_4680_/A2                               1.500000    1.616230   -0.116230 (VIOLATED)
ANTENNA__4680__A2/DIODE                 1.500000    1.616011   -0.116011 (VIOLATED)
mprj.team_03_Wrapper.team_03_WB.instance_to_wrap/en    1.500000    1.615830   -0.115830 (VIOLATED)
ANTENNA_mprj.team_03_Wrapper.team_03_WB.instance_to_wrap_en/DIODE    1.500000    1.615810   -0.115810 (VIOLATED)
hold884/X                               1.495067    1.609449   -0.114382 (VIOLATED)
ANTENNA_mprj.team_12_Wrapper.team_12_WB.instance_to_wrap_gpio_in[17]/DIODE    1.500000    1.614066   -0.114066 (VIOLATED)
mprj.team_12_Wrapper.team_12_WB.instance_to_wrap/gpio_in[17]    1.500000    1.614028   -0.114028 (VIOLATED)
_7653_/B                                1.500000    1.612648   -0.112648 (VIOLATED)
ANTENNA__7653__B/DIODE                  1.500000    1.612637   -0.112637 (VIOLATED)
hold1766/X                              1.495067    1.607476   -0.112409 (VIOLATED)
_4514_/A2                               1.500000    1.611645   -0.111645 (VIOLATED)
ANTENNA__4514__A2/DIODE                 1.500000    1.611560   -0.111560 (VIOLATED)
_4508_/A1                               1.500000    1.611504   -0.111504 (VIOLATED)
ANTENNA__4508__A1/DIODE                 1.500000    1.611443   -0.111443 (VIOLATED)
mprj.team_02_Wrapper.team_02_WB.instance_to_wrap/gpio_in[16]    1.500000    1.611249   -0.111249 (VIOLATED)
ANTENNA_273/DIODE                       1.500000    1.611054   -0.111054 (VIOLATED)
ANTENNA_272/DIODE                       1.500000    1.611026   -0.111026 (VIOLATED)
ANTENNA_266/DIODE                       1.500000    1.611012   -0.111012 (VIOLATED)
ANTENNA_267/DIODE                       1.500000    1.611001   -0.111001 (VIOLATED)
ANTENNA_271/DIODE                       1.500000    1.610991   -0.110991 (VIOLATED)
ANTENNA_268/DIODE                       1.500000    1.610959   -0.110959 (VIOLATED)
ANTENNA_mprj.team_02_Wrapper.team_02_WB.instance_to_wrap_gpio_in[16]/DIODE    1.500000    1.610854   -0.110854 (VIOLATED)
ANTENNA_276/DIODE                       1.500000    1.610648   -0.110648 (VIOLATED)
ANTENNA_270/DIODE                       1.500000    1.610495   -0.110495 (VIOLATED)
ANTENNA_mprj.team_06_Wrapper.team_06_WB.instance_to_wrap_gpio_in[2]/DIODE    1.500000    1.610323   -0.110323 (VIOLATED)
ANTENNA_275/DIODE                       1.500000    1.610226   -0.110226 (VIOLATED)
ANTENNA_274/DIODE                       1.500000    1.610191   -0.110191 (VIOLATED)
ANTENNA_269/DIODE                       1.500000    1.610152   -0.110152 (VIOLATED)
load_slew644/A                          1.500000    1.609717   -0.109717 (VIOLATED)
ANTENNA_load_slew644_A/DIODE            1.500000    1.609704   -0.109704 (VIOLATED)
mprj.team_06_Wrapper.team_06_WB.instance_to_wrap/gpio_in[2]    1.500000    1.609586   -0.109586 (VIOLATED)
ANTENNA_hold884_X/DIODE                 1.500000    1.609463   -0.109463 (VIOLATED)
ANTENNA__8034__A/DIODE                  1.500000    1.608845   -0.108845 (VIOLATED)
_8034_/A                                1.500000    1.608787   -0.108787 (VIOLATED)
ANTENNA_hold1766_X/DIODE                1.500000    1.607509   -0.107509 (VIOLATED)
_4206_/A1                               1.500000    1.602987   -0.102987 (VIOLATED)
ANTENNA__4206__A1/DIODE                 1.500000    1.602926   -0.102926 (VIOLATED)
ANTENNA__4214__A2/DIODE                 1.500000    1.602627   -0.102627 (VIOLATED)
_4214_/A2                               1.500000    1.602591   -0.102591 (VIOLATED)
_5021_/A1                               1.500000    1.601542   -0.101542 (VIOLATED)
ANTENNA__5021__A1/DIODE                 1.500000    1.601518   -0.101518 (VIOLATED)
ANTENNA__5027__A2/DIODE                 1.500000    1.601511   -0.101511 (VIOLATED)
_5027_/A2                               1.500000    1.601190   -0.101190 (VIOLATED)
ANTENNA_mprj.team_10_Wrapper.team_10_WB.instance_to_wrap_gpio_in[26]/DIODE    1.500000    1.598676   -0.098676 (VIOLATED)
_5049_/A1                               1.500000    1.598353   -0.098353 (VIOLATED)
_5055_/A2                               1.500000    1.598293   -0.098293 (VIOLATED)
ANTENNA__5049__A1/DIODE                 1.500000    1.598286   -0.098286 (VIOLATED)
ANTENNA__5055__A2/DIODE                 1.500000    1.598269   -0.098269 (VIOLATED)
ANTENNA_mprj.team_06_Wrapper.team_06_WB.instance_to_wrap_gpio_oeb[14]/DIODE    1.500000    1.598143   -0.098143 (VIOLATED)
mprj.team_06_Wrapper.team_06_WB.instance_to_wrap/gpio_oeb[14]    1.500000    1.598143   -0.098143 (VIOLATED)
ANTENNA_mprj.team_12_Wrapper.team_12_WB.instance_to_wrap_gpio_in[10]/DIODE    1.500000    1.597820   -0.097820 (VIOLATED)
mprj.team_12_Wrapper.team_12_WB.instance_to_wrap/gpio_in[10]    1.500000    1.597642   -0.097642 (VIOLATED)
ANTENNA_mprj.team_03_Wrapper.team_03_WB.instance_to_wrap_ADR_O[7]/DIODE    1.500000    1.597426   -0.097426 (VIOLATED)
mprj.team_03_Wrapper.team_03_WB.instance_to_wrap/ADR_O[7]    1.500000    1.597426   -0.097426 (VIOLATED)
ANTENNA_mprj.team_11_Wrapper.team_11_WB.instance_to_wrap_gpio_in[19]/DIODE    1.500000    1.595783   -0.095783 (VIOLATED)
mprj.team_11_Wrapper.team_11_WB.instance_to_wrap/gpio_in[19]    1.500000    1.595399   -0.095399 (VIOLATED)
hold357/X                               1.495067    1.587305   -0.092238 (VIOLATED)
mprj.team_11_Wrapper.team_11_WB.instance_to_wrap/gpio_in[5]    1.500000    1.591309   -0.091309 (VIOLATED)
wire749/A                               1.500000    1.590734   -0.090734 (VIOLATED)
ANTENNA_wire749_A/DIODE                 1.500000    1.590679   -0.090679 (VIOLATED)
ANTENNA_96/DIODE                        1.500000    1.590530   -0.090530 (VIOLATED)
ANTENNA_638/DIODE                       1.500000    1.590526   -0.090526 (VIOLATED)
ANTENNA__8082__A/DIODE                  1.500000    1.590438   -0.090438 (VIOLATED)
_8082_/A                                1.500000    1.590400   -0.090400 (VIOLATED)
hold1043/X                              1.495067    1.585359   -0.090291 (VIOLATED)
_7652_/B                                1.500000    1.589595   -0.089595 (VIOLATED)
ANTENNA__7652__B/DIODE                  1.500000    1.589585   -0.089585 (VIOLATED)
ANTENNA_mprj.team_01_Wrapper.team_01_WB.instance_to_wrap_gpio_in[17]/DIODE    1.500000    1.587969   -0.087969 (VIOLATED)
mprj.team_01_Wrapper.team_01_WB.instance_to_wrap/gpio_in[17]    1.500000    1.587807   -0.087807 (VIOLATED)
load_slew645/A                          1.500000    1.587538   -0.087538 (VIOLATED)
ANTENNA_load_slew645_A/DIODE            1.500000    1.587526   -0.087526 (VIOLATED)
_4709_/A2                               1.500000    1.587381   -0.087381 (VIOLATED)
ANTENNA__4709__A2/DIODE                 1.500000    1.587366   -0.087366 (VIOLATED)
ANTENNA_hold357_X/DIODE                 1.500000    1.587332   -0.087332 (VIOLATED)
_4703_/A1                               1.500000    1.587054   -0.087054 (VIOLATED)
ANTENNA__4703__A1/DIODE                 1.500000    1.586730   -0.086730 (VIOLATED)
_5194_/A                                1.500000    1.586228   -0.086228 (VIOLATED)
ANTENNA__5194__A/DIODE                  1.500000    1.586224   -0.086224 (VIOLATED)
_5103_/A                                1.500000    1.586120   -0.086120 (VIOLATED)
ANTENNA__5103__A/DIODE                  1.500000    1.586110   -0.086110 (VIOLATED)
_5431_/A                                1.500000    1.586021   -0.086022 (VIOLATED)
ANTENNA__5431__A/DIODE                  1.500000    1.585976   -0.085976 (VIOLATED)
ANTENNA_hold1043_X/DIODE                1.500000    1.585474   -0.085474 (VIOLATED)
output165/A                             1.500000    1.584649   -0.084649 (VIOLATED)
ANTENNA_output165_A/DIODE               1.500000    1.584153   -0.084153 (VIOLATED)
ANTENNA_mprj.team_03_Wrapper.team_03_WB.instance_to_wrap_ADR_O[20]/DIODE    1.500000    1.583829   -0.083829 (VIOLATED)
mprj.team_03_Wrapper.team_03_WB.instance_to_wrap/ADR_O[20]    1.500000    1.583829   -0.083829 (VIOLATED)
ANTENNA_531/DIODE                       1.500000    1.583673   -0.083673 (VIOLATED)
ANTENNA_mprj.team_09_Wrapper.team_09_WB.instance_to_wrap_gpio_in[7]/DIODE    1.500000    1.578797   -0.078797 (VIOLATED)
mprj.team_09_Wrapper.team_09_WB.instance_to_wrap/gpio_in[7]    1.500000    1.578701   -0.078701 (VIOLATED)
mprj.team_10_Wrapper.team_10_WB.instance_to_wrap/gpio_in[26]    1.500000    1.576101   -0.076101 (VIOLATED)
_8022_/A3                               1.500000    1.575078   -0.075078 (VIOLATED)
ANTENNA__8022__A3/DIODE                 1.500000    1.574935   -0.074935 (VIOLATED)
ANTENNA_mprj.team_08_Wrapper.team_08_WB.instance_to_wrap_en/DIODE    1.500000    1.574022   -0.074022 (VIOLATED)
mprj.team_08_Wrapper.team_08_WB.instance_to_wrap/en    1.500000    1.574004   -0.074004 (VIOLATED)
_7619_/B                                1.500000    1.571264   -0.071264 (VIOLATED)
ANTENNA__7619__B/DIODE                  1.500000    1.571248   -0.071248 (VIOLATED)
ANTENNA_mprj.team_01_Wrapper.team_01_WB.instance_to_wrap_CYC_O/DIODE    1.500000    1.570088   -0.070088 (VIOLATED)
mprj.team_01_Wrapper.team_01_WB.instance_to_wrap/CYC_O    1.500000    1.570088   -0.070088 (VIOLATED)
hold1661/X                              1.495067    1.564946   -0.069879 (VIOLATED)
mprj.team_03_Wrapper.team_03_WB.instance_to_wrap/gpio_in[6]    1.500000    1.569641   -0.069641 (VIOLATED)
ANTENNA_mprj.team_06_Wrapper.team_06_WB.instance_to_wrap_gpio_oeb[24]/DIODE    1.500000    1.569574   -0.069574 (VIOLATED)
mprj.team_06_Wrapper.team_06_WB.instance_to_wrap/gpio_oeb[24]    1.500000    1.569548   -0.069548 (VIOLATED)
ANTENNA_mprj.team_03_Wrapper.team_03_WB.instance_to_wrap_gpio_in[6]/DIODE    1.500000    1.568326   -0.068326 (VIOLATED)
ANTENNA_mprj.team_06_Wrapper.team_06_WB.instance_to_wrap_gpio_out[27]/DIODE    1.500000    1.567421   -0.067421 (VIOLATED)
mprj.team_06_Wrapper.team_06_WB.instance_to_wrap/gpio_out[27]    1.500000    1.567415   -0.067415 (VIOLATED)
_8049_/A                                1.500000    1.566634   -0.066634 (VIOLATED)
ANTENNA__8049__A/DIODE                  1.500000    1.566572   -0.066572 (VIOLATED)
ANTENNA_253/DIODE                       1.500000    1.566540   -0.066540 (VIOLATED)
ANTENNA_257/DIODE                       1.500000    1.566519   -0.066519 (VIOLATED)
ANTENNA_260/DIODE                       1.500000    1.566506   -0.066506 (VIOLATED)
ANTENNA_256/DIODE                       1.500000    1.566503   -0.066503 (VIOLATED)
ANTENNA_252/DIODE                       1.500000    1.566498   -0.066498 (VIOLATED)
ANTENNA_259/DIODE                       1.500000    1.566495   -0.066495 (VIOLATED)
ANTENNA_255/DIODE                       1.500000    1.566495   -0.066495 (VIOLATED)
ANTENNA_254/DIODE                       1.500000    1.566482   -0.066482 (VIOLATED)
ANTENNA_251/DIODE                       1.500000    1.566473   -0.066473 (VIOLATED)
ANTENNA_258/DIODE                       1.500000    1.566089   -0.066089 (VIOLATED)
ANTENNA_261/DIODE                       1.500000    1.565827   -0.065827 (VIOLATED)
ANTENNA_hold1661_X/DIODE                1.500000    1.565017   -0.065017 (VIOLATED)
ANTENNA__4936__A1/DIODE                 1.500000    1.561969   -0.061969 (VIOLATED)
_4936_/A1                               1.500000    1.561888   -0.061888 (VIOLATED)
hold1710/A                              1.500000    1.561838   -0.061838 (VIOLATED)
ANTENNA_hold1710_A/DIODE                1.500000    1.561777   -0.061777 (VIOLATED)
ANTENNA__4942__A2/DIODE                 1.500000    1.561495   -0.061495 (VIOLATED)
_4942_/A2                               1.500000    1.561368   -0.061368 (VIOLATED)
ANTENNA_mprj.team_05_Wrapper.team_05_WB.instance_to_wrap_gpio_in[15]/DIODE    1.500000    1.561306   -0.061306 (VIOLATED)
mprj.team_05_Wrapper.team_05_WB.instance_to_wrap/gpio_in[15]    1.500000    1.561054   -0.061054 (VIOLATED)
ANTENNA_mprj.team_01_Wrapper.team_01_WB.instance_to_wrap_gpio_in[1]/DIODE    1.500000    1.560781   -0.060781 (VIOLATED)
mprj.team_01_Wrapper.team_01_WB.instance_to_wrap/gpio_in[1]    1.500000    1.560721   -0.060721 (VIOLATED)
_4861_/A0                               1.500000    1.560574   -0.060574 (VIOLATED)
ANTENNA__4861__A0/DIODE                 1.500000    1.560521   -0.060521 (VIOLATED)
_4867_/B1                               1.500000    1.560477   -0.060477 (VIOLATED)
ANTENNA_mprj.team_09_Wrapper.team_09_WB.instance_to_wrap_gpio_in[27]/DIODE    1.500000    1.560395   -0.060395 (VIOLATED)
ANTENNA__4867__B1/DIODE                 1.500000    1.560366   -0.060366 (VIOLATED)
hold1781/X                              1.495067    1.552629   -0.057562 (VIOLATED)
mprj.team_04_Wrapper.team_04_WB.instance_to_wrap/gpio_in[17]    1.500000    1.557386   -0.057386 (VIOLATED)
ANTENNA_mprj.team_04_Wrapper.team_04_WB.instance_to_wrap_gpio_in[17]/DIODE    1.500000    1.557229   -0.057229 (VIOLATED)
ANTENNA_mprj.team_11_Wrapper.team_11_WB.instance_to_wrap_gpio_in[5]/DIODE    1.500000    1.556836   -0.056837 (VIOLATED)
ANTENNA_622/DIODE                       1.500000    1.554906   -0.054906 (VIOLATED)
ANTENNA_mprj.team_03_Wrapper.team_03_WB.instance_to_wrap_DAT_O[17]/DIODE    1.500000    1.554906   -0.054906 (VIOLATED)
mprj.team_03_Wrapper.team_03_WB.instance_to_wrap/DAT_O[17]    1.500000    1.554906   -0.054906 (VIOLATED)
ANTENNA__6450__A1/DIODE                 1.500000    1.554333   -0.054333 (VIOLATED)
_6450_/A1                               1.500000    1.554328   -0.054328 (VIOLATED)
_4694_/A2                               1.500000    1.553198   -0.053198 (VIOLATED)
ANTENNA__4694__A2/DIODE                 1.500000    1.553124   -0.053124 (VIOLATED)
_4688_/A1                               1.500000    1.552980   -0.052980 (VIOLATED)
ANTENNA_hold1781_X/DIODE                1.500000    1.552662   -0.052662 (VIOLATED)
_4397_/A1                               1.500000    1.552515   -0.052515 (VIOLATED)
_4402_/B                                1.500000    1.552448   -0.052448 (VIOLATED)
ANTENNA__4397__A1/DIODE                 1.500000    1.552430   -0.052430 (VIOLATED)
ANTENNA__4688__A1/DIODE                 1.500000    1.552370   -0.052370 (VIOLATED)
ANTENNA__4402__B/DIODE                  1.500000    1.552337   -0.052337 (VIOLATED)
_4517_/A0                               1.500000    1.551317   -0.051317 (VIOLATED)
_4523_/A2                               1.500000    1.551272   -0.051272 (VIOLATED)
ANTENNA__4517__A0/DIODE                 1.500000    1.551265   -0.051265 (VIOLATED)
ANTENNA__4523__A2/DIODE                 1.500000    1.551004   -0.051004 (VIOLATED)
ANTENNA_mprj.team_10_Wrapper.team_10_WB.instance_to_wrap_gpio_in[25]/DIODE    1.500000    1.548328   -0.048328 (VIOLATED)
mprj.team_10_Wrapper.team_10_WB.instance_to_wrap/en    1.500000    1.547256   -0.047256 (VIOLATED)
_5041_/A2                               1.500000    1.547132   -0.047132 (VIOLATED)
ANTENNA__5041__A2/DIODE                 1.500000    1.547128   -0.047128 (VIOLATED)
_5035_/A1                               1.500000    1.546978   -0.046978 (VIOLATED)
ANTENNA_mprj.team_10_Wrapper.team_10_WB.instance_to_wrap_en/DIODE    1.500000    1.546887   -0.046887 (VIOLATED)
ANTENNA__5035__A1/DIODE                 1.500000    1.546858   -0.046858 (VIOLATED)
ANTENNA_mprj.sram.sram_inst_din0[17]/DIODE    1.500000    1.546635   -0.046635 (VIOLATED)
_5603_/A2                               1.500000    1.543308   -0.043308 (VIOLATED)
ANTENNA__5603__A2/DIODE                 1.500000    1.543290   -0.043291 (VIOLATED)
mprj.team_01_Wrapper.team_01_WB.instance_to_wrap/gpio_in[12]    1.500000    1.543218   -0.043218 (VIOLATED)
_5605_/A1                               1.500000    1.543129   -0.043129 (VIOLATED)
ANTENNA__5605__A1/DIODE                 1.500000    1.543032   -0.043032 (VIOLATED)
_4835_/A1                               1.500000    1.542805   -0.042805 (VIOLATED)
ANTENNA__4835__A1/DIODE                 1.500000    1.542792   -0.042792 (VIOLATED)
_4567_/B1                               1.500000    1.542741   -0.042741 (VIOLATED)
_4544_/A2                               1.500000    1.542685   -0.042685 (VIOLATED)
ANTENNA__4544__A2/DIODE                 1.500000    1.542683   -0.042683 (VIOLATED)
_4467_/B                                1.500000    1.542682   -0.042682 (VIOLATED)
ANTENNA__4467__B/DIODE                  1.500000    1.542652   -0.042652 (VIOLATED)
ANTENNA__4567__B1/DIODE                 1.500000    1.542609   -0.042609 (VIOLATED)
hold528/X                               1.495067    1.537358   -0.042291 (VIOLATED)
_5128_/B                                1.500000    1.541041   -0.041041 (VIOLATED)
ANTENNA__5128__B/DIODE                  1.500000    1.540911   -0.040911 (VIOLATED)
ANTENNA_mprj.team_09_Wrapper.team_09_WB.instance_to_wrap_gpio_in[30]/DIODE    1.500000    1.540820   -0.040820 (VIOLATED)
ANTENNA_mprj.team_03_Wrapper.team_03_WB.instance_to_wrap_ADR_O[1]/DIODE    1.500000    1.539192   -0.039192 (VIOLATED)
mprj.team_03_Wrapper.team_03_WB.instance_to_wrap/ADR_O[1]    1.500000    1.539186   -0.039186 (VIOLATED)
mprj.team_09_Wrapper.team_09_WB.instance_to_wrap/gpio_in[30]    1.500000    1.538085   -0.038085 (VIOLATED)
ANTENNA_mprj.team_01_Wrapper.team_01_WB.instance_to_wrap_gpio_in[12]/DIODE    1.500000    1.537698   -0.037698 (VIOLATED)
_6420_/A                                1.500000    1.537443   -0.037443 (VIOLATED)
ANTENNA__6420__A/DIODE                  1.500000    1.537401   -0.037401 (VIOLATED)
ANTENNA_hold528_X/DIODE                 1.500000    1.537370   -0.037370 (VIOLATED)
ANTENNA_mprj.team_03_Wrapper.team_03_WB.instance_to_wrap_ADR_O[17]/DIODE    1.500000    1.534858   -0.034858 (VIOLATED)
mprj.team_03_Wrapper.team_03_WB.instance_to_wrap/ADR_O[17]    1.500000    1.534831   -0.034831 (VIOLATED)
_4607_/A2                               1.500000    1.533534   -0.033534 (VIOLATED)
ANTENNA__4607__A2/DIODE                 1.500000    1.533510   -0.033510 (VIOLATED)
_4601_/A1                               1.500000    1.533463   -0.033463 (VIOLATED)
ANTENNA__4601__A1/DIODE                 1.500000    1.533453   -0.033453 (VIOLATED)
_4409_/A1                               1.500000    1.533262   -0.033262 (VIOLATED)
ANTENNA__4409__A1/DIODE                 1.500000    1.533240   -0.033240 (VIOLATED)
_4414_/B                                1.500000    1.533193   -0.033193 (VIOLATED)
ANTENNA__4414__B/DIODE                  1.500000    1.533191   -0.033191 (VIOLATED)
_7982_/A1                               1.500000    1.531177   -0.031177 (VIOLATED)
ANTENNA__7982__A1/DIODE                 1.500000    1.531141   -0.031141 (VIOLATED)
mprj.team_03_Wrapper.team_03_WB.instance_to_wrap/gpio_in[2]    1.500000    1.528512   -0.028512 (VIOLATED)
_7851_/A1                               1.500000    1.528499   -0.028499 (VIOLATED)
ANTENNA__7851__A1/DIODE                 1.500000    1.528474   -0.028474 (VIOLATED)
_4494_/A1                               1.500000    1.528083   -0.028083 (VIOLATED)
ANTENNA__4494__A1/DIODE                 1.500000    1.527889   -0.027889 (VIOLATED)
ANTENNA_mprj.team_03_Wrapper.team_03_WB.instance_to_wrap_DAT_O[10]/DIODE    1.500000    1.525703   -0.025703 (VIOLATED)
mprj.team_03_Wrapper.team_03_WB.instance_to_wrap/DAT_O[10]    1.500000    1.525570   -0.025570 (VIOLATED)
ANTENNA_mprj.team_06_Wrapper.team_06_WB.instance_to_wrap_gpio_out[16]/DIODE    1.500000    1.522814   -0.022814 (VIOLATED)
mprj.team_06_Wrapper.team_06_WB.instance_to_wrap/gpio_out[16]    1.500000    1.522808   -0.022808 (VIOLATED)
_4102_/B                                1.500000    1.522511   -0.022511 (VIOLATED)
_4101_/B                                1.500000    1.522206   -0.022206 (VIOLATED)
ANTENNA__4101__B/DIODE                  1.500000    1.522192   -0.022192 (VIOLATED)
ANTENNA__4102__B/DIODE                  1.500000    1.521829   -0.021829 (VIOLATED)
ANTENNA_539/DIODE                       1.500000    1.518755   -0.018755 (VIOLATED)
ANTENNA__6834__A1/DIODE                 1.500000    1.518696   -0.018696 (VIOLATED)
_6834_/A1                               1.500000    1.518626   -0.018626 (VIOLATED)
_7523_/B                                1.500000    1.518146   -0.018146 (VIOLATED)
ANTENNA__7523__B/DIODE                  1.500000    1.518001   -0.018001 (VIOLATED)
_8123_/A1                               1.500000    1.515563   -0.015563 (VIOLATED)
ANTENNA__8123__A1/DIODE                 1.500000    1.515371   -0.015371 (VIOLATED)
mprj.team_09_Wrapper.team_09_WB.instance_to_wrap/gpio_in[27]    1.500000    1.513123   -0.013123 (VIOLATED)
ANTENNA_mprj.team_03_Wrapper.team_03_WB.instance_to_wrap_DAT_O[7]/DIODE    1.500000    1.512931   -0.012931 (VIOLATED)
mprj.team_03_Wrapper.team_03_WB.instance_to_wrap/DAT_O[7]    1.500000    1.512931   -0.012931 (VIOLATED)
mprj.team_07_Wrapper.team_07_WB.instance_to_wrap/nrst    1.500000    1.512682   -0.012682 (VIOLATED)
ANTENNA_mprj.team_07_Wrapper.team_07_WB.instance_to_wrap_nrst/DIODE    1.500000    1.512595   -0.012595 (VIOLATED)
_7845_/A                                1.500000    1.511779   -0.011779 (VIOLATED)
ANTENNA__7845__A/DIODE                  1.500000    1.511718   -0.011718 (VIOLATED)
_4148_/A2                               1.500000    1.509894   -0.009894 (VIOLATED)
_4142_/A1                               1.500000    1.509859   -0.009859 (VIOLATED)
ANTENNA__4148__A2/DIODE                 1.500000    1.509829   -0.009829 (VIOLATED)
ANTENNA__4142__A1/DIODE                 1.500000    1.509604   -0.009604 (VIOLATED)
_4406_/A2                               1.500000    1.506651   -0.006651 (VIOLATED)
ANTENNA__4406__A2/DIODE                 1.500000    1.506556   -0.006556 (VIOLATED)
ANTENNA_mprj.team_03_Wrapper.team_03_WB.instance_to_wrap_ADR_O[30]/DIODE    1.500000    1.506394   -0.006394 (VIOLATED)
mprj.team_03_Wrapper.team_03_WB.instance_to_wrap/ADR_O[30]    1.500000    1.506389   -0.006389 (VIOLATED)
_4399_/A1                               1.500000    1.505730   -0.005730 (VIOLATED)
ANTENNA__4399__A1/DIODE                 1.500000    1.505648   -0.005648 (VIOLATED)
ANTENNA__4920__A0/DIODE                 1.500000    1.505625   -0.005625 (VIOLATED)
_4920_/A0                               1.500000    1.505596   -0.005596 (VIOLATED)
ANTENNA__4926__A2/DIODE                 1.500000    1.505240   -0.005240 (VIOLATED)
_4926_/A2                               1.500000    1.505177   -0.005178 (VIOLATED)
ANTENNA__4213__A2/DIODE                 1.500000    1.504816   -0.004816 (VIOLATED)
_4213_/A2                               1.500000    1.504797   -0.004797 (VIOLATED)
_4197_/A1                               1.500000    1.504570   -0.004570 (VIOLATED)
ANTENNA__4197__A1/DIODE                 1.500000    1.504551   -0.004551 (VIOLATED)
mprj.team_10_Wrapper.team_10_WB.instance_to_wrap/gpio_in[25]    1.500000    1.504186   -0.004186 (VIOLATED)
ANTENNA_mprj.team_03_Wrapper.team_03_WB.instance_to_wrap_ADR_O[6]/DIODE    1.500000    1.503695   -0.003695 (VIOLATED)
mprj.team_03_Wrapper.team_03_WB.instance_to_wrap/ADR_O[6]    1.500000    1.503551   -0.003551 (VIOLATED)
ANTENNA_mprj.team_03_Wrapper.team_03_WB.instance_to_wrap_ADR_O[15]/DIODE    1.500000    1.502656   -0.002656 (VIOLATED)
mprj.team_03_Wrapper.team_03_WB.instance_to_wrap/ADR_O[15]    1.500000    1.502656   -0.002656 (VIOLATED)
_4644_/A1                               1.500000    1.501836   -0.001836 (VIOLATED)
ANTENNA__4650__A2/DIODE                 1.500000    1.501814   -0.001814 (VIOLATED)
ANTENNA__4644__A1/DIODE                 1.500000    1.501809   -0.001809 (VIOLATED)
_4650_/A2                               1.500000    1.501706   -0.001706 (VIOLATED)

max fanout

Pin                                   Limit Fanout  Slack
---------------------------------------------------------
clkbuf_5_25_0_wb_clk_i_regs/X            10     31    -21 (VIOLATED)
clkbuf_5_7_0_wb_clk_i_regs/X             10     31    -21 (VIOLATED)
clkbuf_5_19_0_wb_clk_i_regs/X            10     29    -19 (VIOLATED)
clkbuf_5_9_0_wb_clk_i_regs/X             10     27    -17 (VIOLATED)
clkbuf_5_24_0_wb_clk_i_regs/X            10     25    -15 (VIOLATED)
clkbuf_5_26_0_wb_clk_i_regs/X            10     25    -15 (VIOLATED)
input42/X                                10     25    -15 (VIOLATED)
fanout253/X                              10     24    -14 (VIOLATED)
fanout677/X                              10     24    -14 (VIOLATED)
_4293_/Y                                 10     23    -13 (VIOLATED)
clkbuf_5_11_0_wb_clk_i_regs/X            10     23    -13 (VIOLATED)
clkbuf_5_18_0_wb_clk_i_regs/X            10     23    -13 (VIOLATED)
clkbuf_5_30_0_wb_clk_i_regs/X            10     23    -13 (VIOLATED)
clkbuf_5_31_0_wb_clk_i_regs/X            10     23    -13 (VIOLATED)
clkbuf_5_4_0_wb_clk_i_regs/X             10     23    -13 (VIOLATED)
clkbuf_5_6_0_wb_clk_i_regs/X             10     23    -13 (VIOLATED)
fanout373/X                              10     23    -13 (VIOLATED)
fanout393/X                              10     23    -13 (VIOLATED)
fanout252/X                              10     22    -12 (VIOLATED)
fanout255/X                              10     22    -12 (VIOLATED)
fanout314/X                              10     22    -12 (VIOLATED)
fanout366/X                              10     22    -12 (VIOLATED)
fanout429/X                              10     22    -12 (VIOLATED)
fanout434/X                              10     22    -12 (VIOLATED)
fanout446/X                              10     22    -12 (VIOLATED)
fanout492/X                              10     22    -12 (VIOLATED)
fanout499/X                              10     22    -12 (VIOLATED)
fanout504/X                              10     22    -12 (VIOLATED)
fanout549/X                              10     22    -12 (VIOLATED)
fanout556/X                              10     22    -12 (VIOLATED)
fanout586/X                              10     22    -12 (VIOLATED)
fanout618/X                              10     22    -12 (VIOLATED)
_4174_/X                                 10     21    -11 (VIOLATED)
_8592_/Q                                 10     21    -11 (VIOLATED)
_8616_/Q                                 10     21    -11 (VIOLATED)
_8708_/Q                                 10     21    -11 (VIOLATED)
_8883_/Q                                 10     21    -11 (VIOLATED)
clkbuf_5_10_0_wb_clk_i_regs/X            10     21    -11 (VIOLATED)
clkbuf_5_17_0_wb_clk_i_regs/X            10     21    -11 (VIOLATED)
clkbuf_5_23_0_wb_clk_i_regs/X            10     21    -11 (VIOLATED)
clkbuf_5_3_0_wb_clk_i_regs/X             10     21    -11 (VIOLATED)
clkbuf_5_5_0_wb_clk_i_regs/X             10     21    -11 (VIOLATED)
clkbuf_5_8_0_wb_clk_i_regs/X             10     21    -11 (VIOLATED)
fanout208/X                              10     21    -11 (VIOLATED)
fanout210/X                              10     21    -11 (VIOLATED)
fanout213/X                              10     21    -11 (VIOLATED)
fanout214/X                              10     21    -11 (VIOLATED)
fanout215/X                              10     21    -11 (VIOLATED)
fanout216/X                              10     21    -11 (VIOLATED)
fanout217/X                              10     21    -11 (VIOLATED)
fanout218/X                              10     21    -11 (VIOLATED)
fanout221/X                              10     21    -11 (VIOLATED)
fanout222/X                              10     21    -11 (VIOLATED)
fanout224/X                              10     21    -11 (VIOLATED)
fanout226/X                              10     21    -11 (VIOLATED)
fanout227/X                              10     21    -11 (VIOLATED)
fanout228/X                              10     21    -11 (VIOLATED)
fanout230/X                              10     21    -11 (VIOLATED)
fanout232/X                              10     21    -11 (VIOLATED)
fanout234/X                              10     21    -11 (VIOLATED)
fanout235/X                              10     21    -11 (VIOLATED)
fanout237/X                              10     21    -11 (VIOLATED)
fanout239/X                              10     21    -11 (VIOLATED)
fanout241/X                              10     21    -11 (VIOLATED)
fanout242/X                              10     21    -11 (VIOLATED)
fanout245/X                              10     21    -11 (VIOLATED)
fanout247/X                              10     21    -11 (VIOLATED)
fanout249/X                              10     21    -11 (VIOLATED)
fanout256/X                              10     21    -11 (VIOLATED)
fanout257/X                              10     21    -11 (VIOLATED)
fanout260/X                              10     21    -11 (VIOLATED)
fanout261/X                              10     21    -11 (VIOLATED)
fanout262/X                              10     21    -11 (VIOLATED)
fanout263/X                              10     21    -11 (VIOLATED)
fanout265/X                              10     21    -11 (VIOLATED)
fanout267/X                              10     21    -11 (VIOLATED)
fanout269/X                              10     21    -11 (VIOLATED)
fanout270/X                              10     21    -11 (VIOLATED)
fanout273/X                              10     21    -11 (VIOLATED)
fanout274/X                              10     21    -11 (VIOLATED)
fanout276/X                              10     21    -11 (VIOLATED)
fanout277/X                              10     21    -11 (VIOLATED)
fanout279/X                              10     21    -11 (VIOLATED)
fanout280/X                              10     21    -11 (VIOLATED)
fanout282/X                              10     21    -11 (VIOLATED)
fanout284/X                              10     21    -11 (VIOLATED)
fanout285/X                              10     21    -11 (VIOLATED)
fanout288/X                              10     21    -11 (VIOLATED)
fanout291/X                              10     21    -11 (VIOLATED)
fanout295/X                              10     21    -11 (VIOLATED)
fanout296/X                              10     21    -11 (VIOLATED)
fanout297/X                              10     21    -11 (VIOLATED)
fanout299/X                              10     21    -11 (VIOLATED)
fanout300/X                              10     21    -11 (VIOLATED)
fanout302/X                              10     21    -11 (VIOLATED)
fanout303/X                              10     21    -11 (VIOLATED)
fanout305/X                              10     21    -11 (VIOLATED)
fanout307/X                              10     21    -11 (VIOLATED)
fanout309/X                              10     21    -11 (VIOLATED)
fanout310/X                              10     21    -11 (VIOLATED)
fanout312/X                              10     21    -11 (VIOLATED)
fanout316/X                              10     21    -11 (VIOLATED)
fanout318/X                              10     21    -11 (VIOLATED)
fanout320/X                              10     21    -11 (VIOLATED)
fanout322/X                              10     21    -11 (VIOLATED)
fanout324/X                              10     21    -11 (VIOLATED)
fanout325/X                              10     21    -11 (VIOLATED)
fanout327/X                              10     21    -11 (VIOLATED)
fanout329/X                              10     21    -11 (VIOLATED)
fanout331/X                              10     21    -11 (VIOLATED)
fanout334/X                              10     21    -11 (VIOLATED)
fanout336/X                              10     21    -11 (VIOLATED)
fanout337/X                              10     21    -11 (VIOLATED)
fanout341/X                              10     21    -11 (VIOLATED)
fanout342/X                              10     21    -11 (VIOLATED)
fanout344/X                              10     21    -11 (VIOLATED)
fanout345/X                              10     21    -11 (VIOLATED)
fanout348/X                              10     21    -11 (VIOLATED)
fanout349/X                              10     21    -11 (VIOLATED)
fanout350/X                              10     21    -11 (VIOLATED)
fanout367/X                              10     21    -11 (VIOLATED)
fanout368/X                              10     21    -11 (VIOLATED)
fanout370/X                              10     21    -11 (VIOLATED)
fanout371/X                              10     21    -11 (VIOLATED)
fanout378/X                              10     21    -11 (VIOLATED)
fanout382/X                              10     21    -11 (VIOLATED)
fanout383/X                              10     21    -11 (VIOLATED)
fanout385/X                              10     21    -11 (VIOLATED)
fanout388/X                              10     21    -11 (VIOLATED)
fanout390/X                              10     21    -11 (VIOLATED)
fanout397/X                              10     21    -11 (VIOLATED)
fanout399/X                              10     21    -11 (VIOLATED)
fanout401/X                              10     21    -11 (VIOLATED)
fanout402/X                              10     21    -11 (VIOLATED)
fanout403/X                              10     21    -11 (VIOLATED)
fanout405/X                              10     21    -11 (VIOLATED)
fanout407/X                              10     21    -11 (VIOLATED)
fanout409/X                              10     21    -11 (VIOLATED)
fanout410/X                              10     21    -11 (VIOLATED)
fanout411/X                              10     21    -11 (VIOLATED)
fanout413/X                              10     21    -11 (VIOLATED)
fanout414/X                              10     21    -11 (VIOLATED)
fanout415/X                              10     21    -11 (VIOLATED)
fanout417/X                              10     21    -11 (VIOLATED)
fanout418/X                              10     21    -11 (VIOLATED)
fanout421/X                              10     21    -11 (VIOLATED)
fanout423/X                              10     21    -11 (VIOLATED)
fanout424/X                              10     21    -11 (VIOLATED)
fanout426/X                              10     21    -11 (VIOLATED)
fanout427/X                              10     21    -11 (VIOLATED)
fanout430/X                              10     21    -11 (VIOLATED)
fanout432/X                              10     21    -11 (VIOLATED)
fanout435/X                              10     21    -11 (VIOLATED)
fanout437/X                              10     21    -11 (VIOLATED)
fanout438/X                              10     21    -11 (VIOLATED)
fanout441/X                              10     21    -11 (VIOLATED)
fanout443/X                              10     21    -11 (VIOLATED)
fanout444/X                              10     21    -11 (VIOLATED)
fanout447/X                              10     21    -11 (VIOLATED)
fanout449/X                              10     21    -11 (VIOLATED)
fanout451/X                              10     21    -11 (VIOLATED)
fanout452/X                              10     21    -11 (VIOLATED)
fanout454/X                              10     21    -11 (VIOLATED)
fanout455/X                              10     21    -11 (VIOLATED)
fanout458/X                              10     21    -11 (VIOLATED)
fanout460/X                              10     21    -11 (VIOLATED)
fanout461/X                              10     21    -11 (VIOLATED)
fanout463/X                              10     21    -11 (VIOLATED)
fanout464/X                              10     21    -11 (VIOLATED)
fanout467/X                              10     21    -11 (VIOLATED)
fanout469/X                              10     21    -11 (VIOLATED)
fanout470/X                              10     21    -11 (VIOLATED)
fanout473/X                              10     21    -11 (VIOLATED)
fanout474/X                              10     21    -11 (VIOLATED)
fanout477/X                              10     21    -11 (VIOLATED)
fanout479/X                              10     21    -11 (VIOLATED)
fanout481/X                              10     21    -11 (VIOLATED)
fanout482/X                              10     21    -11 (VIOLATED)
fanout483/X                              10     21    -11 (VIOLATED)
fanout485/X                              10     21    -11 (VIOLATED)
fanout486/X                              10     21    -11 (VIOLATED)
fanout489/X                              10     21    -11 (VIOLATED)
fanout493/X                              10     21    -11 (VIOLATED)
fanout494/X                              10     21    -11 (VIOLATED)
fanout495/X                              10     21    -11 (VIOLATED)
fanout496/X                              10     21    -11 (VIOLATED)
fanout498/X                              10     21    -11 (VIOLATED)
fanout503/X                              10     21    -11 (VIOLATED)
fanout505/X                              10     21    -11 (VIOLATED)
fanout508/X                              10     21    -11 (VIOLATED)
fanout509/X                              10     21    -11 (VIOLATED)
fanout512/X                              10     21    -11 (VIOLATED)
fanout514/X                              10     21    -11 (VIOLATED)
fanout515/X                              10     21    -11 (VIOLATED)
fanout517/X                              10     21    -11 (VIOLATED)
fanout518/X                              10     21    -11 (VIOLATED)
fanout534/X                              10     21    -11 (VIOLATED)
fanout535/X                              10     21    -11 (VIOLATED)
fanout536/X                              10     21    -11 (VIOLATED)
fanout539/X                              10     21    -11 (VIOLATED)
fanout541/X                              10     21    -11 (VIOLATED)
fanout542/X                              10     21    -11 (VIOLATED)
fanout543/X                              10     21    -11 (VIOLATED)
fanout547/X                              10     21    -11 (VIOLATED)
fanout551/X                              10     21    -11 (VIOLATED)
fanout552/X                              10     21    -11 (VIOLATED)
fanout553/X                              10     21    -11 (VIOLATED)
fanout557/X                              10     21    -11 (VIOLATED)
fanout558/X                              10     21    -11 (VIOLATED)
fanout559/X                              10     21    -11 (VIOLATED)
fanout560/X                              10     21    -11 (VIOLATED)
fanout561/X                              10     21    -11 (VIOLATED)
fanout562/X                              10     21    -11 (VIOLATED)
fanout563/X                              10     21    -11 (VIOLATED)
fanout565/X                              10     21    -11 (VIOLATED)
fanout566/X                              10     21    -11 (VIOLATED)
fanout568/X                              10     21    -11 (VIOLATED)
fanout569/X                              10     21    -11 (VIOLATED)
fanout571/X                              10     21    -11 (VIOLATED)
fanout572/X                              10     21    -11 (VIOLATED)
fanout574/X                              10     21    -11 (VIOLATED)
fanout577/X                              10     21    -11 (VIOLATED)
fanout578/X                              10     21    -11 (VIOLATED)
fanout580/X                              10     21    -11 (VIOLATED)
fanout583/X                              10     21    -11 (VIOLATED)
fanout588/X                              10     21    -11 (VIOLATED)
fanout589/X                              10     21    -11 (VIOLATED)
fanout590/X                              10     21    -11 (VIOLATED)
fanout591/X                              10     21    -11 (VIOLATED)
fanout593/X                              10     21    -11 (VIOLATED)
fanout594/X                              10     21    -11 (VIOLATED)
fanout595/X                              10     21    -11 (VIOLATED)
fanout597/X                              10     21    -11 (VIOLATED)
fanout602/X                              10     21    -11 (VIOLATED)
fanout607/X                              10     21    -11 (VIOLATED)
fanout609/X                              10     21    -11 (VIOLATED)
fanout610/X                              10     21    -11 (VIOLATED)
fanout611/X                              10     21    -11 (VIOLATED)
fanout612/X                              10     21    -11 (VIOLATED)
fanout615/X                              10     21    -11 (VIOLATED)
fanout617/X                              10     21    -11 (VIOLATED)
fanout620/X                              10     21    -11 (VIOLATED)
fanout622/X                              10     21    -11 (VIOLATED)
fanout624/X                              10     21    -11 (VIOLATED)
fanout626/X                              10     21    -11 (VIOLATED)
fanout628/X                              10     21    -11 (VIOLATED)
fanout629/X                              10     21    -11 (VIOLATED)
fanout630/X                              10     21    -11 (VIOLATED)
fanout633/X                              10     21    -11 (VIOLATED)
fanout635/X                              10     21    -11 (VIOLATED)
fanout637/X                              10     21    -11 (VIOLATED)
fanout640/X                              10     21    -11 (VIOLATED)
fanout675/X                              10     21    -11 (VIOLATED)
fanout676/X                              10     21    -11 (VIOLATED)
fanout693/X                              10     21    -11 (VIOLATED)
fanout694/X                              10     21    -11 (VIOLATED)
fanout695/X                              10     21    -11 (VIOLATED)
fanout700/X                              10     21    -11 (VIOLATED)
fanout702/X                              10     21    -11 (VIOLATED)
fanout703/X                              10     21    -11 (VIOLATED)
fanout705/X                              10     21    -11 (VIOLATED)
fanout707/X                              10     21    -11 (VIOLATED)
fanout708/X                              10     21    -11 (VIOLATED)
fanout709/X                              10     21    -11 (VIOLATED)
fanout710/X                              10     21    -11 (VIOLATED)
fanout714/X                              10     21    -11 (VIOLATED)
fanout716/X                              10     21    -11 (VIOLATED)
fanout718/X                              10     21    -11 (VIOLATED)
fanout720/X                              10     21    -11 (VIOLATED)
fanout723/X                              10     21    -11 (VIOLATED)
fanout724/X                              10     21    -11 (VIOLATED)
fanout725/X                              10     21    -11 (VIOLATED)
fanout727/X                              10     21    -11 (VIOLATED)
fanout728/X                              10     21    -11 (VIOLATED)
fanout730/X                              10     21    -11 (VIOLATED)
fanout732/X                              10     21    -11 (VIOLATED)
fanout733/X                              10     21    -11 (VIOLATED)
fanout735/X                              10     21    -11 (VIOLATED)
fanout736/X                              10     21    -11 (VIOLATED)
fanout737/X                              10     21    -11 (VIOLATED)
hold162/X                                10     21    -11 (VIOLATED)
hold244/X                                10     21    -11 (VIOLATED)
hold274/X                                10     21    -11 (VIOLATED)
hold35/X                                 10     21    -11 (VIOLATED)
hold552/X                                10     21    -11 (VIOLATED)
hold580/X                                10     21    -11 (VIOLATED)
fanout236/X                              10     20    -10 (VIOLATED)
_4324_/Y                                 10     19     -9 (VIOLATED)
_4841_/X                                 10     19     -9 (VIOLATED)
_5149_/X                                 10     19     -9 (VIOLATED)
_5156_/Y                                 10     19     -9 (VIOLATED)
_5227_/Y                                 10     19     -9 (VIOLATED)
_6030_/X                                 10     19     -9 (VIOLATED)
_8572_/Q                                 10     19     -9 (VIOLATED)
_8573_/Q                                 10     19     -9 (VIOLATED)
_8593_/Q                                 10     19     -9 (VIOLATED)
_8617_/Q                                 10     19     -9 (VIOLATED)
_8628_/Q                                 10     19     -9 (VIOLATED)
_8709_/Q                                 10     19     -9 (VIOLATED)
_8884_/Q                                 10     19     -9 (VIOLATED)
clkbuf_5_2_0_wb_clk_i_regs/X             10     19     -9 (VIOLATED)
fanout212/X                              10     19     -9 (VIOLATED)
fanout219/X                              10     19     -9 (VIOLATED)
fanout238/X                              10     19     -9 (VIOLATED)
fanout250/X                              10     19     -9 (VIOLATED)
fanout258/X                              10     19     -9 (VIOLATED)
fanout271/X                              10     19     -9 (VIOLATED)
fanout372/X                              10     19     -9 (VIOLATED)
fanout478/X                              10     19     -9 (VIOLATED)
fanout537/X                              10     19     -9 (VIOLATED)
fanout540/X                              10     19     -9 (VIOLATED)
fanout545/X                              10     19     -9 (VIOLATED)
fanout564/X                              10     19     -9 (VIOLATED)
fanout567/X                              10     19     -9 (VIOLATED)
fanout570/X                              10     19     -9 (VIOLATED)
fanout598/X                              10     19     -9 (VIOLATED)
fanout606/X                              10     19     -9 (VIOLATED)
fanout632/X                              10     19     -9 (VIOLATED)
fanout699/X                              10     19     -9 (VIOLATED)
fanout715/X                              10     19     -9 (VIOLATED)
hold315/X                                10     19     -9 (VIOLATED)
hold452/X                                10     19     -9 (VIOLATED)
hold726/X                                10     19     -9 (VIOLATED)
clkbuf_5_16_0_wb_clk_i_regs/X            10     18     -8 (VIOLATED)
hold348/X                                10     18     -8 (VIOLATED)
mprj.team_05_Wrapper.team_05_WB.instance_to_wrap/gpio_oeb[32]     10     18     -8 (VIOLATED)
_4048_/Y                                 10     17     -7 (VIOLATED)
_4325_/Y                                 10     17     -7 (VIOLATED)
_5138_/X                                 10     17     -7 (VIOLATED)
_5464_/Y                                 10     17     -7 (VIOLATED)
_6243_/X                                 10     17     -7 (VIOLATED)
_6249_/X                                 10     17     -7 (VIOLATED)
_6267_/X                                 10     17     -7 (VIOLATED)
_6270_/X                                 10     17     -7 (VIOLATED)
_6302_/X                                 10     17     -7 (VIOLATED)
_6303_/X                                 10     17     -7 (VIOLATED)
_6334_/X                                 10     17     -7 (VIOLATED)
_6340_/X                                 10     17     -7 (VIOLATED)
_6411_/X                                 10     17     -7 (VIOLATED)
_6414_/X                                 10     17     -7 (VIOLATED)
_6444_/X                                 10     17     -7 (VIOLATED)
_6447_/X                                 10     17     -7 (VIOLATED)
_6483_/X                                 10     17     -7 (VIOLATED)
_6516_/X                                 10     17     -7 (VIOLATED)
_6520_/X                                 10     17     -7 (VIOLATED)
_6553_/X                                 10     17     -7 (VIOLATED)
_6556_/X                                 10     17     -7 (VIOLATED)
_6590_/X                                 10     17     -7 (VIOLATED)
_6594_/X                                 10     17     -7 (VIOLATED)
_6626_/X                                 10     17     -7 (VIOLATED)
_6627_/X                                 10     17     -7 (VIOLATED)
_6663_/X                                 10     17     -7 (VIOLATED)
_6664_/X                                 10     17     -7 (VIOLATED)
_6700_/X                                 10     17     -7 (VIOLATED)
_6702_/X                                 10     17     -7 (VIOLATED)
_6738_/X                                 10     17     -7 (VIOLATED)
_6773_/X                                 10     17     -7 (VIOLATED)
_6776_/X                                 10     17     -7 (VIOLATED)
_6811_/X                                 10     17     -7 (VIOLATED)
_6843_/X                                 10     17     -7 (VIOLATED)
_6847_/X                                 10     17     -7 (VIOLATED)
_6878_/X                                 10     17     -7 (VIOLATED)
_6880_/X                                 10     17     -7 (VIOLATED)
_6912_/X                                 10     17     -7 (VIOLATED)
_6943_/X                                 10     17     -7 (VIOLATED)
_6951_/X                                 10     17     -7 (VIOLATED)
_6985_/Y                                 10     17     -7 (VIOLATED)
_7473_/Y                                 10     17     -7 (VIOLATED)
_7692_/X                                 10     17     -7 (VIOLATED)
_7729_/X                                 10     17     -7 (VIOLATED)
_7755_/X                                 10     17     -7 (VIOLATED)
_7762_/X                                 10     17     -7 (VIOLATED)
_7792_/X                                 10     17     -7 (VIOLATED)
_7793_/X                                 10     17     -7 (VIOLATED)
_7827_/X                                 10     17     -7 (VIOLATED)
_7829_/Y                                 10     17     -7 (VIOLATED)
_7860_/X                                 10     17     -7 (VIOLATED)
_7863_/X                                 10     17     -7 (VIOLATED)
_7894_/X                                 10     17     -7 (VIOLATED)
_7895_/X                                 10     17     -7 (VIOLATED)
_7930_/X                                 10     17     -7 (VIOLATED)
_7964_/X                                 10     17     -7 (VIOLATED)
_7997_/X                                 10     17     -7 (VIOLATED)
_7998_/X                                 10     17     -7 (VIOLATED)
_8031_/X                                 10     17     -7 (VIOLATED)
_8064_/X                                 10     17     -7 (VIOLATED)
_8066_/X                                 10     17     -7 (VIOLATED)
_8641_/Q                                 10     17     -7 (VIOLATED)
_8688_/Q                                 10     17     -7 (VIOLATED)
_8690_/Q                                 10     17     -7 (VIOLATED)
_8691_/Q                                 10     17     -7 (VIOLATED)
_8696_/Q                                 10     17     -7 (VIOLATED)
_8877_/Q                                 10     17     -7 (VIOLATED)
_8886_/Q                                 10     17     -7 (VIOLATED)
clkbuf_5_12_0_wb_clk_i_regs/X            10     17     -7 (VIOLATED)
clkbuf_5_14_0_wb_clk_i_regs/X            10     17     -7 (VIOLATED)
clkbuf_5_1_0_wb_clk_i_regs/X             10     17     -7 (VIOLATED)
clkbuf_5_22_0_wb_clk_i_regs/X            10     17     -7 (VIOLATED)
clkbuf_5_27_0_wb_clk_i_regs/X            10     17     -7 (VIOLATED)
clkbuf_5_28_0_wb_clk_i_regs/X            10     17     -7 (VIOLATED)
fanout225/X                              10     17     -7 (VIOLATED)
fanout246/X                              10     17     -7 (VIOLATED)
fanout259/X                              10     17     -7 (VIOLATED)
fanout268/X                              10     17     -7 (VIOLATED)
fanout289/X                              10     17     -7 (VIOLATED)
fanout290/X                              10     17     -7 (VIOLATED)
fanout292/X                              10     17     -7 (VIOLATED)
fanout293/X                              10     17     -7 (VIOLATED)
fanout301/X                              10     17     -7 (VIOLATED)
fanout306/X                              10     17     -7 (VIOLATED)
fanout313/X                              10     17     -7 (VIOLATED)
fanout326/X                              10     17     -7 (VIOLATED)
fanout346/X                              10     17     -7 (VIOLATED)
fanout369/X                              10     17     -7 (VIOLATED)
fanout375/X                              10     17     -7 (VIOLATED)
fanout377/X                              10     17     -7 (VIOLATED)
fanout379/X                              10     17     -7 (VIOLATED)
fanout387/X                              10     17     -7 (VIOLATED)
fanout389/X                              10     17     -7 (VIOLATED)
fanout398/X                              10     17     -7 (VIOLATED)
fanout416/X                              10     17     -7 (VIOLATED)
fanout420/X                              10     17     -7 (VIOLATED)
fanout442/X                              10     17     -7 (VIOLATED)
fanout459/X                              10     17     -7 (VIOLATED)
fanout491/X                              10     17     -7 (VIOLATED)
fanout548/X                              10     17     -7 (VIOLATED)
fanout582/X                              10     17     -7 (VIOLATED)
fanout584/X                              10     17     -7 (VIOLATED)
fanout599/X                              10     17     -7 (VIOLATED)
fanout608/X                              10     17     -7 (VIOLATED)
fanout616/X                              10     17     -7 (VIOLATED)
fanout639/X                              10     17     -7 (VIOLATED)
fanout696/X                              10     17     -7 (VIOLATED)
fanout711/X                              10     17     -7 (VIOLATED)
fanout731/X                              10     17     -7 (VIOLATED)
hold127/X                                10     17     -7 (VIOLATED)
hold198/X                                10     17     -7 (VIOLATED)
hold314/X                                10     17     -7 (VIOLATED)
hold326/X                                10     17     -7 (VIOLATED)
hold388/X                                10     17     -7 (VIOLATED)
hold52/X                                 10     17     -7 (VIOLATED)
hold530/X                                10     17     -7 (VIOLATED)
mprj.team_05_Wrapper.team_05_WB.instance_to_wrap/gpio_oeb[15]     10     17     -7 (VIOLATED)
mprj.team_08_Wrapper.team_08_WB.instance_to_wrap/gpio_oeb[15]     10     17     -7 (VIOLATED)
_8640_/Q                                 10     16     -6 (VIOLATED)
fanout519/X                              10     16     -6 (VIOLATED)
fanout550/X                              10     16     -6 (VIOLATED)
hold136/X                                10     16     -6 (VIOLATED)
input43/X                                10     16     -6 (VIOLATED)
input53/X                                10     16     -6 (VIOLATED)
input70/X                                10     16     -6 (VIOLATED)
input71/X                                10     16     -6 (VIOLATED)
_4057_/Y                                 10     15     -5 (VIOLATED)
_4063_/Y                                 10     15     -5 (VIOLATED)
_4065_/Y                                 10     15     -5 (VIOLATED)
_4066_/Y                                 10     15     -5 (VIOLATED)
_4073_/Y                                 10     15     -5 (VIOLATED)
_4150_/Y                                 10     15     -5 (VIOLATED)
_4151_/Y                                 10     15     -5 (VIOLATED)
_4163_/Y                                 10     15     -5 (VIOLATED)
_4187_/Y                                 10     15     -5 (VIOLATED)
_4312_/X                                 10     15     -5 (VIOLATED)
_4557_/Y                                 10     15     -5 (VIOLATED)
_5265_/Y                                 10     15     -5 (VIOLATED)
_6237_/Y                                 10     15     -5 (VIOLATED)
_6238_/Y                                 10     15     -5 (VIOLATED)
_6261_/Y                                 10     15     -5 (VIOLATED)
_6262_/Y                                 10     15     -5 (VIOLATED)
_6298_/Y                                 10     15     -5 (VIOLATED)
_6336_/Y                                 10     15     -5 (VIOLATED)
_6373_/X                                 10     15     -5 (VIOLATED)
_6374_/Y                                 10     15     -5 (VIOLATED)
_6378_/X                                 10     15     -5 (VIOLATED)
_6407_/Y                                 10     15     -5 (VIOLATED)
_6440_/Y                                 10     15     -5 (VIOLATED)
_6475_/Y                                 10     15     -5 (VIOLATED)
_6476_/Y                                 10     15     -5 (VIOLATED)
_6479_/X                                 10     15     -5 (VIOLATED)
_6513_/Y                                 10     15     -5 (VIOLATED)
_6548_/Y                                 10     15     -5 (VIOLATED)
_6549_/Y                                 10     15     -5 (VIOLATED)
_6584_/Y                                 10     15     -5 (VIOLATED)
_6585_/Y                                 10     15     -5 (VIOLATED)
_6621_/Y                                 10     15     -5 (VIOLATED)
_6622_/Y                                 10     15     -5 (VIOLATED)
_6657_/Y                                 10     15     -5 (VIOLATED)
_6658_/Y                                 10     15     -5 (VIOLATED)
_6693_/Y                                 10     15     -5 (VIOLATED)
_6694_/Y                                 10     15     -5 (VIOLATED)
_6730_/Y                                 10     15     -5 (VIOLATED)
_6734_/X                                 10     15     -5 (VIOLATED)
_6767_/Y                                 10     15     -5 (VIOLATED)
_6768_/Y                                 10     15     -5 (VIOLATED)
_6803_/Y                                 10     15     -5 (VIOLATED)
_6837_/Y                                 10     15     -5 (VIOLATED)
_6838_/Y                                 10     15     -5 (VIOLATED)
_6873_/Y                                 10     15     -5 (VIOLATED)
_6907_/Y                                 10     15     -5 (VIOLATED)
_6939_/Y                                 10     15     -5 (VIOLATED)
_7687_/Y                                 10     15     -5 (VIOLATED)
_7688_/Y                                 10     15     -5 (VIOLATED)
_7722_/Y                                 10     15     -5 (VIOLATED)
_7726_/X                                 10     15     -5 (VIOLATED)
_7758_/Y                                 10     15     -5 (VIOLATED)
_7822_/Y                                 10     15     -5 (VIOLATED)
_7856_/Y                                 10     15     -5 (VIOLATED)
_7857_/Y                                 10     15     -5 (VIOLATED)
_7889_/Y                                 10     15     -5 (VIOLATED)
_7924_/Y                                 10     15     -5 (VIOLATED)
_7932_/X                                 10     15     -5 (VIOLATED)
_7959_/Y                                 10     15     -5 (VIOLATED)
_7965_/X                                 10     15     -5 (VIOLATED)
_8027_/Y                                 10     15     -5 (VIOLATED)
_8033_/X                                 10     15     -5 (VIOLATED)
_8060_/Y                                 10     15     -5 (VIOLATED)
_8096_/Y                                 10     15     -5 (VIOLATED)
_8097_/Y                                 10     15     -5 (VIOLATED)
_8101_/X                                 10     15     -5 (VIOLATED)
_8104_/X                                 10     15     -5 (VIOLATED)
_8622_/Q                                 10     15     -5 (VIOLATED)
_8623_/Q                                 10     15     -5 (VIOLATED)
_8697_/Q                                 10     15     -5 (VIOLATED)
_8875_/Q                                 10     15     -5 (VIOLATED)
_8881_/Q                                 10     15     -5 (VIOLATED)
_8885_/Q                                 10     15     -5 (VIOLATED)
clkbuf_5_20_0_wb_clk_i_regs/X            10     15     -5 (VIOLATED)
clkbuf_5_29_0_wb_clk_i_regs/X            10     15     -5 (VIOLATED)
fanout209/X                              10     15     -5 (VIOLATED)
fanout243/X                              10     15     -5 (VIOLATED)
fanout251/X                              10     15     -5 (VIOLATED)
fanout275/X                              10     15     -5 (VIOLATED)
fanout283/X                              10     15     -5 (VIOLATED)
fanout286/X                              10     15     -5 (VIOLATED)
fanout332/X                              10     15     -5 (VIOLATED)
fanout335/X                              10     15     -5 (VIOLATED)
fanout343/X                              10     15     -5 (VIOLATED)
fanout391/X                              10     15     -5 (VIOLATED)
fanout394/X                              10     15     -5 (VIOLATED)
fanout395/X                              10     15     -5 (VIOLATED)
fanout404/X                              10     15     -5 (VIOLATED)
fanout412/X                              10     15     -5 (VIOLATED)
fanout419/X                              10     15     -5 (VIOLATED)
fanout433/X                              10     15     -5 (VIOLATED)
fanout448/X                              10     15     -5 (VIOLATED)
fanout450/X                              10     15     -5 (VIOLATED)
fanout465/X                              10     15     -5 (VIOLATED)
fanout475/X                              10     15     -5 (VIOLATED)
fanout484/X                              10     15     -5 (VIOLATED)
fanout490/X                              10     15     -5 (VIOLATED)
fanout506/X                              10     15     -5 (VIOLATED)
fanout510/X                              10     15     -5 (VIOLATED)
fanout554/X                              10     15     -5 (VIOLATED)
fanout576/X                              10     15     -5 (VIOLATED)
fanout604/X                              10     15     -5 (VIOLATED)
fanout605/X                              10     15     -5 (VIOLATED)
fanout619/X                              10     15     -5 (VIOLATED)
fanout636/X                              10     15     -5 (VIOLATED)
fanout638/X                              10     15     -5 (VIOLATED)
fanout717/X                              10     15     -5 (VIOLATED)
fanout738/X                              10     15     -5 (VIOLATED)
hold106/X                                10     15     -5 (VIOLATED)
hold528/X                                10     15     -5 (VIOLATED)
hold70/X                                 10     15     -5 (VIOLATED)
hold96/X                                 10     15     -5 (VIOLATED)
load_slew692/X                           10     15     -5 (VIOLATED)
mprj.team_08_Wrapper.team_08_WB.instance_to_wrap/gpio_oeb[6]     10     15     -5 (VIOLATED)
_5144_/Y                                 10     14     -4 (VIOLATED)
_7420_/Y                                 10     14     -4 (VIOLATED)
_8631_/Q                                 10     14     -4 (VIOLATED)
fanout254/X                              10     14     -4 (VIOLATED)
load_slew742/X                           10     14     -4 (VIOLATED)
mprj.team_07_Wrapper.team_07_WB.instance_to_wrap/gpio_out[10]     10     14     -4 (VIOLATED)
mprj.team_08_Wrapper.team_08_WB.instance_to_wrap/gpio_oeb[10]     10     14     -4 (VIOLATED)
mprj.team_08_Wrapper.team_08_WB.instance_to_wrap/gpio_oeb[12]     10     14     -4 (VIOLATED)
mprj.team_08_Wrapper.team_08_WB.instance_to_wrap/gpio_oeb[4]     10     14     -4 (VIOLATED)
mprj.team_08_Wrapper.team_08_WB.instance_to_wrap/gpio_out[10]     10     14     -4 (VIOLATED)
mprj.team_09_Wrapper.team_09_WB.instance_to_wrap/gpio_oeb[12]     10     14     -4 (VIOLATED)
mprj.team_09_Wrapper.team_09_WB.instance_to_wrap/gpio_oeb[13]     10     14     -4 (VIOLATED)
mprj.team_09_Wrapper.team_09_WB.instance_to_wrap/gpio_out[14]     10     14     -4 (VIOLATED)
mprj.team_12_Wrapper.team_12_WB.instance_to_wrap/gpio_out[13]     10     14     -4 (VIOLATED)
_4056_/Y                                 10     13     -3 (VIOLATED)
_4058_/Y                                 10     13     -3 (VIOLATED)
_4105_/Y                                 10     13     -3 (VIOLATED)
_4267_/X                                 10     13     -3 (VIOLATED)
_4797_/X                                 10     13     -3 (VIOLATED)
_4831_/X                                 10     13     -3 (VIOLATED)
_5151_/X                                 10     13     -3 (VIOLATED)
_5295_/Y                                 10     13     -3 (VIOLATED)
_5322_/Y                                 10     13     -3 (VIOLATED)
_5361_/Y                                 10     13     -3 (VIOLATED)
_5537_/Y                                 10     13     -3 (VIOLATED)
_5942_/Y                                 10     13     -3 (VIOLATED)
_6244_/X                                 10     13     -3 (VIOLATED)
_6248_/X                                 10     13     -3 (VIOLATED)
_6265_/X                                 10     13     -3 (VIOLATED)
_6266_/X                                 10     13     -3 (VIOLATED)
_6274_/X                                 10     13     -3 (VIOLATED)
_6299_/Y                                 10     13     -3 (VIOLATED)
_6305_/X                                 10     13     -3 (VIOLATED)
_6307_/X                                 10     13     -3 (VIOLATED)
_6333_/X                                 10     13     -3 (VIOLATED)
_6338_/Y                                 10     13     -3 (VIOLATED)
_6354_/X                                 10     13     -3 (VIOLATED)
_6370_/X                                 10     13     -3 (VIOLATED)
_6371_/Y                                 10     13     -3 (VIOLATED)
_6405_/Y                                 10     13     -3 (VIOLATED)
_6406_/X                                 10     13     -3 (VIOLATED)
_6480_/X                                 10     13     -3 (VIOLATED)
_6481_/Y                                 10     13     -3 (VIOLATED)
_6512_/Y                                 10     13     -3 (VIOLATED)
_6518_/X                                 10     13     -3 (VIOLATED)
_6521_/X                                 10     13     -3 (VIOLATED)
_6523_/X                                 10     13     -3 (VIOLATED)
_6552_/X                                 10     13     -3 (VIOLATED)
_6554_/X                                 10     13     -3 (VIOLATED)
_6561_/X                                 10     13     -3 (VIOLATED)
_6588_/X                                 10     13     -3 (VIOLATED)
_6591_/X                                 10     13     -3 (VIOLATED)
_6597_/X                                 10     13     -3 (VIOLATED)
_6625_/X                                 10     13     -3 (VIOLATED)
_6629_/X                                 10     13     -3 (VIOLATED)
_6661_/X                                 10     13     -3 (VIOLATED)
_6662_/X                                 10     13     -3 (VIOLATED)
_6697_/X                                 10     13     -3 (VIOLATED)
_6698_/X                                 10     13     -3 (VIOLATED)
_6705_/X                                 10     13     -3 (VIOLATED)
_6731_/Y                                 10     13     -3 (VIOLATED)
_6739_/Y                                 10     13     -3 (VIOLATED)
_6771_/X                                 10     13     -3 (VIOLATED)
_6774_/X                                 10     13     -3 (VIOLATED)
_6777_/X                                 10     13     -3 (VIOLATED)
_6804_/Y                                 10     13     -3 (VIOLATED)
_6808_/X                                 10     13     -3 (VIOLATED)
_6809_/X                                 10     13     -3 (VIOLATED)
_6841_/X                                 10     13     -3 (VIOLATED)
_6844_/X                                 10     13     -3 (VIOLATED)
_6846_/X                                 10     13     -3 (VIOLATED)
_6874_/Y                                 10     13     -3 (VIOLATED)
_6911_/X                                 10     13     -3 (VIOLATED)
_6946_/X                                 10     13     -3 (VIOLATED)
_6948_/X                                 10     13     -3 (VIOLATED)
_7695_/X                                 10     13     -3 (VIOLATED)
_7696_/X                                 10     13     -3 (VIOLATED)
_7723_/Y                                 10     13     -3 (VIOLATED)
_7727_/X                                 10     13     -3 (VIOLATED)
_7757_/Y                                 10     13     -3 (VIOLATED)
_7788_/Y                                 10     13     -3 (VIOLATED)
_7794_/X                                 10     13     -3 (VIOLATED)
_7799_/X                                 10     13     -3 (VIOLATED)
_7830_/X                                 10     13     -3 (VIOLATED)
_7832_/X                                 10     13     -3 (VIOLATED)
_7861_/X                                 10     13     -3 (VIOLATED)
_7890_/Y                                 10     13     -3 (VIOLATED)
_7893_/X                                 10     13     -3 (VIOLATED)
_7896_/X                                 10     13     -3 (VIOLATED)
_7925_/Y                                 10     13     -3 (VIOLATED)
_7928_/X                                 10     13     -3 (VIOLATED)
_7960_/Y                                 10     13     -3 (VIOLATED)
_7993_/Y                                 10     13     -3 (VIOLATED)
_7994_/Y                                 10     13     -3 (VIOLATED)
_8002_/X                                 10     13     -3 (VIOLATED)
_8032_/X                                 10     13     -3 (VIOLATED)
_8039_/X                                 10     13     -3 (VIOLATED)
_8061_/Y                                 10     13     -3 (VIOLATED)
_8067_/X                                 10     13     -3 (VIOLATED)
_8069_/X                                 10     13     -3 (VIOLATED)
_8103_/X                                 10     13     -3 (VIOLATED)
_8106_/Y                                 10     13     -3 (VIOLATED)
_8549_/Q                                 10     13     -3 (VIOLATED)
_8574_/Q                                 10     13     -3 (VIOLATED)
_8575_/Q                                 10     13     -3 (VIOLATED)
_8598_/Q                                 10     13     -3 (VIOLATED)
_8600_/Q                                 10     13     -3 (VIOLATED)
_8602_/Q                                 10     13     -3 (VIOLATED)
_8606_/Q                                 10     13     -3 (VIOLATED)
_8607_/Q                                 10     13     -3 (VIOLATED)
_8612_/Q                                 10     13     -3 (VIOLATED)
_8618_/Q                                 10     13     -3 (VIOLATED)
_8619_/Q                                 10     13     -3 (VIOLATED)
_8620_/Q                                 10     13     -3 (VIOLATED)
_8621_/Q                                 10     13     -3 (VIOLATED)
_8624_/Q                                 10     13     -3 (VIOLATED)
_8626_/Q                                 10     13     -3 (VIOLATED)
_8630_/Q                                 10     13     -3 (VIOLATED)
_8632_/Q                                 10     13     -3 (VIOLATED)
_8635_/Q                                 10     13     -3 (VIOLATED)
_8636_/Q                                 10     13     -3 (VIOLATED)
_8642_/Q                                 10     13     -3 (VIOLATED)
_8643_/Q                                 10     13     -3 (VIOLATED)
_8647_/Q                                 10     13     -3 (VIOLATED)
_8648_/Q                                 10     13     -3 (VIOLATED)
_8650_/Q                                 10     13     -3 (VIOLATED)
_8654_/Q                                 10     13     -3 (VIOLATED)
_8662_/Q                                 10     13     -3 (VIOLATED)
_8663_/Q                                 10     13     -3 (VIOLATED)
_8664_/Q                                 10     13     -3 (VIOLATED)
_8667_/Q                                 10     13     -3 (VIOLATED)
_8668_/Q                                 10     13     -3 (VIOLATED)
_8672_/Q                                 10     13     -3 (VIOLATED)
_8674_/Q                                 10     13     -3 (VIOLATED)
_8675_/Q                                 10     13     -3 (VIOLATED)
_8686_/Q                                 10     13     -3 (VIOLATED)
_8692_/Q                                 10     13     -3 (VIOLATED)
_8693_/Q                                 10     13     -3 (VIOLATED)
_8694_/Q                                 10     13     -3 (VIOLATED)
_8699_/Q                                 10     13     -3 (VIOLATED)
_8700_/Q                                 10     13     -3 (VIOLATED)
_8704_/Q                                 10     13     -3 (VIOLATED)
_8706_/Q                                 10     13     -3 (VIOLATED)
_8707_/Q                                 10     13     -3 (VIOLATED)
_8710_/Q                                 10     13     -3 (VIOLATED)
_8711_/Q                                 10     13     -3 (VIOLATED)
_8714_/Q                                 10     13     -3 (VIOLATED)
_8718_/Q                                 10     13     -3 (VIOLATED)
_8720_/Q                                 10     13     -3 (VIOLATED)
_8722_/Q                                 10     13     -3 (VIOLATED)
_8723_/Q                                 10     13     -3 (VIOLATED)
_8854_/Q                                 10     13     -3 (VIOLATED)
_8876_/Q                                 10     13     -3 (VIOLATED)
clkbuf_5_0_0_wb_clk_i_regs/X             10     13     -3 (VIOLATED)
clkbuf_5_13_0_wb_clk_i_regs/X            10     13     -3 (VIOLATED)
clkbuf_5_15_0_wb_clk_i_regs/X            10     13     -3 (VIOLATED)
clkbuf_5_21_0_wb_clk_i_regs/X            10     13     -3 (VIOLATED)
fanout220/X                              10     13     -3 (VIOLATED)
fanout231/X                              10     13     -3 (VIOLATED)
fanout233/X                              10     13     -3 (VIOLATED)
fanout240/X                              10     13     -3 (VIOLATED)
fanout272/X                              10     13     -3 (VIOLATED)
fanout278/X                              10     13     -3 (VIOLATED)
fanout308/X                              10     13     -3 (VIOLATED)
fanout311/X                              10     13     -3 (VIOLATED)
fanout319/X                              10     13     -3 (VIOLATED)
fanout321/X                              10     13     -3 (VIOLATED)
fanout328/X                              10     13     -3 (VIOLATED)
fanout333/X                              10     13     -3 (VIOLATED)
fanout347/X                              10     13     -3 (VIOLATED)
fanout376/X                              10     13     -3 (VIOLATED)
fanout384/X                              10     13     -3 (VIOLATED)
fanout406/X                              10     13     -3 (VIOLATED)
fanout431/X                              10     13     -3 (VIOLATED)
fanout436/X                              10     13     -3 (VIOLATED)
fanout453/X                              10     13     -3 (VIOLATED)
fanout457/X                              10     13     -3 (VIOLATED)
fanout462/X                              10     13     -3 (VIOLATED)
fanout468/X                              10     13     -3 (VIOLATED)
fanout476/X                              10     13     -3 (VIOLATED)
fanout488/X                              10     13     -3 (VIOLATED)
fanout497/X                              10     13     -3 (VIOLATED)
fanout500/X                              10     13     -3 (VIOLATED)
fanout501/X                              10     13     -3 (VIOLATED)
fanout513/X                              10     13     -3 (VIOLATED)
fanout516/X                              10     13     -3 (VIOLATED)
fanout546/X                              10     13     -3 (VIOLATED)
fanout575/X                              10     13     -3 (VIOLATED)
fanout581/X                              10     13     -3 (VIOLATED)
fanout623/X                              10     13     -3 (VIOLATED)
fanout625/X                              10     13     -3 (VIOLATED)
fanout631/X                              10     13     -3 (VIOLATED)
fanout701/X                              10     13     -3 (VIOLATED)
fanout712/X                              10     13     -3 (VIOLATED)
fanout721/X                              10     13     -3 (VIOLATED)
fanout722/X                              10     13     -3 (VIOLATED)
fanout734/X                              10     13     -3 (VIOLATED)
hold163/X                                10     13     -3 (VIOLATED)
hold207/X                                10     13     -3 (VIOLATED)
hold208/X                                10     13     -3 (VIOLATED)
hold218/X                                10     13     -3 (VIOLATED)
hold271/X                                10     13     -3 (VIOLATED)
hold34/X                                 10     13     -3 (VIOLATED)
hold347/X                                10     13     -3 (VIOLATED)
hold43/X                                 10     13     -3 (VIOLATED)
hold450/X                                10     13     -3 (VIOLATED)
hold46/X                                 10     13     -3 (VIOLATED)
hold471/X                                10     13     -3 (VIOLATED)
hold49/X                                 10     13     -3 (VIOLATED)
hold492/X                                10     13     -3 (VIOLATED)
hold54/X                                 10     13     -3 (VIOLATED)
hold57/X                                 10     13     -3 (VIOLATED)
hold654/X                                10     13     -3 (VIOLATED)
hold663/X                                10     13     -3 (VIOLATED)
hold664/X                                10     13     -3 (VIOLATED)
hold80/X                                 10     13     -3 (VIOLATED)
hold99/X                                 10     13     -3 (VIOLATED)
hold994/X                                10     13     -3 (VIOLATED)
load_slew688/X                           10     13     -3 (VIOLATED)
mprj.team_08_Wrapper.team_08_WB.instance_to_wrap/gpio_oeb[18]     10     13     -3 (VIOLATED)
mprj.team_08_Wrapper.team_08_WB.instance_to_wrap/gpio_oeb[9]     10     13     -3 (VIOLATED)
wire340/X                                10     13     -3 (VIOLATED)
wire532/X                                10     13     -3 (VIOLATED)
_7402_/Y                                 10     12     -2 (VIOLATED)
fanout287/X                              10     12     -2 (VIOLATED)
fanout698/X                              10     12     -2 (VIOLATED)
hold1165/X                               10     12     -2 (VIOLATED)
hold436/X                                10     12     -2 (VIOLATED)
hold736/X                                10     12     -2 (VIOLATED)
mprj.team_05_Wrapper.team_05_WB.instance_to_wrap/gpio_oeb[23]     10     12     -2 (VIOLATED)
mprj.team_05_Wrapper.team_05_WB.instance_to_wrap/gpio_oeb[30]     10     12     -2 (VIOLATED)
mprj.team_08_Wrapper.team_08_WB.instance_to_wrap/gpio_oeb[8]     10     12     -2 (VIOLATED)
mprj.team_08_Wrapper.team_08_WB.instance_to_wrap/gpio_out[2]     10     12     -2 (VIOLATED)
_4049_/Y                                 10     11        (VIOLATED)
_4055_/Y                                 10     11        (VIOLATED)
_4059_/Y                                 10     11        (VIOLATED)
_4122_/X                                 10     11        (VIOLATED)
_4131_/Y                                 10     11        (VIOLATED)
_4138_/X                                 10     11        (VIOLATED)
_4162_/X                                 10     11        (VIOLATED)
_4300_/X                                 10     11        (VIOLATED)
_4467_/X                                 10     11        (VIOLATED)
_4541_/X                                 10     11        (VIOLATED)
_4559_/Y                                 10     11        (VIOLATED)
_5280_/X                                 10     11        (VIOLATED)
_5378_/Y                                 10     11        (VIOLATED)
_5380_/Y                                 10     11        (VIOLATED)
_5397_/X                                 10     11        (VIOLATED)
_5421_/Y                                 10     11        (VIOLATED)
_5423_/Y                                 10     11        (VIOLATED)
_5425_/Y                                 10     11        (VIOLATED)
_5427_/Y                                 10     11        (VIOLATED)
_5429_/Y                                 10     11        (VIOLATED)
_5433_/Y                                 10     11        (VIOLATED)
_5435_/Y                                 10     11        (VIOLATED)
_5437_/Y                                 10     11        (VIOLATED)
_5439_/Y                                 10     11        (VIOLATED)
_5441_/Y                                 10     11        (VIOLATED)
_5443_/Y                                 10     11        (VIOLATED)
_5445_/Y                                 10     11        (VIOLATED)
_5447_/Y                                 10     11        (VIOLATED)
_5449_/Y                                 10     11        (VIOLATED)
_5451_/Y                                 10     11        (VIOLATED)
_5453_/Y                                 10     11        (VIOLATED)
_5455_/Y                                 10     11        (VIOLATED)
_5457_/Y                                 10     11        (VIOLATED)
_5459_/Y                                 10     11        (VIOLATED)
_5499_/Y                                 10     11        (VIOLATED)
_5601_/Y                                 10     11        (VIOLATED)
_5630_/X                                 10     11        (VIOLATED)
_5668_/X                                 10     11        (VIOLATED)
_5934_/X                                 10     11        (VIOLATED)
_5948_/Y                                 10     11        (VIOLATED)
_5957_/X                                 10     11        (VIOLATED)
_5961_/Y                                 10     11        (VIOLATED)
_5963_/Y                                 10     11        (VIOLATED)
_5967_/X                                 10     11        (VIOLATED)
_5971_/Y                                 10     11        (VIOLATED)
_6001_/Y                                 10     11        (VIOLATED)
_6004_/Y                                 10     11        (VIOLATED)
_6246_/X                                 10     11        (VIOLATED)
_6341_/X                                 10     11        (VIOLATED)
_6381_/X                                 10     11        (VIOLATED)
_6417_/X                                 10     11        (VIOLATED)
_6441_/Y                                 10     11        (VIOLATED)
_6445_/X                                 10     11        (VIOLATED)
_6449_/X                                 10     11        (VIOLATED)
_6453_/X                                 10     11        (VIOLATED)
_6735_/X                                 10     11        (VIOLATED)
_6736_/X                                 10     11        (VIOLATED)
_6915_/X                                 10     11        (VIOLATED)
_6940_/Y                                 10     11        (VIOLATED)
_7041_/X                                 10     11        (VIOLATED)
_7435_/X                                 10     11        (VIOLATED)
_7691_/X                                 10     11        (VIOLATED)
_7756_/X                                 10     11        (VIOLATED)
_7796_/X                                 10     11        (VIOLATED)
_7826_/X                                 10     11        (VIOLATED)
_7864_/X                                 10     11        (VIOLATED)
_7898_/X                                 10     11        (VIOLATED)
_7931_/X                                 10     11        (VIOLATED)
_7933_/X                                 10     11        (VIOLATED)
_7968_/X                                 10     11        (VIOLATED)
_8000_/X                                 10     11        (VIOLATED)
_8028_/Y                                 10     11        (VIOLATED)
_8036_/X                                 10     11        (VIOLATED)
_8065_/X                                 10     11        (VIOLATED)
_8594_/Q                                 10     11        (VIOLATED)
_8595_/Q                                 10     11        (VIOLATED)
_8599_/Q                                 10     11        (VIOLATED)
_8601_/Q                                 10     11        (VIOLATED)
_8603_/Q                                 10     11        (VIOLATED)
_8608_/Q                                 10     11        (VIOLATED)
_8614_/Q                                 10     11        (VIOLATED)
_8615_/Q                                 10     11        (VIOLATED)
_8627_/Q                                 10     11        (VIOLATED)
_8629_/Q                                 10     11        (VIOLATED)
_8633_/Q                                 10     11        (VIOLATED)
_8638_/Q                                 10     11        (VIOLATED)
_8639_/Q                                 10     11        (VIOLATED)
_8649_/Q                                 10     11        (VIOLATED)
_8655_/Q                                 10     11        (VIOLATED)
_8658_/Q                                 10     11        (VIOLATED)
_8659_/Q                                 10     11        (VIOLATED)
_8661_/Q                                 10     11        (VIOLATED)
_8670_/Q                                 10     11        (VIOLATED)
_8673_/Q                                 10     11        (VIOLATED)
_8678_/Q                                 10     11        (VIOLATED)
_8679_/Q                                 10     11        (VIOLATED)
_8683_/Q                                 10     11        (VIOLATED)
_8685_/Q                                 10     11        (VIOLATED)
_8689_/Q                                 10     11        (VIOLATED)
_8698_/Q                                 10     11        (VIOLATED)
_8701_/Q                                 10     11        (VIOLATED)
_8702_/Q                                 10     11        (VIOLATED)
_8703_/Q                                 10     11        (VIOLATED)
_8705_/Q                                 10     11        (VIOLATED)
_8715_/Q                                 10     11        (VIOLATED)
_8717_/Q                                 10     11        (VIOLATED)
_8719_/Q                                 10     11        (VIOLATED)
_8721_/Q                                 10     11        (VIOLATED)
fanout211/X                              10     11        (VIOLATED)
fanout223/X                              10     11        (VIOLATED)
fanout229/X                              10     11        (VIOLATED)
fanout244/X                              10     11        (VIOLATED)
fanout248/X                              10     11        (VIOLATED)
fanout264/X                              10     11        (VIOLATED)
fanout266/X                              10     11        (VIOLATED)
fanout281/X                              10     11        (VIOLATED)
fanout298/X                              10     11        (VIOLATED)
fanout315/X                              10     11        (VIOLATED)
fanout317/X                              10     11        (VIOLATED)
fanout330/X                              10     11        (VIOLATED)
fanout351/X                              10     11        (VIOLATED)
fanout374/X                              10     11        (VIOLATED)
fanout380/X                              10     11        (VIOLATED)
fanout386/X                              10     11        (VIOLATED)
fanout400/X                              10     11        (VIOLATED)
fanout408/X                              10     11        (VIOLATED)
fanout428/X                              10     11        (VIOLATED)
fanout439/X                              10     11        (VIOLATED)
fanout440/X                              10     11        (VIOLATED)
fanout445/X                              10     11        (VIOLATED)
fanout456/X                              10     11        (VIOLATED)
fanout466/X                              10     11        (VIOLATED)
fanout471/X                              10     11        (VIOLATED)
fanout472/X                              10     11        (VIOLATED)
fanout480/X                              10     11        (VIOLATED)
fanout487/X                              10     11        (VIOLATED)
fanout502/X                              10     11        (VIOLATED)
fanout507/X                              10     11        (VIOLATED)
fanout511/X                              10     11        (VIOLATED)
fanout520/X                              10     11        (VIOLATED)
fanout538/X                              10     11        (VIOLATED)
fanout544/X                              10     11        (VIOLATED)
fanout592/X                              10     11        (VIOLATED)
fanout596/X                              10     11        (VIOLATED)
fanout613/X                              10     11        (VIOLATED)
fanout621/X                              10     11        (VIOLATED)
fanout634/X                              10     11        (VIOLATED)
fanout678/X                              10     11        (VIOLATED)
fanout697/X                              10     11        (VIOLATED)
fanout704/X                              10     11        (VIOLATED)
fanout706/X                              10     11        (VIOLATED)
fanout713/X                              10     11        (VIOLATED)
fanout719/X                              10     11        (VIOLATED)
fanout726/X                              10     11        (VIOLATED)
fanout729/X                              10     11        (VIOLATED)
fanout739/X                              10     11        (VIOLATED)
fanout740/X                              10     11        (VIOLATED)
hold1044/X                               10     11        (VIOLATED)
hold11/X                                 10     11        (VIOLATED)
hold150/X                                10     11        (VIOLATED)
hold176/X                                10     11        (VIOLATED)
hold179/X                                10     11        (VIOLATED)
hold243/X                                10     11        (VIOLATED)
hold257/X                                10     11        (VIOLATED)
hold298/X                                10     11        (VIOLATED)
hold331/X                                10     11        (VIOLATED)
hold398/X                                10     11        (VIOLATED)
hold399/X                                10     11        (VIOLATED)
hold484/X                                10     11        (VIOLATED)
hold497/X                                10     11        (VIOLATED)
hold503/X                                10     11        (VIOLATED)
hold621/X                                10     11        (VIOLATED)
hold693/X                                10     11        (VIOLATED)
hold73/X                                 10     11        (VIOLATED)
hold740/X                                10     11        (VIOLATED)
hold868/X                                10     11        (VIOLATED)
input39/X                                10     11        (VIOLATED)
mprj.team_01_Wrapper.team_01_WB.instance_to_wrap/gpio_out[27]     10     11        (VIOLATED)
mprj.team_05_Wrapper.team_05_WB.instance_to_wrap/gpio_oeb[7]     10     11        (VIOLATED)
mprj.team_06_Wrapper.team_06_WB.instance_to_wrap/gpio_oeb[5]     10     11        (VIOLATED)
mprj.team_08_Wrapper.team_08_WB.instance_to_wrap/gpio_oeb[23]     10     11        (VIOLATED)

max capacitance

Pin                                        Limit         Cap       Slack
------------------------------------------------------------------------
clkbuf_1_0_1_wb_clk_i/X                 0.909128    1.408030   -0.498901 (VIOLATED)
clkbuf_1_1_1_wb_clk_i/X                 0.909128    1.342975   -0.433847 (VIOLATED)
hold218/X                               0.154734    0.290316   -0.135582 (VIOLATED)
hold399/X                               0.154734    0.228985   -0.074251 (VIOLATED)
hold400/X                               0.154734    0.224032   -0.069298 (VIOLATED)
hold1782/X                              0.154734    0.207879   -0.053145 (VIOLATED)
hold408/X                               0.154734    0.203819   -0.049085 (VIOLATED)
hold477/X                               0.154734    0.202465   -0.047731 (VIOLATED)
hold398/X                               0.154734    0.200500   -0.045766 (VIOLATED)
hold506/X                               0.154734    0.196071   -0.041337 (VIOLATED)
hold538/X                               0.154734    0.195222   -0.040488 (VIOLATED)
hold412/X                               0.154734    0.188847   -0.034113 (VIOLATED)
hold647/X                               0.154734    0.188450   -0.033716 (VIOLATED)
hold432/X                               0.154734    0.181411   -0.026677 (VIOLATED)
hold933/X                               0.154734    0.178850   -0.024116 (VIOLATED)
hold270/X                               0.154734    0.170998   -0.016264 (VIOLATED)
hold884/X                               0.154734    0.167542   -0.012808 (VIOLATED)
hold1766/X                              0.154734    0.166861   -0.012127 (VIOLATED)
hold357/X                               0.154734    0.166055   -0.011321 (VIOLATED)
hold1043/X                              0.154734    0.165167   -0.010433 (VIOLATED)
hold1661/X                              0.154734    0.162580   -0.007846 (VIOLATED)
hold1781/X                              0.154734    0.161058   -0.006324 (VIOLATED)
hold528/X                               0.154734    0.159723   -0.004989 (VIOLATED)



===========================================================================
report_parasitic_annotation -report_unannotated
============================================================================
Found 497 unannotated drivers.
 analog_io[0]
 analog_io[10]
 analog_io[11]
 analog_io[12]
 analog_io[13]
 analog_io[14]
 analog_io[15]
 analog_io[16]
 analog_io[17]
 analog_io[18]
 analog_io[19]
 analog_io[1]
 analog_io[20]
 analog_io[21]
 analog_io[22]
 analog_io[23]
 analog_io[24]
 analog_io[25]
 analog_io[26]
 analog_io[27]
 analog_io[28]
 analog_io[2]
 analog_io[3]
 analog_io[4]
 analog_io[5]
 analog_io[6]
 analog_io[7]
 analog_io[8]
 analog_io[9]
 io_in[1]
 io_in[2]
 io_in[3]
 io_in[4]
 la_data_in[100]
 la_data_in[101]
 la_data_in[102]
 la_data_in[103]
 la_data_in[104]
 la_data_in[105]
 la_data_in[106]
 la_data_in[107]
 la_data_in[108]
 la_data_in[109]
 la_data_in[10]
 la_data_in[110]
 la_data_in[111]
 la_data_in[112]
 la_data_in[113]
 la_data_in[114]
 la_data_in[115]
 la_data_in[116]
 la_data_in[117]
 la_data_in[118]
 la_data_in[119]
 la_data_in[11]
 la_data_in[120]
 la_data_in[121]
 la_data_in[122]
 la_data_in[123]
 la_data_in[124]
 la_data_in[125]
 la_data_in[126]
 la_data_in[127]
 la_data_in[12]
 la_data_in[13]
 la_data_in[14]
 la_data_in[15]
 la_data_in[16]
 la_data_in[17]
 la_data_in[18]
 la_data_in[19]
 la_data_in[20]
 la_data_in[21]
 la_data_in[22]
 la_data_in[23]
 la_data_in[24]
 la_data_in[25]
 la_data_in[26]
 la_data_in[27]
 la_data_in[28]
 la_data_in[29]
 la_data_in[2]
 la_data_in[30]
 la_data_in[31]
 la_data_in[32]
 la_data_in[33]
 la_data_in[34]
 la_data_in[35]
 la_data_in[36]
 la_data_in[37]
 la_data_in[38]
 la_data_in[39]
 la_data_in[3]
 la_data_in[40]
 la_data_in[41]
 la_data_in[42]
 la_data_in[43]
 la_data_in[44]
 la_data_in[45]
 la_data_in[46]
 la_data_in[47]
 la_data_in[48]
 la_data_in[49]
 la_data_in[4]
 la_data_in[50]
 la_data_in[51]
 la_data_in[52]
 la_data_in[53]
 la_data_in[54]
 la_data_in[55]
 la_data_in[56]
 la_data_in[57]
 la_data_in[58]
 la_data_in[59]
 la_data_in[5]
 la_data_in[60]
 la_data_in[61]
 la_data_in[62]
 la_data_in[63]
 la_data_in[64]
 la_data_in[65]
 la_data_in[66]
 la_data_in[67]
 la_data_in[68]
 la_data_in[69]
 la_data_in[6]
 la_data_in[70]
 la_data_in[71]
 la_data_in[72]
 la_data_in[73]
 la_data_in[74]
 la_data_in[75]
 la_data_in[76]
 la_data_in[77]
 la_data_in[78]
 la_data_in[79]
 la_data_in[7]
 la_data_in[80]
 la_data_in[81]
 la_data_in[82]
 la_data_in[83]
 la_data_in[84]
 la_data_in[85]
 la_data_in[86]
 la_data_in[87]
 la_data_in[88]
 la_data_in[89]
 la_data_in[8]
 la_data_in[90]
 la_data_in[91]
 la_data_in[92]
 la_data_in[93]
 la_data_in[94]
 la_data_in[95]
 la_data_in[96]
 la_data_in[97]
 la_data_in[98]
 la_data_in[99]
 la_data_in[9]
 la_oenb[100]
 la_oenb[101]
 la_oenb[102]
 la_oenb[103]
 la_oenb[104]
 la_oenb[105]
 la_oenb[106]
 la_oenb[107]
 la_oenb[108]
 la_oenb[109]
 la_oenb[10]
 la_oenb[110]
 la_oenb[111]
 la_oenb[112]
 la_oenb[113]
 la_oenb[114]
 la_oenb[115]
 la_oenb[116]
 la_oenb[117]
 la_oenb[118]
 la_oenb[119]
 la_oenb[11]
 la_oenb[120]
 la_oenb[121]
 la_oenb[122]
 la_oenb[123]
 la_oenb[124]
 la_oenb[125]
 la_oenb[126]
 la_oenb[127]
 la_oenb[12]
 la_oenb[13]
 la_oenb[14]
 la_oenb[15]
 la_oenb[16]
 la_oenb[17]
 la_oenb[18]
 la_oenb[19]
 la_oenb[20]
 la_oenb[21]
 la_oenb[22]
 la_oenb[23]
 la_oenb[24]
 la_oenb[25]
 la_oenb[26]
 la_oenb[27]
 la_oenb[28]
 la_oenb[29]
 la_oenb[2]
 la_oenb[30]
 la_oenb[31]
 la_oenb[32]
 la_oenb[33]
 la_oenb[34]
 la_oenb[35]
 la_oenb[36]
 la_oenb[37]
 la_oenb[38]
 la_oenb[39]
 la_oenb[3]
 la_oenb[40]
 la_oenb[41]
 la_oenb[42]
 la_oenb[43]
 la_oenb[44]
 la_oenb[45]
 la_oenb[46]
 la_oenb[47]
 la_oenb[48]
 la_oenb[49]
 la_oenb[4]
 la_oenb[50]
 la_oenb[51]
 la_oenb[52]
 la_oenb[53]
 la_oenb[54]
 la_oenb[55]
 la_oenb[56]
 la_oenb[57]
 la_oenb[58]
 la_oenb[59]
 la_oenb[5]
 la_oenb[60]
 la_oenb[61]
 la_oenb[62]
 la_oenb[63]
 la_oenb[64]
 la_oenb[65]
 la_oenb[66]
 la_oenb[67]
 la_oenb[68]
 la_oenb[69]
 la_oenb[6]
 la_oenb[70]
 la_oenb[71]
 la_oenb[72]
 la_oenb[73]
 la_oenb[74]
 la_oenb[75]
 la_oenb[76]
 la_oenb[77]
 la_oenb[78]
 la_oenb[79]
 la_oenb[7]
 la_oenb[80]
 la_oenb[81]
 la_oenb[82]
 la_oenb[83]
 la_oenb[84]
 la_oenb[85]
 la_oenb[86]
 la_oenb[87]
 la_oenb[88]
 la_oenb[89]
 la_oenb[8]
 la_oenb[90]
 la_oenb[91]
 la_oenb[92]
 la_oenb[93]
 la_oenb[94]
 la_oenb[95]
 la_oenb[96]
 la_oenb[97]
 la_oenb[98]
 la_oenb[99]
 la_oenb[9]
 user_clock2
 wbs_sel_i[0]
 wbs_sel_i[1]
 wbs_sel_i[2]
 wbs_sel_i[3]
 _8505__933/LO
 clkload0/X
 clkload1/Y
 clkload10/X
 clkload11/Y
 clkload12/Y
 clkload13/Y
 clkload14/Y
 clkload15/X
 clkload16/X
 clkload17/X
 clkload18/X
 clkload19/X
 clkload2/X
 clkload20/X
 clkload21/X
 clkload22/X
 clkload23/X
 clkload24/X
 clkload25/X
 clkload26/X
 clkload27/X
 clkload28/X
 clkload29/X
 clkload3/Y
 clkload30/X
 clkload31/X
 clkload32/X
 clkload33/X
 clkload34/X
 clkload35/X
 clkload36/X
 clkload37/X
 clkload38/X
 clkload39/X
 clkload4/Y
 clkload40/X
 clkload41/X
 clkload42/X
 clkload43/X
 clkload44/X
 clkload45/X
 clkload46/X
 clkload5/Y
 clkload6/Y
 clkload7/Y
 clkload8/Y
 clkload9/Y
 mprj.team_01_Wrapper.team_01_WB.instance_to_wrap/SEL_O[0]
 mprj.team_01_Wrapper.team_01_WB.instance_to_wrap/SEL_O[1]
 mprj.team_01_Wrapper.team_01_WB.instance_to_wrap/SEL_O[2]
 mprj.team_01_Wrapper.team_01_WB.instance_to_wrap/SEL_O[3]
 mprj.team_02_Wrapper.team_02_WB.instance_to_wrap/SEL_O[0]
 mprj.team_02_Wrapper.team_02_WB.instance_to_wrap/SEL_O[1]
 mprj.team_02_Wrapper.team_02_WB.instance_to_wrap/SEL_O[2]
 mprj.team_02_Wrapper.team_02_WB.instance_to_wrap/SEL_O[3]
 mprj.team_03_Wrapper.team_03_WB.instance_to_wrap/SEL_O[0]
 mprj.team_03_Wrapper.team_03_WB.instance_to_wrap/SEL_O[1]
 mprj.team_03_Wrapper.team_03_WB.instance_to_wrap/SEL_O[2]
 mprj.team_03_Wrapper.team_03_WB.instance_to_wrap/SEL_O[3]
 mprj.team_04_Wrapper.team_04_WB.instance_to_wrap/SEL_O[0]
 mprj.team_04_Wrapper.team_04_WB.instance_to_wrap/SEL_O[1]
 mprj.team_04_Wrapper.team_04_WB.instance_to_wrap/SEL_O[2]
 mprj.team_04_Wrapper.team_04_WB.instance_to_wrap/SEL_O[3]
 mprj.team_05_Wrapper.team_05_WB.instance_to_wrap/SEL_O[0]
 mprj.team_05_Wrapper.team_05_WB.instance_to_wrap/SEL_O[1]
 mprj.team_05_Wrapper.team_05_WB.instance_to_wrap/SEL_O[2]
 mprj.team_05_Wrapper.team_05_WB.instance_to_wrap/SEL_O[3]
 user_project_wrapper_798/HI
 user_project_wrapper_799/HI
 user_project_wrapper_800/HI
 user_project_wrapper_801/HI
 user_project_wrapper_802/HI
 user_project_wrapper_803/HI
 user_project_wrapper_804/HI
 user_project_wrapper_805/HI
 user_project_wrapper_806/HI
 user_project_wrapper_807/HI
 user_project_wrapper_808/HI
 user_project_wrapper_809/HI
 user_project_wrapper_810/HI
 user_project_wrapper_811/HI
 user_project_wrapper_812/HI
 user_project_wrapper_813/HI
 user_project_wrapper_814/HI
 user_project_wrapper_815/HI
 user_project_wrapper_816/HI
 user_project_wrapper_817/HI
 user_project_wrapper_818/HI
 user_project_wrapper_819/HI
 user_project_wrapper_820/HI
 user_project_wrapper_821/HI
 user_project_wrapper_822/HI
 user_project_wrapper_823/HI
 user_project_wrapper_824/HI
 user_project_wrapper_825/HI
 user_project_wrapper_826/HI
 user_project_wrapper_827/HI
 user_project_wrapper_828/HI
 user_project_wrapper_829/HI
 user_project_wrapper_830/HI
 user_project_wrapper_831/HI
 user_project_wrapper_832/HI
 user_project_wrapper_833/HI
 user_project_wrapper_834/HI
 user_project_wrapper_835/HI
 user_project_wrapper_836/HI
 user_project_wrapper_837/HI
 user_project_wrapper_838/HI
 user_project_wrapper_839/HI
 user_project_wrapper_840/HI
 user_project_wrapper_841/HI
 user_project_wrapper_842/HI
 user_project_wrapper_843/HI
 user_project_wrapper_844/HI
 user_project_wrapper_845/HI
 user_project_wrapper_846/HI
 user_project_wrapper_847/HI
 user_project_wrapper_848/HI
 user_project_wrapper_849/HI
 user_project_wrapper_850/HI
 user_project_wrapper_851/HI
 user_project_wrapper_852/HI
 user_project_wrapper_853/HI
 user_project_wrapper_854/HI
 user_project_wrapper_855/HI
 user_project_wrapper_856/HI
 user_project_wrapper_857/HI
 user_project_wrapper_858/HI
 user_project_wrapper_859/HI
 user_project_wrapper_860/HI
 user_project_wrapper_861/HI
 user_project_wrapper_862/HI
 user_project_wrapper_863/HI
 user_project_wrapper_864/HI
 user_project_wrapper_865/HI
 user_project_wrapper_866/HI
 user_project_wrapper_867/HI
 user_project_wrapper_868/HI
 user_project_wrapper_869/HI
 user_project_wrapper_870/HI
 user_project_wrapper_871/HI
 user_project_wrapper_872/HI
 user_project_wrapper_873/HI
 user_project_wrapper_874/HI
 user_project_wrapper_875/HI
 user_project_wrapper_876/HI
 user_project_wrapper_877/HI
 user_project_wrapper_878/HI
 user_project_wrapper_879/HI
 user_project_wrapper_880/HI
 user_project_wrapper_881/HI
 user_project_wrapper_882/HI
 user_project_wrapper_883/HI
 user_project_wrapper_884/HI
 user_project_wrapper_885/HI
 user_project_wrapper_886/HI
 user_project_wrapper_887/HI
 user_project_wrapper_888/HI
 user_project_wrapper_889/HI
 user_project_wrapper_890/HI
 user_project_wrapper_891/HI
 user_project_wrapper_892/HI
 user_project_wrapper_893/HI
 user_project_wrapper_894/HI
 user_project_wrapper_895/HI
 user_project_wrapper_896/HI
 user_project_wrapper_897/HI
 user_project_wrapper_898/HI
 user_project_wrapper_899/HI
 user_project_wrapper_900/HI
 user_project_wrapper_901/HI
 user_project_wrapper_902/HI
 user_project_wrapper_903/HI
 user_project_wrapper_904/HI
 user_project_wrapper_905/HI
 user_project_wrapper_906/HI
 user_project_wrapper_907/HI
 user_project_wrapper_908/HI
 user_project_wrapper_909/HI
 user_project_wrapper_910/HI
 user_project_wrapper_911/HI
 user_project_wrapper_912/HI
 user_project_wrapper_913/HI
 user_project_wrapper_914/HI
 user_project_wrapper_915/HI
 user_project_wrapper_916/HI
 user_project_wrapper_917/HI
 user_project_wrapper_918/HI
 user_project_wrapper_919/HI
 user_project_wrapper_920/HI
 user_project_wrapper_921/HI
 user_project_wrapper_922/HI
 user_project_wrapper_923/HI
 user_project_wrapper_924/HI
 user_project_wrapper_925/HI
 user_project_wrapper_926/HI
 user_project_wrapper_927/HI
 user_project_wrapper_928/HI
 user_project_wrapper_929/HI
 user_project_wrapper_930/HI
 user_project_wrapper_931/HI
 user_project_wrapper_932/HI
 user_project_wrapper_934/LO
 user_project_wrapper_935/LO
 user_project_wrapper_936/LO
 user_project_wrapper_937/LO
Found 40 partially unannotated drivers.
 _7393_/X
  mprj.sram.sram_inst/din0[31]
 _7394_/Y
  mprj.sram.sram_inst/din0[30]
 _7395_/Y
  mprj.sram.sram_inst/din0[29]
 _7396_/Y
  mprj.sram.sram_inst/din0[28]
 _7397_/Y
  mprj.sram.sram_inst/din0[27]
 _7398_/Y
  mprj.sram.sram_inst/din0[26]
 _7399_/Y
  mprj.sram.sram_inst/din0[25]
 _7400_/Y
  mprj.sram.sram_inst/din0[24]
 _7401_/Y
  mprj.sram.sram_inst/din0[23]
 _7402_/Y
  mprj.sram.sram_inst/din0[22]
 _7403_/Y
  mprj.sram.sram_inst/din0[21]
 _7404_/Y
  mprj.sram.sram_inst/din0[20]
 _7405_/Y
  mprj.sram.sram_inst/din0[19]
 _7406_/Y
  mprj.sram.sram_inst/din0[18]
 _7407_/Y
  mprj.sram.sram_inst/din0[17]
 _7408_/Y
  mprj.sram.sram_inst/din0[16]
 _7409_/Y
  mprj.sram.sram_inst/din0[15]
 _7410_/Y
  mprj.sram.sram_inst/din0[14]
 _7411_/Y
  mprj.sram.sram_inst/din0[13]
 _7412_/Y
  mprj.sram.sram_inst/din0[12]
 _7413_/Y
  mprj.sram.sram_inst/din0[11]
 _7414_/Y
  mprj.sram.sram_inst/din0[10]
 _7415_/Y
  mprj.sram.sram_inst/din0[9]
 _7416_/Y
  mprj.sram.sram_inst/din0[8]
 _7417_/Y
  mprj.sram.sram_inst/din0[7]
 _7418_/Y
  mprj.sram.sram_inst/din0[6]
 _7419_/Y
  mprj.sram.sram_inst/din0[5]
 _7420_/Y
  mprj.sram.sram_inst/din0[4]
 _7421_/Y
  mprj.sram.sram_inst/din0[3]
 _7422_/Y
  mprj.sram.sram_inst/din0[2]
 _7423_/Y
  mprj.sram.sram_inst/din0[1]
 _7424_/Y
  mprj.sram.sram_inst/din0[0]
 _7425_/Y
  mprj.sram.sram_inst/addr0[7]
  mprj.sram.sram_inst/addr1[7]
 _7426_/Y
  mprj.sram.sram_inst/addr0[6]
  mprj.sram.sram_inst/addr1[6]
 _7427_/X
  mprj.sram.sram_inst/addr0[5]
  mprj.sram.sram_inst/addr1[5]
 _7428_/Y
  mprj.sram.sram_inst/addr0[4]
  mprj.sram.sram_inst/addr1[4]
 _7429_/Y
  mprj.sram.sram_inst/addr0[3]
  mprj.sram.sram_inst/addr1[3]
 _7430_/Y
  mprj.sram.sram_inst/addr0[2]
  mprj.sram.sram_inst/addr1[2]
 _7431_/Y
  mprj.sram.sram_inst/addr0[1]
  mprj.sram.sram_inst/addr1[1]
 _7432_/Y
  mprj.sram.sram_inst/addr0[0]
  mprj.sram.sram_inst/addr1[0]

===========================================================================
max slew violation count 1897
max fanout violation count 980
max cap violation count 23
============================================================================

===========================================================================
check_setup -verbose -unconstrained_endpoints -multiple_clock -no_clock -no_input_delay -loops -generated_clocks
===========================================================================
Warning: There are 68 input ports missing set_input_delay.
  analog_io[0]
  analog_io[10]
  analog_io[11]
  analog_io[12]
  analog_io[13]
  analog_io[14]
  analog_io[15]
  analog_io[16]
  analog_io[17]
  analog_io[18]
  analog_io[19]
  analog_io[1]
  analog_io[20]
  analog_io[21]
  analog_io[22]
  analog_io[23]
  analog_io[24]
  analog_io[25]
  analog_io[26]
  analog_io[27]
  analog_io[28]
  analog_io[2]
  analog_io[3]
  analog_io[4]
  analog_io[5]
  analog_io[6]
  analog_io[7]
  analog_io[8]
  analog_io[9]
  io_in[0]
  io_in[10]
  io_in[11]
  io_in[12]
  io_in[13]
  io_in[14]
  io_in[15]
  io_in[16]
  io_in[17]
  io_in[18]
  io_in[19]
  io_in[1]
  io_in[20]
  io_in[21]
  io_in[22]
  io_in[23]
  io_in[24]
  io_in[25]
  io_in[26]
  io_in[27]
  io_in[28]
  io_in[29]
  io_in[2]
  io_in[30]
  io_in[31]
  io_in[32]
  io_in[33]
  io_in[34]
  io_in[35]
  io_in[36]
  io_in[37]
  io_in[3]
  io_in[4]
  io_in[5]
  io_in[6]
  io_in[7]
  io_in[8]
  io_in[9]
  user_clock2
Warning: There are 316 unconstrained endpoints.
  analog_io[0]
  analog_io[10]
  analog_io[11]
  analog_io[12]
  analog_io[13]
  analog_io[14]
  analog_io[15]
  analog_io[16]
  analog_io[17]
  analog_io[18]
  analog_io[19]
  analog_io[1]
  analog_io[20]
  analog_io[21]
  analog_io[22]
  analog_io[23]
  analog_io[24]
  analog_io[25]
  analog_io[26]
  analog_io[27]
  analog_io[28]
  analog_io[2]
  analog_io[3]
  analog_io[4]
  analog_io[5]
  analog_io[6]
  analog_io[7]
  analog_io[8]
  analog_io[9]
  io_oeb[0]
  io_oeb[10]
  io_oeb[11]
  io_oeb[12]
  io_oeb[13]
  io_oeb[14]
  io_oeb[15]
  io_oeb[16]
  io_oeb[17]
  io_oeb[18]
  io_oeb[19]
  io_oeb[1]
  io_oeb[20]
  io_oeb[21]
  io_oeb[22]
  io_oeb[23]
  io_oeb[24]
  io_oeb[25]
  io_oeb[26]
  io_oeb[27]
  io_oeb[28]
  io_oeb[29]
  io_oeb[2]
  io_oeb[30]
  io_oeb[31]
  io_oeb[32]
  io_oeb[33]
  io_oeb[34]
  io_oeb[35]
  io_oeb[36]
  io_oeb[37]
  io_oeb[3]
  io_oeb[4]
  io_oeb[5]
  io_oeb[6]
  io_oeb[7]
  io_oeb[8]
  io_oeb[9]
  io_out[0]
  io_out[10]
  io_out[11]
  io_out[12]
  io_out[13]
  io_out[14]
  io_out[15]
  io_out[16]
  io_out[17]
  io_out[18]
  io_out[19]
  io_out[1]
  io_out[20]
  io_out[21]
  io_out[22]
  io_out[23]
  io_out[24]
  io_out[25]
  io_out[26]
  io_out[27]
  io_out[28]
  io_out[29]
  io_out[2]
  io_out[30]
  io_out[31]
  io_out[32]
  io_out[33]
  io_out[34]
  io_out[35]
  io_out[36]
  io_out[37]
  io_out[3]
  io_out[4]
  io_out[5]
  io_out[6]
  io_out[7]
  io_out[8]
  io_out[9]
  la_data_out[0]
  la_data_out[100]
  la_data_out[101]
  la_data_out[102]
  la_data_out[103]
  la_data_out[104]
  la_data_out[105]
  la_data_out[106]
  la_data_out[107]
  la_data_out[108]
  la_data_out[109]
  la_data_out[10]
  la_data_out[110]
  la_data_out[111]
  la_data_out[112]
  la_data_out[113]
  la_data_out[114]
  la_data_out[115]
  la_data_out[116]
  la_data_out[117]
  la_data_out[118]
  la_data_out[119]
  la_data_out[11]
  la_data_out[120]
  la_data_out[121]
  la_data_out[122]
  la_data_out[123]
  la_data_out[124]
  la_data_out[125]
  la_data_out[126]
  la_data_out[127]
  la_data_out[12]
  la_data_out[13]
  la_data_out[14]
  la_data_out[15]
  la_data_out[16]
  la_data_out[17]
  la_data_out[18]
  la_data_out[19]
  la_data_out[1]
  la_data_out[20]
  la_data_out[21]
  la_data_out[22]
  la_data_out[23]
  la_data_out[24]
  la_data_out[25]
  la_data_out[26]
  la_data_out[27]
  la_data_out[28]
  la_data_out[29]
  la_data_out[2]
  la_data_out[30]
  la_data_out[31]
  la_data_out[32]
  la_data_out[33]
  la_data_out[34]
  la_data_out[35]
  la_data_out[36]
  la_data_out[37]
  la_data_out[38]
  la_data_out[39]
  la_data_out[3]
  la_data_out[40]
  la_data_out[41]
  la_data_out[42]
  la_data_out[43]
  la_data_out[44]
  la_data_out[45]
  la_data_out[46]
  la_data_out[47]
  la_data_out[48]
  la_data_out[49]
  la_data_out[4]
  la_data_out[50]
  la_data_out[51]
  la_data_out[52]
  la_data_out[53]
  la_data_out[54]
  la_data_out[55]
  la_data_out[56]
  la_data_out[57]
  la_data_out[58]
  la_data_out[59]
  la_data_out[5]
  la_data_out[60]
  la_data_out[61]
  la_data_out[62]
  la_data_out[63]
  la_data_out[64]
  la_data_out[65]
  la_data_out[66]
  la_data_out[67]
  la_data_out[68]
  la_data_out[69]
  la_data_out[6]
  la_data_out[70]
  la_data_out[71]
  la_data_out[72]
  la_data_out[73]
  la_data_out[74]
  la_data_out[75]
  la_data_out[76]
  la_data_out[77]
  la_data_out[78]
  la_data_out[79]
  la_data_out[7]
  la_data_out[80]
  la_data_out[81]
  la_data_out[82]
  la_data_out[83]
  la_data_out[84]
  la_data_out[85]
  la_data_out[86]
  la_data_out[87]
  la_data_out[88]
  la_data_out[89]
  la_data_out[8]
  la_data_out[90]
  la_data_out[91]
  la_data_out[92]
  la_data_out[93]
  la_data_out[94]
  la_data_out[95]
  la_data_out[96]
  la_data_out[97]
  la_data_out[98]
  la_data_out[99]
  la_data_out[9]
  user_irq[0]
  user_irq[1]
  user_irq[2]
  _8505_/D
  mprj.team_01_Wrapper.team_01_WB.instance_to_wrap/gpio_in[12]
  mprj.team_01_Wrapper.team_01_WB.instance_to_wrap/gpio_in[13]
  mprj.team_01_Wrapper.team_01_WB.instance_to_wrap/gpio_in[14]
  mprj.team_01_Wrapper.team_01_WB.instance_to_wrap/gpio_in[15]
  mprj.team_02_Wrapper.team_02_WB.instance_to_wrap/gpio_in[15]
  mprj.team_02_Wrapper.team_02_WB.instance_to_wrap/gpio_in[16]
  mprj.team_02_Wrapper.team_02_WB.instance_to_wrap/gpio_in[17]
  mprj.team_02_Wrapper.team_02_WB.instance_to_wrap/gpio_in[18]
  mprj.team_03_Wrapper.team_03_WB.instance_to_wrap/gpio_in[0]
  mprj.team_03_Wrapper.team_03_WB.instance_to_wrap/gpio_in[10]
  mprj.team_03_Wrapper.team_03_WB.instance_to_wrap/gpio_in[11]
  mprj.team_03_Wrapper.team_03_WB.instance_to_wrap/gpio_in[12]
  mprj.team_03_Wrapper.team_03_WB.instance_to_wrap/gpio_in[13]
  mprj.team_03_Wrapper.team_03_WB.instance_to_wrap/gpio_in[14]
  mprj.team_03_Wrapper.team_03_WB.instance_to_wrap/gpio_in[15]
  mprj.team_03_Wrapper.team_03_WB.instance_to_wrap/gpio_in[16]
  mprj.team_03_Wrapper.team_03_WB.instance_to_wrap/gpio_in[17]
  mprj.team_03_Wrapper.team_03_WB.instance_to_wrap/gpio_in[18]
  mprj.team_03_Wrapper.team_03_WB.instance_to_wrap/gpio_in[19]
  mprj.team_03_Wrapper.team_03_WB.instance_to_wrap/gpio_in[1]
  mprj.team_03_Wrapper.team_03_WB.instance_to_wrap/gpio_in[20]
  mprj.team_03_Wrapper.team_03_WB.instance_to_wrap/gpio_in[21]
  mprj.team_03_Wrapper.team_03_WB.instance_to_wrap/gpio_in[22]
  mprj.team_03_Wrapper.team_03_WB.instance_to_wrap/gpio_in[23]
  mprj.team_03_Wrapper.team_03_WB.instance_to_wrap/gpio_in[24]
  mprj.team_03_Wrapper.team_03_WB.instance_to_wrap/gpio_in[25]
  mprj.team_03_Wrapper.team_03_WB.instance_to_wrap/gpio_in[26]
  mprj.team_03_Wrapper.team_03_WB.instance_to_wrap/gpio_in[27]
  mprj.team_03_Wrapper.team_03_WB.instance_to_wrap/gpio_in[28]
  mprj.team_03_Wrapper.team_03_WB.instance_to_wrap/gpio_in[29]
  mprj.team_03_Wrapper.team_03_WB.instance_to_wrap/gpio_in[2]
  mprj.team_03_Wrapper.team_03_WB.instance_to_wrap/gpio_in[30]
  mprj.team_03_Wrapper.team_03_WB.instance_to_wrap/gpio_in[31]
  mprj.team_03_Wrapper.team_03_WB.instance_to_wrap/gpio_in[3]
  mprj.team_03_Wrapper.team_03_WB.instance_to_wrap/gpio_in[4]
  mprj.team_03_Wrapper.team_03_WB.instance_to_wrap/gpio_in[5]
  mprj.team_03_Wrapper.team_03_WB.instance_to_wrap/gpio_in[6]
  mprj.team_03_Wrapper.team_03_WB.instance_to_wrap/gpio_in[7]
  mprj.team_03_Wrapper.team_03_WB.instance_to_wrap/gpio_in[8]
  mprj.team_03_Wrapper.team_03_WB.instance_to_wrap/gpio_in[9]
  mprj.team_04_Wrapper.team_04_WB.instance_to_wrap/gpio_in[5]
  mprj.team_05_Wrapper.team_05_WB.instance_to_wrap/gpio_in[30]
  mprj.team_05_Wrapper.team_05_WB.instance_to_wrap/gpio_in[31]
  mprj.team_05_Wrapper.team_05_WB.instance_to_wrap/gpio_in[32]
  mprj.team_05_Wrapper.team_05_WB.instance_to_wrap/gpio_in[33]
  mprj.team_06_Wrapper.team_06_WB.instance_to_wrap/gpio_in[0]
  mprj.team_06_Wrapper.team_06_WB.instance_to_wrap/gpio_in[1]
  mprj.team_06_Wrapper.team_06_WB.instance_to_wrap/gpio_in[2]
  mprj.team_06_Wrapper.team_06_WB.instance_to_wrap/gpio_in[3]
  mprj.team_06_Wrapper.team_06_WB.instance_to_wrap/gpio_in[4]
  mprj.team_06_Wrapper.team_06_WB.instance_to_wrap/gpio_in[5]
  mprj.team_07_Wrapper.team_07_WB.instance_to_wrap/gpio_in[18]
  mprj.team_07_Wrapper.team_07_WB.instance_to_wrap/gpio_in[19]
  mprj.team_07_Wrapper.team_07_WB.instance_to_wrap/gpio_in[20]
  mprj.team_07_Wrapper.team_07_WB.instance_to_wrap/gpio_in[21]
  mprj.team_07_Wrapper.team_07_WB.instance_to_wrap/gpio_in[22]
  mprj.team_07_Wrapper.team_07_WB.instance_to_wrap/gpio_in[23]
  mprj.team_08_Wrapper.team_08_WB.instance_to_wrap/gpio_in[0]
  mprj.team_08_Wrapper.team_08_WB.instance_to_wrap/gpio_in[1]
  mprj.team_09_Wrapper.team_09_WB.instance_to_wrap/gpio_in[25]
  mprj.team_09_Wrapper.team_09_WB.instance_to_wrap/gpio_in[26]
  mprj.team_09_Wrapper.team_09_WB.instance_to_wrap/gpio_in[27]
  mprj.team_09_Wrapper.team_09_WB.instance_to_wrap/gpio_in[28]
  mprj.team_09_Wrapper.team_09_WB.instance_to_wrap/gpio_in[29]
  mprj.team_09_Wrapper.team_09_WB.instance_to_wrap/gpio_in[30]
  mprj.team_09_Wrapper.team_09_WB.instance_to_wrap/gpio_in[31]
  mprj.team_10_Wrapper.team_10_WB.instance_to_wrap/gpio_in[20]
  mprj.team_10_Wrapper.team_10_WB.instance_to_wrap/gpio_in[21]
  mprj.team_10_Wrapper.team_10_WB.instance_to_wrap/gpio_in[22]
  mprj.team_10_Wrapper.team_10_WB.instance_to_wrap/gpio_in[23]
  mprj.team_10_Wrapper.team_10_WB.instance_to_wrap/gpio_in[24]
  mprj.team_10_Wrapper.team_10_WB.instance_to_wrap/gpio_in[33]
  mprj.team_11_Wrapper.team_11_WB.instance_to_wrap/gpio_in[30]
  mprj.team_11_Wrapper.team_11_WB.instance_to_wrap/gpio_in[31]
  mprj.team_11_Wrapper.team_11_WB.instance_to_wrap/gpio_in[32]
  mprj.team_11_Wrapper.team_11_WB.instance_to_wrap/gpio_in[33]
  mprj.team_12_Wrapper.team_12_WB.instance_to_wrap/gpio_in[0]
  mprj.team_12_Wrapper.team_12_WB.instance_to_wrap/gpio_in[1]
  mprj.team_12_Wrapper.team_12_WB.instance_to_wrap/gpio_in[2]
