
===========================================================================
report_checks -unconstrained
===========================================================================
======================= min_tt_025C_1v80 Corner ===================================

Startpoint: wb_rst_i (input port clocked by clk)
Endpoint: _8675_ (recovery check against rising-edge clock clk)
Path Group: asynchronous
Path Type: max

Fanout         Cap        Slew       Delay        Time   Description
---------------------------------------------------------------------------------------------
                                  0.000000    0.000000   clock clk (rise edge)
                                  5.570000    5.570000   clock network delay (propagated)
                                 50.000000   55.570000 v input external delay
     2    0.016163    0.000000    0.000000   55.570000 v wb_rst_i (in)
                                                         wb_rst_i (net)
                      0.000720    0.000359   55.570358 v input39/A (sky130_fd_sc_hd__buf_12)
    11    0.357384    0.062220    0.134481   55.704838 v input39/X (sky130_fd_sc_hd__buf_12)
                                                         net39 (net)
                      0.581149    0.285794   55.990635 v fanout740/A (sky130_fd_sc_hd__buf_12)
    11    0.460411    0.163208    0.438856   56.429489 v fanout740/X (sky130_fd_sc_hd__buf_12)
                                                         net740 (net)
                      0.323981    0.130633   56.560123 v fanout739/A (sky130_fd_sc_hd__buf_8)
    11    0.163297    0.122981    0.289077   56.849201 v fanout739/X (sky130_fd_sc_hd__buf_8)
                                                         net739 (net)
                      0.156216    0.048448   56.897648 v fanout738/A (sky130_fd_sc_hd__clkbuf_16)
    15    0.216397    0.139224    0.268606   57.166256 v fanout738/X (sky130_fd_sc_hd__clkbuf_16)
                                                         net738 (net)
                      0.157188    0.035772   57.202026 v fanout737/A (sky130_fd_sc_hd__buf_8)
    21    0.147746    0.110871    0.222393   57.424419 v fanout737/X (sky130_fd_sc_hd__buf_8)
                                                         net737 (net)
                      0.115064    0.016851   57.441273 v fanout735/A (sky130_fd_sc_hd__buf_6)
    21    0.117865    0.105803    0.221291   57.662563 v fanout735/X (sky130_fd_sc_hd__buf_6)
                                                         net735 (net)
                      0.106005    0.003816   57.666378 v _8326_/A (sky130_fd_sc_hd__inv_2)
     1    0.004686    0.041539    0.070120   57.736500 ^ _8326_/Y (sky130_fd_sc_hd__inv_2)
                                                         _0172_ (net)
                      0.041539    0.000050   57.736549 ^ _8675_/RESET_B (sky130_fd_sc_hd__dfrtp_4)
                                             57.736549   data arrival time

                                100.000000  100.000000   clock clk (rise edge)
                                  4.650000  104.649994   clock source latency
     4    0.351265    0.610000    0.000000  104.649994 ^ wb_clk_i (in)
                                                         wb_clk_i (net)
                      1.278645    0.334325  104.984322 ^ clkbuf_regs_0_clk/A (sky130_fd_sc_hd__clkbuf_16)
     1    0.015824    0.068628    0.311452  105.295769 ^ clkbuf_regs_0_clk/X (sky130_fd_sc_hd__clkbuf_16)
                                                         delaynet_0_clk (net)
                      0.068628    0.000689  105.296463 ^ delaybuf_0_clk/A (sky130_fd_sc_hd__clkbuf_16)
     1    0.016329    0.038742    0.130413  105.426872 ^ delaybuf_0_clk/X (sky130_fd_sc_hd__clkbuf_16)
                                                         delaynet_1_clk (net)
                      0.038751    0.000760  105.427635 ^ delaybuf_1_clk/A (sky130_fd_sc_hd__clkbuf_16)
     1    0.013892    0.036662    0.117211  105.544846 ^ delaybuf_1_clk/X (sky130_fd_sc_hd__clkbuf_16)
                                                         wb_clk_i_regs (net)
                      0.036662    0.000554  105.545403 ^ clkbuf_0_wb_clk_i_regs/A (sky130_fd_sc_hd__clkbuf_16)
     5    0.103688    0.119890    0.183007  105.728409 ^ clkbuf_0_wb_clk_i_regs/X (sky130_fd_sc_hd__clkbuf_16)
                                                         clknet_0_wb_clk_i_regs (net)
                      0.120569    0.007283  105.735687 ^ clkbuf_1_0_0_wb_clk_i_regs/A (sky130_fd_sc_hd__clkbuf_8)
     5    0.056114    0.108039    0.200188  105.935875 ^ clkbuf_1_0_0_wb_clk_i_regs/X (sky130_fd_sc_hd__clkbuf_8)
                                                         clknet_1_0_0_wb_clk_i_regs (net)
                      0.109392    0.009635  105.945511 ^ clkbuf_2_1_0_wb_clk_i_regs/A (sky130_fd_sc_hd__clkbuf_8)
     3    0.062999    0.119910    0.202341  106.147858 ^ clkbuf_2_1_0_wb_clk_i_regs/X (sky130_fd_sc_hd__clkbuf_8)
                                                         clknet_2_1_0_wb_clk_i_regs (net)
                      0.122338    0.013536  106.161392 ^ clkbuf_2_1_1_wb_clk_i_regs/A (sky130_fd_sc_hd__clkbuf_8)
     9    0.107507    0.190044    0.260130  106.421516 ^ clkbuf_2_1_1_wb_clk_i_regs/X (sky130_fd_sc_hd__clkbuf_8)
                                                         clknet_2_1_1_wb_clk_i_regs (net)
                      0.191134    0.011632  106.433151 ^ clkbuf_4_7_0_wb_clk_i_regs/A (sky130_fd_sc_hd__clkbuf_8)
     5    0.041527    0.085644    0.206889  106.640038 ^ clkbuf_4_7_0_wb_clk_i_regs/X (sky130_fd_sc_hd__clkbuf_8)
                                                         clknet_4_7_0_wb_clk_i_regs (net)
                      0.086031    0.004562  106.644600 ^ clkbuf_5_15_0_wb_clk_i_regs/A (sky130_fd_sc_hd__clkbuf_8)
    13    0.073546    0.135090    0.211607  106.856209 ^ clkbuf_5_15_0_wb_clk_i_regs/X (sky130_fd_sc_hd__clkbuf_8)
                                                         clknet_5_15_0_wb_clk_i_regs (net)
                      0.135111    0.001428  106.857635 ^ _8675_/CLK (sky130_fd_sc_hd__dfrtp_4)
                                 -0.200000  106.657639   clock uncertainty
                                  0.000000  106.657639   clock reconvergence pessimism
                                  0.246145  106.903786   library recovery time
                                            106.903786   data required time
---------------------------------------------------------------------------------------------
                                            106.903786   data required time
                                            -57.736549   data arrival time
---------------------------------------------------------------------------------------------
                                             49.167240   slack (MET)


Startpoint: _8731_ (rising edge-triggered flip-flop clocked by clk)
Endpoint: mprj.team_04_Wrapper.team_04_WB.instance_to_wrap
          (rising edge-triggered flip-flop clocked by clk)
Path Group: clk
Path Type: max

Fanout         Cap        Slew       Delay        Time   Description
---------------------------------------------------------------------------------------------
                                  0.000000    0.000000   clock clk (rise edge)
                                  5.570000    5.570000   clock source latency
     4    0.351265    0.610000    0.000000    5.570000 ^ wb_clk_i (in)
                                                         wb_clk_i (net)
                      1.278645    0.334322    5.904323 ^ clkbuf_regs_0_clk/A (sky130_fd_sc_hd__clkbuf_16)
     1    0.015824    0.068628    0.311451    6.215774 ^ clkbuf_regs_0_clk/X (sky130_fd_sc_hd__clkbuf_16)
                                                         delaynet_0_clk (net)
                      0.068628    0.000688    6.216461 ^ delaybuf_0_clk/A (sky130_fd_sc_hd__clkbuf_16)
     1    0.016329    0.038742    0.130418    6.346879 ^ delaybuf_0_clk/X (sky130_fd_sc_hd__clkbuf_16)
                                                         delaynet_1_clk (net)
                      0.038751    0.000757    6.347637 ^ delaybuf_1_clk/A (sky130_fd_sc_hd__clkbuf_16)
     1    0.013892    0.036662    0.117211    6.464848 ^ delaybuf_1_clk/X (sky130_fd_sc_hd__clkbuf_16)
                                                         wb_clk_i_regs (net)
                      0.036662    0.000558    6.465406 ^ clkbuf_0_wb_clk_i_regs/A (sky130_fd_sc_hd__clkbuf_16)
     5    0.103688    0.119890    0.183004    6.648409 ^ clkbuf_0_wb_clk_i_regs/X (sky130_fd_sc_hd__clkbuf_16)
                                                         clknet_0_wb_clk_i_regs (net)
                      0.120892    0.008787    6.657197 ^ clkbuf_1_1_0_wb_clk_i_regs/A (sky130_fd_sc_hd__clkbuf_8)
     5    0.078053    0.141768    0.228469    6.885665 ^ clkbuf_1_1_0_wb_clk_i_regs/X (sky130_fd_sc_hd__clkbuf_8)
                                                         clknet_1_1_0_wb_clk_i_regs (net)
                      0.142291    0.006920    6.892586 ^ clkbuf_2_2_0_wb_clk_i_regs/A (sky130_fd_sc_hd__clkbuf_8)
     3    0.120179    0.212760    0.263947    7.156532 ^ clkbuf_2_2_0_wb_clk_i_regs/X (sky130_fd_sc_hd__clkbuf_8)
                                                         clknet_2_2_0_wb_clk_i_regs (net)
                      0.226309    0.041700    7.198233 ^ clkbuf_2_2_1_wb_clk_i_regs/A (sky130_fd_sc_hd__clkbuf_8)
     9    0.187102    0.323513    0.348143    7.546376 ^ clkbuf_2_2_1_wb_clk_i_regs/X (sky130_fd_sc_hd__clkbuf_8)
                                                         clknet_2_2_1_wb_clk_i_regs (net)
                      0.327148    0.028701    7.575077 ^ clkbuf_4_8_0_wb_clk_i_regs/A (sky130_fd_sc_hd__clkbuf_8)
     5    0.097067    0.173900    0.307439    7.882515 ^ clkbuf_4_8_0_wb_clk_i_regs/X (sky130_fd_sc_hd__clkbuf_8)
                                                         clknet_4_8_0_wb_clk_i_regs (net)
                      0.174496    0.008306    7.890821 ^ clkbuf_5_16_0_wb_clk_i_regs/A (sky130_fd_sc_hd__clkbuf_8)
    18    0.224462    0.382773    0.405540    8.296361 ^ clkbuf_5_16_0_wb_clk_i_regs/X (sky130_fd_sc_hd__clkbuf_8)
                                                         clknet_5_16_0_wb_clk_i_regs (net)
                      0.384161    0.018946    8.315307 ^ _8731_/CLK (sky130_fd_sc_hd__dfrtp_4)
     1    0.007410    0.058326    0.496292    8.811599 ^ _8731_/Q (sky130_fd_sc_hd__dfrtp_4)
                                                         mprj.team_04_Wrapper.team_04_WB.EN_VAL_REG (net)
                      0.058326    0.000206    8.811805 ^ hold2049/A (sky130_fd_sc_hd__dlygate4sd3_1)
     1    0.002450    0.049966    0.535701    9.347507 ^ hold2049/X (sky130_fd_sc_hd__dlygate4sd3_1)
                                                         net2986 (net)
                      0.049966    0.000026    9.347532 ^ hold1771/A (sky130_fd_sc_hd__dlygate4sd3_1)
     5    0.043776    0.431239    0.816080   10.163611 ^ hold1771/X (sky130_fd_sc_hd__dlygate4sd3_1)
                                                         net2708 (net)
                      0.431313    0.005626   10.169237 ^ hold639/A (sky130_fd_sc_hd__dlygate4sd3_1)
     7    0.082107    0.793589    1.141114   11.310351 ^ hold639/X (sky130_fd_sc_hd__dlygate4sd3_1)
                                                         net1576 (net)
                      0.793589    0.001156   11.311506 ^ hold1772/A (sky130_fd_sc_hd__dlygate4sd3_1)
     3    0.028499    0.286834    0.824649   12.136155 ^ hold1772/X (sky130_fd_sc_hd__dlygate4sd3_1)
                                                         net2709 (net)
                      0.286840    0.001802   12.137958 ^ mprj.team_04_Wrapper.team_04_WB.instance_to_wrap/en (team_04)
                                             12.137958   data arrival time

                                 50.000000   50.000000   clock clk (fall edge)
                                  4.650000   54.650002   clock source latency
     4    0.349191    0.610000    0.000000   54.650002 v wb_clk_i (in)
                                                         wb_clk_i (net)
                      1.305972    0.347985   54.997986 v clkbuf_0_wb_clk_i/A (sky130_fd_sc_hd__clkbuf_16)
     5    0.091839    0.106952    0.602636   55.600620 v clkbuf_0_wb_clk_i/X (sky130_fd_sc_hd__clkbuf_16)
                                                         clknet_0_wb_clk_i (net)
                      0.108309    0.010115   55.610737 v clkbuf_1_0_0_wb_clk_i/A (sky130_fd_sc_hd__clkbuf_8)
     3    0.057638    0.076957    0.201062   55.811798 v clkbuf_1_0_0_wb_clk_i/X (sky130_fd_sc_hd__clkbuf_8)
                                                         clknet_1_0_0_wb_clk_i (net)
                      0.081321    0.014147   55.825943 v clkbuf_1_0_1_wb_clk_i/A (sky130_fd_sc_hd__clkbuf_8)
    13    1.285357    1.273334    0.950067   56.776012 v clkbuf_1_0_1_wb_clk_i/X (sky130_fd_sc_hd__clkbuf_8)
                                                         clknet_1_0_1_wb_clk_i (net)
                      1.304559    0.159481   56.935493 v mprj.team_04_Wrapper.team_04_WB.instance_to_wrap/clk (team_04)
                                 -0.200000   56.735493   clock uncertainty
                                  0.920000   57.655491   clock reconvergence pessimism
                                -11.255480   46.400013   library setup time
                                             46.400013   data required time
---------------------------------------------------------------------------------------------
                                             46.400013   data required time
                                            -12.137958   data arrival time
---------------------------------------------------------------------------------------------
                                             34.262054   slack (MET)




===========================================================================
report_checks --slack_max -0.01
============================================================================
======================= min_tt_025C_1v80 Corner ===================================

No paths found.


===========================================================================
 report_check_types -max_slew -max_cap -max_fanout -violators
============================================================================
======================= min_tt_025C_1v80 Corner ===================================

max slew

Pin                                        Limit        Slew       Slack
------------------------------------------------------------------------
mprj.team_03_Wrapper.team_03_WB.instance_to_wrap/nrst    1.500000    2.773985   -1.273985 (VIOLATED)
ANTENNA_mprj.team_03_Wrapper.team_03_WB.instance_to_wrap_nrst/DIODE    1.500000    2.773952   -1.273952 (VIOLATED)
mprj.team_04_Wrapper.team_04_WB.instance_to_wrap/nrst    1.500000    2.749591   -1.249591 (VIOLATED)
ANTENNA_mprj.team_04_Wrapper.team_04_WB.instance_to_wrap_nrst/DIODE    1.500000    2.749418   -1.249419 (VIOLATED)
mprj.team_05_Wrapper.team_05_WB.instance_to_wrap/nrst    1.500000    2.631194   -1.131194 (VIOLATED)
ANTENNA_mprj.team_05_Wrapper.team_05_WB.instance_to_wrap_nrst/DIODE    1.500000    2.627095   -1.127095 (VIOLATED)
ANTENNA_mprj.team_07_Wrapper.team_07_WB.instance_to_wrap_gpio_in[18]/DIODE    1.500000    2.460087   -0.960087 (VIOLATED)
mprj.team_07_Wrapper.team_07_WB.instance_to_wrap/gpio_in[18]    1.500000    2.460069   -0.960069 (VIOLATED)
mprj.team_12_Wrapper.team_12_WB.instance_to_wrap/clk    1.500000    2.424795   -0.924795 (VIOLATED)
ANTENNA_mprj.team_12_Wrapper.team_12_WB.instance_to_wrap_clk/DIODE    1.500000    2.424455   -0.924455 (VIOLATED)
ANTENNA_mprj.team_02_Wrapper.team_02_WB.instance_to_wrap_nrst/DIODE    1.500000    2.413984   -0.913984 (VIOLATED)
mprj.team_02_Wrapper.team_02_WB.instance_to_wrap/nrst    1.500000    2.407336   -0.907336 (VIOLATED)
ANTENNA_mprj.team_05_Wrapper.team_05_WB.instance_to_wrap_gpio_in[21]/DIODE    1.500000    2.359892   -0.859892 (VIOLATED)
mprj.team_05_Wrapper.team_05_WB.instance_to_wrap/gpio_in[21]    1.500000    2.359890   -0.859890 (VIOLATED)
mprj.team_08_Wrapper.team_08_WB.instance_to_wrap/gpio_in[13]    1.500000    2.344117   -0.844117 (VIOLATED)
ANTENNA_mprj.team_08_Wrapper.team_08_WB.instance_to_wrap_gpio_in[13]/DIODE    1.500000    2.344094   -0.844094 (VIOLATED)
ANTENNA__7556__A/DIODE                  1.500000    2.340694   -0.840694 (VIOLATED)
_7556_/A                                1.500000    2.340687   -0.840687 (VIOLATED)
_7531_/A                                1.500000    2.340683   -0.840683 (VIOLATED)
ANTENNA__7531__A/DIODE                  1.500000    2.340672   -0.840672 (VIOLATED)
_7555_/A                                1.500000    2.340644   -0.840644 (VIOLATED)
ANTENNA__7555__A/DIODE                  1.500000    2.340641   -0.840641 (VIOLATED)
_7558_/A                                1.500000    2.340625   -0.840625 (VIOLATED)
ANTENNA__7558__A/DIODE                  1.500000    2.340620   -0.840620 (VIOLATED)
hold218/X                               1.495067    2.334262   -0.839195 (VIOLATED)
ANTENNA_fanout586_A/DIODE               1.500000    2.334379   -0.834379 (VIOLATED)
fanout586/A                             1.500000    2.334378   -0.834379 (VIOLATED)
ANTENNA_fanout585_A/DIODE               1.500000    2.334266   -0.834266 (VIOLATED)
ANTENNA_hold218_X/DIODE                 1.500000    2.334266   -0.834266 (VIOLATED)
fanout585/A                             1.500000    2.334262   -0.834262 (VIOLATED)
ANTENNA_mprj.team_08_Wrapper.team_08_WB.instance_to_wrap_gpio_in[8]/DIODE    1.500000    2.332662   -0.832662 (VIOLATED)
mprj.team_08_Wrapper.team_08_WB.instance_to_wrap/gpio_in[8]    1.500000    2.332657   -0.832657 (VIOLATED)
ANTENNA_mprj.team_08_Wrapper.team_08_WB.instance_to_wrap_gpio_in[3]/DIODE    1.500000    2.330139   -0.830139 (VIOLATED)
mprj.team_08_Wrapper.team_08_WB.instance_to_wrap/gpio_in[3]    1.500000    2.330138   -0.830138 (VIOLATED)
mprj.team_08_Wrapper.team_08_WB.instance_to_wrap/gpio_in[7]    1.500000    2.307437   -0.807437 (VIOLATED)
ANTENNA_mprj.team_08_Wrapper.team_08_WB.instance_to_wrap_gpio_in[7]/DIODE    1.500000    2.307430   -0.807430 (VIOLATED)
mprj.team_09_Wrapper.team_09_WB.instance_to_wrap/clk    1.500000    2.300107   -0.800107 (VIOLATED)
ANTENNA_mprj.team_09_Wrapper.team_09_WB.instance_to_wrap_clk/DIODE    1.500000    2.300068   -0.800068 (VIOLATED)
ANTENNA_mprj.team_11_Wrapper.team_11_WB.instance_to_wrap_gpio_in[18]/DIODE    1.500000    2.295697   -0.795697 (VIOLATED)
mprj.team_11_Wrapper.team_11_WB.instance_to_wrap/gpio_in[18]    1.500000    2.295627   -0.795627 (VIOLATED)
ANTENNA_mprj.team_02_Wrapper.team_02_WB.instance_to_wrap_gpio_in[21]/DIODE    1.500000    2.288567   -0.788567 (VIOLATED)
mprj.team_02_Wrapper.team_02_WB.instance_to_wrap/gpio_in[21]    1.500000    2.287990   -0.787990 (VIOLATED)
_7885_/A1                               1.500000    2.263042   -0.763042 (VIOLATED)
ANTENNA__7885__A1/DIODE                 1.500000    2.263037   -0.763037 (VIOLATED)
ANTENNA_mprj.team_05_Wrapper.team_05_WB.instance_to_wrap_gpio_out[5]/DIODE    1.500000    2.256835   -0.756835 (VIOLATED)
mprj.team_05_Wrapper.team_05_WB.instance_to_wrap/gpio_out[5]    1.500000    2.256835   -0.756835 (VIOLATED)
mprj.team_06_Wrapper.team_06_WB.instance_to_wrap/gpio_in[3]    1.500000    2.243730   -0.743730 (VIOLATED)
ANTENNA_mprj.team_06_Wrapper.team_06_WB.instance_to_wrap_gpio_in[3]/DIODE    1.500000    2.243552   -0.743552 (VIOLATED)
ANTENNA__4284__A2/DIODE                 1.500000    2.243221   -0.743221 (VIOLATED)
_4284_/A2                               1.500000    2.243218   -0.743218 (VIOLATED)
_4277_/A0                               1.500000    2.243212   -0.743212 (VIOLATED)
ANTENNA__4277__A0/DIODE                 1.500000    2.243208   -0.743208 (VIOLATED)
mprj.team_06_Wrapper.team_06_WB.instance_to_wrap/gpio_in[13]    1.500000    2.233483   -0.733483 (VIOLATED)
ANTENNA_mprj.team_06_Wrapper.team_06_WB.instance_to_wrap_gpio_in[13]/DIODE    1.500000    2.231812   -0.731812 (VIOLATED)
mprj.team_06_Wrapper.team_06_WB.instance_to_wrap/gpio_in[8]    1.500000    2.228485   -0.728485 (VIOLATED)
ANTENNA_mprj.team_06_Wrapper.team_06_WB.instance_to_wrap_gpio_in[8]/DIODE    1.500000    2.227081   -0.727081 (VIOLATED)
mprj.team_06_Wrapper.team_06_WB.instance_to_wrap/gpio_in[7]    1.500000    2.225864   -0.725865 (VIOLATED)
ANTENNA_mprj.team_06_Wrapper.team_06_WB.instance_to_wrap_gpio_in[7]/DIODE    1.500000    2.225838   -0.725838 (VIOLATED)
ANTENNA_mprj.team_01_Wrapper.team_01_WB.instance_to_wrap_ADR_O[28]/DIODE    1.500000    2.223947   -0.723947 (VIOLATED)
mprj.team_01_Wrapper.team_01_WB.instance_to_wrap/ADR_O[28]    1.500000    2.223947   -0.723947 (VIOLATED)
load_slew786/A                          1.500000    2.219591   -0.719591 (VIOLATED)
_4244_/A0                               1.500000    2.217374   -0.717374 (VIOLATED)
ANTENNA__4244__A0/DIODE                 1.500000    2.217361   -0.717361 (VIOLATED)
ANTENNA__4250__B1/DIODE                 1.500000    2.217318   -0.717318 (VIOLATED)
_4250_/B1                               1.500000    2.217283   -0.717283 (VIOLATED)
ANTENNA__4776__A0/DIODE                 1.500000    2.216379   -0.716379 (VIOLATED)
_4776_/A0                               1.500000    2.216376   -0.716376 (VIOLATED)
ANTENNA__4782__A2/DIODE                 1.500000    2.216352   -0.716353 (VIOLATED)
_4782_/A2                               1.500000    2.216349   -0.716349 (VIOLATED)
ANTENNA_load_slew786_A/DIODE            1.500000    2.214811   -0.714811 (VIOLATED)
mprj.team_02_Wrapper.team_02_WB.instance_to_wrap/gpio_in[13]    1.500000    2.210860   -0.710860 (VIOLATED)
ANTENNA_mprj.team_02_Wrapper.team_02_WB.instance_to_wrap_gpio_in[13]/DIODE    1.500000    2.210856   -0.710856 (VIOLATED)
ANTENNA_mprj.team_11_Wrapper.team_11_WB.instance_to_wrap_gpio_in[32]/DIODE    1.500000    2.208925   -0.708925 (VIOLATED)
mprj.team_11_Wrapper.team_11_WB.instance_to_wrap/gpio_in[32]    1.500000    2.208885   -0.708885 (VIOLATED)
ANTENNA_mprj.team_01_Wrapper.team_01_WB.instance_to_wrap_DAT_O[0]/DIODE    1.500000    2.207749   -0.707749 (VIOLATED)
mprj.team_01_Wrapper.team_01_WB.instance_to_wrap/DAT_O[0]    1.500000    2.207749   -0.707749 (VIOLATED)
mprj.team_02_Wrapper.team_02_WB.instance_to_wrap/gpio_in[8]    1.500000    2.205927   -0.705927 (VIOLATED)
ANTENNA_mprj.team_02_Wrapper.team_02_WB.instance_to_wrap_gpio_in[8]/DIODE    1.500000    2.205695   -0.705695 (VIOLATED)
ANTENNA_mprj.team_08_Wrapper.team_08_WB.instance_to_wrap_clk/DIODE    1.500000    2.202498   -0.702498 (VIOLATED)
mprj.team_08_Wrapper.team_08_WB.instance_to_wrap/clk    1.500000    2.202486   -0.702486 (VIOLATED)
ANTENNA__4271__A0/DIODE                 1.500000    2.196243   -0.696243 (VIOLATED)
ANTENNA__4283__A2/DIODE                 1.500000    2.196237   -0.696237 (VIOLATED)
ANTENNA_mprj.team_02_Wrapper.team_02_WB.instance_to_wrap_gpio_in[3]/DIODE    1.500000    2.196234   -0.696234 (VIOLATED)
_4271_/A0                               1.500000    2.196230   -0.696230 (VIOLATED)
_4283_/A2                               1.500000    2.196220   -0.696220 (VIOLATED)
mprj.team_02_Wrapper.team_02_WB.instance_to_wrap/gpio_in[3]    1.500000    2.187704   -0.687704 (VIOLATED)
ANTENNA_mprj.team_06_Wrapper.team_06_WB.instance_to_wrap_gpio_in[21]/DIODE    1.500000    2.175151   -0.675151 (VIOLATED)
mprj.team_06_Wrapper.team_06_WB.instance_to_wrap/gpio_in[21]    1.500000    2.173297   -0.673297 (VIOLATED)
mprj.team_07_Wrapper.team_07_WB.instance_to_wrap/gpio_in[32]    1.500000    2.158877   -0.658877 (VIOLATED)
ANTENNA_mprj.team_07_Wrapper.team_07_WB.instance_to_wrap_gpio_in[32]/DIODE    1.500000    2.158803   -0.658803 (VIOLATED)
ANTENNA_mprj.team_05_Wrapper.team_05_WB.instance_to_wrap_gpio_in[13]/DIODE    1.500000    2.156624   -0.656624 (VIOLATED)
mprj.team_05_Wrapper.team_05_WB.instance_to_wrap/gpio_in[13]    1.500000    2.156583   -0.656583 (VIOLATED)
ANTENNA_mprj.team_05_Wrapper.team_05_WB.instance_to_wrap_gpio_in[8]/DIODE    1.500000    2.156459   -0.656459 (VIOLATED)
mprj.team_05_Wrapper.team_05_WB.instance_to_wrap/gpio_in[8]    1.500000    2.156354   -0.656354 (VIOLATED)
ANTENNA_mprj.team_04_Wrapper.team_04_WB.instance_to_wrap_clk/DIODE    1.500000    2.154117   -0.654117 (VIOLATED)
mprj.team_04_Wrapper.team_04_WB.instance_to_wrap/clk    1.500000    2.154110   -0.654110 (VIOLATED)
_6542_/A1                               1.500000    2.153835   -0.653835 (VIOLATED)
ANTENNA__6542__A1/DIODE                 1.500000    2.153829   -0.653829 (VIOLATED)
_5033_/A0                               1.500000    2.148258   -0.648258 (VIOLATED)
ANTENNA__5033__A0/DIODE                 1.500000    2.148256   -0.648256 (VIOLATED)
ANTENNA__5039__A2/DIODE                 1.500000    2.148194   -0.648194 (VIOLATED)
_5039_/A2                               1.500000    2.148170   -0.648170 (VIOLATED)
mprj.team_03_Wrapper.team_03_WB.instance_to_wrap/clk    1.500000    2.147519   -0.647519 (VIOLATED)
ANTENNA_mprj.team_03_Wrapper.team_03_WB.instance_to_wrap_clk/DIODE    1.500000    2.147312   -0.647312 (VIOLATED)
mprj.team_05_Wrapper.team_05_WB.instance_to_wrap/clk    1.500000    2.144546   -0.644546 (VIOLATED)
ANTENNA_mprj.team_05_Wrapper.team_05_WB.instance_to_wrap_clk/DIODE    1.500000    2.144470   -0.644470 (VIOLATED)
ANTENNA_mprj.team_05_Wrapper.team_05_WB.instance_to_wrap_gpio_in[3]/DIODE    1.500000    2.144450   -0.644450 (VIOLATED)
mprj.team_05_Wrapper.team_05_WB.instance_to_wrap/gpio_in[3]    1.500000    2.144376   -0.644376 (VIOLATED)
mprj.team_02_Wrapper.team_02_WB.instance_to_wrap/clk    1.500000    2.141405   -0.641405 (VIOLATED)
ANTENNA_mprj.team_02_Wrapper.team_02_WB.instance_to_wrap_clk/DIODE    1.500000    2.141376   -0.641376 (VIOLATED)
ANTENNA_mprj.team_06_Wrapper.team_06_WB.instance_to_wrap_clk/DIODE    1.500000    2.139382   -0.639382 (VIOLATED)
mprj.team_06_Wrapper.team_06_WB.instance_to_wrap/clk    1.500000    2.139309   -0.639309 (VIOLATED)
ANTENNA_clkbuf_1_0_1_wb_clk_i_X/DIODE    1.500000    2.135832   -0.635832 (VIOLATED)
clkbuf_1_0_1_wb_clk_i/X                 1.500000    2.135715   -0.635715 (VIOLATED)
ANTENNA_mprj.team_01_Wrapper.team_01_WB.instance_to_wrap_ADR_O[29]/DIODE    1.500000    2.131145   -0.631145 (VIOLATED)
mprj.team_01_Wrapper.team_01_WB.instance_to_wrap/ADR_O[29]    1.500000    2.131129   -0.631129 (VIOLATED)
ANTENNA_mprj.team_02_Wrapper.team_02_WB.instance_to_wrap_gpio_out[21]/DIODE    1.500000    2.127194   -0.627194 (VIOLATED)
mprj.team_02_Wrapper.team_02_WB.instance_to_wrap/gpio_out[21]    1.500000    2.127177   -0.627177 (VIOLATED)
ANTENNA_mprj.team_09_Wrapper.team_09_WB.instance_to_wrap_gpio_in[5]/DIODE    1.500000    2.126774   -0.626774 (VIOLATED)
mprj.team_09_Wrapper.team_09_WB.instance_to_wrap/gpio_in[5]    1.500000    2.126765   -0.626765 (VIOLATED)
ANTENNA__4391__B1/DIODE                 1.500000    2.125293   -0.625293 (VIOLATED)
_4391_/B1                               1.500000    2.125285   -0.625285 (VIOLATED)
ANTENNA__4385__A0/DIODE                 1.500000    2.125273   -0.625273 (VIOLATED)
_4385_/A0                               1.500000    2.125250   -0.625250 (VIOLATED)
_7916_/A                                1.500000    2.122609   -0.622609 (VIOLATED)
ANTENNA_217/DIODE                       1.500000    2.122590   -0.622590 (VIOLATED)
ANTENNA__7916__A/DIODE                  1.500000    2.122573   -0.622573 (VIOLATED)
ANTENNA_218/DIODE                       1.500000    2.122545   -0.622545 (VIOLATED)
ANTENNA_mprj.team_07_Wrapper.team_07_WB.instance_to_wrap_clk/DIODE    1.500000    2.121211   -0.621211 (VIOLATED)
mprj.team_07_Wrapper.team_07_WB.instance_to_wrap/clk    1.500000    2.121210   -0.621210 (VIOLATED)
mprj.team_06_Wrapper.team_06_WB.instance_to_wrap/nrst    1.500000    2.108352   -0.608352 (VIOLATED)
ANTENNA_mprj.team_06_Wrapper.team_06_WB.instance_to_wrap_nrst/DIODE    1.500000    2.108338   -0.608339 (VIOLATED)
ANTENNA_mprj.team_02_Wrapper.team_02_WB.instance_to_wrap_gpio_in[7]/DIODE    1.500000    2.104634   -0.604634 (VIOLATED)
ANTENNA_mprj.team_11_Wrapper.team_11_WB.instance_to_wrap_clk/DIODE    1.500000    2.102999   -0.602999 (VIOLATED)
mprj.team_11_Wrapper.team_11_WB.instance_to_wrap/clk    1.500000    2.102464   -0.602465 (VIOLATED)
mprj.team_02_Wrapper.team_02_WB.instance_to_wrap/gpio_in[7]    1.500000    2.099148   -0.599148 (VIOLATED)
mprj.team_04_Wrapper.team_04_WB.instance_to_wrap/gpio_in[8]    1.500000    2.088087   -0.588087 (VIOLATED)
ANTENNA_mprj.team_04_Wrapper.team_04_WB.instance_to_wrap_gpio_in[8]/DIODE    1.500000    2.087813   -0.587813 (VIOLATED)
ANTENNA_mprj.team_05_Wrapper.team_05_WB.instance_to_wrap_gpio_in[7]/DIODE    1.500000    2.085592   -0.585592 (VIOLATED)
mprj.team_05_Wrapper.team_05_WB.instance_to_wrap/gpio_in[7]    1.500000    2.085510   -0.585510 (VIOLATED)
ANTENNA__6498__A/DIODE                  1.500000    2.080757   -0.580757 (VIOLATED)
_6498_/A                                1.500000    2.080753   -0.580753 (VIOLATED)
_4397_/A0                               1.500000    2.075395   -0.575395 (VIOLATED)
ANTENNA__4397__A0/DIODE                 1.500000    2.075392   -0.575392 (VIOLATED)
ANTENNA_16/DIODE                        1.500000    2.075349   -0.575349 (VIOLATED)
ANTENNA__4403__B1/DIODE                 1.500000    2.075318   -0.575318 (VIOLATED)
_4403_/B1                               1.500000    2.075293   -0.575293 (VIOLATED)
ANTENNA_17/DIODE                        1.500000    2.075184   -0.575184 (VIOLATED)
_4599_/A0                               1.500000    2.069604   -0.569604 (VIOLATED)
ANTENNA__4599__A0/DIODE                 1.500000    2.069594   -0.569594 (VIOLATED)
_4605_/A2                               1.500000    2.069584   -0.569584 (VIOLATED)
ANTENNA__4605__A2/DIODE                 1.500000    2.069583   -0.569583 (VIOLATED)
_4656_/A0                               1.500000    2.069582   -0.569582 (VIOLATED)
ANTENNA_34/DIODE                        1.500000    2.069576   -0.569576 (VIOLATED)
ANTENNA__4656__A0/DIODE                 1.500000    2.069565   -0.569565 (VIOLATED)
_4662_/B1                               1.500000    2.069534   -0.569534 (VIOLATED)
ANTENNA__4662__B1/DIODE                 1.500000    2.069497   -0.569497 (VIOLATED)
ANTENNA_813/DIODE                       1.500000    2.067080   -0.567080 (VIOLATED)
ANTENNA_812/DIODE                       1.500000    2.064250   -0.564250 (VIOLATED)
mprj.team_01_Wrapper.team_01_WB.instance_to_wrap/gpio_in[27]    1.500000    2.063286   -0.563286 (VIOLATED)
ANTENNA_mprj.team_01_Wrapper.team_01_WB.instance_to_wrap_gpio_in[27]/DIODE    1.500000    2.063246   -0.563246 (VIOLATED)
ANTENNA_mprj.team_10_Wrapper.team_10_WB.instance_to_wrap_gpio_in[32]/DIODE    1.500000    2.061161   -0.561161 (VIOLATED)
mprj.team_12_Wrapper.team_12_WB.instance_to_wrap/gpio_in[5]    1.500000    2.061042   -0.561042 (VIOLATED)
ANTENNA_mprj.team_12_Wrapper.team_12_WB.instance_to_wrap_gpio_in[5]/DIODE    1.500000    2.061022   -0.561022 (VIOLATED)
ANTENNA_mprj.team_01_Wrapper.team_01_WB.instance_to_wrap_ADR_O[10]/DIODE    1.500000    2.060381   -0.560381 (VIOLATED)
mprj.team_01_Wrapper.team_01_WB.instance_to_wrap/ADR_O[10]    1.500000    2.060357   -0.560357 (VIOLATED)
ANTENNA_mprj.team_03_Wrapper.team_03_WB.instance_to_wrap_gpio_in[27]/DIODE    1.500000    2.059074   -0.559074 (VIOLATED)
mprj.team_03_Wrapper.team_03_WB.instance_to_wrap/gpio_in[27]    1.500000    2.058916   -0.558917 (VIOLATED)
_4409_/A0                               1.500000    2.057767   -0.557767 (VIOLATED)
ANTENNA__4409__A0/DIODE                 1.500000    2.057751   -0.557751 (VIOLATED)
_4415_/B1                               1.500000    2.057723   -0.557723 (VIOLATED)
ANTENNA__4415__B1/DIODE                 1.500000    2.057720   -0.557720 (VIOLATED)
_4447_/A2                               1.500000    2.056406   -0.556406 (VIOLATED)
ANTENNA__4447__A2/DIODE                 1.500000    2.056402   -0.556402 (VIOLATED)
ANTENNA__4441__A0/DIODE                 1.500000    2.056399   -0.556399 (VIOLATED)
ANTENNA_18/DIODE                        1.500000    2.056395   -0.556395 (VIOLATED)
_4441_/A0                               1.500000    2.056308   -0.556308 (VIOLATED)
ANTENNA_mprj.team_05_Wrapper.team_05_WB.instance_to_wrap_gpio_in[24]/DIODE    1.500000    2.056083   -0.556083 (VIOLATED)
mprj.team_05_Wrapper.team_05_WB.instance_to_wrap/gpio_in[24]    1.500000    2.056072   -0.556072 (VIOLATED)
ANTENNA_mprj.team_01_Wrapper.team_01_WB.instance_to_wrap_DAT_O[12]/DIODE    1.500000    2.052798   -0.552798 (VIOLATED)
mprj.team_01_Wrapper.team_01_WB.instance_to_wrap/DAT_O[12]    1.500000    2.052752   -0.552752 (VIOLATED)
mprj.team_10_Wrapper.team_10_WB.instance_to_wrap/gpio_in[32]    1.500000    2.052280   -0.552280 (VIOLATED)
_4255_/A0                               1.500000    2.050641   -0.550641 (VIOLATED)
ANTENNA__4255__A0/DIODE                 1.500000    2.050620   -0.550620 (VIOLATED)
ANTENNA__4261__A2/DIODE                 1.500000    2.050595   -0.550595 (VIOLATED)
_4261_/A2                               1.500000    2.050565   -0.550565 (VIOLATED)
mprj.team_01_Wrapper.team_01_WB.instance_to_wrap/clk    1.500000    2.050026   -0.550026 (VIOLATED)
ANTENNA_mprj.team_01_Wrapper.team_01_WB.instance_to_wrap_clk/DIODE    1.500000    2.049325   -0.549325 (VIOLATED)
ANTENNA_mprj.team_05_Wrapper.team_05_WB.instance_to_wrap_gpio_in[22]/DIODE    1.500000    2.046135   -0.546135 (VIOLATED)
mprj.team_05_Wrapper.team_05_WB.instance_to_wrap/gpio_in[22]    1.500000    2.046124   -0.546125 (VIOLATED)
ANTENNA_mprj.team_01_Wrapper.team_01_WB.instance_to_wrap_ADR_O[27]/DIODE    1.500000    2.046012   -0.546012 (VIOLATED)
mprj.team_01_Wrapper.team_01_WB.instance_to_wrap/ADR_O[27]    1.500000    2.045907   -0.545907 (VIOLATED)
ANTENNA_mprj.team_02_Wrapper.team_02_WB.instance_to_wrap_gpio_in[24]/DIODE    1.500000    2.039854   -0.539854 (VIOLATED)
mprj.team_02_Wrapper.team_02_WB.instance_to_wrap/gpio_in[24]    1.500000    2.039647   -0.539647 (VIOLATED)
_4424_/A0                               1.500000    2.039322   -0.539322 (VIOLATED)
_4430_/A2                               1.500000    2.039290   -0.539290 (VIOLATED)
ANTENNA__4424__A0/DIODE                 1.500000    2.039275   -0.539275 (VIOLATED)
ANTENNA__4430__A2/DIODE                 1.500000    2.039265   -0.539265 (VIOLATED)
mprj.team_10_Wrapper.team_10_WB.instance_to_wrap/clk    1.500000    2.038423   -0.538423 (VIOLATED)
ANTENNA_mprj.team_10_Wrapper.team_10_WB.instance_to_wrap_clk/DIODE    1.500000    2.038390   -0.538390 (VIOLATED)
mprj.team_01_Wrapper.team_01_WB.instance_to_wrap/gpio_in[28]    1.500000    2.035971   -0.535971 (VIOLATED)
ANTENNA_mprj.team_01_Wrapper.team_01_WB.instance_to_wrap_gpio_in[28]/DIODE    1.500000    2.035945   -0.535946 (VIOLATED)
ANTENNA_mprj.team_10_Wrapper.team_10_WB.instance_to_wrap_gpio_in[18]/DIODE    1.500000    2.035723   -0.535723 (VIOLATED)
mprj.team_10_Wrapper.team_10_WB.instance_to_wrap/gpio_in[18]    1.500000    2.026653   -0.526653 (VIOLATED)
ANTENNA_mprj.team_06_Wrapper.team_06_WB.instance_to_wrap_gpio_in[24]/DIODE    1.500000    2.021068   -0.521068 (VIOLATED)
mprj.team_06_Wrapper.team_06_WB.instance_to_wrap/gpio_in[24]    1.500000    2.020819   -0.520819 (VIOLATED)
ANTENNA_clkbuf_1_1_1_wb_clk_i_X/DIODE    1.500000    2.019896   -0.519896 (VIOLATED)
clkbuf_1_1_1_wb_clk_i/X                 1.500000    2.019805   -0.519805 (VIOLATED)
_7747_/A1                               1.500000    2.019369   -0.519369 (VIOLATED)
ANTENNA__7747__A1/DIODE                 1.500000    2.019363   -0.519363 (VIOLATED)
ANTENNA__4204__A0/DIODE                 1.500000    2.019124   -0.519124 (VIOLATED)
_4204_/A0                               1.500000    2.019123   -0.519123 (VIOLATED)
ANTENNA__4210__A2/DIODE                 1.500000    2.019116   -0.519116 (VIOLATED)
_4210_/A2                               1.500000    2.019111   -0.519111 (VIOLATED)
_8014_/A                                1.500000    2.018051   -0.518051 (VIOLATED)
ANTENNA__8014__A/DIODE                  1.500000    2.018036   -0.518036 (VIOLATED)
ANTENNA_mprj.team_01_Wrapper.team_01_WB.instance_to_wrap_ADR_O[30]/DIODE    1.500000    2.013522   -0.513522 (VIOLATED)
mprj.team_01_Wrapper.team_01_WB.instance_to_wrap/ADR_O[30]    1.500000    2.013522   -0.513522 (VIOLATED)
ANTENNA_mprj.team_05_Wrapper.team_05_WB.instance_to_wrap_gpio_out[1]/DIODE    1.500000    2.002098   -0.502098 (VIOLATED)
mprj.team_05_Wrapper.team_05_WB.instance_to_wrap/gpio_out[1]    1.500000    2.002098   -0.502098 (VIOLATED)
ANTENNA__4372__A0/DIODE                 1.500000    1.996336   -0.496336 (VIOLATED)
_4372_/A0                               1.500000    1.996316   -0.496316 (VIOLATED)
_4378_/A2                               1.500000    1.996235   -0.496235 (VIOLATED)
ANTENNA__4378__A2/DIODE                 1.500000    1.996156   -0.496156 (VIOLATED)
ANTENNA__4476__B1/DIODE                 1.500000    1.991069   -0.491069 (VIOLATED)
_4476_/B1                               1.500000    1.991067   -0.491067 (VIOLATED)
ANTENNA__4470__A0/DIODE                 1.500000    1.991062   -0.491062 (VIOLATED)
_4470_/A0                               1.500000    1.991053   -0.491053 (VIOLATED)
ANTENNA_mprj.team_01_Wrapper.team_01_WB.instance_to_wrap_ADR_O[0]/DIODE    1.500000    1.985368   -0.485368 (VIOLATED)
mprj.team_01_Wrapper.team_01_WB.instance_to_wrap/ADR_O[0]    1.500000    1.985368   -0.485368 (VIOLATED)
ANTENNA__4367__A2/DIODE                 1.500000    1.980686   -0.480686 (VIOLATED)
_4367_/A2                               1.500000    1.980674   -0.480674 (VIOLATED)
ANTENNA__4361__A0/DIODE                 1.500000    1.980642   -0.480642 (VIOLATED)
_4361_/A0                               1.500000    1.980598   -0.480598 (VIOLATED)
mprj.team_10_Wrapper.team_10_WB.instance_to_wrap/gpio_in[33]    1.500000    1.977802   -0.477802 (VIOLATED)
ANTENNA_mprj.team_10_Wrapper.team_10_WB.instance_to_wrap_gpio_in[33]/DIODE    1.500000    1.977788   -0.477788 (VIOLATED)
ANTENNA_mprj.team_02_Wrapper.team_02_WB.instance_to_wrap_gpio_in[22]/DIODE    1.500000    1.975616   -0.475616 (VIOLATED)
ANTENNA_mprj.team_01_Wrapper.team_01_WB.instance_to_wrap_DAT_O[18]/DIODE    1.500000    1.975412   -0.475412 (VIOLATED)
mprj.team_01_Wrapper.team_01_WB.instance_to_wrap/DAT_O[18]    1.500000    1.975412   -0.475412 (VIOLATED)
mprj.team_08_Wrapper.team_08_WB.instance_to_wrap/gpio_in[14]    1.500000    1.974980   -0.474980 (VIOLATED)
ANTENNA_mprj.team_08_Wrapper.team_08_WB.instance_to_wrap_gpio_in[14]/DIODE    1.500000    1.974975   -0.474975 (VIOLATED)
mprj.team_02_Wrapper.team_02_WB.instance_to_wrap/gpio_in[22]    1.500000    1.974220   -0.474220 (VIOLATED)
mprj.team_03_Wrapper.team_03_WB.instance_to_wrap/gpio_in[28]    1.500000    1.968640   -0.468640 (VIOLATED)
ANTENNA_mprj.team_03_Wrapper.team_03_WB.instance_to_wrap_gpio_in[28]/DIODE    1.500000    1.968381   -0.468381 (VIOLATED)
_7981_/A                                1.500000    1.965199   -0.465199 (VIOLATED)
ANTENNA__7981__A/DIODE                  1.500000    1.965185   -0.465185 (VIOLATED)
mprj.team_07_Wrapper.team_07_WB.instance_to_wrap/gpio_in[33]    1.500000    1.958775   -0.458775 (VIOLATED)
ANTENNA_mprj.team_01_Wrapper.team_01_WB.instance_to_wrap_ADR_O[21]/DIODE    1.500000    1.957666   -0.457666 (VIOLATED)
mprj.team_01_Wrapper.team_01_WB.instance_to_wrap/ADR_O[21]    1.500000    1.957642   -0.457642 (VIOLATED)
ANTENNA_mprj.team_07_Wrapper.team_07_WB.instance_to_wrap_gpio_in[33]/DIODE    1.500000    1.957394   -0.457394 (VIOLATED)
ANTENNA_mprj.team_01_Wrapper.team_01_WB.instance_to_wrap_ADR_O[26]/DIODE    1.500000    1.956453   -0.456453 (VIOLATED)
mprj.team_01_Wrapper.team_01_WB.instance_to_wrap/ADR_O[26]    1.500000    1.956439   -0.456439 (VIOLATED)
ANTENNA__7912__A/DIODE                  1.500000    1.955353   -0.455353 (VIOLATED)
_7912_/A                                1.500000    1.955306   -0.455306 (VIOLATED)
ANTENNA_mprj.team_08_Wrapper.team_08_WB.instance_to_wrap_gpio_in[24]/DIODE    1.500000    1.953711   -0.453711 (VIOLATED)
ANTENNA_mprj.team_05_Wrapper.team_05_WB.instance_to_wrap_gpio_in[19]/DIODE    1.500000    1.948402   -0.448402 (VIOLATED)
mprj.team_05_Wrapper.team_05_WB.instance_to_wrap/gpio_in[19]    1.500000    1.948390   -0.448390 (VIOLATED)
mprj.team_08_Wrapper.team_08_WB.instance_to_wrap/gpio_in[24]    1.500000    1.947454   -0.447454 (VIOLATED)
_7970_/B2                               1.500000    1.946096   -0.446097 (VIOLATED)
ANTENNA__7970__B2/DIODE                 1.500000    1.946095   -0.446095 (VIOLATED)
ANTENNA_mprj.team_01_Wrapper.team_01_WB.instance_to_wrap_DAT_O[8]/DIODE    1.500000    1.937441   -0.437441 (VIOLATED)
mprj.team_01_Wrapper.team_01_WB.instance_to_wrap/DAT_O[8]    1.500000    1.937408   -0.437408 (VIOLATED)
ANTENNA_mprj.team_05_Wrapper.team_05_WB.instance_to_wrap_gpio_out[6]/DIODE    1.500000    1.932511   -0.432511 (VIOLATED)
mprj.team_05_Wrapper.team_05_WB.instance_to_wrap/gpio_out[6]    1.500000    1.932511   -0.432511 (VIOLATED)
ANTENNA__4356__A2/DIODE                 1.500000    1.926733   -0.426733 (VIOLATED)
_4356_/A2                               1.500000    1.926715   -0.426715 (VIOLATED)
ANTENNA__4350__A0/DIODE                 1.500000    1.926677   -0.426677 (VIOLATED)
_4350_/A0                               1.500000    1.926658   -0.426658 (VIOLATED)
ANTENNA__4433__A0/DIODE                 1.500000    1.924654   -0.424654 (VIOLATED)
_4433_/A0                               1.500000    1.924633   -0.424633 (VIOLATED)
ANTENNA__4439__A2/DIODE                 1.500000    1.924571   -0.424571 (VIOLATED)
_4439_/A2                               1.500000    1.924525   -0.424525 (VIOLATED)
mprj.team_11_Wrapper.team_11_WB.instance_to_wrap/gpio_in[33]    1.500000    1.923667   -0.423667 (VIOLATED)
ANTENNA_mprj.team_11_Wrapper.team_11_WB.instance_to_wrap_gpio_in[33]/DIODE    1.500000    1.923640   -0.423640 (VIOLATED)
ANTENNA__4387__A1/DIODE                 1.500000    1.921175   -0.421175 (VIOLATED)
_4387_/A1                               1.500000    1.921168   -0.421168 (VIOLATED)
_4394_/A2                               1.500000    1.920868   -0.420868 (VIOLATED)
ANTENNA__4394__A2/DIODE                 1.500000    1.920821   -0.420821 (VIOLATED)
_6247_/A1                               1.500000    1.920349   -0.420349 (VIOLATED)
ANTENNA__6247__A1/DIODE                 1.500000    1.920344   -0.420344 (VIOLATED)
ANTENNA_mprj.team_01_Wrapper.team_01_WB.instance_to_wrap_ADR_O[9]/DIODE    1.500000    1.920249   -0.420249 (VIOLATED)
mprj.team_01_Wrapper.team_01_WB.instance_to_wrap/ADR_O[9]    1.500000    1.920218   -0.420218 (VIOLATED)
_4339_/A0                               1.500000    1.914238   -0.414238 (VIOLATED)
ANTENNA__4339__A0/DIODE                 1.500000    1.914226   -0.414226 (VIOLATED)
_4345_/A2                               1.500000    1.914209   -0.414209 (VIOLATED)
ANTENNA__4345__A2/DIODE                 1.500000    1.914168   -0.414168 (VIOLATED)
mprj.team_04_Wrapper.team_04_WB.instance_to_wrap/gpio_in[28]    1.500000    1.913118   -0.413118 (VIOLATED)
ANTENNA_mprj.team_04_Wrapper.team_04_WB.instance_to_wrap_gpio_in[28]/DIODE    1.500000    1.913074   -0.413074 (VIOLATED)
ANTENNA__5090__A0/DIODE                 1.500000    1.912760   -0.412760 (VIOLATED)
_5090_/A0                               1.500000    1.912757   -0.412757 (VIOLATED)
_5096_/B1                               1.500000    1.912739   -0.412739 (VIOLATED)
ANTENNA__5096__B1/DIODE                 1.500000    1.912731   -0.412731 (VIOLATED)
ANTENNA_mprj.team_11_Wrapper.team_11_WB.instance_to_wrap_gpio_in[27]/DIODE    1.500000    1.912319   -0.412319 (VIOLATED)
mprj.team_11_Wrapper.team_11_WB.instance_to_wrap/gpio_in[27]    1.500000    1.912155   -0.412155 (VIOLATED)
ANTENNA_mprj.team_01_Wrapper.team_01_WB.instance_to_wrap_DAT_O[14]/DIODE    1.500000    1.906336   -0.406336 (VIOLATED)
mprj.team_01_Wrapper.team_01_WB.instance_to_wrap/DAT_O[14]    1.500000    1.906336   -0.406336 (VIOLATED)
ANTENNA_mprj.team_03_Wrapper.team_03_WB.instance_to_wrap_DAT_I[21]/DIODE    1.500000    1.904226   -0.404226 (VIOLATED)
mprj.team_03_Wrapper.team_03_WB.instance_to_wrap/DAT_I[21]    1.500000    1.904224   -0.404224 (VIOLATED)
mprj.team_08_Wrapper.team_08_WB.instance_to_wrap/gpio_in[6]    1.500000    1.900213   -0.400213 (VIOLATED)
ANTENNA_mprj.team_08_Wrapper.team_08_WB.instance_to_wrap_gpio_in[6]/DIODE    1.500000    1.900196   -0.400196 (VIOLATED)
hold400/X                               1.495067    1.894841   -0.399774 (VIOLATED)
ANTENNA_hold400_X/DIODE                 1.500000    1.894841   -0.394841 (VIOLATED)
ANTENNA_mprj.team_02_Wrapper.team_02_WB.instance_to_wrap_gpio_out[13]/DIODE    1.500000    1.894729   -0.394730 (VIOLATED)
mprj.team_02_Wrapper.team_02_WB.instance_to_wrap/gpio_out[13]    1.500000    1.894729   -0.394730 (VIOLATED)
ANTENNA_mprj.team_01_Wrapper.team_01_WB.instance_to_wrap_ADR_O[15]/DIODE    1.500000    1.893908   -0.393908 (VIOLATED)
mprj.team_01_Wrapper.team_01_WB.instance_to_wrap/ADR_O[15]    1.500000    1.893904   -0.393904 (VIOLATED)
ANTENNA__4634__A2/DIODE                 1.500000    1.893592   -0.393592 (VIOLATED)
ANTENNA__4628__A0/DIODE                 1.500000    1.893588   -0.393588 (VIOLATED)
_4628_/A0                               1.500000    1.893545   -0.393545 (VIOLATED)
_4634_/A2                               1.500000    1.893526   -0.393526 (VIOLATED)
ANTENNA__4302__A0/DIODE                 1.500000    1.893262   -0.393262 (VIOLATED)
_4302_/A0                               1.500000    1.893257   -0.393257 (VIOLATED)
_4308_/A2                               1.500000    1.893152   -0.393152 (VIOLATED)
ANTENNA__4308__A2/DIODE                 1.500000    1.893014   -0.393014 (VIOLATED)
ANTENNA_mprj.team_01_Wrapper.team_01_WB.instance_to_wrap_ADR_O[11]/DIODE    1.500000    1.886814   -0.386814 (VIOLATED)
mprj.team_01_Wrapper.team_01_WB.instance_to_wrap/ADR_O[11]    1.500000    1.886800   -0.386800 (VIOLATED)
ANTENNA_mprj.team_05_Wrapper.team_05_WB.instance_to_wrap_gpio_out[9]/DIODE    1.500000    1.885600   -0.385600 (VIOLATED)
mprj.team_05_Wrapper.team_05_WB.instance_to_wrap/gpio_out[9]    1.500000    1.885600   -0.385600 (VIOLATED)
_6396_/B2                               1.500000    1.884786   -0.384786 (VIOLATED)
ANTENNA__6396__B2/DIODE                 1.500000    1.884769   -0.384769 (VIOLATED)
ANTENNA_263/DIODE                       1.500000    1.884761   -0.384761 (VIOLATED)
ANTENNA_262/DIODE                       1.500000    1.884744   -0.384744 (VIOLATED)
ANTENNA_265/DIODE                       1.500000    1.884704   -0.384704 (VIOLATED)
ANTENNA_264/DIODE                       1.500000    1.884676   -0.384677 (VIOLATED)
_4152_/A0                               1.500000    1.884190   -0.384190 (VIOLATED)
_4158_/A2                               1.500000    1.884185   -0.384185 (VIOLATED)
ANTENNA__4152__A0/DIODE                 1.500000    1.884178   -0.384178 (VIOLATED)
ANTENNA__4158__A2/DIODE                 1.500000    1.884174   -0.384174 (VIOLATED)
_7935_/A                                1.500000    1.883649   -0.383649 (VIOLATED)
ANTENNA__7935__A/DIODE                  1.500000    1.883633   -0.383633 (VIOLATED)
ANTENNA_mprj.team_06_Wrapper.team_06_WB.instance_to_wrap_gpio_in[14]/DIODE    1.500000    1.882083   -0.382083 (VIOLATED)
mprj.team_06_Wrapper.team_06_WB.instance_to_wrap/gpio_in[6]    1.500000    1.881442   -0.381442 (VIOLATED)
mprj.team_06_Wrapper.team_06_WB.instance_to_wrap/gpio_in[14]    1.500000    1.881371   -0.381371 (VIOLATED)
ANTENNA_mprj.team_06_Wrapper.team_06_WB.instance_to_wrap_gpio_in[6]/DIODE    1.500000    1.880519   -0.380519 (VIOLATED)
ANTENNA_mprj.team_02_Wrapper.team_02_WB.instance_to_wrap_gpio_in[19]/DIODE    1.500000    1.879577   -0.379577 (VIOLATED)
mprj.team_07_Wrapper.team_07_WB.instance_to_wrap/gpio_in[27]    1.500000    1.879324   -0.379324 (VIOLATED)
_4686_/A0                               1.500000    1.879310   -0.379310 (VIOLATED)
ANTENNA__4686__A0/DIODE                 1.500000    1.879304   -0.379304 (VIOLATED)
ANTENNA_mprj.team_07_Wrapper.team_07_WB.instance_to_wrap_gpio_in[27]/DIODE    1.500000    1.879264   -0.379264 (VIOLATED)
_4692_/A2                               1.500000    1.879257   -0.379257 (VIOLATED)
ANTENNA__4692__A2/DIODE                 1.500000    1.879202   -0.379202 (VIOLATED)
mprj.team_02_Wrapper.team_02_WB.instance_to_wrap/gpio_in[19]    1.500000    1.879031   -0.379031 (VIOLATED)
mprj.team_06_Wrapper.team_06_WB.instance_to_wrap/gpio_in[22]    1.500000    1.878809   -0.378809 (VIOLATED)
ANTENNA_mprj.team_06_Wrapper.team_06_WB.instance_to_wrap_gpio_in[22]/DIODE    1.500000    1.878227   -0.378227 (VIOLATED)
_4231_/A0                               1.500000    1.876323   -0.376323 (VIOLATED)
ANTENNA__4231__A0/DIODE                 1.500000    1.876314   -0.376314 (VIOLATED)
ANTENNA__4237__A2/DIODE                 1.500000    1.876290   -0.376290 (VIOLATED)
_4237_/A2                               1.500000    1.876275   -0.376275 (VIOLATED)
ANTENNA_mprj.team_01_Wrapper.team_01_WB.instance_to_wrap_ADR_O[16]/DIODE    1.500000    1.875946   -0.375946 (VIOLATED)
mprj.team_01_Wrapper.team_01_WB.instance_to_wrap/ADR_O[16]    1.500000    1.875946   -0.375946 (VIOLATED)
fanout599/A                             1.500000    1.867686   -0.367686 (VIOLATED)
ANTENNA_fanout599_A/DIODE               1.500000    1.867676   -0.367676 (VIOLATED)
ANTENNA_mprj.team_09_Wrapper.team_09_WB.instance_to_wrap_gpio_in[6]/DIODE    1.500000    1.867185   -0.367185 (VIOLATED)
mprj.team_09_Wrapper.team_09_WB.instance_to_wrap/gpio_in[6]    1.500000    1.867102   -0.367102 (VIOLATED)
hold399/X                               1.495067    1.862099   -0.367032 (VIOLATED)
_4333_/A2                               1.500000    1.862596   -0.362596 (VIOLATED)
ANTENNA__4327__A0/DIODE                 1.500000    1.862585   -0.362585 (VIOLATED)
_4327_/A0                               1.500000    1.862584   -0.362584 (VIOLATED)
ANTENNA__4333__A2/DIODE                 1.500000    1.862562   -0.362562 (VIOLATED)
ANTENNA__7564__A/DIODE                  1.500000    1.862138   -0.362138 (VIOLATED)
_7564_/A                                1.500000    1.862138   -0.362138 (VIOLATED)
_7580_/A                                1.500000    1.862138   -0.362138 (VIOLATED)
ANTENNA__7580__A/DIODE                  1.500000    1.862137   -0.362137 (VIOLATED)
ANTENNA__7563__A/DIODE                  1.500000    1.862134   -0.362134 (VIOLATED)
_7563_/A                                1.500000    1.862134   -0.362134 (VIOLATED)
_7571_/A                                1.500000    1.862134   -0.362134 (VIOLATED)
ANTENNA__7571__A/DIODE                  1.500000    1.862133   -0.362133 (VIOLATED)
ANTENNA_mprj.team_08_Wrapper.team_08_WB.instance_to_wrap_gpio_out[20]/DIODE    1.500000    1.862120   -0.362120 (VIOLATED)
ANTENNA_hold399_X/DIODE                 1.500000    1.862099   -0.362099 (VIOLATED)
mprj.team_08_Wrapper.team_08_WB.instance_to_wrap/gpio_out[20]    1.500000    1.862084   -0.362084 (VIOLATED)
ANTENNA_mprj.team_01_Wrapper.team_01_WB.instance_to_wrap_ADR_O[20]/DIODE    1.500000    1.860599   -0.360599 (VIOLATED)
mprj.team_01_Wrapper.team_01_WB.instance_to_wrap/ADR_O[20]    1.500000    1.860599   -0.360599 (VIOLATED)
_4457_/A2                               1.500000    1.859790   -0.359790 (VIOLATED)
ANTENNA__4457__A2/DIODE                 1.500000    1.859790   -0.359790 (VIOLATED)
ANTENNA__4451__A0/DIODE                 1.500000    1.859750   -0.359750 (VIOLATED)
_4451_/A0                               1.500000    1.859680   -0.359680 (VIOLATED)
ANTENNA__4164__A0/DIODE                 1.500000    1.857217   -0.357217 (VIOLATED)
_4164_/A0                               1.500000    1.857217   -0.357217 (VIOLATED)
ANTENNA__4170__A2/DIODE                 1.500000    1.857197   -0.357197 (VIOLATED)
_4170_/A2                               1.500000    1.857167   -0.357167 (VIOLATED)
ANTENNA__4482__A0/DIODE                 1.500000    1.853900   -0.353900 (VIOLATED)
_4482_/A0                               1.500000    1.853899   -0.353899 (VIOLATED)
ANTENNA__4488__A2/DIODE                 1.500000    1.853844   -0.353844 (VIOLATED)
_4488_/A2                               1.500000    1.853820   -0.353820 (VIOLATED)
ANTENNA_mprj.team_01_Wrapper.team_01_WB.instance_to_wrap_ADR_O[18]/DIODE    1.500000    1.850815   -0.350816 (VIOLATED)
mprj.team_01_Wrapper.team_01_WB.instance_to_wrap/ADR_O[18]    1.500000    1.850815   -0.350816 (VIOLATED)
ANTENNA_mprj.team_08_Wrapper.team_08_WB.instance_to_wrap_gpio_in[21]/DIODE    1.500000    1.847546   -0.347546 (VIOLATED)
ANTENNA__4897__B1/DIODE                 1.500000    1.847136   -0.347136 (VIOLATED)
_4897_/B1                               1.500000    1.847135   -0.347135 (VIOLATED)
ANTENNA__4891__A0/DIODE                 1.500000    1.847125   -0.347125 (VIOLATED)
_4891_/A0                               1.500000    1.847113   -0.347113 (VIOLATED)
ANTENNA_mprj.team_01_Wrapper.team_01_WB.instance_to_wrap_ADR_O[14]/DIODE    1.500000    1.845647   -0.345647 (VIOLATED)
mprj.team_01_Wrapper.team_01_WB.instance_to_wrap/ADR_O[14]    1.500000    1.845625   -0.345625 (VIOLATED)
ANTENNA_mprj.team_05_Wrapper.team_05_WB.instance_to_wrap_gpio_in[23]/DIODE    1.500000    1.844885   -0.344885 (VIOLATED)
mprj.team_05_Wrapper.team_05_WB.instance_to_wrap/gpio_in[23]    1.500000    1.844876   -0.344876 (VIOLATED)
ANTENNA_mprj.team_01_Wrapper.team_01_WB.instance_to_wrap_DAT_O[28]/DIODE    1.500000    1.841915   -0.341915 (VIOLATED)
mprj.team_01_Wrapper.team_01_WB.instance_to_wrap/DAT_O[28]    1.500000    1.841915   -0.341915 (VIOLATED)
_4546_/A0                               1.500000    1.841861   -0.341861 (VIOLATED)
ANTENNA__4546__A0/DIODE                 1.500000    1.841845   -0.341845 (VIOLATED)
_4552_/A2                               1.500000    1.841793   -0.341793 (VIOLATED)
ANTENNA__4552__A2/DIODE                 1.500000    1.841704   -0.341704 (VIOLATED)
_4554_/A2                               1.500000    1.841652   -0.341652 (VIOLATED)
ANTENNA__4554__A2/DIODE                 1.500000    1.841620   -0.341620 (VIOLATED)
_4548_/A1                               1.500000    1.841596   -0.341596 (VIOLATED)
ANTENNA__4548__A1/DIODE                 1.500000    1.841533   -0.341533 (VIOLATED)
mprj.team_08_Wrapper.team_08_WB.instance_to_wrap/gpio_in[21]    1.500000    1.838903   -0.338903 (VIOLATED)
ANTENNA_mprj.team_03_Wrapper.team_03_WB.instance_to_wrap_ADR_O[10]/DIODE    1.500000    1.836965   -0.336965 (VIOLATED)
mprj.team_03_Wrapper.team_03_WB.instance_to_wrap/ADR_O[10]    1.500000    1.836965   -0.336965 (VIOLATED)
_4534_/A2                               1.500000    1.836708   -0.336708 (VIOLATED)
ANTENNA__4534__A2/DIODE                 1.500000    1.836695   -0.336695 (VIOLATED)
ANTENNA__4528__A0/DIODE                 1.500000    1.836661   -0.336661 (VIOLATED)
_4528_/A0                               1.500000    1.836585   -0.336585 (VIOLATED)
_4500_/B1                               1.500000    1.836531   -0.336531 (VIOLATED)
ANTENNA__4500__B1/DIODE                 1.500000    1.836522   -0.336522 (VIOLATED)
ANTENNA__4494__A0/DIODE                 1.500000    1.836508   -0.336508 (VIOLATED)
_4494_/A0                               1.500000    1.836466   -0.336466 (VIOLATED)
ANTENNA_mprj.team_08_Wrapper.team_08_WB.instance_to_wrap_gpio_in[4]/DIODE    1.500000    1.833683   -0.333684 (VIOLATED)
mprj.team_08_Wrapper.team_08_WB.instance_to_wrap/gpio_in[4]    1.500000    1.833673   -0.333673 (VIOLATED)
ANTENNA_mprj.team_02_Wrapper.team_02_WB.instance_to_wrap_gpio_in[23]/DIODE    1.500000    1.831681   -0.331681 (VIOLATED)
mprj.team_02_Wrapper.team_02_WB.instance_to_wrap/gpio_in[23]    1.500000    1.831356   -0.331356 (VIOLATED)
ANTENNA_379/DIODE                       1.500000    1.826777   -0.326777 (VIOLATED)
ANTENNA_378/DIODE                       1.500000    1.826769   -0.326769 (VIOLATED)
ANTENNA_377/DIODE                       1.500000    1.826759   -0.326759 (VIOLATED)
ANTENNA__7886__A1/DIODE                 1.500000    1.826691   -0.326691 (VIOLATED)
_7886_/A1                               1.500000    1.826689   -0.326689 (VIOLATED)
ANTENNA__4154__A1/DIODE                 1.500000    1.822986   -0.322987 (VIOLATED)
_4154_/A1                               1.500000    1.822985   -0.322985 (VIOLATED)
ANTENNA__4160__A2/DIODE                 1.500000    1.822970   -0.322970 (VIOLATED)
_4160_/A2                               1.500000    1.822959   -0.322959 (VIOLATED)
ANTENNA_mprj.team_01_Wrapper.team_01_WB.instance_to_wrap_ADR_O[13]/DIODE    1.500000    1.820190   -0.320190 (VIOLATED)
mprj.team_01_Wrapper.team_01_WB.instance_to_wrap/ADR_O[13]    1.500000    1.820174   -0.320174 (VIOLATED)
_7953_/A1                               1.500000    1.818285   -0.318285 (VIOLATED)
ANTENNA__7953__A1/DIODE                 1.500000    1.818271   -0.318271 (VIOLATED)
ANTENNA_mprj.team_04_Wrapper.team_04_WB.instance_to_wrap_gpio_in[27]/DIODE    1.500000    1.816587   -0.316587 (VIOLATED)
_8132_/A                                1.500000    1.816480   -0.316480 (VIOLATED)
ANTENNA__8132__A/DIODE                  1.500000    1.816465   -0.316465 (VIOLATED)
mprj.team_04_Wrapper.team_04_WB.instance_to_wrap/gpio_in[27]    1.500000    1.816286   -0.316286 (VIOLATED)
mprj.team_06_Wrapper.team_06_WB.instance_to_wrap/gpio_in[23]    1.500000    1.814585   -0.314585 (VIOLATED)
ANTENNA_mprj.team_06_Wrapper.team_06_WB.instance_to_wrap_gpio_in[23]/DIODE    1.500000    1.813898   -0.313898 (VIOLATED)
ANTENNA_mprj.team_12_Wrapper.team_12_WB.instance_to_wrap_gpio_in[6]/DIODE    1.500000    1.807493   -0.307493 (VIOLATED)
mprj.team_12_Wrapper.team_12_WB.instance_to_wrap/gpio_in[6]    1.500000    1.807492   -0.307492 (VIOLATED)
ANTENNA_mprj.team_01_Wrapper.team_01_WB.instance_to_wrap_ADR_O[2]/DIODE    1.500000    1.805681   -0.305681 (VIOLATED)
mprj.team_01_Wrapper.team_01_WB.instance_to_wrap/ADR_O[2]    1.500000    1.805678   -0.305678 (VIOLATED)
ANTENNA__4778__A1/DIODE                 1.500000    1.805356   -0.305356 (VIOLATED)
_4778_/A1                               1.500000    1.805346   -0.305346 (VIOLATED)
ANTENNA__4784__A2/DIODE                 1.500000    1.805305   -0.305305 (VIOLATED)
_4784_/A2                               1.500000    1.805290   -0.305290 (VIOLATED)
ANTENNA_mprj.team_06_Wrapper.team_06_WB.instance_to_wrap_gpio_oeb[8]/DIODE    1.500000    1.801589   -0.301589 (VIOLATED)
mprj.team_06_Wrapper.team_06_WB.instance_to_wrap/gpio_oeb[8]    1.500000    1.801580   -0.301580 (VIOLATED)
ANTENNA_mprj.team_03_Wrapper.team_03_WB.instance_to_wrap_ADR_O[16]/DIODE    1.500000    1.800734   -0.300734 (VIOLATED)
mprj.team_03_Wrapper.team_03_WB.instance_to_wrap/ADR_O[16]    1.500000    1.800734   -0.300734 (VIOLATED)
ANTENNA_mprj.team_01_Wrapper.team_01_WB.instance_to_wrap_ADR_O[23]/DIODE    1.500000    1.797081   -0.297081 (VIOLATED)
mprj.team_01_Wrapper.team_01_WB.instance_to_wrap/ADR_O[23]    1.500000    1.797044   -0.297044 (VIOLATED)
ANTENNA_mprj.team_01_Wrapper.team_01_WB.instance_to_wrap_ADR_O[25]/DIODE    1.500000    1.795079   -0.295079 (VIOLATED)
mprj.team_01_Wrapper.team_01_WB.instance_to_wrap/ADR_O[25]    1.500000    1.795056   -0.295056 (VIOLATED)
_4730_/A0                               1.500000    1.794722   -0.294722 (VIOLATED)
ANTENNA__4730__A0/DIODE                 1.500000    1.794715   -0.294715 (VIOLATED)
_4736_/A2                               1.500000    1.794646   -0.294646 (VIOLATED)
ANTENNA__4736__A2/DIODE                 1.500000    1.794576   -0.294576 (VIOLATED)
ANTENNA_mprj.team_01_Wrapper.team_01_WB.instance_to_wrap_ADR_O[8]/DIODE    1.500000    1.793912   -0.293912 (VIOLATED)
mprj.team_01_Wrapper.team_01_WB.instance_to_wrap/ADR_O[8]    1.500000    1.793910   -0.293910 (VIOLATED)
ANTENNA_mprj.team_01_Wrapper.team_01_WB.instance_to_wrap_ADR_O[12]/DIODE    1.500000    1.793888   -0.293888 (VIOLATED)
mprj.team_01_Wrapper.team_01_WB.instance_to_wrap/ADR_O[12]    1.500000    1.793871   -0.293871 (VIOLATED)
ANTENNA_mprj.team_01_Wrapper.team_01_WB.instance_to_wrap_ADR_O[22]/DIODE    1.500000    1.793526   -0.293526 (VIOLATED)
mprj.team_01_Wrapper.team_01_WB.instance_to_wrap/ADR_O[22]    1.500000    1.793523   -0.293523 (VIOLATED)
_6252_/B2                               1.500000    1.793272   -0.293272 (VIOLATED)
ANTENNA__6252__B2/DIODE                 1.500000    1.793251   -0.293251 (VIOLATED)
mprj.team_06_Wrapper.team_06_WB.instance_to_wrap/gpio_in[19]    1.500000    1.789324   -0.289324 (VIOLATED)
ANTENNA_mprj.team_06_Wrapper.team_06_WB.instance_to_wrap_gpio_in[19]/DIODE    1.500000    1.788896   -0.288896 (VIOLATED)
_4273_/A1                               1.500000    1.787758   -0.287758 (VIOLATED)
ANTENNA__4273__A1/DIODE                 1.500000    1.787748   -0.287748 (VIOLATED)
_4295_/B                                1.500000    1.787542   -0.287542 (VIOLATED)
ANTENNA__4295__B/DIODE                  1.500000    1.787494   -0.287494 (VIOLATED)
_4288_/C                                1.500000    1.787258   -0.287258 (VIOLATED)
ANTENNA__4288__C/DIODE                  1.500000    1.787192   -0.287192 (VIOLATED)
_8120_/A                                1.500000    1.782433   -0.282433 (VIOLATED)
ANTENNA__8120__A/DIODE                  1.500000    1.782432   -0.282432 (VIOLATED)
ANTENNA_mprj.team_10_Wrapper.team_10_WB.instance_to_wrap_gpio_in[27]/DIODE    1.500000    1.782291   -0.282291 (VIOLATED)
ANTENNA__4991__A0/DIODE                 1.500000    1.779805   -0.279805 (VIOLATED)
_4991_/A0                               1.500000    1.779797   -0.279797 (VIOLATED)
_4997_/A2                               1.500000    1.779732   -0.279733 (VIOLATED)
ANTENNA__4997__A2/DIODE                 1.500000    1.779662   -0.279662 (VIOLATED)
ANTENNA_mprj.team_05_Wrapper.team_05_WB.instance_to_wrap_gpio_out[8]/DIODE    1.500000    1.779325   -0.279325 (VIOLATED)
mprj.team_05_Wrapper.team_05_WB.instance_to_wrap/gpio_out[8]    1.500000    1.779325   -0.279325 (VIOLATED)
mprj.team_10_Wrapper.team_10_WB.instance_to_wrap/gpio_in[27]    1.500000    1.778185   -0.278185 (VIOLATED)
mprj.team_08_Wrapper.team_08_WB.instance_to_wrap/gpio_in[12]    1.500000    1.773711   -0.273711 (VIOLATED)
ANTENNA_mprj.team_08_Wrapper.team_08_WB.instance_to_wrap_gpio_in[12]/DIODE    1.500000    1.773687   -0.273687 (VIOLATED)
_4968_/A2                               1.500000    1.773651   -0.273651 (VIOLATED)
ANTENNA__4968__A2/DIODE                 1.500000    1.773620   -0.273620 (VIOLATED)
ANTENNA__4962__A0/DIODE                 1.500000    1.773556   -0.273556 (VIOLATED)
_4962_/A0                               1.500000    1.773490   -0.273490 (VIOLATED)
ANTENNA_220/DIODE                       1.500000    1.768700   -0.268700 (VIOLATED)
ANTENNA__6598__A/DIODE                  1.500000    1.768689   -0.268689 (VIOLATED)
_6598_/A                                1.500000    1.768679   -0.268679 (VIOLATED)
ANTENNA_219/DIODE                       1.500000    1.768657   -0.268657 (VIOLATED)
ANTENNA_mprj.team_02_Wrapper.team_02_WB.instance_to_wrap_gpio_in[14]/DIODE    1.500000    1.768089   -0.268089 (VIOLATED)
ANTENNA__4671__A0/DIODE                 1.500000    1.767945   -0.267945 (VIOLATED)
_4671_/A0                               1.500000    1.767929   -0.267929 (VIOLATED)
ANTENNA__4677__B1/DIODE                 1.500000    1.767901   -0.267901 (VIOLATED)
_4677_/B1                               1.500000    1.767884   -0.267884 (VIOLATED)
ANTENNA_mprj.team_07_Wrapper.team_07_WB.instance_to_wrap_gpio_out[17]/DIODE    1.500000    1.767868   -0.267868 (VIOLATED)
mprj.team_07_Wrapper.team_07_WB.instance_to_wrap/gpio_out[17]    1.500000    1.767868   -0.267868 (VIOLATED)
ANTENNA_mprj.team_06_Wrapper.team_06_WB.instance_to_wrap_gpio_out[6]/DIODE    1.500000    1.767761   -0.267761 (VIOLATED)
mprj.team_06_Wrapper.team_06_WB.instance_to_wrap/gpio_out[6]    1.500000    1.767761   -0.267761 (VIOLATED)
ANTENNA__5076__A0/DIODE                 1.500000    1.766168   -0.266168 (VIOLATED)
ANTENNA__5082__A2/DIODE                 1.500000    1.766165   -0.266165 (VIOLATED)
_5082_/A2                               1.500000    1.766162   -0.266162 (VIOLATED)
_5076_/A0                               1.500000    1.766079   -0.266079 (VIOLATED)
mprj.team_02_Wrapper.team_02_WB.instance_to_wrap/gpio_in[14]    1.500000    1.763731   -0.263731 (VIOLATED)
ANTENNA_mprj.team_01_Wrapper.team_01_WB.instance_to_wrap_ADR_O[1]/DIODE    1.500000    1.758758   -0.258758 (VIOLATED)
mprj.team_01_Wrapper.team_01_WB.instance_to_wrap/ADR_O[1]    1.500000    1.758749   -0.258749 (VIOLATED)
ANTENNA__4716__A0/DIODE                 1.500000    1.758383   -0.258383 (VIOLATED)
_4716_/A0                               1.500000    1.758363   -0.258364 (VIOLATED)
_4722_/A2                               1.500000    1.758283   -0.258283 (VIOLATED)
ANTENNA__4722__A2/DIODE                 1.500000    1.758232   -0.258232 (VIOLATED)
mprj.team_05_Wrapper.team_05_WB.instance_to_wrap/gpio_in[26]    1.500000    1.756434   -0.256434 (VIOLATED)
ANTENNA_mprj.team_05_Wrapper.team_05_WB.instance_to_wrap_gpio_in[26]/DIODE    1.500000    1.756423   -0.256423 (VIOLATED)
ANTENNA_mprj.team_08_Wrapper.team_08_WB.instance_to_wrap_gpio_in[23]/DIODE    1.500000    1.754703   -0.254703 (VIOLATED)
ANTENNA_mprj.team_02_Wrapper.team_02_WB.instance_to_wrap_gpio_in[6]/DIODE    1.500000    1.754417   -0.254417 (VIOLATED)
_4940_/A2                               1.500000    1.753675   -0.253675 (VIOLATED)
ANTENNA__4940__A2/DIODE                 1.500000    1.753649   -0.253649 (VIOLATED)
ANTENNA__4934__A0/DIODE                 1.500000    1.753614   -0.253614 (VIOLATED)
_4934_/A0                               1.500000    1.753536   -0.253536 (VIOLATED)
ANTENNA__5025__A2/DIODE                 1.500000    1.753280   -0.253280 (VIOLATED)
_5025_/A2                               1.500000    1.753263   -0.253263 (VIOLATED)
ANTENNA__4195__A0/DIODE                 1.500000    1.753219   -0.253219 (VIOLATED)
_4195_/A0                               1.500000    1.753216   -0.253216 (VIOLATED)
_4201_/A2                               1.500000    1.753201   -0.253201 (VIOLATED)
ANTENNA__4201__A2/DIODE                 1.500000    1.753185   -0.253185 (VIOLATED)
_5019_/A0                               1.500000    1.753127   -0.253127 (VIOLATED)
ANTENNA__5019__A0/DIODE                 1.500000    1.753030   -0.253030 (VIOLATED)
mprj.team_06_Wrapper.team_06_WB.instance_to_wrap/gpio_in[4]    1.500000    1.752235   -0.252235 (VIOLATED)
ANTENNA_mprj.team_06_Wrapper.team_06_WB.instance_to_wrap_gpio_in[4]/DIODE    1.500000    1.752107   -0.252107 (VIOLATED)
ANTENNA_mprj.team_01_Wrapper.team_01_WB.instance_to_wrap_DAT_O[6]/DIODE    1.500000    1.751166   -0.251166 (VIOLATED)
mprj.team_01_Wrapper.team_01_WB.instance_to_wrap/DAT_O[6]    1.500000    1.751166   -0.251166 (VIOLATED)
ANTENNA_mprj.team_07_Wrapper.team_07_WB.instance_to_wrap_gpio_out[12]/DIODE    1.500000    1.750636   -0.250636 (VIOLATED)
mprj.team_07_Wrapper.team_07_WB.instance_to_wrap/gpio_out[12]    1.500000    1.750636   -0.250636 (VIOLATED)
mprj.team_08_Wrapper.team_08_WB.instance_to_wrap/gpio_in[23]    1.500000    1.748096   -0.248096 (VIOLATED)
ANTENNA_mprj.team_01_Wrapper.team_01_WB.instance_to_wrap_ADR_O[31]/DIODE    1.500000    1.746231   -0.246231 (VIOLATED)
mprj.team_01_Wrapper.team_01_WB.instance_to_wrap/ADR_O[31]    1.500000    1.746231   -0.246231 (VIOLATED)
_8058_/A1                               1.500000    1.745628   -0.245628 (VIOLATED)
ANTENNA__8058__A1/DIODE                 1.500000    1.745625   -0.245626 (VIOLATED)
mprj.team_02_Wrapper.team_02_WB.instance_to_wrap/gpio_in[6]    1.500000    1.744674   -0.244675 (VIOLATED)
ANTENNA__5063__A1/DIODE                 1.500000    1.743229   -0.243229 (VIOLATED)
_5063_/A1                               1.500000    1.743229   -0.243229 (VIOLATED)
ANTENNA__5070__A2/DIODE                 1.500000    1.743223   -0.243223 (VIOLATED)
_5070_/A2                               1.500000    1.743218   -0.243218 (VIOLATED)
mprj.team_03_Wrapper.team_03_WB.instance_to_wrap/gpio_in[22]    1.500000    1.740478   -0.240478 (VIOLATED)
ANTENNA_mprj.team_03_Wrapper.team_03_WB.instance_to_wrap_gpio_in[22]/DIODE    1.500000    1.740206   -0.240206 (VIOLATED)
ANTENNA_mprj.team_03_Wrapper.team_03_WB.instance_to_wrap_DAT_O[16]/DIODE    1.500000    1.738407   -0.238407 (VIOLATED)
mprj.team_03_Wrapper.team_03_WB.instance_to_wrap/DAT_O[16]    1.500000    1.738407   -0.238407 (VIOLATED)
ANTENNA_mprj.team_01_Wrapper.team_01_WB.instance_to_wrap_DAT_O[10]/DIODE    1.500000    1.738325   -0.238326 (VIOLATED)
mprj.team_01_Wrapper.team_01_WB.instance_to_wrap/DAT_O[10]    1.500000    1.738178   -0.238178 (VIOLATED)
ANTENNA_mprj.team_02_Wrapper.team_02_WB.instance_to_wrap_gpio_in[26]/DIODE    1.500000    1.737226   -0.237226 (VIOLATED)
mprj.team_02_Wrapper.team_02_WB.instance_to_wrap/gpio_in[26]    1.500000    1.737096   -0.237096 (VIOLATED)
ANTENNA_mprj.team_04_Wrapper.team_04_WB.instance_to_wrap_gpio_in[22]/DIODE    1.500000    1.737071   -0.237071 (VIOLATED)
mprj.team_04_Wrapper.team_04_WB.instance_to_wrap/gpio_in[22]    1.500000    1.736919   -0.236919 (VIOLATED)
ANTENNA_mprj.team_06_Wrapper.team_06_WB.instance_to_wrap_gpio_out[10]/DIODE    1.500000    1.735542   -0.235542 (VIOLATED)
mprj.team_06_Wrapper.team_06_WB.instance_to_wrap/gpio_out[10]    1.500000    1.735542   -0.235542 (VIOLATED)
_7989_/A1                               1.500000    1.732976   -0.232976 (VIOLATED)
ANTENNA__7989__A1/DIODE                 1.500000    1.732936   -0.232936 (VIOLATED)
ANTENNA_mprj.team_03_Wrapper.team_03_WB.instance_to_wrap_WE_O/DIODE    1.500000    1.731909   -0.231909 (VIOLATED)
mprj.team_03_Wrapper.team_03_WB.instance_to_wrap/WE_O    1.500000    1.731871   -0.231872 (VIOLATED)
_4453_/A1                               1.500000    1.731262   -0.231262 (VIOLATED)
ANTENNA__4453__A1/DIODE                 1.500000    1.731247   -0.231247 (VIOLATED)
ANTENNA__4463__A2/DIODE                 1.500000    1.731236   -0.231236 (VIOLATED)
_4463_/A2                               1.500000    1.731216   -0.231216 (VIOLATED)
ANTENNA_mprj.team_05_Wrapper.team_05_WB.instance_to_wrap_gpio_in[14]/DIODE    1.500000    1.731097   -0.231097 (VIOLATED)
mprj.team_05_Wrapper.team_05_WB.instance_to_wrap/gpio_in[14]    1.500000    1.730999   -0.230999 (VIOLATED)
_6762_/A1                               1.500000    1.730749   -0.230749 (VIOLATED)
ANTENNA__6762__A1/DIODE                 1.500000    1.730738   -0.230738 (VIOLATED)
ANTENNA_mprj.team_01_Wrapper.team_01_WB.instance_to_wrap_ADR_O[4]/DIODE    1.500000    1.728845   -0.228845 (VIOLATED)
mprj.team_01_Wrapper.team_01_WB.instance_to_wrap/ADR_O[4]    1.500000    1.728823   -0.228823 (VIOLATED)
_4352_/A1                               1.500000    1.727106   -0.227106 (VIOLATED)
ANTENNA__4352__A1/DIODE                 1.500000    1.727091   -0.227091 (VIOLATED)
_4358_/A2                               1.500000    1.727064   -0.227064 (VIOLATED)
ANTENNA__4358__A2/DIODE                 1.500000    1.727005   -0.227005 (VIOLATED)
mprj.team_11_Wrapper.team_11_WB.instance_to_wrap/en    1.500000    1.726627   -0.226627 (VIOLATED)
ANTENNA_mprj.team_11_Wrapper.team_11_WB.instance_to_wrap_en/DIODE    1.500000    1.726601   -0.226601 (VIOLATED)
ANTENNA_mprj.team_01_Wrapper.team_01_WB.instance_to_wrap_ADR_O[5]/DIODE    1.500000    1.724078   -0.224078 (VIOLATED)
mprj.team_01_Wrapper.team_01_WB.instance_to_wrap/ADR_O[5]    1.500000    1.724063   -0.224063 (VIOLATED)
hold1782/X                              1.495067    1.718018   -0.222951 (VIOLATED)
mprj.team_04_Wrapper.team_04_WB.instance_to_wrap/gpio_in[7]    1.500000    1.718922   -0.218922 (VIOLATED)
ANTENNA_mprj.team_04_Wrapper.team_04_WB.instance_to_wrap_gpio_in[7]/DIODE    1.500000    1.718698   -0.218698 (VIOLATED)
ANTENNA_hold1782_X/DIODE                1.500000    1.718020   -0.218020 (VIOLATED)
ANTENNA_235/DIODE                       1.500000    1.716951   -0.216951 (VIOLATED)
ANTENNA_234/DIODE                       1.500000    1.716947   -0.216947 (VIOLATED)
_6721_/A1                               1.500000    1.716900   -0.216900 (VIOLATED)
ANTENNA__6721__A1/DIODE                 1.500000    1.716851   -0.216852 (VIOLATED)
mprj.team_06_Wrapper.team_06_WB.instance_to_wrap/gpio_in[26]    1.500000    1.716049   -0.216050 (VIOLATED)
ANTENNA_mprj.team_06_Wrapper.team_06_WB.instance_to_wrap_gpio_in[26]/DIODE    1.500000    1.715748   -0.215748 (VIOLATED)
_6320_/A                                1.500000    1.714988   -0.214988 (VIOLATED)
ANTENNA__6320__A/DIODE                  1.500000    1.714975   -0.214975 (VIOLATED)
_6567_/A1                               1.500000    1.714310   -0.214310 (VIOLATED)
ANTENNA__6567__A1/DIODE                 1.500000    1.714286   -0.214286 (VIOLATED)
ANTENNA__6531__A1/DIODE                 1.500000    1.713304   -0.213304 (VIOLATED)
_6531_/A1                               1.500000    1.713297   -0.213297 (VIOLATED)
mprj.team_01_Wrapper.team_01_WB.instance_to_wrap/gpio_in[31]    1.500000    1.712144   -0.212144 (VIOLATED)
ANTENNA_mprj.team_01_Wrapper.team_01_WB.instance_to_wrap_gpio_in[31]/DIODE    1.500000    1.712114   -0.212114 (VIOLATED)
ANTENNA_mprj.team_03_Wrapper.team_03_WB.instance_to_wrap_DAT_O[0]/DIODE    1.500000    1.712016   -0.212016 (VIOLATED)
mprj.team_03_Wrapper.team_03_WB.instance_to_wrap/DAT_O[0]    1.500000    1.712008   -0.212008 (VIOLATED)
ANTENNA_mprj.team_05_Wrapper.team_05_WB.instance_to_wrap_gpio_in[20]/DIODE    1.500000    1.705913   -0.205913 (VIOLATED)
mprj.team_05_Wrapper.team_05_WB.instance_to_wrap/gpio_in[20]    1.500000    1.705882   -0.205882 (VIOLATED)
_6897_/C                                1.500000    1.705868   -0.205868 (VIOLATED)
ANTENNA__6897__C/DIODE                  1.500000    1.705851   -0.205851 (VIOLATED)
mprj.team_03_Wrapper.team_03_WB.instance_to_wrap/gpio_in[31]    1.500000    1.703883   -0.203883 (VIOLATED)
ANTENNA_mprj.team_03_Wrapper.team_03_WB.instance_to_wrap_gpio_in[31]/DIODE    1.500000    1.703539   -0.203539 (VIOLATED)
ANTENNA__4948__A0/DIODE                 1.500000    1.702861   -0.202861 (VIOLATED)
_4948_/A0                               1.500000    1.702854   -0.202854 (VIOLATED)
ANTENNA_33/DIODE                        1.500000    1.702813   -0.202813 (VIOLATED)
_4954_/A2                               1.500000    1.702787   -0.202787 (VIOLATED)
ANTENNA__4954__A2/DIODE                 1.500000    1.702774   -0.202774 (VIOLATED)
_4219_/A0                               1.500000    1.700527   -0.200527 (VIOLATED)
ANTENNA__4219__A0/DIODE                 1.500000    1.700522   -0.200522 (VIOLATED)
ANTENNA__4225__A2/DIODE                 1.500000    1.700521   -0.200521 (VIOLATED)
_4225_/A2                               1.500000    1.700504   -0.200504 (VIOLATED)
ANTENNA_mprj.team_03_Wrapper.team_03_WB.instance_to_wrap_ADR_O[23]/DIODE    1.500000    1.697912   -0.197912 (VIOLATED)
mprj.team_03_Wrapper.team_03_WB.instance_to_wrap/ADR_O[23]    1.500000    1.697912   -0.197912 (VIOLATED)
ANTENNA__4876__A0/DIODE                 1.500000    1.696749   -0.196749 (VIOLATED)
_4876_/A0                               1.500000    1.696748   -0.196749 (VIOLATED)
_4882_/B1                               1.500000    1.696734   -0.196734 (VIOLATED)
ANTENNA__4882__B1/DIODE                 1.500000    1.696706   -0.196706 (VIOLATED)
_6933_/A1                               1.500000    1.690628   -0.190628 (VIOLATED)
ANTENNA__6933__A1/DIODE                 1.500000    1.690624   -0.190624 (VIOLATED)
ANTENNA_mprj.team_08_Wrapper.team_08_WB.instance_to_wrap_gpio_out[27]/DIODE    1.500000    1.688376   -0.188376 (VIOLATED)
mprj.team_08_Wrapper.team_08_WB.instance_to_wrap/gpio_out[27]    1.500000    1.688376   -0.188376 (VIOLATED)
ANTENNA__4246__A1/DIODE                 1.500000    1.683522   -0.183522 (VIOLATED)
_4246_/A1                               1.500000    1.683509   -0.183509 (VIOLATED)
ANTENNA__4253__A2/DIODE                 1.500000    1.683482   -0.183482 (VIOLATED)
_4253_/A2                               1.500000    1.683468   -0.183468 (VIOLATED)
_6970_/A1                               1.500000    1.681974   -0.181974 (VIOLATED)
ANTENNA__6970__A1/DIODE                 1.500000    1.681967   -0.181967 (VIOLATED)
ANTENNA_mprj.team_01_Wrapper.team_01_WB.instance_to_wrap_DAT_O[29]/DIODE    1.500000    1.681926   -0.181926 (VIOLATED)
mprj.team_01_Wrapper.team_01_WB.instance_to_wrap/DAT_O[29]    1.500000    1.681926   -0.181926 (VIOLATED)
ANTENNA_mprj.team_03_Wrapper.team_03_WB.instance_to_wrap_ADR_O[29]/DIODE    1.500000    1.680077   -0.180077 (VIOLATED)
mprj.team_03_Wrapper.team_03_WB.instance_to_wrap/ADR_O[29]    1.500000    1.680025   -0.180025 (VIOLATED)
ANTENNA_319/DIODE                       1.500000    1.679929   -0.179930 (VIOLATED)
ANTENNA_659/DIODE                       1.500000    1.679909   -0.179909 (VIOLATED)
ANTENNA_780/DIODE                       1.500000    1.679885   -0.179885 (VIOLATED)
ANTENNA_318/DIODE                       1.500000    1.679798   -0.179799 (VIOLATED)
ANTENNA_658/DIODE                       1.500000    1.679795   -0.179795 (VIOLATED)
ANTENNA_779/DIODE                       1.500000    1.679780   -0.179780 (VIOLATED)
ANTENNA__6527__A1/DIODE                 1.500000    1.679531   -0.179531 (VIOLATED)
_6527_/A1                               1.500000    1.679514   -0.179514 (VIOLATED)
mprj.team_06_Wrapper.team_06_WB.instance_to_wrap/gpio_in[12]    1.500000    1.678827   -0.178827 (VIOLATED)
ANTENNA_mprj.team_05_Wrapper.team_05_WB.instance_to_wrap_gpio_out[31]/DIODE    1.500000    1.678214   -0.178214 (VIOLATED)
mprj.team_05_Wrapper.team_05_WB.instance_to_wrap/gpio_out[31]    1.500000    1.678210   -0.178210 (VIOLATED)
ANTENNA_mprj.team_06_Wrapper.team_06_WB.instance_to_wrap_gpio_in[12]/DIODE    1.500000    1.677636   -0.177636 (VIOLATED)
ANTENNA_mprj.team_01_Wrapper.team_01_WB.instance_to_wrap_DAT_O[3]/DIODE    1.500000    1.676366   -0.176366 (VIOLATED)
mprj.team_01_Wrapper.team_01_WB.instance_to_wrap/DAT_O[3]    1.500000    1.676366   -0.176366 (VIOLATED)
_7986_/A1                               1.500000    1.675461   -0.175461 (VIOLATED)
ANTENNA__7986__A1/DIODE                 1.500000    1.675456   -0.175456 (VIOLATED)
ANTENNA_mprj.team_03_Wrapper.team_03_WB.instance_to_wrap_ADR_O[13]/DIODE    1.500000    1.675331   -0.175331 (VIOLATED)
mprj.team_03_Wrapper.team_03_WB.instance_to_wrap/ADR_O[13]    1.500000    1.675331   -0.175331 (VIOLATED)
ANTENNA__4746__A0/DIODE                 1.500000    1.674831   -0.174831 (VIOLATED)
_4746_/A0                               1.500000    1.674819   -0.174819 (VIOLATED)
_4752_/A2                               1.500000    1.674764   -0.174764 (VIOLATED)
ANTENNA__4752__A2/DIODE                 1.500000    1.674692   -0.174692 (VIOLATED)
mprj.team_04_Wrapper.team_04_WB.instance_to_wrap/gpio_in[26]    1.500000    1.673611   -0.173611 (VIOLATED)
ANTENNA_mprj.team_04_Wrapper.team_04_WB.instance_to_wrap_gpio_in[26]/DIODE    1.500000    1.673564   -0.173564 (VIOLATED)
ANTENNA_mprj.team_02_Wrapper.team_02_WB.instance_to_wrap_gpio_out[8]/DIODE    1.500000    1.671988   -0.171988 (VIOLATED)
mprj.team_02_Wrapper.team_02_WB.instance_to_wrap/gpio_out[8]    1.500000    1.671988   -0.171988 (VIOLATED)
_4506_/A0                               1.500000    1.669567   -0.169567 (VIOLATED)
ANTENNA__4506__A0/DIODE                 1.500000    1.669566   -0.169566 (VIOLATED)
ANTENNA__4512__A2/DIODE                 1.500000    1.669546   -0.169546 (VIOLATED)
_4512_/A2                               1.500000    1.669542   -0.169542 (VIOLATED)
ANTENNA__6615__A1/DIODE                 1.500000    1.667743   -0.167743 (VIOLATED)
_6615_/A1                               1.500000    1.667742   -0.167743 (VIOLATED)
ANTENNA__5092__A1/DIODE                 1.500000    1.667283   -0.167283 (VIOLATED)
ANTENNA_40/DIODE                        1.500000    1.667279   -0.167279 (VIOLATED)
_5092_/A1                               1.500000    1.667258   -0.167258 (VIOLATED)
ANTENNA__5099__A2/DIODE                 1.500000    1.667250   -0.167250 (VIOLATED)
_5099_/A2                               1.500000    1.667226   -0.167226 (VIOLATED)
_6316_/A1                               1.500000    1.665597   -0.165598 (VIOLATED)
ANTENNA__6316__A1/DIODE                 1.500000    1.665570   -0.165570 (VIOLATED)
ANTENNA_mprj.team_01_Wrapper.team_01_WB.instance_to_wrap_WE_O/DIODE    1.500000    1.665528   -0.165528 (VIOLATED)
mprj.team_01_Wrapper.team_01_WB.instance_to_wrap/WE_O    1.500000    1.665528   -0.165528 (VIOLATED)
mprj.team_10_Wrapper.team_10_WB.instance_to_wrap/gpio_in[5]    1.500000    1.665051   -0.165051 (VIOLATED)
ANTENNA_mprj.team_01_Wrapper.team_01_WB.instance_to_wrap_ADR_O[6]/DIODE    1.500000    1.664903   -0.164903 (VIOLATED)
mprj.team_01_Wrapper.team_01_WB.instance_to_wrap/ADR_O[6]    1.500000    1.664903   -0.164903 (VIOLATED)
ANTENNA__4648__A2/DIODE                 1.500000    1.664847   -0.164847 (VIOLATED)
_4648_/A2                               1.500000    1.664847   -0.164847 (VIOLATED)
ANTENNA__4642__A0/DIODE                 1.500000    1.664841   -0.164841 (VIOLATED)
_4642_/A0                               1.500000    1.664834   -0.164834 (VIOLATED)
ANTENNA_mprj.team_01_Wrapper.team_01_WB.instance_to_wrap_DAT_O[19]/DIODE    1.500000    1.664577   -0.164578 (VIOLATED)
mprj.team_01_Wrapper.team_01_WB.instance_to_wrap/DAT_O[19]    1.500000    1.664577   -0.164578 (VIOLATED)
ANTENNA_mprj.team_01_Wrapper.team_01_WB.instance_to_wrap_DAT_O[23]/DIODE    1.500000    1.662962   -0.162962 (VIOLATED)
mprj.team_01_Wrapper.team_01_WB.instance_to_wrap/DAT_O[23]    1.500000    1.662944   -0.162944 (VIOLATED)
ANTENNA_mprj.team_06_Wrapper.team_06_WB.instance_to_wrap_gpio_in[18]/DIODE    1.500000    1.662615   -0.162615 (VIOLATED)
mprj.team_06_Wrapper.team_06_WB.instance_to_wrap/gpio_in[18]    1.500000    1.662601   -0.162601 (VIOLATED)
ANTENNA_mprj.team_05_Wrapper.team_05_WB.instance_to_wrap_gpio_out[33]/DIODE    1.500000    1.662107   -0.162107 (VIOLATED)
mprj.team_05_Wrapper.team_05_WB.instance_to_wrap/gpio_out[33]    1.500000    1.662107   -0.162107 (VIOLATED)
ANTENNA_mprj.team_01_Wrapper.team_01_WB.instance_to_wrap_DAT_O[9]/DIODE    1.500000    1.661086   -0.161086 (VIOLATED)
mprj.team_01_Wrapper.team_01_WB.instance_to_wrap/DAT_O[9]    1.500000    1.661086   -0.161086 (VIOLATED)
ANTENNA__4140__A0/DIODE                 1.500000    1.660296   -0.160296 (VIOLATED)
_4140_/A0                               1.500000    1.660284   -0.160284 (VIOLATED)
_4146_/A2                               1.500000    1.660195   -0.160195 (VIOLATED)
ANTENNA__4146__A2/DIODE                 1.500000    1.660112   -0.160112 (VIOLATED)
_7781_/A1                               1.500000    1.656746   -0.156746 (VIOLATED)
ANTENNA__7781__A1/DIODE                 1.500000    1.656717   -0.156717 (VIOLATED)
ANTENNA_mprj.team_06_Wrapper.team_06_WB.instance_to_wrap_gpio_oeb[7]/DIODE    1.500000    1.656099   -0.156099 (VIOLATED)
mprj.team_06_Wrapper.team_06_WB.instance_to_wrap/gpio_oeb[7]    1.500000    1.656089   -0.156089 (VIOLATED)
ANTENNA__4282__A2/DIODE                 1.500000    1.655542   -0.155543 (VIOLATED)
_4282_/A2                               1.500000    1.655541   -0.155541 (VIOLATED)
_4277_/A1                               1.500000    1.655537   -0.155537 (VIOLATED)
ANTENNA__4277__A1/DIODE                 1.500000    1.655528   -0.155528 (VIOLATED)
hold408/X                               1.495067    1.650372   -0.155305 (VIOLATED)
hold477/X                               1.495067    1.649115   -0.154048 (VIOLATED)
ANTENNA_mprj.team_10_Wrapper.team_10_WB.instance_to_wrap_gpio_in[5]/DIODE    1.500000    1.653356   -0.153356 (VIOLATED)
mprj.team_08_Wrapper.team_08_WB.instance_to_wrap/nrst    1.500000    1.652630   -0.152630 (VIOLATED)
ANTENNA_mprj.team_08_Wrapper.team_08_WB.instance_to_wrap_nrst/DIODE    1.500000    1.652538   -0.152538 (VIOLATED)
_7637_/B                                1.500000    1.652441   -0.152441 (VIOLATED)
ANTENNA__7637__B/DIODE                  1.500000    1.652440   -0.152440 (VIOLATED)
mprj.team_04_Wrapper.team_04_WB.instance_to_wrap/gpio_in[31]    1.500000    1.652031   -0.152031 (VIOLATED)
ANTENNA_mprj.team_04_Wrapper.team_04_WB.instance_to_wrap_gpio_in[31]/DIODE    1.500000    1.651945   -0.151945 (VIOLATED)
ANTENNA_mprj.team_06_Wrapper.team_06_WB.instance_to_wrap_gpio_oeb[13]/DIODE    1.500000    1.650710   -0.150711 (VIOLATED)
mprj.team_06_Wrapper.team_06_WB.instance_to_wrap/gpio_oeb[13]    1.500000    1.650638   -0.150638 (VIOLATED)
load_slew660/A                          1.500000    1.650406   -0.150406 (VIOLATED)
ANTENNA_load_slew660_A/DIODE            1.500000    1.650405   -0.150405 (VIOLATED)
ANTENNA_hold408_X/DIODE                 1.500000    1.650372   -0.150372 (VIOLATED)
ANTENNA_mprj.team_01_Wrapper.team_01_WB.instance_to_wrap_DAT_O[15]/DIODE    1.500000    1.650261   -0.150261 (VIOLATED)
mprj.team_01_Wrapper.team_01_WB.instance_to_wrap/DAT_O[15]    1.500000    1.650125   -0.150125 (VIOLATED)
ANTENNA_mprj.team_01_Wrapper.team_01_WB.instance_to_wrap_DAT_O[4]/DIODE    1.500000    1.649208   -0.149209 (VIOLATED)
ANTENNA_hold477_X/DIODE                 1.500000    1.649115   -0.149115 (VIOLATED)
mprj.team_01_Wrapper.team_01_WB.instance_to_wrap/DAT_O[4]    1.500000    1.649061   -0.149061 (VIOLATED)
ANTENNA_757/DIODE                       1.500000    1.649019   -0.149019 (VIOLATED)
ANTENNA_mprj.team_02_Wrapper.team_02_WB.instance_to_wrap_gpio_in[20]/DIODE    1.500000    1.647038   -0.147038 (VIOLATED)
mprj.team_02_Wrapper.team_02_WB.instance_to_wrap/gpio_in[20]    1.500000    1.645661   -0.145661 (VIOLATED)
mprj.team_09_Wrapper.team_09_WB.instance_to_wrap/gpio_in[3]    1.500000    1.645568   -0.145568 (VIOLATED)
ANTENNA_mprj.team_09_Wrapper.team_09_WB.instance_to_wrap_gpio_in[3]/DIODE    1.500000    1.645389   -0.145389 (VIOLATED)
ANTENNA_750/DIODE                       1.500000    1.645382   -0.145382 (VIOLATED)
ANTENNA_mprj.team_03_Wrapper.team_03_WB.instance_to_wrap_ADR_O[27]/DIODE    1.500000    1.644739   -0.144739 (VIOLATED)
mprj.team_03_Wrapper.team_03_WB.instance_to_wrap/ADR_O[27]    1.500000    1.644739   -0.144739 (VIOLATED)
ANTENNA_mprj.team_08_Wrapper.team_08_WB.instance_to_wrap_gpio_in[26]/DIODE    1.500000    1.644429   -0.144429 (VIOLATED)
hold398/X                               1.495067    1.638789   -0.143722 (VIOLATED)
ANTENNA_755/DIODE                       1.500000    1.643306   -0.143306 (VIOLATED)
ANTENNA__8150__A/DIODE                  1.500000    1.641891   -0.141891 (VIOLATED)
_8150_/A                                1.500000    1.641890   -0.141890 (VIOLATED)
ANTENNA_752/DIODE                       1.500000    1.640851   -0.140851 (VIOLATED)
ANTENNA_mprj.team_09_Wrapper.team_09_WB.instance_to_wrap_gpio_in[9]/DIODE    1.500000    1.640719   -0.140719 (VIOLATED)
mprj.team_09_Wrapper.team_09_WB.instance_to_wrap/gpio_in[9]    1.500000    1.640696   -0.140696 (VIOLATED)
ANTENNA__7570__A/DIODE                  1.500000    1.638805   -0.138805 (VIOLATED)
ANTENNA__7586__A/DIODE                  1.500000    1.638802   -0.138802 (VIOLATED)
_7570_/A                                1.500000    1.638802   -0.138802 (VIOLATED)
_7586_/A                                1.500000    1.638802   -0.138802 (VIOLATED)
ANTENNA_fanout600_A/DIODE               1.500000    1.638789   -0.138789 (VIOLATED)
ANTENNA_hold398_X/DIODE                 1.500000    1.638789   -0.138789 (VIOLATED)
ANTENNA_hold592_A/DIODE                 1.500000    1.638789   -0.138789 (VIOLATED)
fanout600/A                             1.500000    1.638789   -0.138789 (VIOLATED)
hold592/A                               1.500000    1.638789   -0.138789 (VIOLATED)
ANTENNA__4619__B1/DIODE                 1.500000    1.638679   -0.138679 (VIOLATED)
_4619_/B1                               1.500000    1.638676   -0.138676 (VIOLATED)
ANTENNA__4613__A0/DIODE                 1.500000    1.638667   -0.138667 (VIOLATED)
_4613_/A0                               1.500000    1.638658   -0.138658 (VIOLATED)
_4335_/A2                               1.500000    1.636552   -0.136552 (VIOLATED)
ANTENNA__4335__A2/DIODE                 1.500000    1.636525   -0.136525 (VIOLATED)
ANTENNA__4329__A1/DIODE                 1.500000    1.636516   -0.136516 (VIOLATED)
_4329_/A1                               1.500000    1.636512   -0.136512 (VIOLATED)
ANTENNA_19/DIODE                        1.500000    1.636392   -0.136392 (VIOLATED)
ANTENNA_mprj.team_01_Wrapper.team_01_WB.instance_to_wrap_gpio_in[33]/DIODE    1.500000    1.636012   -0.136012 (VIOLATED)
mprj.team_01_Wrapper.team_01_WB.instance_to_wrap/gpio_in[33]    1.500000    1.636006   -0.136006 (VIOLATED)
ANTENNA_mprj.team_01_Wrapper.team_01_WB.instance_to_wrap_gpio_in[30]/DIODE    1.500000    1.635251   -0.135251 (VIOLATED)
mprj.team_01_Wrapper.team_01_WB.instance_to_wrap/gpio_in[30]    1.500000    1.635239   -0.135239 (VIOLATED)
mprj.team_05_Wrapper.team_05_WB.instance_to_wrap/gpio_in[31]    1.500000    1.634984   -0.134984 (VIOLATED)
ANTENNA_mprj.team_05_Wrapper.team_05_WB.instance_to_wrap_gpio_in[31]/DIODE    1.500000    1.634747   -0.134747 (VIOLATED)
mprj.team_11_Wrapper.team_11_WB.instance_to_wrap/gpio_in[30]    1.500000    1.634646   -0.134646 (VIOLATED)
ANTENNA_mprj.team_11_Wrapper.team_11_WB.instance_to_wrap_gpio_in[30]/DIODE    1.500000    1.634642   -0.134642 (VIOLATED)
ANTENNA_mprj.team_01_Wrapper.team_01_WB.instance_to_wrap_DAT_O[11]/DIODE    1.500000    1.634206   -0.134206 (VIOLATED)
mprj.team_01_Wrapper.team_01_WB.instance_to_wrap/DAT_O[11]    1.500000    1.634206   -0.134206 (VIOLATED)
ANTENNA_mprj.team_01_Wrapper.team_01_WB.instance_to_wrap_DAT_O[25]/DIODE    1.500000    1.633248   -0.133248 (VIOLATED)
mprj.team_01_Wrapper.team_01_WB.instance_to_wrap/DAT_O[25]    1.500000    1.633248   -0.133248 (VIOLATED)
mprj.team_08_Wrapper.team_08_WB.instance_to_wrap/gpio_in[26]    1.500000    1.633164   -0.133164 (VIOLATED)
ANTENNA_mprj.team_01_Wrapper.team_01_WB.instance_to_wrap_DAT_O[21]/DIODE    1.500000    1.632114   -0.132114 (VIOLATED)
mprj.team_01_Wrapper.team_01_WB.instance_to_wrap/DAT_O[21]    1.500000    1.632114   -0.132114 (VIOLATED)
ANTENNA_mprj.team_01_Wrapper.team_01_WB.instance_to_wrap_DAT_O[7]/DIODE    1.500000    1.632085   -0.132085 (VIOLATED)
mprj.team_01_Wrapper.team_01_WB.instance_to_wrap/DAT_O[7]    1.500000    1.632085   -0.132085 (VIOLATED)
ANTENNA_756/DIODE                       1.500000    1.630286   -0.130287 (VIOLATED)
_5005_/A0                               1.500000    1.629370   -0.129370 (VIOLATED)
ANTENNA__5005__A0/DIODE                 1.500000    1.629359   -0.129360 (VIOLATED)
_5011_/A2                               1.500000    1.629304   -0.129304 (VIOLATED)
ANTENNA__5011__A2/DIODE                 1.500000    1.629266   -0.129266 (VIOLATED)
ANTENNA_mprj.team_08_Wrapper.team_08_WB.instance_to_wrap_gpio_in[11]/DIODE    1.500000    1.627944   -0.127944 (VIOLATED)
ANTENNA_mprj.team_08_Wrapper.team_08_WB.instance_to_wrap_gpio_in[5]/DIODE    1.500000    1.627938   -0.127938 (VIOLATED)
mprj.team_08_Wrapper.team_08_WB.instance_to_wrap/gpio_in[5]    1.500000    1.627934   -0.127934 (VIOLATED)
mprj.team_08_Wrapper.team_08_WB.instance_to_wrap/gpio_in[11]    1.500000    1.627843   -0.127843 (VIOLATED)
ANTENNA_751/DIODE                       1.500000    1.626031   -0.126031 (VIOLATED)
ANTENNA__6256__A1/DIODE                 1.500000    1.625967   -0.125967 (VIOLATED)
_6256_/A1                               1.500000    1.625960   -0.125960 (VIOLATED)
ANTENNA_mprj.team_06_Wrapper.team_06_WB.instance_to_wrap_gpio_oeb[23]/DIODE    1.500000    1.623581   -0.123581 (VIOLATED)
mprj.team_06_Wrapper.team_06_WB.instance_to_wrap/gpio_oeb[23]    1.500000    1.623581   -0.123581 (VIOLATED)
ANTENNA_753/DIODE                       1.500000    1.622069   -0.122069 (VIOLATED)
ANTENNA__4701__A0/DIODE                 1.500000    1.617706   -0.117706 (VIOLATED)
ANTENNA__4707__A2/DIODE                 1.500000    1.617697   -0.117697 (VIOLATED)
_4701_/A0                               1.500000    1.617692   -0.117692 (VIOLATED)
_4707_/A2                               1.500000    1.617668   -0.117668 (VIOLATED)
ANTENNA_754/DIODE                       1.500000    1.616833   -0.116833 (VIOLATED)
_6650_/A1                               1.500000    1.615222   -0.115222 (VIOLATED)
ANTENNA__6650__A1/DIODE                 1.500000    1.615199   -0.115199 (VIOLATED)
_6871_/A1                               1.500000    1.614404   -0.114404 (VIOLATED)
ANTENNA__6871__A1/DIODE                 1.500000    1.614393   -0.114393 (VIOLATED)
ANTENNA_mprj.team_01_Wrapper.team_01_WB.instance_to_wrap_ADR_O[24]/DIODE    1.500000    1.614369   -0.114369 (VIOLATED)
mprj.team_01_Wrapper.team_01_WB.instance_to_wrap/ADR_O[24]    1.500000    1.614362   -0.114362 (VIOLATED)
ANTENNA_mprj.team_06_Wrapper.team_06_WB.instance_to_wrap_gpio_out[13]/DIODE    1.500000    1.614180   -0.114180 (VIOLATED)
mprj.team_06_Wrapper.team_06_WB.instance_to_wrap/gpio_out[13]    1.500000    1.614180   -0.114180 (VIOLATED)
ANTENNA_32/DIODE                        1.500000    1.613736   -0.113736 (VIOLATED)
ANTENNA__4982__B1/DIODE                 1.500000    1.613735   -0.113735 (VIOLATED)
ANTENNA_31/DIODE                        1.500000    1.613724   -0.113724 (VIOLATED)
ANTENNA__4976__A0/DIODE                 1.500000    1.613707   -0.113707 (VIOLATED)
_4982_/B1                               1.500000    1.613702   -0.113702 (VIOLATED)
_4976_/A0                               1.500000    1.613624   -0.113624 (VIOLATED)
ANTENNA__4585__A0/DIODE                 1.500000    1.609966   -0.109966 (VIOLATED)
_4585_/A0                               1.500000    1.609961   -0.109961 (VIOLATED)
_4591_/A2                               1.500000    1.609864   -0.109864 (VIOLATED)
ANTENNA__4591__A2/DIODE                 1.500000    1.609775   -0.109775 (VIOLATED)
ANTENNA_mprj.team_11_Wrapper.team_11_WB.instance_to_wrap_gpio_in[31]/DIODE    1.500000    1.609547   -0.109547 (VIOLATED)
mprj.team_11_Wrapper.team_11_WB.instance_to_wrap/gpio_in[31]    1.500000    1.609542   -0.109542 (VIOLATED)
_6796_/A1                               1.500000    1.609465   -0.109465 (VIOLATED)
ANTENNA__6796__A1/DIODE                 1.500000    1.609456   -0.109456 (VIOLATED)
_7843_/A                                1.500000    1.609213   -0.109213 (VIOLATED)
ANTENNA__7843__A/DIODE                  1.500000    1.609211   -0.109211 (VIOLATED)
ANTENNA__6572__A/DIODE                  1.500000    1.607470   -0.107470 (VIOLATED)
_6572_/A                                1.500000    1.607469   -0.107469 (VIOLATED)
ANTENNA_620/DIODE                       1.500000    1.603821   -0.103821 (VIOLATED)
ANTENNA_mprj.team_01_Wrapper.team_01_WB.instance_to_wrap_DAT_O[24]/DIODE    1.500000    1.603810   -0.103810 (VIOLATED)
mprj.team_01_Wrapper.team_01_WB.instance_to_wrap/DAT_O[24]    1.500000    1.603785   -0.103785 (VIOLATED)
mprj.team_03_Wrapper.team_03_WB.instance_to_wrap/gpio_in[30]    1.500000    1.603478   -0.103478 (VIOLATED)
ANTENNA_mprj.team_03_Wrapper.team_03_WB.instance_to_wrap_gpio_in[30]/DIODE    1.500000    1.603428   -0.103428 (VIOLATED)
ANTENNA_mprj.team_06_Wrapper.team_06_WB.instance_to_wrap_gpio_oeb[22]/DIODE    1.500000    1.602400   -0.102401 (VIOLATED)
mprj.team_06_Wrapper.team_06_WB.instance_to_wrap/gpio_oeb[22]    1.500000    1.602395   -0.102395 (VIOLATED)
ANTENNA_mprj.team_02_Wrapper.team_02_WB.instance_to_wrap_gpio_out[22]/DIODE    1.500000    1.598971   -0.098971 (VIOLATED)
mprj.team_02_Wrapper.team_02_WB.instance_to_wrap/gpio_out[22]    1.500000    1.598971   -0.098971 (VIOLATED)
ANTENNA_mprj.team_05_Wrapper.team_05_WB.instance_to_wrap_gpio_out[4]/DIODE    1.500000    1.598457   -0.098457 (VIOLATED)
mprj.team_05_Wrapper.team_05_WB.instance_to_wrap/gpio_out[4]    1.500000    1.598457   -0.098457 (VIOLATED)
ANTENNA_mprj.team_06_Wrapper.team_06_WB.instance_to_wrap_gpio_out[26]/DIODE    1.500000    1.598263   -0.098263 (VIOLATED)
mprj.team_06_Wrapper.team_06_WB.instance_to_wrap/gpio_out[26]    1.500000    1.598263   -0.098263 (VIOLATED)
ANTENNA_mprj.team_04_Wrapper.team_04_WB.instance_to_wrap_gpio_in[3]/DIODE    1.500000    1.598172   -0.098172 (VIOLATED)
ANTENNA_mprj.team_05_Wrapper.team_05_WB.instance_to_wrap_gpio_in[28]/DIODE    1.500000    1.597697   -0.097697 (VIOLATED)
mprj.team_05_Wrapper.team_05_WB.instance_to_wrap/gpio_in[28]    1.500000    1.597677   -0.097677 (VIOLATED)
ANTENNA__4411__A1/DIODE                 1.500000    1.597640   -0.097640 (VIOLATED)
_4411_/A1                               1.500000    1.597628   -0.097629 (VIOLATED)
_4418_/A2                               1.500000    1.597607   -0.097607 (VIOLATED)
ANTENNA__4418__A2/DIODE                 1.500000    1.597594   -0.097594 (VIOLATED)
ANTENNA_97/DIODE                        1.500000    1.596462   -0.096462 (VIOLATED)
ANTENNA__6285__A/DIODE                  1.500000    1.596461   -0.096461 (VIOLATED)
_6285_/A                                1.500000    1.596456   -0.096456 (VIOLATED)
ANTENNA_mprj.team_04_Wrapper.team_04_WB.instance_to_wrap_gpio_in[13]/DIODE    1.500000    1.596334   -0.096334 (VIOLATED)
ANTENNA_25/DIODE                        1.500000    1.595528   -0.095528 (VIOLATED)
_4240_/A2                               1.500000    1.595506   -0.095506 (VIOLATED)
ANTENNA__4240__A2/DIODE                 1.500000    1.595500   -0.095500 (VIOLATED)
ANTENNA__4233__A1/DIODE                 1.500000    1.595495   -0.095495 (VIOLATED)
_4233_/A1                               1.500000    1.595494   -0.095494 (VIOLATED)
_4129_/A2                               1.500000    1.593776   -0.093777 (VIOLATED)
_4098_/B                                1.500000    1.593776   -0.093776 (VIOLATED)
ANTENNA__4129__A2/DIODE                 1.500000    1.593775   -0.093775 (VIOLATED)
ANTENNA__4098__B/DIODE                  1.500000    1.593773   -0.093773 (VIOLATED)
mprj.team_08_Wrapper.team_08_WB.instance_to_wrap/gpio_in[22]    1.500000    1.593615   -0.093615 (VIOLATED)
ANTENNA_mprj.team_02_Wrapper.team_02_WB.instance_to_wrap_gpio_out[14]/DIODE    1.500000    1.593375   -0.093375 (VIOLATED)
mprj.team_02_Wrapper.team_02_WB.instance_to_wrap/gpio_out[14]    1.500000    1.593375   -0.093375 (VIOLATED)
_4209_/A2                               1.500000    1.591947   -0.091947 (VIOLATED)
ANTENNA__4204__A1/DIODE                 1.500000    1.591944   -0.091944 (VIOLATED)
_4204_/A1                               1.500000    1.591944   -0.091944 (VIOLATED)
ANTENNA__4209__A2/DIODE                 1.500000    1.591944   -0.091944 (VIOLATED)
ANTENNA_mprj.team_01_Wrapper.team_01_WB.instance_to_wrap_STB_O/DIODE    1.500000    1.591254   -0.091254 (VIOLATED)
mprj.team_01_Wrapper.team_01_WB.instance_to_wrap/STB_O    1.500000    1.591254   -0.091254 (VIOLATED)
mprj.team_08_Wrapper.team_08_WB.instance_to_wrap/gpio_in[17]    1.500000    1.591231   -0.091231 (VIOLATED)
ANTENNA_mprj.team_08_Wrapper.team_08_WB.instance_to_wrap_gpio_in[17]/DIODE    1.500000    1.591210   -0.091210 (VIOLATED)
hold506/X                               1.495067    1.585740   -0.090673 (VIOLATED)
_6437_/A1                               1.500000    1.590660   -0.090660 (VIOLATED)
ANTENNA__6437__A1/DIODE                 1.500000    1.590649   -0.090649 (VIOLATED)
ANTENNA_mprj.team_05_Wrapper.team_05_WB.instance_to_wrap_gpio_out[30]/DIODE    1.500000    1.590106   -0.090106 (VIOLATED)
mprj.team_05_Wrapper.team_05_WB.instance_to_wrap/gpio_out[30]    1.500000    1.590044   -0.090044 (VIOLATED)
_4310_/A2                               1.500000    1.588472   -0.088472 (VIOLATED)
ANTENNA__4304__A1/DIODE                 1.500000    1.588449   -0.088449 (VIOLATED)
ANTENNA__4310__A2/DIODE                 1.500000    1.588445   -0.088445 (VIOLATED)
_4304_/A1                               1.500000    1.588429   -0.088429 (VIOLATED)
ANTENNA_mprj.team_05_Wrapper.team_05_WB.instance_to_wrap_gpio_in[25]/DIODE    1.500000    1.587383   -0.087383 (VIOLATED)
mprj.team_05_Wrapper.team_05_WB.instance_to_wrap/gpio_in[25]    1.500000    1.587289   -0.087289 (VIOLATED)
mprj.team_07_Wrapper.team_07_WB.instance_to_wrap/gpio_in[30]    1.500000    1.586547   -0.086547 (VIOLATED)
ANTENNA_mprj.team_07_Wrapper.team_07_WB.instance_to_wrap_gpio_in[30]/DIODE    1.500000    1.586514   -0.086514 (VIOLATED)
_7948_/A                                1.500000    1.586219   -0.086219 (VIOLATED)
ANTENNA__7948__A/DIODE                  1.500000    1.586208   -0.086208 (VIOLATED)
ANTENNA_hold506_X/DIODE                 1.500000    1.585740   -0.085740 (VIOLATED)
mprj.team_04_Wrapper.team_04_WB.instance_to_wrap/gpio_in[13]    1.500000    1.585570   -0.085570 (VIOLATED)
ANTENNA__4100__A0/DIODE                 1.500000    1.585215   -0.085215 (VIOLATED)
_4100_/A0                               1.500000    1.585210   -0.085210 (VIOLATED)
ANTENNA_mprj.team_08_Wrapper.team_08_WB.instance_to_wrap_gpio_in[22]/DIODE    1.500000    1.585205   -0.085205 (VIOLATED)
ANTENNA__4112__B1/DIODE                 1.500000    1.585153   -0.085153 (VIOLATED)
_4112_/B1                               1.500000    1.585147   -0.085147 (VIOLATED)
mprj.team_07_Wrapper.team_07_WB.instance_to_wrap/gpio_in[31]    1.500000    1.582518   -0.082518 (VIOLATED)
ANTENNA_mprj.team_07_Wrapper.team_07_WB.instance_to_wrap_gpio_in[31]/DIODE    1.500000    1.582457   -0.082457 (VIOLATED)
ANTENNA_mprj.team_05_Wrapper.team_05_WB.instance_to_wrap_gpio_in[6]/DIODE    1.500000    1.580285   -0.080285 (VIOLATED)
mprj.team_05_Wrapper.team_05_WB.instance_to_wrap/gpio_in[6]    1.500000    1.580220   -0.080220 (VIOLATED)
ANTENNA_mprj.team_04_Wrapper.team_04_WB.instance_to_wrap_gpio_in[25]/DIODE    1.500000    1.580112   -0.080112 (VIOLATED)
ANTENNA_mprj.team_05_Wrapper.team_05_WB.instance_to_wrap_gpio_out[32]/DIODE    1.500000    1.580019   -0.080019 (VIOLATED)
mprj.team_05_Wrapper.team_05_WB.instance_to_wrap/gpio_out[32]    1.500000    1.580019   -0.080019 (VIOLATED)
mprj.team_04_Wrapper.team_04_WB.instance_to_wrap/gpio_in[25]    1.500000    1.579946   -0.079946 (VIOLATED)
_7975_/A1                               1.500000    1.579528   -0.079528 (VIOLATED)
ANTENNA__7975__A1/DIODE                 1.500000    1.579509   -0.079509 (VIOLATED)
ANTENNA_337/DIODE                       1.500000    1.579065   -0.079066 (VIOLATED)
ANTENNA_338/DIODE                       1.500000    1.579044   -0.079044 (VIOLATED)
mprj.team_12_Wrapper.team_12_WB.instance_to_wrap/gpio_in[3]    1.500000    1.579007   -0.079007 (VIOLATED)
ANTENNA_mprj.team_12_Wrapper.team_12_WB.instance_to_wrap_gpio_in[3]/DIODE    1.500000    1.578990   -0.078990 (VIOLATED)
ANTENNA_mprj.team_01_Wrapper.team_01_WB.instance_to_wrap_DAT_O[2]/DIODE    1.500000    1.578580   -0.078580 (VIOLATED)
mprj.team_01_Wrapper.team_01_WB.instance_to_wrap/DAT_O[2]    1.500000    1.578577   -0.078577 (VIOLATED)
ANTENNA_mprj.team_08_Wrapper.team_08_WB.instance_to_wrap_gpio_out[28]/DIODE    1.500000    1.578286   -0.078286 (VIOLATED)
mprj.team_08_Wrapper.team_08_WB.instance_to_wrap/gpio_out[28]    1.500000    1.578286   -0.078286 (VIOLATED)
ANTENNA__4978__A1/DIODE                 1.500000    1.577651   -0.077651 (VIOLATED)
ANTENNA_42/DIODE                        1.500000    1.577649   -0.077649 (VIOLATED)
ANTENNA_623/DIODE                       1.500000    1.577644   -0.077644 (VIOLATED)
ANTENNA_773/DIODE                       1.500000    1.577634   -0.077635 (VIOLATED)
mprj.team_06_Wrapper.team_06_WB.instance_to_wrap/gpio_in[5]    1.500000    1.577623   -0.077623 (VIOLATED)
ANTENNA__4985__A2/DIODE                 1.500000    1.577613   -0.077613 (VIOLATED)
_4985_/A2                               1.500000    1.577567   -0.077567 (VIOLATED)
_4978_/A1                               1.500000    1.577551   -0.077551 (VIOLATED)
ANTENNA_mprj.team_06_Wrapper.team_06_WB.instance_to_wrap_gpio_in[5]/DIODE    1.500000    1.577535   -0.077535 (VIOLATED)
mprj.team_02_Wrapper.team_02_WB.instance_to_wrap/gpio_in[12]    1.500000    1.577507   -0.077507 (VIOLATED)
ANTENNA_mprj.team_02_Wrapper.team_02_WB.instance_to_wrap_gpio_in[12]/DIODE    1.500000    1.577490   -0.077490 (VIOLATED)
ANTENNA_mprj.team_03_Wrapper.team_03_WB.instance_to_wrap_DAT_O[14]/DIODE    1.500000    1.576875   -0.076875 (VIOLATED)
mprj.team_03_Wrapper.team_03_WB.instance_to_wrap/DAT_O[14]    1.500000    1.576875   -0.076875 (VIOLATED)
ANTENNA_mprj.team_06_Wrapper.team_06_WB.instance_to_wrap_gpio_oeb[21]/DIODE    1.500000    1.576309   -0.076309 (VIOLATED)
mprj.team_06_Wrapper.team_06_WB.instance_to_wrap/gpio_oeb[21]    1.500000    1.576306   -0.076307 (VIOLATED)
mprj.team_03_Wrapper.team_03_WB.instance_to_wrap/gpio_in[25]    1.500000    1.574465   -0.074465 (VIOLATED)
ANTENNA_mprj.team_03_Wrapper.team_03_WB.instance_to_wrap_gpio_in[25]/DIODE    1.500000    1.574373   -0.074374 (VIOLATED)
mprj.team_02_Wrapper.team_02_WB.instance_to_wrap/gpio_in[4]    1.500000    1.569272   -0.069272 (VIOLATED)
ANTENNA_mprj.team_02_Wrapper.team_02_WB.instance_to_wrap_gpio_in[4]/DIODE    1.500000    1.569196   -0.069196 (VIOLATED)
_7900_/A                                1.500000    1.568428   -0.068428 (VIOLATED)
ANTENNA__7900__A/DIODE                  1.500000    1.568419   -0.068419 (VIOLATED)
mprj.team_05_Wrapper.team_05_WB.instance_to_wrap/gpio_in[29]    1.500000    1.568379   -0.068379 (VIOLATED)
ANTENNA_mprj.team_05_Wrapper.team_05_WB.instance_to_wrap_gpio_in[29]/DIODE    1.500000    1.568378   -0.068379 (VIOLATED)
_5053_/A2                               1.500000    1.567538   -0.067539 (VIOLATED)
ANTENNA__5047__A0/DIODE                 1.500000    1.567535   -0.067535 (VIOLATED)
ANTENNA__5053__A2/DIODE                 1.500000    1.567534   -0.067535 (VIOLATED)
_5047_/A0                               1.500000    1.567492   -0.067492 (VIOLATED)
mprj.team_08_Wrapper.team_08_WB.instance_to_wrap/gpio_in[18]    1.500000    1.567213   -0.067213 (VIOLATED)
ANTENNA_mprj.team_08_Wrapper.team_08_WB.instance_to_wrap_gpio_in[18]/DIODE    1.500000    1.565737   -0.065737 (VIOLATED)
mprj.team_04_Wrapper.team_04_WB.instance_to_wrap/gpio_in[3]    1.500000    1.564671   -0.064671 (VIOLATED)
wire761/A                               1.500000    1.563792   -0.063792 (VIOLATED)
ANTENNA_wire761_A/DIODE                 1.500000    1.563723   -0.063723 (VIOLATED)
ANTENNA_mprj.team_08_Wrapper.team_08_WB.instance_to_wrap_gpio_in[10]/DIODE    1.500000    1.562911   -0.062911 (VIOLATED)
mprj.team_08_Wrapper.team_08_WB.instance_to_wrap/gpio_in[10]    1.500000    1.562871   -0.062871 (VIOLATED)
_6685_/A1                               1.500000    1.561935   -0.061935 (VIOLATED)
ANTENNA__6685__A1/DIODE                 1.500000    1.561918   -0.061918 (VIOLATED)
ANTENNA_mprj.team_01_Wrapper.team_01_WB.instance_to_wrap_ADR_O[19]/DIODE    1.500000    1.560086   -0.060086 (VIOLATED)
mprj.team_01_Wrapper.team_01_WB.instance_to_wrap/ADR_O[19]    1.500000    1.560086   -0.060086 (VIOLATED)
ANTENNA__4503__A2/DIODE                 1.500000    1.559864   -0.059864 (VIOLATED)
_4503_/A2                               1.500000    1.559862   -0.059862 (VIOLATED)
_4496_/A1                               1.500000    1.559844   -0.059844 (VIOLATED)
ANTENNA__4496__A1/DIODE                 1.500000    1.559788   -0.059788 (VIOLATED)
ANTENNA_mprj.team_03_Wrapper.team_03_WB.instance_to_wrap_ADR_O[12]/DIODE    1.500000    1.559021   -0.059021 (VIOLATED)
mprj.team_03_Wrapper.team_03_WB.instance_to_wrap/ADR_O[12]    1.500000    1.558987   -0.058987 (VIOLATED)
_8045_/A1                               1.500000    1.558701   -0.058701 (VIOLATED)
ANTENNA__8045__A1/DIODE                 1.500000    1.558682   -0.058682 (VIOLATED)
hold538/X                               1.495067    1.552416   -0.057349 (VIOLATED)
_6509_/A1                               1.500000    1.556828   -0.056828 (VIOLATED)
mprj.team_04_Wrapper.team_04_WB.instance_to_wrap/gpio_in[30]    1.500000    1.556822   -0.056822 (VIOLATED)
ANTENNA__6509__A1/DIODE                 1.500000    1.556815   -0.056815 (VIOLATED)
ANTENNA_mprj.team_04_Wrapper.team_04_WB.instance_to_wrap_gpio_in[30]/DIODE    1.500000    1.556562   -0.056562 (VIOLATED)
ANTENNA_mprj.team_02_Wrapper.team_02_WB.instance_to_wrap_gpio_in[29]/DIODE    1.500000    1.555768   -0.055768 (VIOLATED)
mprj.team_02_Wrapper.team_02_WB.instance_to_wrap/gpio_in[29]    1.500000    1.554241   -0.054241 (VIOLATED)
mprj.team_12_Wrapper.team_12_WB.instance_to_wrap/gpio_in[9]    1.500000    1.554068   -0.054069 (VIOLATED)
ANTENNA_mprj.team_12_Wrapper.team_12_WB.instance_to_wrap_gpio_in[9]/DIODE    1.500000    1.554061   -0.054061 (VIOLATED)
_7636_/B                                1.500000    1.554029   -0.054029 (VIOLATED)
ANTENNA__7636__B/DIODE                  1.500000    1.554028   -0.054028 (VIOLATED)
ANTENNA__4347__A2/DIODE                 1.500000    1.553703   -0.053703 (VIOLATED)
_4347_/A2                               1.500000    1.553696   -0.053696 (VIOLATED)
ANTENNA_21/DIODE                        1.500000    1.553650   -0.053650 (VIOLATED)
ANTENNA__4341__A1/DIODE                 1.500000    1.553616   -0.053616 (VIOLATED)
_4341_/A1                               1.500000    1.553608   -0.053608 (VIOLATED)
ANTENNA_20/DIODE                        1.500000    1.553538   -0.053539 (VIOLATED)
ANTENNA_mprj.team_06_Wrapper.team_06_WB.instance_to_wrap_gpio_in[11]/DIODE    1.500000    1.553236   -0.053236 (VIOLATED)
max_cap661/A                            1.500000    1.552644   -0.052644 (VIOLATED)
ANTENNA_max_cap661_A/DIODE              1.500000    1.552643   -0.052643 (VIOLATED)
ANTENNA_hold538_X/DIODE                 1.500000    1.552416   -0.052416 (VIOLATED)
mprj.team_06_Wrapper.team_06_WB.instance_to_wrap/gpio_in[11]    1.500000    1.549857   -0.049857 (VIOLATED)
ANTENNA_mprj.team_06_Wrapper.team_06_WB.instance_to_wrap_gpio_in[20]/DIODE    1.500000    1.549403   -0.049403 (VIOLATED)
mprj.team_06_Wrapper.team_06_WB.instance_to_wrap/gpio_in[20]    1.500000    1.549346   -0.049347 (VIOLATED)
ANTENNA_mprj.team_03_Wrapper.team_03_WB.instance_to_wrap_ADR_O[25]/DIODE    1.500000    1.548848   -0.048848 (VIOLATED)
mprj.team_03_Wrapper.team_03_WB.instance_to_wrap/ADR_O[25]    1.500000    1.548848   -0.048848 (VIOLATED)
mprj.team_02_Wrapper.team_02_WB.instance_to_wrap/gpio_in[25]    1.500000    1.548318   -0.048318 (VIOLATED)
ANTENNA_mprj.team_02_Wrapper.team_02_WB.instance_to_wrap_gpio_in[25]/DIODE    1.500000    1.546162   -0.046162 (VIOLATED)
ANTENNA_mprj.team_05_Wrapper.team_05_WB.instance_to_wrap_gpio_out[2]/DIODE    1.500000    1.544782   -0.044782 (VIOLATED)
mprj.team_05_Wrapper.team_05_WB.instance_to_wrap/gpio_out[2]    1.500000    1.544782   -0.044782 (VIOLATED)
ANTENNA_mprj.team_03_Wrapper.team_03_WB.instance_to_wrap_ADR_O[2]/DIODE    1.500000    1.540571   -0.040572 (VIOLATED)
mprj.team_03_Wrapper.team_03_WB.instance_to_wrap/ADR_O[2]    1.500000    1.540571   -0.040572 (VIOLATED)
_4279_/A1                               1.500000    1.540551   -0.040551 (VIOLATED)
ANTENNA__4279__A1/DIODE                 1.500000    1.540548   -0.040548 (VIOLATED)
ANTENNA__4288__B/DIODE                  1.500000    1.540486   -0.040486 (VIOLATED)
_4288_/B                                1.500000    1.540479   -0.040479 (VIOLATED)
_4287_/B                                1.500000    1.540429   -0.040429 (VIOLATED)
ANTENNA__4287__B/DIODE                  1.500000    1.540365   -0.040365 (VIOLATED)
ANTENNA_mprj.team_06_Wrapper.team_06_WB.instance_to_wrap_gpio_out[15]/DIODE    1.500000    1.540082   -0.040082 (VIOLATED)
mprj.team_06_Wrapper.team_06_WB.instance_to_wrap/gpio_out[15]    1.500000    1.540082   -0.040082 (VIOLATED)
_8016_/A                                1.500000    1.537861   -0.037861 (VIOLATED)
ANTENNA__8016__A/DIODE                  1.500000    1.537852   -0.037852 (VIOLATED)
ANTENNA__7809__A/DIODE                  1.500000    1.536926   -0.036926 (VIOLATED)
_7809_/A                                1.500000    1.536924   -0.036924 (VIOLATED)
ANTENNA__4263__A2/DIODE                 1.500000    1.536461   -0.036462 (VIOLATED)
ANTENNA__4257__A1/DIODE                 1.500000    1.536460   -0.036460 (VIOLATED)
_4263_/A2                               1.500000    1.536455   -0.036455 (VIOLATED)
_4257_/A1                               1.500000    1.536446   -0.036446 (VIOLATED)
mprj.team_02_Wrapper.team_02_WB.instance_to_wrap/gpio_in[5]    1.500000    1.536216   -0.036216 (VIOLATED)
ANTENNA_mprj.team_02_Wrapper.team_02_WB.instance_to_wrap_gpio_in[5]/DIODE    1.500000    1.536147   -0.036148 (VIOLATED)
hold412/X                               1.495067    1.531032   -0.035965 (VIOLATED)
ANTENNA_mprj.team_05_Wrapper.team_05_WB.instance_to_wrap_gpio_in[27]/DIODE    1.500000    1.533927   -0.033927 (VIOLATED)
mprj.team_05_Wrapper.team_05_WB.instance_to_wrap/gpio_in[27]    1.500000    1.533905   -0.033905 (VIOLATED)
_4761_/A0                               1.500000    1.533665   -0.033665 (VIOLATED)
ANTENNA__4761__A0/DIODE                 1.500000    1.533655   -0.033655 (VIOLATED)
ANTENNA__4767__A2/DIODE                 1.500000    1.533542   -0.033542 (VIOLATED)
_4767_/A2                               1.500000    1.533487   -0.033487 (VIOLATED)
mprj.team_06_Wrapper.team_06_WB.instance_to_wrap/gpio_in[29]    1.500000    1.532937   -0.032937 (VIOLATED)
_7632_/B                                1.500000    1.531902   -0.031902 (VIOLATED)
ANTENNA__7632__B/DIODE                  1.500000    1.531900   -0.031900 (VIOLATED)
max_cap665/A                            1.500000    1.531168   -0.031168 (VIOLATED)
ANTENNA_max_cap665_A/DIODE              1.500000    1.531166   -0.031166 (VIOLATED)
ANTENNA_mprj.team_01_Wrapper.team_01_WB.instance_to_wrap_DAT_O[22]/DIODE    1.500000    1.531053   -0.031053 (VIOLATED)
mprj.team_01_Wrapper.team_01_WB.instance_to_wrap/DAT_O[22]    1.500000    1.531053   -0.031053 (VIOLATED)
ANTENNA_hold412_X/DIODE                 1.500000    1.531032   -0.031032 (VIOLATED)
ANTENNA_mprj.team_06_Wrapper.team_06_WB.instance_to_wrap_gpio_in[29]/DIODE    1.500000    1.531022   -0.031023 (VIOLATED)
ANTENNA_mprj.team_05_Wrapper.team_05_WB.instance_to_wrap_gpio_in[5]/DIODE    1.500000    1.531014   -0.031014 (VIOLATED)
mprj.team_06_Wrapper.team_06_WB.instance_to_wrap/gpio_in[17]    1.500000    1.530929   -0.030929 (VIOLATED)
ANTENNA_mprj.team_06_Wrapper.team_06_WB.instance_to_wrap_gpio_in[17]/DIODE    1.500000    1.530900   -0.030900 (VIOLATED)
mprj.team_05_Wrapper.team_05_WB.instance_to_wrap/gpio_in[5]    1.500000    1.530898   -0.030898 (VIOLATED)
ANTENNA_mprj.team_01_Wrapper.team_01_WB.instance_to_wrap_DAT_O[13]/DIODE    1.500000    1.529454   -0.029454 (VIOLATED)
mprj.team_01_Wrapper.team_01_WB.instance_to_wrap/DAT_O[13]    1.500000    1.529454   -0.029454 (VIOLATED)
hold647/X                               1.495067    1.524271   -0.029204 (VIOLATED)
ANTENNA_mprj.team_06_Wrapper.team_06_WB.instance_to_wrap_gpio_in[25]/DIODE    1.500000    1.528887   -0.028887 (VIOLATED)
mprj.team_06_Wrapper.team_06_WB.instance_to_wrap/gpio_in[25]    1.500000    1.528788   -0.028788 (VIOLATED)
ANTENNA_mprj.team_03_Wrapper.team_03_WB.instance_to_wrap_gpio_in[26]/DIODE    1.500000    1.528434   -0.028434 (VIOLATED)
ANTENNA_mprj.team_01_Wrapper.team_01_WB.instance_to_wrap_DAT_O[20]/DIODE    1.500000    1.528318   -0.028318 (VIOLATED)
mprj.team_01_Wrapper.team_01_WB.instance_to_wrap/DAT_O[20]    1.500000    1.528315   -0.028315 (VIOLATED)
mprj.team_03_Wrapper.team_03_WB.instance_to_wrap/gpio_in[26]    1.500000    1.528138   -0.028138 (VIOLATED)
ANTENNA_mprj.team_03_Wrapper.team_03_WB.instance_to_wrap_ADR_O[26]/DIODE    1.500000    1.527848   -0.027848 (VIOLATED)
mprj.team_03_Wrapper.team_03_WB.instance_to_wrap/ADR_O[26]    1.500000    1.526984   -0.026984 (VIOLATED)
_4461_/A2                               1.500000    1.526455   -0.026455 (VIOLATED)
ANTENNA_24/DIODE                        1.500000    1.526451   -0.026451 (VIOLATED)
ANTENNA__4461__A2/DIODE                 1.500000    1.526447   -0.026447 (VIOLATED)
ANTENNA__4435__A1/DIODE                 1.500000    1.526419   -0.026419 (VIOLATED)
_4435_/A1                               1.500000    1.526418   -0.026418 (VIOLATED)
_7633_/B                                1.500000    1.525392   -0.025392 (VIOLATED)
ANTENNA__7633__B/DIODE                  1.500000    1.525391   -0.025391 (VIOLATED)
_8056_/A1                               1.500000    1.524603   -0.024603 (VIOLATED)
ANTENNA__8056__A1/DIODE                 1.500000    1.524564   -0.024564 (VIOLATED)
max_cap664/A                            1.500000    1.524437   -0.024437 (VIOLATED)
ANTENNA_max_cap664_A/DIODE              1.500000    1.524436   -0.024436 (VIOLATED)
ANTENNA_hold647_X/DIODE                 1.500000    1.524271   -0.024271 (VIOLATED)
ANTENNA_mprj.team_03_Wrapper.team_03_WB.instance_to_wrap_ADR_O[4]/DIODE    1.500000    1.521265   -0.021265 (VIOLATED)
mprj.team_03_Wrapper.team_03_WB.instance_to_wrap/ADR_O[4]    1.500000    1.521265   -0.021265 (VIOLATED)
ANTENNA_mprj.team_03_Wrapper.team_03_WB.instance_to_wrap_ADR_O[9]/DIODE    1.500000    1.519937   -0.019937 (VIOLATED)
mprj.team_03_Wrapper.team_03_WB.instance_to_wrap/ADR_O[9]    1.500000    1.519925   -0.019925 (VIOLATED)
ANTENNA__4472__A1/DIODE                 1.500000    1.518140   -0.018140 (VIOLATED)
_4472_/A1                               1.500000    1.518127   -0.018127 (VIOLATED)
ANTENNA__4479__A2/DIODE                 1.500000    1.518114   -0.018114 (VIOLATED)
_4479_/A2                               1.500000    1.518090   -0.018090 (VIOLATED)
ANTENNA_mprj.team_01_Wrapper.team_01_WB.instance_to_wrap_DAT_O[5]/DIODE    1.500000    1.517887   -0.017887 (VIOLATED)
mprj.team_01_Wrapper.team_01_WB.instance_to_wrap/DAT_O[5]    1.500000    1.517887   -0.017887 (VIOLATED)
_8050_/A                                1.500000    1.516280   -0.016280 (VIOLATED)
ANTENNA__8050__A/DIODE                  1.500000    1.516278   -0.016278 (VIOLATED)
_8048_/B2                               1.500000    1.514504   -0.014504 (VIOLATED)
ANTENNA__8048__B2/DIODE                 1.500000    1.514501   -0.014502 (VIOLATED)
ANTENNA_mprj.team_05_Wrapper.team_05_WB.instance_to_wrap_gpio_out[10]/DIODE    1.500000    1.514145   -0.014145 (VIOLATED)
mprj.team_05_Wrapper.team_05_WB.instance_to_wrap/gpio_out[10]    1.500000    1.514145   -0.014145 (VIOLATED)
ANTENNA_mprj.team_02_Wrapper.team_02_WB.instance_to_wrap_gpio_out[10]/DIODE    1.500000    1.511587   -0.011587 (VIOLATED)
mprj.team_02_Wrapper.team_02_WB.instance_to_wrap/gpio_out[10]    1.500000    1.511587   -0.011587 (VIOLATED)
_6362_/A3                               1.500000    1.509158   -0.009158 (VIOLATED)
ANTENNA__6362__A3/DIODE                 1.500000    1.509151   -0.009151 (VIOLATED)
ANTENNA__7987__B2/DIODE                 1.500000    1.508006   -0.008006 (VIOLATED)
_7987_/B2                               1.500000    1.508004   -0.008004 (VIOLATED)
ANTENNA_mprj.team_03_Wrapper.team_03_WB.instance_to_wrap_ADR_O[28]/DIODE    1.500000    1.507945   -0.007945 (VIOLATED)
mprj.team_03_Wrapper.team_03_WB.instance_to_wrap/ADR_O[28]    1.500000    1.507945   -0.007945 (VIOLATED)
ANTENNA_mprj.team_08_Wrapper.team_08_WB.instance_to_wrap_gpio_in[19]/DIODE    1.500000    1.506390   -0.006390 (VIOLATED)
ANTENNA_mprj.team_10_Wrapper.team_10_WB.instance_to_wrap_gpio_in[3]/DIODE    1.500000    1.505270   -0.005270 (VIOLATED)
mprj.team_10_Wrapper.team_10_WB.instance_to_wrap/gpio_in[3]    1.500000    1.505158   -0.005158 (VIOLATED)
ANTENNA_mprj.team_10_Wrapper.team_10_WB.instance_to_wrap_gpio_in[31]/DIODE    1.500000    1.504853   -0.004853 (VIOLATED)
ANTENNA_mprj.team_07_Wrapper.team_07_WB.instance_to_wrap_gpio_out[16]/DIODE    1.500000    1.503859   -0.003859 (VIOLATED)
mprj.team_07_Wrapper.team_07_WB.instance_to_wrap/gpio_out[16]    1.500000    1.503859   -0.003859 (VIOLATED)
_4380_/A2                               1.500000    1.502916   -0.002916 (VIOLATED)
ANTENNA__4380__A2/DIODE                 1.500000    1.502889   -0.002889 (VIOLATED)
_4374_/A1                               1.500000    1.502853   -0.002853 (VIOLATED)
ANTENNA__4374__A1/DIODE                 1.500000    1.502798   -0.002798 (VIOLATED)
ANTENNA_26/DIODE                        1.500000    1.502740   -0.002740 (VIOLATED)
ANTENNA__4176__A0/DIODE                 1.500000    1.500871   -0.000871 (VIOLATED)
_4176_/A0                               1.500000    1.500868   -0.000868 (VIOLATED)
ANTENNA__4182__A2/DIODE                 1.500000    1.500821   -0.000822 (VIOLATED)
_4182_/A2                               1.500000    1.500816   -0.000816 (VIOLATED)
_8071_/A                                1.500000    1.500286   -0.000286 (VIOLATED)
ANTENNA__8071__A/DIODE                  1.500000    1.500277   -0.000277 (VIOLATED)
ANTENNA_mprj.team_06_Wrapper.team_06_WB.instance_to_wrap_gpio_out[23]/DIODE    1.500000    1.500022   -0.000022 (VIOLATED)
mprj.team_06_Wrapper.team_06_WB.instance_to_wrap/gpio_out[23]    1.500000    1.500022   -0.000022 (VIOLATED)

max fanout

Pin                                   Limit Fanout  Slack
---------------------------------------------------------
clkbuf_5_25_0_wb_clk_i_regs/X            10     31    -21 (VIOLATED)
clkbuf_5_7_0_wb_clk_i_regs/X             10     31    -21 (VIOLATED)
clkbuf_5_19_0_wb_clk_i_regs/X            10     29    -19 (VIOLATED)
clkbuf_5_9_0_wb_clk_i_regs/X             10     27    -17 (VIOLATED)
clkbuf_5_24_0_wb_clk_i_regs/X            10     25    -15 (VIOLATED)
clkbuf_5_26_0_wb_clk_i_regs/X            10     25    -15 (VIOLATED)
input42/X                                10     25    -15 (VIOLATED)
fanout253/X                              10     24    -14 (VIOLATED)
fanout677/X                              10     24    -14 (VIOLATED)
_4293_/Y                                 10     23    -13 (VIOLATED)
clkbuf_5_11_0_wb_clk_i_regs/X            10     23    -13 (VIOLATED)
clkbuf_5_18_0_wb_clk_i_regs/X            10     23    -13 (VIOLATED)
clkbuf_5_30_0_wb_clk_i_regs/X            10     23    -13 (VIOLATED)
clkbuf_5_31_0_wb_clk_i_regs/X            10     23    -13 (VIOLATED)
clkbuf_5_4_0_wb_clk_i_regs/X             10     23    -13 (VIOLATED)
clkbuf_5_6_0_wb_clk_i_regs/X             10     23    -13 (VIOLATED)
fanout373/X                              10     23    -13 (VIOLATED)
fanout393/X                              10     23    -13 (VIOLATED)
fanout252/X                              10     22    -12 (VIOLATED)
fanout255/X                              10     22    -12 (VIOLATED)
fanout314/X                              10     22    -12 (VIOLATED)
fanout366/X                              10     22    -12 (VIOLATED)
fanout429/X                              10     22    -12 (VIOLATED)
fanout434/X                              10     22    -12 (VIOLATED)
fanout446/X                              10     22    -12 (VIOLATED)
fanout492/X                              10     22    -12 (VIOLATED)
fanout499/X                              10     22    -12 (VIOLATED)
fanout504/X                              10     22    -12 (VIOLATED)
fanout549/X                              10     22    -12 (VIOLATED)
fanout556/X                              10     22    -12 (VIOLATED)
fanout586/X                              10     22    -12 (VIOLATED)
fanout618/X                              10     22    -12 (VIOLATED)
_4174_/X                                 10     21    -11 (VIOLATED)
_8592_/Q                                 10     21    -11 (VIOLATED)
_8616_/Q                                 10     21    -11 (VIOLATED)
_8708_/Q                                 10     21    -11 (VIOLATED)
_8883_/Q                                 10     21    -11 (VIOLATED)
clkbuf_5_10_0_wb_clk_i_regs/X            10     21    -11 (VIOLATED)
clkbuf_5_17_0_wb_clk_i_regs/X            10     21    -11 (VIOLATED)
clkbuf_5_23_0_wb_clk_i_regs/X            10     21    -11 (VIOLATED)
clkbuf_5_3_0_wb_clk_i_regs/X             10     21    -11 (VIOLATED)
clkbuf_5_5_0_wb_clk_i_regs/X             10     21    -11 (VIOLATED)
clkbuf_5_8_0_wb_clk_i_regs/X             10     21    -11 (VIOLATED)
fanout208/X                              10     21    -11 (VIOLATED)
fanout210/X                              10     21    -11 (VIOLATED)
fanout213/X                              10     21    -11 (VIOLATED)
fanout214/X                              10     21    -11 (VIOLATED)
fanout215/X                              10     21    -11 (VIOLATED)
fanout216/X                              10     21    -11 (VIOLATED)
fanout217/X                              10     21    -11 (VIOLATED)
fanout218/X                              10     21    -11 (VIOLATED)
fanout221/X                              10     21    -11 (VIOLATED)
fanout222/X                              10     21    -11 (VIOLATED)
fanout224/X                              10     21    -11 (VIOLATED)
fanout226/X                              10     21    -11 (VIOLATED)
fanout227/X                              10     21    -11 (VIOLATED)
fanout228/X                              10     21    -11 (VIOLATED)
fanout230/X                              10     21    -11 (VIOLATED)
fanout232/X                              10     21    -11 (VIOLATED)
fanout234/X                              10     21    -11 (VIOLATED)
fanout235/X                              10     21    -11 (VIOLATED)
fanout237/X                              10     21    -11 (VIOLATED)
fanout239/X                              10     21    -11 (VIOLATED)
fanout241/X                              10     21    -11 (VIOLATED)
fanout242/X                              10     21    -11 (VIOLATED)
fanout245/X                              10     21    -11 (VIOLATED)
fanout247/X                              10     21    -11 (VIOLATED)
fanout249/X                              10     21    -11 (VIOLATED)
fanout256/X                              10     21    -11 (VIOLATED)
fanout257/X                              10     21    -11 (VIOLATED)
fanout260/X                              10     21    -11 (VIOLATED)
fanout261/X                              10     21    -11 (VIOLATED)
fanout262/X                              10     21    -11 (VIOLATED)
fanout263/X                              10     21    -11 (VIOLATED)
fanout265/X                              10     21    -11 (VIOLATED)
fanout267/X                              10     21    -11 (VIOLATED)
fanout269/X                              10     21    -11 (VIOLATED)
fanout270/X                              10     21    -11 (VIOLATED)
fanout273/X                              10     21    -11 (VIOLATED)
fanout274/X                              10     21    -11 (VIOLATED)
fanout276/X                              10     21    -11 (VIOLATED)
fanout277/X                              10     21    -11 (VIOLATED)
fanout279/X                              10     21    -11 (VIOLATED)
fanout280/X                              10     21    -11 (VIOLATED)
fanout282/X                              10     21    -11 (VIOLATED)
fanout284/X                              10     21    -11 (VIOLATED)
fanout285/X                              10     21    -11 (VIOLATED)
fanout288/X                              10     21    -11 (VIOLATED)
fanout291/X                              10     21    -11 (VIOLATED)
fanout295/X                              10     21    -11 (VIOLATED)
fanout296/X                              10     21    -11 (VIOLATED)
fanout297/X                              10     21    -11 (VIOLATED)
fanout299/X                              10     21    -11 (VIOLATED)
fanout300/X                              10     21    -11 (VIOLATED)
fanout302/X                              10     21    -11 (VIOLATED)
fanout303/X                              10     21    -11 (VIOLATED)
fanout305/X                              10     21    -11 (VIOLATED)
fanout307/X                              10     21    -11 (VIOLATED)
fanout309/X                              10     21    -11 (VIOLATED)
fanout310/X                              10     21    -11 (VIOLATED)
fanout312/X                              10     21    -11 (VIOLATED)
fanout316/X                              10     21    -11 (VIOLATED)
fanout318/X                              10     21    -11 (VIOLATED)
fanout320/X                              10     21    -11 (VIOLATED)
fanout322/X                              10     21    -11 (VIOLATED)
fanout324/X                              10     21    -11 (VIOLATED)
fanout325/X                              10     21    -11 (VIOLATED)
fanout327/X                              10     21    -11 (VIOLATED)
fanout329/X                              10     21    -11 (VIOLATED)
fanout331/X                              10     21    -11 (VIOLATED)
fanout334/X                              10     21    -11 (VIOLATED)
fanout336/X                              10     21    -11 (VIOLATED)
fanout337/X                              10     21    -11 (VIOLATED)
fanout341/X                              10     21    -11 (VIOLATED)
fanout342/X                              10     21    -11 (VIOLATED)
fanout344/X                              10     21    -11 (VIOLATED)
fanout345/X                              10     21    -11 (VIOLATED)
fanout348/X                              10     21    -11 (VIOLATED)
fanout349/X                              10     21    -11 (VIOLATED)
fanout350/X                              10     21    -11 (VIOLATED)
fanout367/X                              10     21    -11 (VIOLATED)
fanout368/X                              10     21    -11 (VIOLATED)
fanout370/X                              10     21    -11 (VIOLATED)
fanout371/X                              10     21    -11 (VIOLATED)
fanout378/X                              10     21    -11 (VIOLATED)
fanout382/X                              10     21    -11 (VIOLATED)
fanout383/X                              10     21    -11 (VIOLATED)
fanout385/X                              10     21    -11 (VIOLATED)
fanout388/X                              10     21    -11 (VIOLATED)
fanout390/X                              10     21    -11 (VIOLATED)
fanout397/X                              10     21    -11 (VIOLATED)
fanout399/X                              10     21    -11 (VIOLATED)
fanout401/X                              10     21    -11 (VIOLATED)
fanout402/X                              10     21    -11 (VIOLATED)
fanout403/X                              10     21    -11 (VIOLATED)
fanout405/X                              10     21    -11 (VIOLATED)
fanout407/X                              10     21    -11 (VIOLATED)
fanout409/X                              10     21    -11 (VIOLATED)
fanout410/X                              10     21    -11 (VIOLATED)
fanout411/X                              10     21    -11 (VIOLATED)
fanout413/X                              10     21    -11 (VIOLATED)
fanout414/X                              10     21    -11 (VIOLATED)
fanout415/X                              10     21    -11 (VIOLATED)
fanout417/X                              10     21    -11 (VIOLATED)
fanout418/X                              10     21    -11 (VIOLATED)
fanout421/X                              10     21    -11 (VIOLATED)
fanout423/X                              10     21    -11 (VIOLATED)
fanout424/X                              10     21    -11 (VIOLATED)
fanout426/X                              10     21    -11 (VIOLATED)
fanout427/X                              10     21    -11 (VIOLATED)
fanout430/X                              10     21    -11 (VIOLATED)
fanout432/X                              10     21    -11 (VIOLATED)
fanout435/X                              10     21    -11 (VIOLATED)
fanout437/X                              10     21    -11 (VIOLATED)
fanout438/X                              10     21    -11 (VIOLATED)
fanout441/X                              10     21    -11 (VIOLATED)
fanout443/X                              10     21    -11 (VIOLATED)
fanout444/X                              10     21    -11 (VIOLATED)
fanout447/X                              10     21    -11 (VIOLATED)
fanout449/X                              10     21    -11 (VIOLATED)
fanout451/X                              10     21    -11 (VIOLATED)
fanout452/X                              10     21    -11 (VIOLATED)
fanout454/X                              10     21    -11 (VIOLATED)
fanout455/X                              10     21    -11 (VIOLATED)
fanout458/X                              10     21    -11 (VIOLATED)
fanout460/X                              10     21    -11 (VIOLATED)
fanout461/X                              10     21    -11 (VIOLATED)
fanout463/X                              10     21    -11 (VIOLATED)
fanout464/X                              10     21    -11 (VIOLATED)
fanout467/X                              10     21    -11 (VIOLATED)
fanout469/X                              10     21    -11 (VIOLATED)
fanout470/X                              10     21    -11 (VIOLATED)
fanout473/X                              10     21    -11 (VIOLATED)
fanout474/X                              10     21    -11 (VIOLATED)
fanout477/X                              10     21    -11 (VIOLATED)
fanout479/X                              10     21    -11 (VIOLATED)
fanout481/X                              10     21    -11 (VIOLATED)
fanout482/X                              10     21    -11 (VIOLATED)
fanout483/X                              10     21    -11 (VIOLATED)
fanout485/X                              10     21    -11 (VIOLATED)
fanout486/X                              10     21    -11 (VIOLATED)
fanout489/X                              10     21    -11 (VIOLATED)
fanout493/X                              10     21    -11 (VIOLATED)
fanout494/X                              10     21    -11 (VIOLATED)
fanout495/X                              10     21    -11 (VIOLATED)
fanout496/X                              10     21    -11 (VIOLATED)
fanout498/X                              10     21    -11 (VIOLATED)
fanout503/X                              10     21    -11 (VIOLATED)
fanout505/X                              10     21    -11 (VIOLATED)
fanout508/X                              10     21    -11 (VIOLATED)
fanout509/X                              10     21    -11 (VIOLATED)
fanout512/X                              10     21    -11 (VIOLATED)
fanout514/X                              10     21    -11 (VIOLATED)
fanout515/X                              10     21    -11 (VIOLATED)
fanout517/X                              10     21    -11 (VIOLATED)
fanout518/X                              10     21    -11 (VIOLATED)
fanout534/X                              10     21    -11 (VIOLATED)
fanout535/X                              10     21    -11 (VIOLATED)
fanout536/X                              10     21    -11 (VIOLATED)
fanout539/X                              10     21    -11 (VIOLATED)
fanout541/X                              10     21    -11 (VIOLATED)
fanout542/X                              10     21    -11 (VIOLATED)
fanout543/X                              10     21    -11 (VIOLATED)
fanout547/X                              10     21    -11 (VIOLATED)
fanout551/X                              10     21    -11 (VIOLATED)
fanout552/X                              10     21    -11 (VIOLATED)
fanout553/X                              10     21    -11 (VIOLATED)
fanout557/X                              10     21    -11 (VIOLATED)
fanout558/X                              10     21    -11 (VIOLATED)
fanout559/X                              10     21    -11 (VIOLATED)
fanout560/X                              10     21    -11 (VIOLATED)
fanout561/X                              10     21    -11 (VIOLATED)
fanout562/X                              10     21    -11 (VIOLATED)
fanout563/X                              10     21    -11 (VIOLATED)
fanout565/X                              10     21    -11 (VIOLATED)
fanout566/X                              10     21    -11 (VIOLATED)
fanout568/X                              10     21    -11 (VIOLATED)
fanout569/X                              10     21    -11 (VIOLATED)
fanout571/X                              10     21    -11 (VIOLATED)
fanout572/X                              10     21    -11 (VIOLATED)
fanout574/X                              10     21    -11 (VIOLATED)
fanout577/X                              10     21    -11 (VIOLATED)
fanout578/X                              10     21    -11 (VIOLATED)
fanout580/X                              10     21    -11 (VIOLATED)
fanout583/X                              10     21    -11 (VIOLATED)
fanout588/X                              10     21    -11 (VIOLATED)
fanout589/X                              10     21    -11 (VIOLATED)
fanout590/X                              10     21    -11 (VIOLATED)
fanout591/X                              10     21    -11 (VIOLATED)
fanout593/X                              10     21    -11 (VIOLATED)
fanout594/X                              10     21    -11 (VIOLATED)
fanout595/X                              10     21    -11 (VIOLATED)
fanout597/X                              10     21    -11 (VIOLATED)
fanout602/X                              10     21    -11 (VIOLATED)
fanout607/X                              10     21    -11 (VIOLATED)
fanout609/X                              10     21    -11 (VIOLATED)
fanout610/X                              10     21    -11 (VIOLATED)
fanout611/X                              10     21    -11 (VIOLATED)
fanout612/X                              10     21    -11 (VIOLATED)
fanout615/X                              10     21    -11 (VIOLATED)
fanout617/X                              10     21    -11 (VIOLATED)
fanout620/X                              10     21    -11 (VIOLATED)
fanout622/X                              10     21    -11 (VIOLATED)
fanout624/X                              10     21    -11 (VIOLATED)
fanout626/X                              10     21    -11 (VIOLATED)
fanout628/X                              10     21    -11 (VIOLATED)
fanout629/X                              10     21    -11 (VIOLATED)
fanout630/X                              10     21    -11 (VIOLATED)
fanout633/X                              10     21    -11 (VIOLATED)
fanout635/X                              10     21    -11 (VIOLATED)
fanout637/X                              10     21    -11 (VIOLATED)
fanout640/X                              10     21    -11 (VIOLATED)
fanout675/X                              10     21    -11 (VIOLATED)
fanout676/X                              10     21    -11 (VIOLATED)
fanout693/X                              10     21    -11 (VIOLATED)
fanout694/X                              10     21    -11 (VIOLATED)
fanout695/X                              10     21    -11 (VIOLATED)
fanout700/X                              10     21    -11 (VIOLATED)
fanout702/X                              10     21    -11 (VIOLATED)
fanout703/X                              10     21    -11 (VIOLATED)
fanout705/X                              10     21    -11 (VIOLATED)
fanout707/X                              10     21    -11 (VIOLATED)
fanout708/X                              10     21    -11 (VIOLATED)
fanout709/X                              10     21    -11 (VIOLATED)
fanout710/X                              10     21    -11 (VIOLATED)
fanout714/X                              10     21    -11 (VIOLATED)
fanout716/X                              10     21    -11 (VIOLATED)
fanout718/X                              10     21    -11 (VIOLATED)
fanout720/X                              10     21    -11 (VIOLATED)
fanout723/X                              10     21    -11 (VIOLATED)
fanout724/X                              10     21    -11 (VIOLATED)
fanout725/X                              10     21    -11 (VIOLATED)
fanout727/X                              10     21    -11 (VIOLATED)
fanout728/X                              10     21    -11 (VIOLATED)
fanout730/X                              10     21    -11 (VIOLATED)
fanout732/X                              10     21    -11 (VIOLATED)
fanout733/X                              10     21    -11 (VIOLATED)
fanout735/X                              10     21    -11 (VIOLATED)
fanout736/X                              10     21    -11 (VIOLATED)
fanout737/X                              10     21    -11 (VIOLATED)
hold162/X                                10     21    -11 (VIOLATED)
hold244/X                                10     21    -11 (VIOLATED)
hold274/X                                10     21    -11 (VIOLATED)
hold35/X                                 10     21    -11 (VIOLATED)
hold552/X                                10     21    -11 (VIOLATED)
hold580/X                                10     21    -11 (VIOLATED)
fanout236/X                              10     20    -10 (VIOLATED)
_4324_/Y                                 10     19     -9 (VIOLATED)
_4841_/X                                 10     19     -9 (VIOLATED)
_5149_/X                                 10     19     -9 (VIOLATED)
_5156_/Y                                 10     19     -9 (VIOLATED)
_5227_/Y                                 10     19     -9 (VIOLATED)
_6030_/X                                 10     19     -9 (VIOLATED)
_8572_/Q                                 10     19     -9 (VIOLATED)
_8573_/Q                                 10     19     -9 (VIOLATED)
_8593_/Q                                 10     19     -9 (VIOLATED)
_8617_/Q                                 10     19     -9 (VIOLATED)
_8628_/Q                                 10     19     -9 (VIOLATED)
_8709_/Q                                 10     19     -9 (VIOLATED)
_8884_/Q                                 10     19     -9 (VIOLATED)
clkbuf_5_2_0_wb_clk_i_regs/X             10     19     -9 (VIOLATED)
fanout212/X                              10     19     -9 (VIOLATED)
fanout219/X                              10     19     -9 (VIOLATED)
fanout238/X                              10     19     -9 (VIOLATED)
fanout250/X                              10     19     -9 (VIOLATED)
fanout258/X                              10     19     -9 (VIOLATED)
fanout271/X                              10     19     -9 (VIOLATED)
fanout372/X                              10     19     -9 (VIOLATED)
fanout478/X                              10     19     -9 (VIOLATED)
fanout537/X                              10     19     -9 (VIOLATED)
fanout540/X                              10     19     -9 (VIOLATED)
fanout545/X                              10     19     -9 (VIOLATED)
fanout564/X                              10     19     -9 (VIOLATED)
fanout567/X                              10     19     -9 (VIOLATED)
fanout570/X                              10     19     -9 (VIOLATED)
fanout598/X                              10     19     -9 (VIOLATED)
fanout606/X                              10     19     -9 (VIOLATED)
fanout632/X                              10     19     -9 (VIOLATED)
fanout699/X                              10     19     -9 (VIOLATED)
fanout715/X                              10     19     -9 (VIOLATED)
hold315/X                                10     19     -9 (VIOLATED)
hold452/X                                10     19     -9 (VIOLATED)
hold726/X                                10     19     -9 (VIOLATED)
clkbuf_5_16_0_wb_clk_i_regs/X            10     18     -8 (VIOLATED)
hold348/X                                10     18     -8 (VIOLATED)
mprj.team_05_Wrapper.team_05_WB.instance_to_wrap/gpio_oeb[32]     10     18     -8 (VIOLATED)
_4048_/Y                                 10     17     -7 (VIOLATED)
_4325_/Y                                 10     17     -7 (VIOLATED)
_5138_/X                                 10     17     -7 (VIOLATED)
_5464_/Y                                 10     17     -7 (VIOLATED)
_6243_/X                                 10     17     -7 (VIOLATED)
_6249_/X                                 10     17     -7 (VIOLATED)
_6267_/X                                 10     17     -7 (VIOLATED)
_6270_/X                                 10     17     -7 (VIOLATED)
_6302_/X                                 10     17     -7 (VIOLATED)
_6303_/X                                 10     17     -7 (VIOLATED)
_6334_/X                                 10     17     -7 (VIOLATED)
_6340_/X                                 10     17     -7 (VIOLATED)
_6411_/X                                 10     17     -7 (VIOLATED)
_6414_/X                                 10     17     -7 (VIOLATED)
_6444_/X                                 10     17     -7 (VIOLATED)
_6447_/X                                 10     17     -7 (VIOLATED)
_6483_/X                                 10     17     -7 (VIOLATED)
_6516_/X                                 10     17     -7 (VIOLATED)
_6520_/X                                 10     17     -7 (VIOLATED)
_6553_/X                                 10     17     -7 (VIOLATED)
_6556_/X                                 10     17     -7 (VIOLATED)
_6590_/X                                 10     17     -7 (VIOLATED)
_6594_/X                                 10     17     -7 (VIOLATED)
_6626_/X                                 10     17     -7 (VIOLATED)
_6627_/X                                 10     17     -7 (VIOLATED)
_6663_/X                                 10     17     -7 (VIOLATED)
_6664_/X                                 10     17     -7 (VIOLATED)
_6700_/X                                 10     17     -7 (VIOLATED)
_6702_/X                                 10     17     -7 (VIOLATED)
_6738_/X                                 10     17     -7 (VIOLATED)
_6773_/X                                 10     17     -7 (VIOLATED)
_6776_/X                                 10     17     -7 (VIOLATED)
_6811_/X                                 10     17     -7 (VIOLATED)
_6843_/X                                 10     17     -7 (VIOLATED)
_6847_/X                                 10     17     -7 (VIOLATED)
_6878_/X                                 10     17     -7 (VIOLATED)
_6880_/X                                 10     17     -7 (VIOLATED)
_6912_/X                                 10     17     -7 (VIOLATED)
_6943_/X                                 10     17     -7 (VIOLATED)
_6951_/X                                 10     17     -7 (VIOLATED)
_6985_/Y                                 10     17     -7 (VIOLATED)
_7473_/Y                                 10     17     -7 (VIOLATED)
_7692_/X                                 10     17     -7 (VIOLATED)
_7729_/X                                 10     17     -7 (VIOLATED)
_7755_/X                                 10     17     -7 (VIOLATED)
_7762_/X                                 10     17     -7 (VIOLATED)
_7792_/X                                 10     17     -7 (VIOLATED)
_7793_/X                                 10     17     -7 (VIOLATED)
_7827_/X                                 10     17     -7 (VIOLATED)
_7829_/Y                                 10     17     -7 (VIOLATED)
_7860_/X                                 10     17     -7 (VIOLATED)
_7863_/X                                 10     17     -7 (VIOLATED)
_7894_/X                                 10     17     -7 (VIOLATED)
_7895_/X                                 10     17     -7 (VIOLATED)
_7930_/X                                 10     17     -7 (VIOLATED)
_7964_/X                                 10     17     -7 (VIOLATED)
_7997_/X                                 10     17     -7 (VIOLATED)
_7998_/X                                 10     17     -7 (VIOLATED)
_8031_/X                                 10     17     -7 (VIOLATED)
_8064_/X                                 10     17     -7 (VIOLATED)
_8066_/X                                 10     17     -7 (VIOLATED)
_8641_/Q                                 10     17     -7 (VIOLATED)
_8688_/Q                                 10     17     -7 (VIOLATED)
_8690_/Q                                 10     17     -7 (VIOLATED)
_8691_/Q                                 10     17     -7 (VIOLATED)
_8696_/Q                                 10     17     -7 (VIOLATED)
_8877_/Q                                 10     17     -7 (VIOLATED)
_8886_/Q                                 10     17     -7 (VIOLATED)
clkbuf_5_12_0_wb_clk_i_regs/X            10     17     -7 (VIOLATED)
clkbuf_5_14_0_wb_clk_i_regs/X            10     17     -7 (VIOLATED)
clkbuf_5_1_0_wb_clk_i_regs/X             10     17     -7 (VIOLATED)
clkbuf_5_22_0_wb_clk_i_regs/X            10     17     -7 (VIOLATED)
clkbuf_5_27_0_wb_clk_i_regs/X            10     17     -7 (VIOLATED)
clkbuf_5_28_0_wb_clk_i_regs/X            10     17     -7 (VIOLATED)
fanout225/X                              10     17     -7 (VIOLATED)
fanout246/X                              10     17     -7 (VIOLATED)
fanout259/X                              10     17     -7 (VIOLATED)
fanout268/X                              10     17     -7 (VIOLATED)
fanout289/X                              10     17     -7 (VIOLATED)
fanout290/X                              10     17     -7 (VIOLATED)
fanout292/X                              10     17     -7 (VIOLATED)
fanout293/X                              10     17     -7 (VIOLATED)
fanout301/X                              10     17     -7 (VIOLATED)
fanout306/X                              10     17     -7 (VIOLATED)
fanout313/X                              10     17     -7 (VIOLATED)
fanout326/X                              10     17     -7 (VIOLATED)
fanout346/X                              10     17     -7 (VIOLATED)
fanout369/X                              10     17     -7 (VIOLATED)
fanout375/X                              10     17     -7 (VIOLATED)
fanout377/X                              10     17     -7 (VIOLATED)
fanout379/X                              10     17     -7 (VIOLATED)
fanout387/X                              10     17     -7 (VIOLATED)
fanout389/X                              10     17     -7 (VIOLATED)
fanout398/X                              10     17     -7 (VIOLATED)
fanout416/X                              10     17     -7 (VIOLATED)
fanout420/X                              10     17     -7 (VIOLATED)
fanout442/X                              10     17     -7 (VIOLATED)
fanout459/X                              10     17     -7 (VIOLATED)
fanout491/X                              10     17     -7 (VIOLATED)
fanout548/X                              10     17     -7 (VIOLATED)
fanout582/X                              10     17     -7 (VIOLATED)
fanout584/X                              10     17     -7 (VIOLATED)
fanout599/X                              10     17     -7 (VIOLATED)
fanout608/X                              10     17     -7 (VIOLATED)
fanout616/X                              10     17     -7 (VIOLATED)
fanout639/X                              10     17     -7 (VIOLATED)
fanout696/X                              10     17     -7 (VIOLATED)
fanout711/X                              10     17     -7 (VIOLATED)
fanout731/X                              10     17     -7 (VIOLATED)
hold127/X                                10     17     -7 (VIOLATED)
hold198/X                                10     17     -7 (VIOLATED)
hold314/X                                10     17     -7 (VIOLATED)
hold326/X                                10     17     -7 (VIOLATED)
hold388/X                                10     17     -7 (VIOLATED)
hold52/X                                 10     17     -7 (VIOLATED)
hold530/X                                10     17     -7 (VIOLATED)
mprj.team_05_Wrapper.team_05_WB.instance_to_wrap/gpio_oeb[15]     10     17     -7 (VIOLATED)
mprj.team_08_Wrapper.team_08_WB.instance_to_wrap/gpio_oeb[15]     10     17     -7 (VIOLATED)
_8640_/Q                                 10     16     -6 (VIOLATED)
fanout519/X                              10     16     -6 (VIOLATED)
fanout550/X                              10     16     -6 (VIOLATED)
hold136/X                                10     16     -6 (VIOLATED)
input43/X                                10     16     -6 (VIOLATED)
input53/X                                10     16     -6 (VIOLATED)
input70/X                                10     16     -6 (VIOLATED)
input71/X                                10     16     -6 (VIOLATED)
_4057_/Y                                 10     15     -5 (VIOLATED)
_4063_/Y                                 10     15     -5 (VIOLATED)
_4065_/Y                                 10     15     -5 (VIOLATED)
_4066_/Y                                 10     15     -5 (VIOLATED)
_4073_/Y                                 10     15     -5 (VIOLATED)
_4150_/Y                                 10     15     -5 (VIOLATED)
_4151_/Y                                 10     15     -5 (VIOLATED)
_4163_/Y                                 10     15     -5 (VIOLATED)
_4187_/Y                                 10     15     -5 (VIOLATED)
_4312_/X                                 10     15     -5 (VIOLATED)
_4557_/Y                                 10     15     -5 (VIOLATED)
_5265_/Y                                 10     15     -5 (VIOLATED)
_6237_/Y                                 10     15     -5 (VIOLATED)
_6238_/Y                                 10     15     -5 (VIOLATED)
_6261_/Y                                 10     15     -5 (VIOLATED)
_6262_/Y                                 10     15     -5 (VIOLATED)
_6298_/Y                                 10     15     -5 (VIOLATED)
_6336_/Y                                 10     15     -5 (VIOLATED)
_6373_/X                                 10     15     -5 (VIOLATED)
_6374_/Y                                 10     15     -5 (VIOLATED)
_6378_/X                                 10     15     -5 (VIOLATED)
_6407_/Y                                 10     15     -5 (VIOLATED)
_6440_/Y                                 10     15     -5 (VIOLATED)
_6475_/Y                                 10     15     -5 (VIOLATED)
_6476_/Y                                 10     15     -5 (VIOLATED)
_6479_/X                                 10     15     -5 (VIOLATED)
_6513_/Y                                 10     15     -5 (VIOLATED)
_6548_/Y                                 10     15     -5 (VIOLATED)
_6549_/Y                                 10     15     -5 (VIOLATED)
_6584_/Y                                 10     15     -5 (VIOLATED)
_6585_/Y                                 10     15     -5 (VIOLATED)
_6621_/Y                                 10     15     -5 (VIOLATED)
_6622_/Y                                 10     15     -5 (VIOLATED)
_6657_/Y                                 10     15     -5 (VIOLATED)
_6658_/Y                                 10     15     -5 (VIOLATED)
_6693_/Y                                 10     15     -5 (VIOLATED)
_6694_/Y                                 10     15     -5 (VIOLATED)
_6730_/Y                                 10     15     -5 (VIOLATED)
_6734_/X                                 10     15     -5 (VIOLATED)
_6767_/Y                                 10     15     -5 (VIOLATED)
_6768_/Y                                 10     15     -5 (VIOLATED)
_6803_/Y                                 10     15     -5 (VIOLATED)
_6837_/Y                                 10     15     -5 (VIOLATED)
_6838_/Y                                 10     15     -5 (VIOLATED)
_6873_/Y                                 10     15     -5 (VIOLATED)
_6907_/Y                                 10     15     -5 (VIOLATED)
_6939_/Y                                 10     15     -5 (VIOLATED)
_7687_/Y                                 10     15     -5 (VIOLATED)
_7688_/Y                                 10     15     -5 (VIOLATED)
_7722_/Y                                 10     15     -5 (VIOLATED)
_7726_/X                                 10     15     -5 (VIOLATED)
_7758_/Y                                 10     15     -5 (VIOLATED)
_7822_/Y                                 10     15     -5 (VIOLATED)
_7856_/Y                                 10     15     -5 (VIOLATED)
_7857_/Y                                 10     15     -5 (VIOLATED)
_7889_/Y                                 10     15     -5 (VIOLATED)
_7924_/Y                                 10     15     -5 (VIOLATED)
_7932_/X                                 10     15     -5 (VIOLATED)
_7959_/Y                                 10     15     -5 (VIOLATED)
_7965_/X                                 10     15     -5 (VIOLATED)
_8027_/Y                                 10     15     -5 (VIOLATED)
_8033_/X                                 10     15     -5 (VIOLATED)
_8060_/Y                                 10     15     -5 (VIOLATED)
_8096_/Y                                 10     15     -5 (VIOLATED)
_8097_/Y                                 10     15     -5 (VIOLATED)
_8101_/X                                 10     15     -5 (VIOLATED)
_8104_/X                                 10     15     -5 (VIOLATED)
_8622_/Q                                 10     15     -5 (VIOLATED)
_8623_/Q                                 10     15     -5 (VIOLATED)
_8697_/Q                                 10     15     -5 (VIOLATED)
_8875_/Q                                 10     15     -5 (VIOLATED)
_8881_/Q                                 10     15     -5 (VIOLATED)
_8885_/Q                                 10     15     -5 (VIOLATED)
clkbuf_5_20_0_wb_clk_i_regs/X            10     15     -5 (VIOLATED)
clkbuf_5_29_0_wb_clk_i_regs/X            10     15     -5 (VIOLATED)
fanout209/X                              10     15     -5 (VIOLATED)
fanout243/X                              10     15     -5 (VIOLATED)
fanout251/X                              10     15     -5 (VIOLATED)
fanout275/X                              10     15     -5 (VIOLATED)
fanout283/X                              10     15     -5 (VIOLATED)
fanout286/X                              10     15     -5 (VIOLATED)
fanout332/X                              10     15     -5 (VIOLATED)
fanout335/X                              10     15     -5 (VIOLATED)
fanout343/X                              10     15     -5 (VIOLATED)
fanout391/X                              10     15     -5 (VIOLATED)
fanout394/X                              10     15     -5 (VIOLATED)
fanout395/X                              10     15     -5 (VIOLATED)
fanout404/X                              10     15     -5 (VIOLATED)
fanout412/X                              10     15     -5 (VIOLATED)
fanout419/X                              10     15     -5 (VIOLATED)
fanout433/X                              10     15     -5 (VIOLATED)
fanout448/X                              10     15     -5 (VIOLATED)
fanout450/X                              10     15     -5 (VIOLATED)
fanout465/X                              10     15     -5 (VIOLATED)
fanout475/X                              10     15     -5 (VIOLATED)
fanout484/X                              10     15     -5 (VIOLATED)
fanout490/X                              10     15     -5 (VIOLATED)
fanout506/X                              10     15     -5 (VIOLATED)
fanout510/X                              10     15     -5 (VIOLATED)
fanout554/X                              10     15     -5 (VIOLATED)
fanout576/X                              10     15     -5 (VIOLATED)
fanout604/X                              10     15     -5 (VIOLATED)
fanout605/X                              10     15     -5 (VIOLATED)
fanout619/X                              10     15     -5 (VIOLATED)
fanout636/X                              10     15     -5 (VIOLATED)
fanout638/X                              10     15     -5 (VIOLATED)
fanout717/X                              10     15     -5 (VIOLATED)
fanout738/X                              10     15     -5 (VIOLATED)
hold106/X                                10     15     -5 (VIOLATED)
hold528/X                                10     15     -5 (VIOLATED)
hold70/X                                 10     15     -5 (VIOLATED)
hold96/X                                 10     15     -5 (VIOLATED)
load_slew692/X                           10     15     -5 (VIOLATED)
mprj.team_08_Wrapper.team_08_WB.instance_to_wrap/gpio_oeb[6]     10     15     -5 (VIOLATED)
_5144_/Y                                 10     14     -4 (VIOLATED)
_7420_/Y                                 10     14     -4 (VIOLATED)
_8631_/Q                                 10     14     -4 (VIOLATED)
fanout254/X                              10     14     -4 (VIOLATED)
load_slew742/X                           10     14     -4 (VIOLATED)
mprj.team_07_Wrapper.team_07_WB.instance_to_wrap/gpio_out[10]     10     14     -4 (VIOLATED)
mprj.team_08_Wrapper.team_08_WB.instance_to_wrap/gpio_oeb[10]     10     14     -4 (VIOLATED)
mprj.team_08_Wrapper.team_08_WB.instance_to_wrap/gpio_oeb[12]     10     14     -4 (VIOLATED)
mprj.team_08_Wrapper.team_08_WB.instance_to_wrap/gpio_oeb[4]     10     14     -4 (VIOLATED)
mprj.team_08_Wrapper.team_08_WB.instance_to_wrap/gpio_out[10]     10     14     -4 (VIOLATED)
mprj.team_09_Wrapper.team_09_WB.instance_to_wrap/gpio_oeb[12]     10     14     -4 (VIOLATED)
mprj.team_09_Wrapper.team_09_WB.instance_to_wrap/gpio_oeb[13]     10     14     -4 (VIOLATED)
mprj.team_09_Wrapper.team_09_WB.instance_to_wrap/gpio_out[14]     10     14     -4 (VIOLATED)
mprj.team_12_Wrapper.team_12_WB.instance_to_wrap/gpio_out[13]     10     14     -4 (VIOLATED)
_4056_/Y                                 10     13     -3 (VIOLATED)
_4058_/Y                                 10     13     -3 (VIOLATED)
_4105_/Y                                 10     13     -3 (VIOLATED)
_4267_/X                                 10     13     -3 (VIOLATED)
_4797_/X                                 10     13     -3 (VIOLATED)
_4831_/X                                 10     13     -3 (VIOLATED)
_5151_/X                                 10     13     -3 (VIOLATED)
_5295_/Y                                 10     13     -3 (VIOLATED)
_5322_/Y                                 10     13     -3 (VIOLATED)
_5361_/Y                                 10     13     -3 (VIOLATED)
_5537_/Y                                 10     13     -3 (VIOLATED)
_5942_/Y                                 10     13     -3 (VIOLATED)
_6244_/X                                 10     13     -3 (VIOLATED)
_6248_/X                                 10     13     -3 (VIOLATED)
_6265_/X                                 10     13     -3 (VIOLATED)
_6266_/X                                 10     13     -3 (VIOLATED)
_6274_/X                                 10     13     -3 (VIOLATED)
_6299_/Y                                 10     13     -3 (VIOLATED)
_6305_/X                                 10     13     -3 (VIOLATED)
_6307_/X                                 10     13     -3 (VIOLATED)
_6333_/X                                 10     13     -3 (VIOLATED)
_6338_/Y                                 10     13     -3 (VIOLATED)
_6354_/X                                 10     13     -3 (VIOLATED)
_6370_/X                                 10     13     -3 (VIOLATED)
_6371_/Y                                 10     13     -3 (VIOLATED)
_6405_/Y                                 10     13     -3 (VIOLATED)
_6406_/X                                 10     13     -3 (VIOLATED)
_6480_/X                                 10     13     -3 (VIOLATED)
_6481_/Y                                 10     13     -3 (VIOLATED)
_6512_/Y                                 10     13     -3 (VIOLATED)
_6518_/X                                 10     13     -3 (VIOLATED)
_6521_/X                                 10     13     -3 (VIOLATED)
_6523_/X                                 10     13     -3 (VIOLATED)
_6552_/X                                 10     13     -3 (VIOLATED)
_6554_/X                                 10     13     -3 (VIOLATED)
_6561_/X                                 10     13     -3 (VIOLATED)
_6588_/X                                 10     13     -3 (VIOLATED)
_6591_/X                                 10     13     -3 (VIOLATED)
_6597_/X                                 10     13     -3 (VIOLATED)
_6625_/X                                 10     13     -3 (VIOLATED)
_6629_/X                                 10     13     -3 (VIOLATED)
_6661_/X                                 10     13     -3 (VIOLATED)
_6662_/X                                 10     13     -3 (VIOLATED)
_6697_/X                                 10     13     -3 (VIOLATED)
_6698_/X                                 10     13     -3 (VIOLATED)
_6705_/X                                 10     13     -3 (VIOLATED)
_6731_/Y                                 10     13     -3 (VIOLATED)
_6739_/Y                                 10     13     -3 (VIOLATED)
_6771_/X                                 10     13     -3 (VIOLATED)
_6774_/X                                 10     13     -3 (VIOLATED)
_6777_/X                                 10     13     -3 (VIOLATED)
_6804_/Y                                 10     13     -3 (VIOLATED)
_6808_/X                                 10     13     -3 (VIOLATED)
_6809_/X                                 10     13     -3 (VIOLATED)
_6841_/X                                 10     13     -3 (VIOLATED)
_6844_/X                                 10     13     -3 (VIOLATED)
_6846_/X                                 10     13     -3 (VIOLATED)
_6874_/Y                                 10     13     -3 (VIOLATED)
_6911_/X                                 10     13     -3 (VIOLATED)
_6946_/X                                 10     13     -3 (VIOLATED)
_6948_/X                                 10     13     -3 (VIOLATED)
_7695_/X                                 10     13     -3 (VIOLATED)
_7696_/X                                 10     13     -3 (VIOLATED)
_7723_/Y                                 10     13     -3 (VIOLATED)
_7727_/X                                 10     13     -3 (VIOLATED)
_7757_/Y                                 10     13     -3 (VIOLATED)
_7788_/Y                                 10     13     -3 (VIOLATED)
_7794_/X                                 10     13     -3 (VIOLATED)
_7799_/X                                 10     13     -3 (VIOLATED)
_7830_/X                                 10     13     -3 (VIOLATED)
_7832_/X                                 10     13     -3 (VIOLATED)
_7861_/X                                 10     13     -3 (VIOLATED)
_7890_/Y                                 10     13     -3 (VIOLATED)
_7893_/X                                 10     13     -3 (VIOLATED)
_7896_/X                                 10     13     -3 (VIOLATED)
_7925_/Y                                 10     13     -3 (VIOLATED)
_7928_/X                                 10     13     -3 (VIOLATED)
_7960_/Y                                 10     13     -3 (VIOLATED)
_7993_/Y                                 10     13     -3 (VIOLATED)
_7994_/Y                                 10     13     -3 (VIOLATED)
_8002_/X                                 10     13     -3 (VIOLATED)
_8032_/X                                 10     13     -3 (VIOLATED)
_8039_/X                                 10     13     -3 (VIOLATED)
_8061_/Y                                 10     13     -3 (VIOLATED)
_8067_/X                                 10     13     -3 (VIOLATED)
_8069_/X                                 10     13     -3 (VIOLATED)
_8103_/X                                 10     13     -3 (VIOLATED)
_8106_/Y                                 10     13     -3 (VIOLATED)
_8549_/Q                                 10     13     -3 (VIOLATED)
_8574_/Q                                 10     13     -3 (VIOLATED)
_8575_/Q                                 10     13     -3 (VIOLATED)
_8598_/Q                                 10     13     -3 (VIOLATED)
_8600_/Q                                 10     13     -3 (VIOLATED)
_8602_/Q                                 10     13     -3 (VIOLATED)
_8606_/Q                                 10     13     -3 (VIOLATED)
_8607_/Q                                 10     13     -3 (VIOLATED)
_8612_/Q                                 10     13     -3 (VIOLATED)
_8618_/Q                                 10     13     -3 (VIOLATED)
_8619_/Q                                 10     13     -3 (VIOLATED)
_8620_/Q                                 10     13     -3 (VIOLATED)
_8621_/Q                                 10     13     -3 (VIOLATED)
_8624_/Q                                 10     13     -3 (VIOLATED)
_8626_/Q                                 10     13     -3 (VIOLATED)
_8630_/Q                                 10     13     -3 (VIOLATED)
_8632_/Q                                 10     13     -3 (VIOLATED)
_8635_/Q                                 10     13     -3 (VIOLATED)
_8636_/Q                                 10     13     -3 (VIOLATED)
_8642_/Q                                 10     13     -3 (VIOLATED)
_8643_/Q                                 10     13     -3 (VIOLATED)
_8647_/Q                                 10     13     -3 (VIOLATED)
_8648_/Q                                 10     13     -3 (VIOLATED)
_8650_/Q                                 10     13     -3 (VIOLATED)
_8654_/Q                                 10     13     -3 (VIOLATED)
_8662_/Q                                 10     13     -3 (VIOLATED)
_8663_/Q                                 10     13     -3 (VIOLATED)
_8664_/Q                                 10     13     -3 (VIOLATED)
_8667_/Q                                 10     13     -3 (VIOLATED)
_8668_/Q                                 10     13     -3 (VIOLATED)
_8672_/Q                                 10     13     -3 (VIOLATED)
_8674_/Q                                 10     13     -3 (VIOLATED)
_8675_/Q                                 10     13     -3 (VIOLATED)
_8686_/Q                                 10     13     -3 (VIOLATED)
_8692_/Q                                 10     13     -3 (VIOLATED)
_8693_/Q                                 10     13     -3 (VIOLATED)
_8694_/Q                                 10     13     -3 (VIOLATED)
_8699_/Q                                 10     13     -3 (VIOLATED)
_8700_/Q                                 10     13     -3 (VIOLATED)
_8704_/Q                                 10     13     -3 (VIOLATED)
_8706_/Q                                 10     13     -3 (VIOLATED)
_8707_/Q                                 10     13     -3 (VIOLATED)
_8710_/Q                                 10     13     -3 (VIOLATED)
_8711_/Q                                 10     13     -3 (VIOLATED)
_8714_/Q                                 10     13     -3 (VIOLATED)
_8718_/Q                                 10     13     -3 (VIOLATED)
_8720_/Q                                 10     13     -3 (VIOLATED)
_8722_/Q                                 10     13     -3 (VIOLATED)
_8723_/Q                                 10     13     -3 (VIOLATED)
_8854_/Q                                 10     13     -3 (VIOLATED)
_8876_/Q                                 10     13     -3 (VIOLATED)
clkbuf_5_0_0_wb_clk_i_regs/X             10     13     -3 (VIOLATED)
clkbuf_5_13_0_wb_clk_i_regs/X            10     13     -3 (VIOLATED)
clkbuf_5_15_0_wb_clk_i_regs/X            10     13     -3 (VIOLATED)
clkbuf_5_21_0_wb_clk_i_regs/X            10     13     -3 (VIOLATED)
fanout220/X                              10     13     -3 (VIOLATED)
fanout231/X                              10     13     -3 (VIOLATED)
fanout233/X                              10     13     -3 (VIOLATED)
fanout240/X                              10     13     -3 (VIOLATED)
fanout272/X                              10     13     -3 (VIOLATED)
fanout278/X                              10     13     -3 (VIOLATED)
fanout308/X                              10     13     -3 (VIOLATED)
fanout311/X                              10     13     -3 (VIOLATED)
fanout319/X                              10     13     -3 (VIOLATED)
fanout321/X                              10     13     -3 (VIOLATED)
fanout328/X                              10     13     -3 (VIOLATED)
fanout333/X                              10     13     -3 (VIOLATED)
fanout347/X                              10     13     -3 (VIOLATED)
fanout376/X                              10     13     -3 (VIOLATED)
fanout384/X                              10     13     -3 (VIOLATED)
fanout406/X                              10     13     -3 (VIOLATED)
fanout431/X                              10     13     -3 (VIOLATED)
fanout436/X                              10     13     -3 (VIOLATED)
fanout453/X                              10     13     -3 (VIOLATED)
fanout457/X                              10     13     -3 (VIOLATED)
fanout462/X                              10     13     -3 (VIOLATED)
fanout468/X                              10     13     -3 (VIOLATED)
fanout476/X                              10     13     -3 (VIOLATED)
fanout488/X                              10     13     -3 (VIOLATED)
fanout497/X                              10     13     -3 (VIOLATED)
fanout500/X                              10     13     -3 (VIOLATED)
fanout501/X                              10     13     -3 (VIOLATED)
fanout513/X                              10     13     -3 (VIOLATED)
fanout516/X                              10     13     -3 (VIOLATED)
fanout546/X                              10     13     -3 (VIOLATED)
fanout575/X                              10     13     -3 (VIOLATED)
fanout581/X                              10     13     -3 (VIOLATED)
fanout623/X                              10     13     -3 (VIOLATED)
fanout625/X                              10     13     -3 (VIOLATED)
fanout631/X                              10     13     -3 (VIOLATED)
fanout701/X                              10     13     -3 (VIOLATED)
fanout712/X                              10     13     -3 (VIOLATED)
fanout721/X                              10     13     -3 (VIOLATED)
fanout722/X                              10     13     -3 (VIOLATED)
fanout734/X                              10     13     -3 (VIOLATED)
hold163/X                                10     13     -3 (VIOLATED)
hold207/X                                10     13     -3 (VIOLATED)
hold208/X                                10     13     -3 (VIOLATED)
hold218/X                                10     13     -3 (VIOLATED)
hold271/X                                10     13     -3 (VIOLATED)
hold34/X                                 10     13     -3 (VIOLATED)
hold347/X                                10     13     -3 (VIOLATED)
hold43/X                                 10     13     -3 (VIOLATED)
hold450/X                                10     13     -3 (VIOLATED)
hold46/X                                 10     13     -3 (VIOLATED)
hold471/X                                10     13     -3 (VIOLATED)
hold49/X                                 10     13     -3 (VIOLATED)
hold492/X                                10     13     -3 (VIOLATED)
hold54/X                                 10     13     -3 (VIOLATED)
hold57/X                                 10     13     -3 (VIOLATED)
hold654/X                                10     13     -3 (VIOLATED)
hold663/X                                10     13     -3 (VIOLATED)
hold664/X                                10     13     -3 (VIOLATED)
hold80/X                                 10     13     -3 (VIOLATED)
hold99/X                                 10     13     -3 (VIOLATED)
hold994/X                                10     13     -3 (VIOLATED)
load_slew688/X                           10     13     -3 (VIOLATED)
mprj.team_08_Wrapper.team_08_WB.instance_to_wrap/gpio_oeb[18]     10     13     -3 (VIOLATED)
mprj.team_08_Wrapper.team_08_WB.instance_to_wrap/gpio_oeb[9]     10     13     -3 (VIOLATED)
wire340/X                                10     13     -3 (VIOLATED)
wire532/X                                10     13     -3 (VIOLATED)
_7402_/Y                                 10     12     -2 (VIOLATED)
fanout287/X                              10     12     -2 (VIOLATED)
fanout698/X                              10     12     -2 (VIOLATED)
hold1165/X                               10     12     -2 (VIOLATED)
hold436/X                                10     12     -2 (VIOLATED)
hold736/X                                10     12     -2 (VIOLATED)
mprj.team_05_Wrapper.team_05_WB.instance_to_wrap/gpio_oeb[23]     10     12     -2 (VIOLATED)
mprj.team_05_Wrapper.team_05_WB.instance_to_wrap/gpio_oeb[30]     10     12     -2 (VIOLATED)
mprj.team_08_Wrapper.team_08_WB.instance_to_wrap/gpio_oeb[8]     10     12     -2 (VIOLATED)
mprj.team_08_Wrapper.team_08_WB.instance_to_wrap/gpio_out[2]     10     12     -2 (VIOLATED)
_4049_/Y                                 10     11        (VIOLATED)
_4055_/Y                                 10     11        (VIOLATED)
_4059_/Y                                 10     11        (VIOLATED)
_4122_/X                                 10     11        (VIOLATED)
_4131_/Y                                 10     11        (VIOLATED)
_4138_/X                                 10     11        (VIOLATED)
_4162_/X                                 10     11        (VIOLATED)
_4300_/X                                 10     11        (VIOLATED)
_4467_/X                                 10     11        (VIOLATED)
_4541_/X                                 10     11        (VIOLATED)
_4559_/Y                                 10     11        (VIOLATED)
_5280_/X                                 10     11        (VIOLATED)
_5378_/Y                                 10     11        (VIOLATED)
_5380_/Y                                 10     11        (VIOLATED)
_5397_/X                                 10     11        (VIOLATED)
_5421_/Y                                 10     11        (VIOLATED)
_5423_/Y                                 10     11        (VIOLATED)
_5425_/Y                                 10     11        (VIOLATED)
_5427_/Y                                 10     11        (VIOLATED)
_5429_/Y                                 10     11        (VIOLATED)
_5433_/Y                                 10     11        (VIOLATED)
_5435_/Y                                 10     11        (VIOLATED)
_5437_/Y                                 10     11        (VIOLATED)
_5439_/Y                                 10     11        (VIOLATED)
_5441_/Y                                 10     11        (VIOLATED)
_5443_/Y                                 10     11        (VIOLATED)
_5445_/Y                                 10     11        (VIOLATED)
_5447_/Y                                 10     11        (VIOLATED)
_5449_/Y                                 10     11        (VIOLATED)
_5451_/Y                                 10     11        (VIOLATED)
_5453_/Y                                 10     11        (VIOLATED)
_5455_/Y                                 10     11        (VIOLATED)
_5457_/Y                                 10     11        (VIOLATED)
_5459_/Y                                 10     11        (VIOLATED)
_5499_/Y                                 10     11        (VIOLATED)
_5601_/Y                                 10     11        (VIOLATED)
_5630_/X                                 10     11        (VIOLATED)
_5668_/X                                 10     11        (VIOLATED)
_5934_/X                                 10     11        (VIOLATED)
_5948_/Y                                 10     11        (VIOLATED)
_5957_/X                                 10     11        (VIOLATED)
_5961_/Y                                 10     11        (VIOLATED)
_5963_/Y                                 10     11        (VIOLATED)
_5967_/X                                 10     11        (VIOLATED)
_5971_/Y                                 10     11        (VIOLATED)
_6001_/Y                                 10     11        (VIOLATED)
_6004_/Y                                 10     11        (VIOLATED)
_6246_/X                                 10     11        (VIOLATED)
_6341_/X                                 10     11        (VIOLATED)
_6381_/X                                 10     11        (VIOLATED)
_6417_/X                                 10     11        (VIOLATED)
_6441_/Y                                 10     11        (VIOLATED)
_6445_/X                                 10     11        (VIOLATED)
_6449_/X                                 10     11        (VIOLATED)
_6453_/X                                 10     11        (VIOLATED)
_6735_/X                                 10     11        (VIOLATED)
_6736_/X                                 10     11        (VIOLATED)
_6915_/X                                 10     11        (VIOLATED)
_6940_/Y                                 10     11        (VIOLATED)
_7041_/X                                 10     11        (VIOLATED)
_7435_/X                                 10     11        (VIOLATED)
_7691_/X                                 10     11        (VIOLATED)
_7756_/X                                 10     11        (VIOLATED)
_7796_/X                                 10     11        (VIOLATED)
_7826_/X                                 10     11        (VIOLATED)
_7864_/X                                 10     11        (VIOLATED)
_7898_/X                                 10     11        (VIOLATED)
_7931_/X                                 10     11        (VIOLATED)
_7933_/X                                 10     11        (VIOLATED)
_7968_/X                                 10     11        (VIOLATED)
_8000_/X                                 10     11        (VIOLATED)
_8028_/Y                                 10     11        (VIOLATED)
_8036_/X                                 10     11        (VIOLATED)
_8065_/X                                 10     11        (VIOLATED)
_8594_/Q                                 10     11        (VIOLATED)
_8595_/Q                                 10     11        (VIOLATED)
_8599_/Q                                 10     11        (VIOLATED)
_8601_/Q                                 10     11        (VIOLATED)
_8603_/Q                                 10     11        (VIOLATED)
_8608_/Q                                 10     11        (VIOLATED)
_8614_/Q                                 10     11        (VIOLATED)
_8615_/Q                                 10     11        (VIOLATED)
_8627_/Q                                 10     11        (VIOLATED)
_8629_/Q                                 10     11        (VIOLATED)
_8633_/Q                                 10     11        (VIOLATED)
_8638_/Q                                 10     11        (VIOLATED)
_8639_/Q                                 10     11        (VIOLATED)
_8649_/Q                                 10     11        (VIOLATED)
_8655_/Q                                 10     11        (VIOLATED)
_8658_/Q                                 10     11        (VIOLATED)
_8659_/Q                                 10     11        (VIOLATED)
_8661_/Q                                 10     11        (VIOLATED)
_8670_/Q                                 10     11        (VIOLATED)
_8673_/Q                                 10     11        (VIOLATED)
_8678_/Q                                 10     11        (VIOLATED)
_8679_/Q                                 10     11        (VIOLATED)
_8683_/Q                                 10     11        (VIOLATED)
_8685_/Q                                 10     11        (VIOLATED)
_8689_/Q                                 10     11        (VIOLATED)
_8698_/Q                                 10     11        (VIOLATED)
_8701_/Q                                 10     11        (VIOLATED)
_8702_/Q                                 10     11        (VIOLATED)
_8703_/Q                                 10     11        (VIOLATED)
_8705_/Q                                 10     11        (VIOLATED)
_8715_/Q                                 10     11        (VIOLATED)
_8717_/Q                                 10     11        (VIOLATED)
_8719_/Q                                 10     11        (VIOLATED)
_8721_/Q                                 10     11        (VIOLATED)
fanout211/X                              10     11        (VIOLATED)
fanout223/X                              10     11        (VIOLATED)
fanout229/X                              10     11        (VIOLATED)
fanout244/X                              10     11        (VIOLATED)
fanout248/X                              10     11        (VIOLATED)
fanout264/X                              10     11        (VIOLATED)
fanout266/X                              10     11        (VIOLATED)
fanout281/X                              10     11        (VIOLATED)
fanout298/X                              10     11        (VIOLATED)
fanout315/X                              10     11        (VIOLATED)
fanout317/X                              10     11        (VIOLATED)
fanout330/X                              10     11        (VIOLATED)
fanout351/X                              10     11        (VIOLATED)
fanout374/X                              10     11        (VIOLATED)
fanout380/X                              10     11        (VIOLATED)
fanout386/X                              10     11        (VIOLATED)
fanout400/X                              10     11        (VIOLATED)
fanout408/X                              10     11        (VIOLATED)
fanout428/X                              10     11        (VIOLATED)
fanout439/X                              10     11        (VIOLATED)
fanout440/X                              10     11        (VIOLATED)
fanout445/X                              10     11        (VIOLATED)
fanout456/X                              10     11        (VIOLATED)
fanout466/X                              10     11        (VIOLATED)
fanout471/X                              10     11        (VIOLATED)
fanout472/X                              10     11        (VIOLATED)
fanout480/X                              10     11        (VIOLATED)
fanout487/X                              10     11        (VIOLATED)
fanout502/X                              10     11        (VIOLATED)
fanout507/X                              10     11        (VIOLATED)
fanout511/X                              10     11        (VIOLATED)
fanout520/X                              10     11        (VIOLATED)
fanout538/X                              10     11        (VIOLATED)
fanout544/X                              10     11        (VIOLATED)
fanout592/X                              10     11        (VIOLATED)
fanout596/X                              10     11        (VIOLATED)
fanout613/X                              10     11        (VIOLATED)
fanout621/X                              10     11        (VIOLATED)
fanout634/X                              10     11        (VIOLATED)
fanout678/X                              10     11        (VIOLATED)
fanout697/X                              10     11        (VIOLATED)
fanout704/X                              10     11        (VIOLATED)
fanout706/X                              10     11        (VIOLATED)
fanout713/X                              10     11        (VIOLATED)
fanout719/X                              10     11        (VIOLATED)
fanout726/X                              10     11        (VIOLATED)
fanout729/X                              10     11        (VIOLATED)
fanout739/X                              10     11        (VIOLATED)
fanout740/X                              10     11        (VIOLATED)
hold1044/X                               10     11        (VIOLATED)
hold11/X                                 10     11        (VIOLATED)
hold150/X                                10     11        (VIOLATED)
hold176/X                                10     11        (VIOLATED)
hold179/X                                10     11        (VIOLATED)
hold243/X                                10     11        (VIOLATED)
hold257/X                                10     11        (VIOLATED)
hold298/X                                10     11        (VIOLATED)
hold331/X                                10     11        (VIOLATED)
hold398/X                                10     11        (VIOLATED)
hold399/X                                10     11        (VIOLATED)
hold484/X                                10     11        (VIOLATED)
hold497/X                                10     11        (VIOLATED)
hold503/X                                10     11        (VIOLATED)
hold621/X                                10     11        (VIOLATED)
hold693/X                                10     11        (VIOLATED)
hold73/X                                 10     11        (VIOLATED)
hold740/X                                10     11        (VIOLATED)
hold868/X                                10     11        (VIOLATED)
input39/X                                10     11        (VIOLATED)
mprj.team_01_Wrapper.team_01_WB.instance_to_wrap/gpio_out[27]     10     11        (VIOLATED)
mprj.team_05_Wrapper.team_05_WB.instance_to_wrap/gpio_oeb[7]     10     11        (VIOLATED)
mprj.team_06_Wrapper.team_06_WB.instance_to_wrap/gpio_oeb[5]     10     11        (VIOLATED)
mprj.team_08_Wrapper.team_08_WB.instance_to_wrap/gpio_oeb[23]     10     11        (VIOLATED)

max capacitance

Pin                                        Limit         Cap       Slack
------------------------------------------------------------------------
clkbuf_1_0_1_wb_clk_i/X                 0.909128    1.285658   -0.376530 (VIOLATED)
clkbuf_1_1_1_wb_clk_i/X                 0.909128    1.231920   -0.322792 (VIOLATED)
hold218/X                               0.154734    0.243377   -0.088643 (VIOLATED)
hold400/X                               0.154734    0.196884   -0.042150 (VIOLATED)
hold399/X                               0.154734    0.193884   -0.039150 (VIOLATED)
hold1782/X                              0.154734    0.178496   -0.023762 (VIOLATED)
hold408/X                               0.154734    0.172696   -0.017962 (VIOLATED)
hold477/X                               0.154734    0.171228   -0.016494 (VIOLATED)
hold398/X                               0.154734    0.170614   -0.015880 (VIOLATED)
hold506/X                               0.154734    0.164693   -0.009959 (VIOLATED)
hold538/X                               0.154734    0.162355   -0.007621 (VIOLATED)
hold412/X                               0.154734    0.159545   -0.004811 (VIOLATED)
hold647/X                               0.154734    0.158793   -0.004059 (VIOLATED)



===========================================================================
report_parasitic_annotation -report_unannotated
============================================================================
Found 497 unannotated drivers.
 analog_io[0]
 analog_io[10]
 analog_io[11]
 analog_io[12]
 analog_io[13]
 analog_io[14]
 analog_io[15]
 analog_io[16]
 analog_io[17]
 analog_io[18]
 analog_io[19]
 analog_io[1]
 analog_io[20]
 analog_io[21]
 analog_io[22]
 analog_io[23]
 analog_io[24]
 analog_io[25]
 analog_io[26]
 analog_io[27]
 analog_io[28]
 analog_io[2]
 analog_io[3]
 analog_io[4]
 analog_io[5]
 analog_io[6]
 analog_io[7]
 analog_io[8]
 analog_io[9]
 io_in[1]
 io_in[2]
 io_in[3]
 io_in[4]
 la_data_in[100]
 la_data_in[101]
 la_data_in[102]
 la_data_in[103]
 la_data_in[104]
 la_data_in[105]
 la_data_in[106]
 la_data_in[107]
 la_data_in[108]
 la_data_in[109]
 la_data_in[10]
 la_data_in[110]
 la_data_in[111]
 la_data_in[112]
 la_data_in[113]
 la_data_in[114]
 la_data_in[115]
 la_data_in[116]
 la_data_in[117]
 la_data_in[118]
 la_data_in[119]
 la_data_in[11]
 la_data_in[120]
 la_data_in[121]
 la_data_in[122]
 la_data_in[123]
 la_data_in[124]
 la_data_in[125]
 la_data_in[126]
 la_data_in[127]
 la_data_in[12]
 la_data_in[13]
 la_data_in[14]
 la_data_in[15]
 la_data_in[16]
 la_data_in[17]
 la_data_in[18]
 la_data_in[19]
 la_data_in[20]
 la_data_in[21]
 la_data_in[22]
 la_data_in[23]
 la_data_in[24]
 la_data_in[25]
 la_data_in[26]
 la_data_in[27]
 la_data_in[28]
 la_data_in[29]
 la_data_in[2]
 la_data_in[30]
 la_data_in[31]
 la_data_in[32]
 la_data_in[33]
 la_data_in[34]
 la_data_in[35]
 la_data_in[36]
 la_data_in[37]
 la_data_in[38]
 la_data_in[39]
 la_data_in[3]
 la_data_in[40]
 la_data_in[41]
 la_data_in[42]
 la_data_in[43]
 la_data_in[44]
 la_data_in[45]
 la_data_in[46]
 la_data_in[47]
 la_data_in[48]
 la_data_in[49]
 la_data_in[4]
 la_data_in[50]
 la_data_in[51]
 la_data_in[52]
 la_data_in[53]
 la_data_in[54]
 la_data_in[55]
 la_data_in[56]
 la_data_in[57]
 la_data_in[58]
 la_data_in[59]
 la_data_in[5]
 la_data_in[60]
 la_data_in[61]
 la_data_in[62]
 la_data_in[63]
 la_data_in[64]
 la_data_in[65]
 la_data_in[66]
 la_data_in[67]
 la_data_in[68]
 la_data_in[69]
 la_data_in[6]
 la_data_in[70]
 la_data_in[71]
 la_data_in[72]
 la_data_in[73]
 la_data_in[74]
 la_data_in[75]
 la_data_in[76]
 la_data_in[77]
 la_data_in[78]
 la_data_in[79]
 la_data_in[7]
 la_data_in[80]
 la_data_in[81]
 la_data_in[82]
 la_data_in[83]
 la_data_in[84]
 la_data_in[85]
 la_data_in[86]
 la_data_in[87]
 la_data_in[88]
 la_data_in[89]
 la_data_in[8]
 la_data_in[90]
 la_data_in[91]
 la_data_in[92]
 la_data_in[93]
 la_data_in[94]
 la_data_in[95]
 la_data_in[96]
 la_data_in[97]
 la_data_in[98]
 la_data_in[99]
 la_data_in[9]
 la_oenb[100]
 la_oenb[101]
 la_oenb[102]
 la_oenb[103]
 la_oenb[104]
 la_oenb[105]
 la_oenb[106]
 la_oenb[107]
 la_oenb[108]
 la_oenb[109]
 la_oenb[10]
 la_oenb[110]
 la_oenb[111]
 la_oenb[112]
 la_oenb[113]
 la_oenb[114]
 la_oenb[115]
 la_oenb[116]
 la_oenb[117]
 la_oenb[118]
 la_oenb[119]
 la_oenb[11]
 la_oenb[120]
 la_oenb[121]
 la_oenb[122]
 la_oenb[123]
 la_oenb[124]
 la_oenb[125]
 la_oenb[126]
 la_oenb[127]
 la_oenb[12]
 la_oenb[13]
 la_oenb[14]
 la_oenb[15]
 la_oenb[16]
 la_oenb[17]
 la_oenb[18]
 la_oenb[19]
 la_oenb[20]
 la_oenb[21]
 la_oenb[22]
 la_oenb[23]
 la_oenb[24]
 la_oenb[25]
 la_oenb[26]
 la_oenb[27]
 la_oenb[28]
 la_oenb[29]
 la_oenb[2]
 la_oenb[30]
 la_oenb[31]
 la_oenb[32]
 la_oenb[33]
 la_oenb[34]
 la_oenb[35]
 la_oenb[36]
 la_oenb[37]
 la_oenb[38]
 la_oenb[39]
 la_oenb[3]
 la_oenb[40]
 la_oenb[41]
 la_oenb[42]
 la_oenb[43]
 la_oenb[44]
 la_oenb[45]
 la_oenb[46]
 la_oenb[47]
 la_oenb[48]
 la_oenb[49]
 la_oenb[4]
 la_oenb[50]
 la_oenb[51]
 la_oenb[52]
 la_oenb[53]
 la_oenb[54]
 la_oenb[55]
 la_oenb[56]
 la_oenb[57]
 la_oenb[58]
 la_oenb[59]
 la_oenb[5]
 la_oenb[60]
 la_oenb[61]
 la_oenb[62]
 la_oenb[63]
 la_oenb[64]
 la_oenb[65]
 la_oenb[66]
 la_oenb[67]
 la_oenb[68]
 la_oenb[69]
 la_oenb[6]
 la_oenb[70]
 la_oenb[71]
 la_oenb[72]
 la_oenb[73]
 la_oenb[74]
 la_oenb[75]
 la_oenb[76]
 la_oenb[77]
 la_oenb[78]
 la_oenb[79]
 la_oenb[7]
 la_oenb[80]
 la_oenb[81]
 la_oenb[82]
 la_oenb[83]
 la_oenb[84]
 la_oenb[85]
 la_oenb[86]
 la_oenb[87]
 la_oenb[88]
 la_oenb[89]
 la_oenb[8]
 la_oenb[90]
 la_oenb[91]
 la_oenb[92]
 la_oenb[93]
 la_oenb[94]
 la_oenb[95]
 la_oenb[96]
 la_oenb[97]
 la_oenb[98]
 la_oenb[99]
 la_oenb[9]
 user_clock2
 wbs_sel_i[0]
 wbs_sel_i[1]
 wbs_sel_i[2]
 wbs_sel_i[3]
 _8505__933/LO
 clkload0/X
 clkload1/Y
 clkload10/X
 clkload11/Y
 clkload12/Y
 clkload13/Y
 clkload14/Y
 clkload15/X
 clkload16/X
 clkload17/X
 clkload18/X
 clkload19/X
 clkload2/X
 clkload20/X
 clkload21/X
 clkload22/X
 clkload23/X
 clkload24/X
 clkload25/X
 clkload26/X
 clkload27/X
 clkload28/X
 clkload29/X
 clkload3/Y
 clkload30/X
 clkload31/X
 clkload32/X
 clkload33/X
 clkload34/X
 clkload35/X
 clkload36/X
 clkload37/X
 clkload38/X
 clkload39/X
 clkload4/Y
 clkload40/X
 clkload41/X
 clkload42/X
 clkload43/X
 clkload44/X
 clkload45/X
 clkload46/X
 clkload5/Y
 clkload6/Y
 clkload7/Y
 clkload8/Y
 clkload9/Y
 mprj.team_01_Wrapper.team_01_WB.instance_to_wrap/SEL_O[0]
 mprj.team_01_Wrapper.team_01_WB.instance_to_wrap/SEL_O[1]
 mprj.team_01_Wrapper.team_01_WB.instance_to_wrap/SEL_O[2]
 mprj.team_01_Wrapper.team_01_WB.instance_to_wrap/SEL_O[3]
 mprj.team_02_Wrapper.team_02_WB.instance_to_wrap/SEL_O[0]
 mprj.team_02_Wrapper.team_02_WB.instance_to_wrap/SEL_O[1]
 mprj.team_02_Wrapper.team_02_WB.instance_to_wrap/SEL_O[2]
 mprj.team_02_Wrapper.team_02_WB.instance_to_wrap/SEL_O[3]
 mprj.team_03_Wrapper.team_03_WB.instance_to_wrap/SEL_O[0]
 mprj.team_03_Wrapper.team_03_WB.instance_to_wrap/SEL_O[1]
 mprj.team_03_Wrapper.team_03_WB.instance_to_wrap/SEL_O[2]
 mprj.team_03_Wrapper.team_03_WB.instance_to_wrap/SEL_O[3]
 mprj.team_04_Wrapper.team_04_WB.instance_to_wrap/SEL_O[0]
 mprj.team_04_Wrapper.team_04_WB.instance_to_wrap/SEL_O[1]
 mprj.team_04_Wrapper.team_04_WB.instance_to_wrap/SEL_O[2]
 mprj.team_04_Wrapper.team_04_WB.instance_to_wrap/SEL_O[3]
 mprj.team_05_Wrapper.team_05_WB.instance_to_wrap/SEL_O[0]
 mprj.team_05_Wrapper.team_05_WB.instance_to_wrap/SEL_O[1]
 mprj.team_05_Wrapper.team_05_WB.instance_to_wrap/SEL_O[2]
 mprj.team_05_Wrapper.team_05_WB.instance_to_wrap/SEL_O[3]
 user_project_wrapper_798/HI
 user_project_wrapper_799/HI
 user_project_wrapper_800/HI
 user_project_wrapper_801/HI
 user_project_wrapper_802/HI
 user_project_wrapper_803/HI
 user_project_wrapper_804/HI
 user_project_wrapper_805/HI
 user_project_wrapper_806/HI
 user_project_wrapper_807/HI
 user_project_wrapper_808/HI
 user_project_wrapper_809/HI
 user_project_wrapper_810/HI
 user_project_wrapper_811/HI
 user_project_wrapper_812/HI
 user_project_wrapper_813/HI
 user_project_wrapper_814/HI
 user_project_wrapper_815/HI
 user_project_wrapper_816/HI
 user_project_wrapper_817/HI
 user_project_wrapper_818/HI
 user_project_wrapper_819/HI
 user_project_wrapper_820/HI
 user_project_wrapper_821/HI
 user_project_wrapper_822/HI
 user_project_wrapper_823/HI
 user_project_wrapper_824/HI
 user_project_wrapper_825/HI
 user_project_wrapper_826/HI
 user_project_wrapper_827/HI
 user_project_wrapper_828/HI
 user_project_wrapper_829/HI
 user_project_wrapper_830/HI
 user_project_wrapper_831/HI
 user_project_wrapper_832/HI
 user_project_wrapper_833/HI
 user_project_wrapper_834/HI
 user_project_wrapper_835/HI
 user_project_wrapper_836/HI
 user_project_wrapper_837/HI
 user_project_wrapper_838/HI
 user_project_wrapper_839/HI
 user_project_wrapper_840/HI
 user_project_wrapper_841/HI
 user_project_wrapper_842/HI
 user_project_wrapper_843/HI
 user_project_wrapper_844/HI
 user_project_wrapper_845/HI
 user_project_wrapper_846/HI
 user_project_wrapper_847/HI
 user_project_wrapper_848/HI
 user_project_wrapper_849/HI
 user_project_wrapper_850/HI
 user_project_wrapper_851/HI
 user_project_wrapper_852/HI
 user_project_wrapper_853/HI
 user_project_wrapper_854/HI
 user_project_wrapper_855/HI
 user_project_wrapper_856/HI
 user_project_wrapper_857/HI
 user_project_wrapper_858/HI
 user_project_wrapper_859/HI
 user_project_wrapper_860/HI
 user_project_wrapper_861/HI
 user_project_wrapper_862/HI
 user_project_wrapper_863/HI
 user_project_wrapper_864/HI
 user_project_wrapper_865/HI
 user_project_wrapper_866/HI
 user_project_wrapper_867/HI
 user_project_wrapper_868/HI
 user_project_wrapper_869/HI
 user_project_wrapper_870/HI
 user_project_wrapper_871/HI
 user_project_wrapper_872/HI
 user_project_wrapper_873/HI
 user_project_wrapper_874/HI
 user_project_wrapper_875/HI
 user_project_wrapper_876/HI
 user_project_wrapper_877/HI
 user_project_wrapper_878/HI
 user_project_wrapper_879/HI
 user_project_wrapper_880/HI
 user_project_wrapper_881/HI
 user_project_wrapper_882/HI
 user_project_wrapper_883/HI
 user_project_wrapper_884/HI
 user_project_wrapper_885/HI
 user_project_wrapper_886/HI
 user_project_wrapper_887/HI
 user_project_wrapper_888/HI
 user_project_wrapper_889/HI
 user_project_wrapper_890/HI
 user_project_wrapper_891/HI
 user_project_wrapper_892/HI
 user_project_wrapper_893/HI
 user_project_wrapper_894/HI
 user_project_wrapper_895/HI
 user_project_wrapper_896/HI
 user_project_wrapper_897/HI
 user_project_wrapper_898/HI
 user_project_wrapper_899/HI
 user_project_wrapper_900/HI
 user_project_wrapper_901/HI
 user_project_wrapper_902/HI
 user_project_wrapper_903/HI
 user_project_wrapper_904/HI
 user_project_wrapper_905/HI
 user_project_wrapper_906/HI
 user_project_wrapper_907/HI
 user_project_wrapper_908/HI
 user_project_wrapper_909/HI
 user_project_wrapper_910/HI
 user_project_wrapper_911/HI
 user_project_wrapper_912/HI
 user_project_wrapper_913/HI
 user_project_wrapper_914/HI
 user_project_wrapper_915/HI
 user_project_wrapper_916/HI
 user_project_wrapper_917/HI
 user_project_wrapper_918/HI
 user_project_wrapper_919/HI
 user_project_wrapper_920/HI
 user_project_wrapper_921/HI
 user_project_wrapper_922/HI
 user_project_wrapper_923/HI
 user_project_wrapper_924/HI
 user_project_wrapper_925/HI
 user_project_wrapper_926/HI
 user_project_wrapper_927/HI
 user_project_wrapper_928/HI
 user_project_wrapper_929/HI
 user_project_wrapper_930/HI
 user_project_wrapper_931/HI
 user_project_wrapper_932/HI
 user_project_wrapper_934/LO
 user_project_wrapper_935/LO
 user_project_wrapper_936/LO
 user_project_wrapper_937/LO
Found 40 partially unannotated drivers.
 _7393_/X
  mprj.sram.sram_inst/din0[31]
 _7394_/Y
  mprj.sram.sram_inst/din0[30]
 _7395_/Y
  mprj.sram.sram_inst/din0[29]
 _7396_/Y
  mprj.sram.sram_inst/din0[28]
 _7397_/Y
  mprj.sram.sram_inst/din0[27]
 _7398_/Y
  mprj.sram.sram_inst/din0[26]
 _7399_/Y
  mprj.sram.sram_inst/din0[25]
 _7400_/Y
  mprj.sram.sram_inst/din0[24]
 _7401_/Y
  mprj.sram.sram_inst/din0[23]
 _7402_/Y
  mprj.sram.sram_inst/din0[22]
 _7403_/Y
  mprj.sram.sram_inst/din0[21]
 _7404_/Y
  mprj.sram.sram_inst/din0[20]
 _7405_/Y
  mprj.sram.sram_inst/din0[19]
 _7406_/Y
  mprj.sram.sram_inst/din0[18]
 _7407_/Y
  mprj.sram.sram_inst/din0[17]
 _7408_/Y
  mprj.sram.sram_inst/din0[16]
 _7409_/Y
  mprj.sram.sram_inst/din0[15]
 _7410_/Y
  mprj.sram.sram_inst/din0[14]
 _7411_/Y
  mprj.sram.sram_inst/din0[13]
 _7412_/Y
  mprj.sram.sram_inst/din0[12]
 _7413_/Y
  mprj.sram.sram_inst/din0[11]
 _7414_/Y
  mprj.sram.sram_inst/din0[10]
 _7415_/Y
  mprj.sram.sram_inst/din0[9]
 _7416_/Y
  mprj.sram.sram_inst/din0[8]
 _7417_/Y
  mprj.sram.sram_inst/din0[7]
 _7418_/Y
  mprj.sram.sram_inst/din0[6]
 _7419_/Y
  mprj.sram.sram_inst/din0[5]
 _7420_/Y
  mprj.sram.sram_inst/din0[4]
 _7421_/Y
  mprj.sram.sram_inst/din0[3]
 _7422_/Y
  mprj.sram.sram_inst/din0[2]
 _7423_/Y
  mprj.sram.sram_inst/din0[1]
 _7424_/Y
  mprj.sram.sram_inst/din0[0]
 _7425_/Y
  mprj.sram.sram_inst/addr0[7]
  mprj.sram.sram_inst/addr1[7]
 _7426_/Y
  mprj.sram.sram_inst/addr0[6]
  mprj.sram.sram_inst/addr1[6]
 _7427_/X
  mprj.sram.sram_inst/addr0[5]
  mprj.sram.sram_inst/addr1[5]
 _7428_/Y
  mprj.sram.sram_inst/addr0[4]
  mprj.sram.sram_inst/addr1[4]
 _7429_/Y
  mprj.sram.sram_inst/addr0[3]
  mprj.sram.sram_inst/addr1[3]
 _7430_/Y
  mprj.sram.sram_inst/addr0[2]
  mprj.sram.sram_inst/addr1[2]
 _7431_/Y
  mprj.sram.sram_inst/addr0[1]
  mprj.sram.sram_inst/addr1[1]
 _7432_/Y
  mprj.sram.sram_inst/addr0[0]
  mprj.sram.sram_inst/addr1[0]

===========================================================================
max slew violation count 1088
max fanout violation count 980
max cap violation count 13
============================================================================

===========================================================================
check_setup -verbose -unconstrained_endpoints -multiple_clock -no_clock -no_input_delay -loops -generated_clocks
===========================================================================
Warning: There are 68 input ports missing set_input_delay.
  analog_io[0]
  analog_io[10]
  analog_io[11]
  analog_io[12]
  analog_io[13]
  analog_io[14]
  analog_io[15]
  analog_io[16]
  analog_io[17]
  analog_io[18]
  analog_io[19]
  analog_io[1]
  analog_io[20]
  analog_io[21]
  analog_io[22]
  analog_io[23]
  analog_io[24]
  analog_io[25]
  analog_io[26]
  analog_io[27]
  analog_io[28]
  analog_io[2]
  analog_io[3]
  analog_io[4]
  analog_io[5]
  analog_io[6]
  analog_io[7]
  analog_io[8]
  analog_io[9]
  io_in[0]
  io_in[10]
  io_in[11]
  io_in[12]
  io_in[13]
  io_in[14]
  io_in[15]
  io_in[16]
  io_in[17]
  io_in[18]
  io_in[19]
  io_in[1]
  io_in[20]
  io_in[21]
  io_in[22]
  io_in[23]
  io_in[24]
  io_in[25]
  io_in[26]
  io_in[27]
  io_in[28]
  io_in[29]
  io_in[2]
  io_in[30]
  io_in[31]
  io_in[32]
  io_in[33]
  io_in[34]
  io_in[35]
  io_in[36]
  io_in[37]
  io_in[3]
  io_in[4]
  io_in[5]
  io_in[6]
  io_in[7]
  io_in[8]
  io_in[9]
  user_clock2
Warning: There are 316 unconstrained endpoints.
  analog_io[0]
  analog_io[10]
  analog_io[11]
  analog_io[12]
  analog_io[13]
  analog_io[14]
  analog_io[15]
  analog_io[16]
  analog_io[17]
  analog_io[18]
  analog_io[19]
  analog_io[1]
  analog_io[20]
  analog_io[21]
  analog_io[22]
  analog_io[23]
  analog_io[24]
  analog_io[25]
  analog_io[26]
  analog_io[27]
  analog_io[28]
  analog_io[2]
  analog_io[3]
  analog_io[4]
  analog_io[5]
  analog_io[6]
  analog_io[7]
  analog_io[8]
  analog_io[9]
  io_oeb[0]
  io_oeb[10]
  io_oeb[11]
  io_oeb[12]
  io_oeb[13]
  io_oeb[14]
  io_oeb[15]
  io_oeb[16]
  io_oeb[17]
  io_oeb[18]
  io_oeb[19]
  io_oeb[1]
  io_oeb[20]
  io_oeb[21]
  io_oeb[22]
  io_oeb[23]
  io_oeb[24]
  io_oeb[25]
  io_oeb[26]
  io_oeb[27]
  io_oeb[28]
  io_oeb[29]
  io_oeb[2]
  io_oeb[30]
  io_oeb[31]
  io_oeb[32]
  io_oeb[33]
  io_oeb[34]
  io_oeb[35]
  io_oeb[36]
  io_oeb[37]
  io_oeb[3]
  io_oeb[4]
  io_oeb[5]
  io_oeb[6]
  io_oeb[7]
  io_oeb[8]
  io_oeb[9]
  io_out[0]
  io_out[10]
  io_out[11]
  io_out[12]
  io_out[13]
  io_out[14]
  io_out[15]
  io_out[16]
  io_out[17]
  io_out[18]
  io_out[19]
  io_out[1]
  io_out[20]
  io_out[21]
  io_out[22]
  io_out[23]
  io_out[24]
  io_out[25]
  io_out[26]
  io_out[27]
  io_out[28]
  io_out[29]
  io_out[2]
  io_out[30]
  io_out[31]
  io_out[32]
  io_out[33]
  io_out[34]
  io_out[35]
  io_out[36]
  io_out[37]
  io_out[3]
  io_out[4]
  io_out[5]
  io_out[6]
  io_out[7]
  io_out[8]
  io_out[9]
  la_data_out[0]
  la_data_out[100]
  la_data_out[101]
  la_data_out[102]
  la_data_out[103]
  la_data_out[104]
  la_data_out[105]
  la_data_out[106]
  la_data_out[107]
  la_data_out[108]
  la_data_out[109]
  la_data_out[10]
  la_data_out[110]
  la_data_out[111]
  la_data_out[112]
  la_data_out[113]
  la_data_out[114]
  la_data_out[115]
  la_data_out[116]
  la_data_out[117]
  la_data_out[118]
  la_data_out[119]
  la_data_out[11]
  la_data_out[120]
  la_data_out[121]
  la_data_out[122]
  la_data_out[123]
  la_data_out[124]
  la_data_out[125]
  la_data_out[126]
  la_data_out[127]
  la_data_out[12]
  la_data_out[13]
  la_data_out[14]
  la_data_out[15]
  la_data_out[16]
  la_data_out[17]
  la_data_out[18]
  la_data_out[19]
  la_data_out[1]
  la_data_out[20]
  la_data_out[21]
  la_data_out[22]
  la_data_out[23]
  la_data_out[24]
  la_data_out[25]
  la_data_out[26]
  la_data_out[27]
  la_data_out[28]
  la_data_out[29]
  la_data_out[2]
  la_data_out[30]
  la_data_out[31]
  la_data_out[32]
  la_data_out[33]
  la_data_out[34]
  la_data_out[35]
  la_data_out[36]
  la_data_out[37]
  la_data_out[38]
  la_data_out[39]
  la_data_out[3]
  la_data_out[40]
  la_data_out[41]
  la_data_out[42]
  la_data_out[43]
  la_data_out[44]
  la_data_out[45]
  la_data_out[46]
  la_data_out[47]
  la_data_out[48]
  la_data_out[49]
  la_data_out[4]
  la_data_out[50]
  la_data_out[51]
  la_data_out[52]
  la_data_out[53]
  la_data_out[54]
  la_data_out[55]
  la_data_out[56]
  la_data_out[57]
  la_data_out[58]
  la_data_out[59]
  la_data_out[5]
  la_data_out[60]
  la_data_out[61]
  la_data_out[62]
  la_data_out[63]
  la_data_out[64]
  la_data_out[65]
  la_data_out[66]
  la_data_out[67]
  la_data_out[68]
  la_data_out[69]
  la_data_out[6]
  la_data_out[70]
  la_data_out[71]
  la_data_out[72]
  la_data_out[73]
  la_data_out[74]
  la_data_out[75]
  la_data_out[76]
  la_data_out[77]
  la_data_out[78]
  la_data_out[79]
  la_data_out[7]
  la_data_out[80]
  la_data_out[81]
  la_data_out[82]
  la_data_out[83]
  la_data_out[84]
  la_data_out[85]
  la_data_out[86]
  la_data_out[87]
  la_data_out[88]
  la_data_out[89]
  la_data_out[8]
  la_data_out[90]
  la_data_out[91]
  la_data_out[92]
  la_data_out[93]
  la_data_out[94]
  la_data_out[95]
  la_data_out[96]
  la_data_out[97]
  la_data_out[98]
  la_data_out[99]
  la_data_out[9]
  user_irq[0]
  user_irq[1]
  user_irq[2]
  _8505_/D
  mprj.team_01_Wrapper.team_01_WB.instance_to_wrap/gpio_in[12]
  mprj.team_01_Wrapper.team_01_WB.instance_to_wrap/gpio_in[13]
  mprj.team_01_Wrapper.team_01_WB.instance_to_wrap/gpio_in[14]
  mprj.team_01_Wrapper.team_01_WB.instance_to_wrap/gpio_in[15]
  mprj.team_02_Wrapper.team_02_WB.instance_to_wrap/gpio_in[15]
  mprj.team_02_Wrapper.team_02_WB.instance_to_wrap/gpio_in[16]
  mprj.team_02_Wrapper.team_02_WB.instance_to_wrap/gpio_in[17]
  mprj.team_02_Wrapper.team_02_WB.instance_to_wrap/gpio_in[18]
  mprj.team_03_Wrapper.team_03_WB.instance_to_wrap/gpio_in[0]
  mprj.team_03_Wrapper.team_03_WB.instance_to_wrap/gpio_in[10]
  mprj.team_03_Wrapper.team_03_WB.instance_to_wrap/gpio_in[11]
  mprj.team_03_Wrapper.team_03_WB.instance_to_wrap/gpio_in[12]
  mprj.team_03_Wrapper.team_03_WB.instance_to_wrap/gpio_in[13]
  mprj.team_03_Wrapper.team_03_WB.instance_to_wrap/gpio_in[14]
  mprj.team_03_Wrapper.team_03_WB.instance_to_wrap/gpio_in[15]
  mprj.team_03_Wrapper.team_03_WB.instance_to_wrap/gpio_in[16]
  mprj.team_03_Wrapper.team_03_WB.instance_to_wrap/gpio_in[17]
  mprj.team_03_Wrapper.team_03_WB.instance_to_wrap/gpio_in[18]
  mprj.team_03_Wrapper.team_03_WB.instance_to_wrap/gpio_in[19]
  mprj.team_03_Wrapper.team_03_WB.instance_to_wrap/gpio_in[1]
  mprj.team_03_Wrapper.team_03_WB.instance_to_wrap/gpio_in[20]
  mprj.team_03_Wrapper.team_03_WB.instance_to_wrap/gpio_in[21]
  mprj.team_03_Wrapper.team_03_WB.instance_to_wrap/gpio_in[22]
  mprj.team_03_Wrapper.team_03_WB.instance_to_wrap/gpio_in[23]
  mprj.team_03_Wrapper.team_03_WB.instance_to_wrap/gpio_in[24]
  mprj.team_03_Wrapper.team_03_WB.instance_to_wrap/gpio_in[25]
  mprj.team_03_Wrapper.team_03_WB.instance_to_wrap/gpio_in[26]
  mprj.team_03_Wrapper.team_03_WB.instance_to_wrap/gpio_in[27]
  mprj.team_03_Wrapper.team_03_WB.instance_to_wrap/gpio_in[28]
  mprj.team_03_Wrapper.team_03_WB.instance_to_wrap/gpio_in[29]
  mprj.team_03_Wrapper.team_03_WB.instance_to_wrap/gpio_in[2]
  mprj.team_03_Wrapper.team_03_WB.instance_to_wrap/gpio_in[30]
  mprj.team_03_Wrapper.team_03_WB.instance_to_wrap/gpio_in[31]
  mprj.team_03_Wrapper.team_03_WB.instance_to_wrap/gpio_in[3]
  mprj.team_03_Wrapper.team_03_WB.instance_to_wrap/gpio_in[4]
  mprj.team_03_Wrapper.team_03_WB.instance_to_wrap/gpio_in[5]
  mprj.team_03_Wrapper.team_03_WB.instance_to_wrap/gpio_in[6]
  mprj.team_03_Wrapper.team_03_WB.instance_to_wrap/gpio_in[7]
  mprj.team_03_Wrapper.team_03_WB.instance_to_wrap/gpio_in[8]
  mprj.team_03_Wrapper.team_03_WB.instance_to_wrap/gpio_in[9]
  mprj.team_04_Wrapper.team_04_WB.instance_to_wrap/gpio_in[5]
  mprj.team_05_Wrapper.team_05_WB.instance_to_wrap/gpio_in[30]
  mprj.team_05_Wrapper.team_05_WB.instance_to_wrap/gpio_in[31]
  mprj.team_05_Wrapper.team_05_WB.instance_to_wrap/gpio_in[32]
  mprj.team_05_Wrapper.team_05_WB.instance_to_wrap/gpio_in[33]
  mprj.team_06_Wrapper.team_06_WB.instance_to_wrap/gpio_in[0]
  mprj.team_06_Wrapper.team_06_WB.instance_to_wrap/gpio_in[1]
  mprj.team_06_Wrapper.team_06_WB.instance_to_wrap/gpio_in[2]
  mprj.team_06_Wrapper.team_06_WB.instance_to_wrap/gpio_in[3]
  mprj.team_06_Wrapper.team_06_WB.instance_to_wrap/gpio_in[4]
  mprj.team_06_Wrapper.team_06_WB.instance_to_wrap/gpio_in[5]
  mprj.team_07_Wrapper.team_07_WB.instance_to_wrap/gpio_in[18]
  mprj.team_07_Wrapper.team_07_WB.instance_to_wrap/gpio_in[19]
  mprj.team_07_Wrapper.team_07_WB.instance_to_wrap/gpio_in[20]
  mprj.team_07_Wrapper.team_07_WB.instance_to_wrap/gpio_in[21]
  mprj.team_07_Wrapper.team_07_WB.instance_to_wrap/gpio_in[22]
  mprj.team_07_Wrapper.team_07_WB.instance_to_wrap/gpio_in[23]
  mprj.team_08_Wrapper.team_08_WB.instance_to_wrap/gpio_in[0]
  mprj.team_08_Wrapper.team_08_WB.instance_to_wrap/gpio_in[1]
  mprj.team_09_Wrapper.team_09_WB.instance_to_wrap/gpio_in[25]
  mprj.team_09_Wrapper.team_09_WB.instance_to_wrap/gpio_in[26]
  mprj.team_09_Wrapper.team_09_WB.instance_to_wrap/gpio_in[27]
  mprj.team_09_Wrapper.team_09_WB.instance_to_wrap/gpio_in[28]
  mprj.team_09_Wrapper.team_09_WB.instance_to_wrap/gpio_in[29]
  mprj.team_09_Wrapper.team_09_WB.instance_to_wrap/gpio_in[30]
  mprj.team_09_Wrapper.team_09_WB.instance_to_wrap/gpio_in[31]
  mprj.team_10_Wrapper.team_10_WB.instance_to_wrap/gpio_in[20]
  mprj.team_10_Wrapper.team_10_WB.instance_to_wrap/gpio_in[21]
  mprj.team_10_Wrapper.team_10_WB.instance_to_wrap/gpio_in[22]
  mprj.team_10_Wrapper.team_10_WB.instance_to_wrap/gpio_in[23]
  mprj.team_10_Wrapper.team_10_WB.instance_to_wrap/gpio_in[24]
  mprj.team_10_Wrapper.team_10_WB.instance_to_wrap/gpio_in[33]
  mprj.team_11_Wrapper.team_11_WB.instance_to_wrap/gpio_in[30]
  mprj.team_11_Wrapper.team_11_WB.instance_to_wrap/gpio_in[31]
  mprj.team_11_Wrapper.team_11_WB.instance_to_wrap/gpio_in[32]
  mprj.team_11_Wrapper.team_11_WB.instance_to_wrap/gpio_in[33]
  mprj.team_12_Wrapper.team_12_WB.instance_to_wrap/gpio_in[0]
  mprj.team_12_Wrapper.team_12_WB.instance_to_wrap/gpio_in[1]
  mprj.team_12_Wrapper.team_12_WB.instance_to_wrap/gpio_in[2]
