
===========================================================================
report_checks -unconstrained
===========================================================================
======================= nom_ff_n40C_1v95 Corner ===================================

Startpoint: wb_rst_i (input port clocked by clk)
Endpoint: _8589_ (recovery check against rising-edge clock clk)
Path Group: asynchronous
Path Type: max

Fanout         Cap        Slew       Delay        Time   Description
---------------------------------------------------------------------------------------------
                                  0.000000    0.000000   clock clk (rise edge)
                                  5.570000    5.570000   clock network delay (propagated)
                                 50.000000   55.570000 v input external delay
     2    0.016536    0.000000    0.000000   55.570000 v wb_rst_i (in)
                                                         wb_rst_i (net)
                      0.001004    0.000501   55.570499 v input39/A (sky130_fd_sc_hd__buf_12)
     5    0.558696    0.041677    0.090253   55.660755 v input39/X (sky130_fd_sc_hd__buf_12)
                                                         net39 (net)
                      1.170905    0.584887   56.245640 v fanout742/A (sky130_fd_sc_hd__buf_12)
    15    0.383177    0.083914    0.426866   56.672508 v fanout742/X (sky130_fd_sc_hd__buf_12)
                                                         net742 (net)
                      0.545305    0.267892   56.940399 v fanout734/A (sky130_fd_sc_hd__clkbuf_8)
    11    0.117108    0.100794    0.321652   57.262051 v fanout734/X (sky130_fd_sc_hd__clkbuf_8)
                                                         net734 (net)
                      0.105160    0.016357   57.278408 v fanout733/A (sky130_fd_sc_hd__clkbuf_8)
    13    0.101709    0.082074    0.167010   57.445415 v fanout733/X (sky130_fd_sc_hd__clkbuf_8)
                                                         net733 (net)
                      0.086431    0.014456   57.459873 v fanout732/A (sky130_fd_sc_hd__buf_4)
    13    0.097603    0.091587    0.171269   57.631142 v fanout732/X (sky130_fd_sc_hd__buf_4)
                                                         net732 (net)
                      0.091601    0.000988   57.632130 v fanout731/A (sky130_fd_sc_hd__clkbuf_8)
    21    0.111897    0.087938    0.173767   57.805897 v fanout731/X (sky130_fd_sc_hd__clkbuf_8)
                                                         net731 (net)
                      0.089012    0.007780   57.813679 v _8240_/A (sky130_fd_sc_hd__inv_2)
     1    0.005233    0.034508    0.053593   57.867271 ^ _8240_/Y (sky130_fd_sc_hd__inv_2)
                                                         _0122_ (net)
                      0.034508    0.000139   57.867409 ^ _8589_/RESET_B (sky130_fd_sc_hd__dfrtp_2)
                                             57.867409   data arrival time

                                100.000000  100.000000   clock clk (rise edge)
                                  4.650000  104.649994   clock source latency
     4    0.433792    0.610000    0.000000  104.649994 ^ wb_clk_i (in)
                                                         wb_clk_i (net)
                      1.639609    0.514810  105.164803 ^ clkbuf_regs_0_clk/A (sky130_fd_sc_hd__clkbuf_16)
     1    0.015317    0.062765    0.100229  105.265030 ^ clkbuf_regs_0_clk/X (sky130_fd_sc_hd__clkbuf_16)
                                                         delaynet_0_clk (net)
                      0.062768    0.000981  105.266014 ^ delaybuf_0_clk/A (sky130_fd_sc_hd__clkbuf_16)
     1    0.015340    0.028347    0.090076  105.356087 ^ delaybuf_0_clk/X (sky130_fd_sc_hd__clkbuf_16)
                                                         delaynet_1_clk (net)
                      0.028358    0.000952  105.357040 ^ delaybuf_1_clk/A (sky130_fd_sc_hd__clkbuf_16)
     1    0.013489    0.026839    0.079147  105.436188 ^ delaybuf_1_clk/X (sky130_fd_sc_hd__clkbuf_16)
                                                         wb_clk_i_regs (net)
                      0.026842    0.000796  105.436981 ^ clkbuf_0_wb_clk_i_regs/A (sky130_fd_sc_hd__clkbuf_16)
     5    0.100329    0.089711    0.124665  105.561653 ^ clkbuf_0_wb_clk_i_regs/X (sky130_fd_sc_hd__clkbuf_16)
                                                         clknet_0_wb_clk_i_regs (net)
                      0.091520    0.010012  105.571663 ^ clkbuf_1_0_0_wb_clk_i_regs/A (sky130_fd_sc_hd__clkbuf_8)
     5    0.102561    0.138374    0.159595  105.731255 ^ clkbuf_1_0_0_wb_clk_i_regs/X (sky130_fd_sc_hd__clkbuf_8)
                                                         clknet_1_0_0_wb_clk_i_regs (net)
                      0.149907    0.030546  105.761803 ^ clkbuf_2_1_0_wb_clk_i_regs/A (sky130_fd_sc_hd__clkbuf_8)
     3    0.074517    0.105610    0.155239  105.917038 ^ clkbuf_2_1_0_wb_clk_i_regs/X (sky130_fd_sc_hd__clkbuf_8)
                                                         clknet_2_1_0_wb_clk_i_regs (net)
                      0.112887    0.021394  105.938438 ^ clkbuf_2_1_1_wb_clk_i_regs/A (sky130_fd_sc_hd__clkbuf_8)
     9    0.129891    0.173328    0.201155  106.139587 ^ clkbuf_2_1_1_wb_clk_i_regs/X (sky130_fd_sc_hd__clkbuf_8)
                                                         clknet_2_1_1_wb_clk_i_regs (net)
                      0.175034    0.013834  106.153427 ^ clkbuf_4_6_0_wb_clk_i_regs/A (sky130_fd_sc_hd__clkbuf_8)
     5    0.075867    0.107583    0.164953  106.318375 ^ clkbuf_4_6_0_wb_clk_i_regs/X (sky130_fd_sc_hd__clkbuf_8)
                                                         clknet_4_6_0_wb_clk_i_regs (net)
                      0.110256    0.013422  106.331802 ^ clkbuf_5_13_0_wb_clk_i_regs/A (sky130_fd_sc_hd__clkbuf_8)
    23    0.129705    0.172539    0.204793  106.536591 ^ clkbuf_5_13_0_wb_clk_i_regs/X (sky130_fd_sc_hd__clkbuf_8)
                                                         clknet_5_13_0_wb_clk_i_regs (net)
                      0.173061    0.007709  106.544304 ^ _8589_/CLK (sky130_fd_sc_hd__dfrtp_2)
                                 -0.200000  106.344307   clock uncertainty
                                  0.000000  106.344307   clock reconvergence pessimism
                                  0.154398  106.498703   library recovery time
                                            106.498703   data required time
---------------------------------------------------------------------------------------------
                                            106.498703   data required time
                                            -57.867409   data arrival time
---------------------------------------------------------------------------------------------
                                             48.631298   slack (MET)


Startpoint: _8695_ (rising edge-triggered flip-flop clocked by clk)
Endpoint: mprj.team_04_Wrapper.team_04_WB.instance_to_wrap
          (rising edge-triggered flip-flop clocked by clk)
Path Group: clk
Path Type: max

Fanout         Cap        Slew       Delay        Time   Description
---------------------------------------------------------------------------------------------
                                  0.000000    0.000000   clock clk (rise edge)
                                  5.570000    5.570000   clock source latency
     4    0.433792    0.610000    0.000000    5.570000 ^ wb_clk_i (in)
                                                         wb_clk_i (net)
                      1.639609    0.514805    6.084805 ^ clkbuf_regs_0_clk/A (sky130_fd_sc_hd__clkbuf_16)
     1    0.015317    0.062765    0.100229    6.185034 ^ clkbuf_regs_0_clk/X (sky130_fd_sc_hd__clkbuf_16)
                                                         delaynet_0_clk (net)
                      0.062768    0.000986    6.186020 ^ delaybuf_0_clk/A (sky130_fd_sc_hd__clkbuf_16)
     1    0.015340    0.028347    0.090070    6.276090 ^ delaybuf_0_clk/X (sky130_fd_sc_hd__clkbuf_16)
                                                         delaynet_1_clk (net)
                      0.028358    0.000957    6.277047 ^ delaybuf_1_clk/A (sky130_fd_sc_hd__clkbuf_16)
     1    0.013489    0.026839    0.079143    6.356190 ^ delaybuf_1_clk/X (sky130_fd_sc_hd__clkbuf_16)
                                                         wb_clk_i_regs (net)
                      0.026842    0.000798    6.356988 ^ clkbuf_0_wb_clk_i_regs/A (sky130_fd_sc_hd__clkbuf_16)
     5    0.100329    0.089711    0.124666    6.481654 ^ clkbuf_0_wb_clk_i_regs/X (sky130_fd_sc_hd__clkbuf_16)
                                                         clknet_0_wb_clk_i_regs (net)
                      0.091844    0.010874    6.492528 ^ clkbuf_1_1_0_wb_clk_i_regs/A (sky130_fd_sc_hd__clkbuf_8)
     5    0.095245    0.130309    0.158420    6.650949 ^ clkbuf_1_1_0_wb_clk_i_regs/X (sky130_fd_sc_hd__clkbuf_8)
                                                         clknet_1_1_0_wb_clk_i_regs (net)
                      0.136714    0.022505    6.673453 ^ clkbuf_2_3_0_wb_clk_i_regs/A (sky130_fd_sc_hd__clkbuf_8)
     3    0.093103    0.126392    0.163053    6.836506 ^ clkbuf_2_3_0_wb_clk_i_regs/X (sky130_fd_sc_hd__clkbuf_8)
                                                         clknet_2_3_0_wb_clk_i_regs (net)
                      0.140872    0.032404    6.868910 ^ clkbuf_2_3_1_wb_clk_i_regs/A (sky130_fd_sc_hd__clkbuf_8)
    10    0.212624    0.272276    0.240097    7.109008 ^ clkbuf_2_3_1_wb_clk_i_regs/X (sky130_fd_sc_hd__clkbuf_8)
                                                         clknet_2_3_1_wb_clk_i_regs (net)
                      0.324559    0.090706    7.199714 ^ clkbuf_4_12_0_wb_clk_i_regs/A (sky130_fd_sc_hd__clkbuf_8)
     5    0.072338    0.105381    0.179998    7.379712 ^ clkbuf_4_12_0_wb_clk_i_regs/X (sky130_fd_sc_hd__clkbuf_8)
                                                         clknet_4_12_0_wb_clk_i_regs (net)
                      0.107388    0.011506    7.391219 ^ clkbuf_5_24_0_wb_clk_i_regs/A (sky130_fd_sc_hd__clkbuf_8)
    15    0.280108    0.363525    0.302522    7.693740 ^ clkbuf_5_24_0_wb_clk_i_regs/X (sky130_fd_sc_hd__clkbuf_8)
                                                         clknet_5_24_0_wb_clk_i_regs (net)
                      0.372162    0.044718    7.738458 ^ _8695_/CLK (sky130_fd_sc_hd__dfrtp_4)
     2    0.016828    0.056797    0.319573    8.058031 ^ _8695_/Q (sky130_fd_sc_hd__dfrtp_4)
                                                         mprj.team_04_Wrapper.team_04_WB.EN_VAL_REG (net)
                      0.056860    0.000659    8.058690 ^ hold2005/A (sky130_fd_sc_hd__dlygate4sd3_1)
     1    0.004071    0.046047    0.383879    8.442569 ^ hold2005/X (sky130_fd_sc_hd__dlygate4sd3_1)
                                                         net2944 (net)
                      0.046047    0.000121    8.442690 ^ hold1739/A (sky130_fd_sc_hd__dlygate4sd3_1)
     6    0.041445    0.312379    0.570315    9.013005 ^ hold1739/X (sky130_fd_sc_hd__dlygate4sd3_1)
                                                         net2678 (net)
                      0.312530    0.006416    9.019421 ^ hold864/A (sky130_fd_sc_hd__dlygate4sd3_1)
     5    0.080079    0.595105    0.787223    9.806643 ^ hold864/X (sky130_fd_sc_hd__dlygate4sd3_1)
                                                         net1803 (net)
                      0.595337    0.003232    9.809875 ^ hold1740/A (sky130_fd_sc_hd__dlygate4sd3_1)
     3    0.031559    0.241420    0.546169   10.356045 ^ hold1740/X (sky130_fd_sc_hd__dlygate4sd3_1)
                                                         net2679 (net)
                      0.241464    0.003255   10.359301 ^ mprj.team_04_Wrapper.team_04_WB.instance_to_wrap/en (team_04)
                                             10.359301   data arrival time

                                 50.000000   50.000000   clock clk (fall edge)
                                  4.650000   54.650002   clock source latency
     4    0.431800    0.610000    0.000000   54.650002 v wb_clk_i (in)
                                                         wb_clk_i (net)
                      1.684936    0.537469   55.187469 v clkbuf_0_wb_clk_i/A (sky130_fd_sc_hd__clkbuf_16)
     5    0.097507    0.100254    0.550742   55.738209 v clkbuf_0_wb_clk_i/X (sky130_fd_sc_hd__clkbuf_16)
                                                         clknet_0_wb_clk_i (net)
                      0.102264    0.010534   55.748745 v clkbuf_1_0_0_wb_clk_i/A (sky130_fd_sc_hd__clkbuf_8)
     3    0.086270    0.074742    0.164846   55.913589 v clkbuf_1_0_0_wb_clk_i/X (sky130_fd_sc_hd__clkbuf_8)
                                                         clknet_1_0_0_wb_clk_i (net)
                      0.075698    0.006686   55.920277 v clkbuf_1_0_1_wb_clk_i/A (sky130_fd_sc_hd__clkbuf_8)
    13    1.322254    0.884637    0.468201   56.388477 v clkbuf_1_0_1_wb_clk_i/X (sky130_fd_sc_hd__clkbuf_8)
                                                         clknet_1_0_1_wb_clk_i (net)
                      1.304327    0.498954   56.887432 v mprj.team_04_Wrapper.team_04_WB.instance_to_wrap/clk (team_04)
                                 -0.200000   56.687431   clock uncertainty
                                  0.920000   57.607433   clock reconvergence pessimism
                                -11.255480   46.351952   library setup time
                                             46.351952   data required time
---------------------------------------------------------------------------------------------
                                             46.351952   data required time
                                            -10.359301   data arrival time
---------------------------------------------------------------------------------------------
                                             35.992649   slack (MET)




===========================================================================
report_checks --slack_max -0.01
============================================================================
======================= nom_ff_n40C_1v95 Corner ===================================

No paths found.


===========================================================================
 report_check_types -max_slew -max_cap -max_fanout -violators
============================================================================
======================= nom_ff_n40C_1v95 Corner ===================================

max slew

Pin                                        Limit        Slew       Slack
------------------------------------------------------------------------
ANTENNA_mprj.team_03_Wrapper.team_03_WB.instance_to_wrap_nrst/DIODE    1.500000    3.515992   -2.015992 (VIOLATED)
mprj.team_03_Wrapper.team_03_WB.instance_to_wrap/nrst    1.500000    3.515989   -2.015989 (VIOLATED)
mprj.team_04_Wrapper.team_04_WB.instance_to_wrap/nrst    1.500000    3.509169   -2.009169 (VIOLATED)
ANTENNA_mprj.team_04_Wrapper.team_04_WB.instance_to_wrap_nrst/DIODE    1.500000    3.508909   -2.008909 (VIOLATED)
mprj.team_05_Wrapper.team_05_WB.instance_to_wrap/nrst    1.500000    3.451064   -1.951064 (VIOLATED)
ANTENNA_mprj.team_05_Wrapper.team_05_WB.instance_to_wrap_nrst/DIODE    1.500000    3.440037   -1.940037 (VIOLATED)
mprj.team_08_Wrapper.team_08_WB.instance_to_wrap/gpio_in[12]    1.500000    3.429552   -1.929552 (VIOLATED)
ANTENNA_mprj.team_08_Wrapper.team_08_WB.instance_to_wrap_gpio_in[12]/DIODE    1.500000    3.429523   -1.929523 (VIOLATED)
mprj.team_08_Wrapper.team_08_WB.instance_to_wrap/gpio_in[7]    1.500000    3.323763   -1.823763 (VIOLATED)
ANTENNA_mprj.team_08_Wrapper.team_08_WB.instance_to_wrap_gpio_in[7]/DIODE    1.500000    3.323757   -1.823757 (VIOLATED)
mprj.team_06_Wrapper.team_06_WB.instance_to_wrap/gpio_in[12]    1.500000    3.280930   -1.780930 (VIOLATED)
ANTENNA_577/DIODE                       1.500000    3.276076   -1.776076 (VIOLATED)
ANTENNA_573/DIODE                       1.500000    3.275475   -1.775475 (VIOLATED)
ANTENNA_mprj.team_06_Wrapper.team_06_WB.instance_to_wrap_gpio_in[12]/DIODE    1.500000    3.275424   -1.775424 (VIOLATED)
ANTENNA_574/DIODE                       1.500000    3.270830   -1.770830 (VIOLATED)
ANTENNA_576/DIODE                       1.500000    3.268636   -1.768636 (VIOLATED)
ANTENNA_575/DIODE                       1.500000    3.267355   -1.767355 (VIOLATED)
ANTENNA_mprj.team_07_Wrapper.team_07_WB.instance_to_wrap_gpio_in[18]/DIODE    1.500000    3.204853   -1.704853 (VIOLATED)
mprj.team_07_Wrapper.team_07_WB.instance_to_wrap/gpio_in[18]    1.500000    3.204746   -1.704746 (VIOLATED)
mprj.team_06_Wrapper.team_06_WB.instance_to_wrap/gpio_in[7]    1.500000    3.157438   -1.657438 (VIOLATED)
ANTENNA_mprj.team_06_Wrapper.team_06_WB.instance_to_wrap_gpio_in[7]/DIODE    1.500000    3.157417   -1.657417 (VIOLATED)
ANTENNA_mprj.team_02_Wrapper.team_02_WB.instance_to_wrap_nrst/DIODE    1.500000    3.115985   -1.615985 (VIOLATED)
mprj.team_02_Wrapper.team_02_WB.instance_to_wrap/nrst    1.500000    3.104602   -1.604602 (VIOLATED)
mprj.team_02_Wrapper.team_02_WB.instance_to_wrap/gpio_in[12]    1.500000    3.089307   -1.589307 (VIOLATED)
ANTENNA_mprj.team_02_Wrapper.team_02_WB.instance_to_wrap_gpio_in[12]/DIODE    1.500000    3.089296   -1.589296 (VIOLATED)
ANTENNA_mprj.team_09_Wrapper.team_09_WB.instance_to_wrap_gpio_in[5]/DIODE    1.500000    3.085727   -1.585727 (VIOLATED)
mprj.team_09_Wrapper.team_09_WB.instance_to_wrap/gpio_in[5]    1.500000    3.085670   -1.585670 (VIOLATED)
mprj.team_08_Wrapper.team_08_WB.instance_to_wrap/gpio_in[13]    1.500000    3.040243   -1.540243 (VIOLATED)
ANTENNA_mprj.team_08_Wrapper.team_08_WB.instance_to_wrap_gpio_in[13]/DIODE    1.500000    3.040202   -1.540202 (VIOLATED)
mprj.team_12_Wrapper.team_12_WB.instance_to_wrap/gpio_in[5]    1.500000    3.004988   -1.504988 (VIOLATED)
ANTENNA_mprj.team_12_Wrapper.team_12_WB.instance_to_wrap_gpio_in[5]/DIODE    1.500000    3.004982   -1.504982 (VIOLATED)
ANTENNA_mprj.team_11_Wrapper.team_11_WB.instance_to_wrap_gpio_in[18]/DIODE    1.500000    3.001537   -1.501537 (VIOLATED)
mprj.team_11_Wrapper.team_11_WB.instance_to_wrap/gpio_in[18]    1.500000    3.001442   -1.501442 (VIOLATED)
ANTENNA_mprj.team_02_Wrapper.team_02_WB.instance_to_wrap_gpio_in[7]/DIODE    1.500000    2.984824   -1.484824 (VIOLATED)
mprj.team_02_Wrapper.team_02_WB.instance_to_wrap/gpio_in[7]    1.500000    2.975884   -1.475885 (VIOLATED)
mprj.team_08_Wrapper.team_08_WB.instance_to_wrap/gpio_in[6]    1.500000    2.969258   -1.469258 (VIOLATED)
ANTENNA_mprj.team_08_Wrapper.team_08_WB.instance_to_wrap_gpio_in[6]/DIODE    1.500000    2.969243   -1.469243 (VIOLATED)
ANTENNA_268/DIODE                       1.500000    2.931499   -1.431499 (VIOLATED)
ANTENNA_270/DIODE                       1.500000    2.931429   -1.431429 (VIOLATED)
_7881_/A1                               1.500000    2.930846   -1.430847 (VIOLATED)
ANTENNA__7881__A1/DIODE                 1.500000    2.930482   -1.430482 (VIOLATED)
ANTENNA_mprj.team_05_Wrapper.team_05_WB.instance_to_wrap_gpio_in[7]/DIODE    1.500000    2.914642   -1.414642 (VIOLATED)
mprj.team_05_Wrapper.team_05_WB.instance_to_wrap/gpio_in[7]    1.500000    2.914503   -1.414503 (VIOLATED)
load_slew788/A                          1.500000    2.899497   -1.399497 (VIOLATED)
ANTENNA_load_slew788_A/DIODE            1.500000    2.893491   -1.393491 (VIOLATED)
ANTENNA_mprj.team_06_Wrapper.team_06_WB.instance_to_wrap_gpio_in[6]/DIODE    1.500000    2.880780   -1.380780 (VIOLATED)
mprj.team_06_Wrapper.team_06_WB.instance_to_wrap/gpio_in[6]    1.500000    2.878925   -1.378925 (VIOLATED)
mprj.team_06_Wrapper.team_06_WB.instance_to_wrap/gpio_in[13]    1.500000    2.875007   -1.375007 (VIOLATED)
ANTENNA_mprj.team_06_Wrapper.team_06_WB.instance_to_wrap_gpio_in[13]/DIODE    1.500000    2.871672   -1.371672 (VIOLATED)
mprj.team_10_Wrapper.team_10_WB.instance_to_wrap/gpio_in[33]    1.500000    2.765178   -1.265178 (VIOLATED)
ANTENNA_mprj.team_10_Wrapper.team_10_WB.instance_to_wrap_gpio_in[33]/DIODE    1.500000    2.765150   -1.265150 (VIOLATED)
ANTENNA_mprj.team_08_Wrapper.team_08_WB.instance_to_wrap_gpio_in[4]/DIODE    1.500000    2.763873   -1.263873 (VIOLATED)
mprj.team_08_Wrapper.team_08_WB.instance_to_wrap/gpio_in[4]    1.500000    2.763836   -1.263836 (VIOLATED)
mprj.team_07_Wrapper.team_07_WB.instance_to_wrap/gpio_in[33]    1.500000    2.740634   -1.240634 (VIOLATED)
ANTENNA_mprj.team_07_Wrapper.team_07_WB.instance_to_wrap_gpio_in[33]/DIODE    1.500000    2.739329   -1.239329 (VIOLATED)
ANTENNA_mprj.team_02_Wrapper.team_02_WB.instance_to_wrap_gpio_in[6]/DIODE    1.500000    2.736512   -1.236513 (VIOLATED)
mprj.team_02_Wrapper.team_02_WB.instance_to_wrap/gpio_in[6]    1.500000    2.727448   -1.227448 (VIOLATED)
ANTENNA_mprj.team_02_Wrapper.team_02_WB.instance_to_wrap_gpio_in[13]/DIODE    1.500000    2.721680   -1.221681 (VIOLATED)
mprj.team_02_Wrapper.team_02_WB.instance_to_wrap/gpio_in[13]    1.500000    2.721675   -1.221675 (VIOLATED)
ANTENNA_mprj.team_05_Wrapper.team_05_WB.instance_to_wrap_gpio_in[12]/DIODE    1.500000    2.698390   -1.198390 (VIOLATED)
mprj.team_05_Wrapper.team_05_WB.instance_to_wrap/gpio_in[12]    1.500000    2.698376   -1.198377 (VIOLATED)
mprj.team_06_Wrapper.team_06_WB.instance_to_wrap/nrst    1.500000    2.679473   -1.179473 (VIOLATED)
ANTENNA_mprj.team_06_Wrapper.team_06_WB.instance_to_wrap_nrst/DIODE    1.500000    2.679325   -1.179325 (VIOLATED)
mprj.team_06_Wrapper.team_06_WB.instance_to_wrap/gpio_in[4]    1.500000    2.679121   -1.179121 (VIOLATED)
ANTENNA_mprj.team_06_Wrapper.team_06_WB.instance_to_wrap_gpio_in[4]/DIODE    1.500000    2.678912   -1.178912 (VIOLATED)
ANTENNA__4180__A0/DIODE                 1.500000    2.678634   -1.178635 (VIOLATED)
ANTENNA__4186__B1/DIODE                 1.500000    2.678624   -1.178625 (VIOLATED)
_4180_/A0                               1.500000    2.678610   -1.178610 (VIOLATED)
_4186_/B1                               1.500000    2.678591   -1.178591 (VIOLATED)
ANTENNA_mprj.team_10_Wrapper.team_10_WB.instance_to_wrap_gpio_in[18]/DIODE    1.500000    2.653083   -1.153083 (VIOLATED)
mprj.team_08_Wrapper.team_08_WB.instance_to_wrap/gpio_in[9]    1.500000    2.642682   -1.142682 (VIOLATED)
ANTENNA_mprj.team_08_Wrapper.team_08_WB.instance_to_wrap_gpio_in[9]/DIODE    1.500000    2.642658   -1.142658 (VIOLATED)
mprj.team_10_Wrapper.team_10_WB.instance_to_wrap/gpio_in[18]    1.500000    2.641066   -1.141066 (VIOLATED)
mprj.team_11_Wrapper.team_11_WB.instance_to_wrap/gpio_in[33]    1.500000    2.611201   -1.111201 (VIOLATED)
_4900_/A0                               1.500000    2.607905   -1.107905 (VIOLATED)
ANTENNA__4900__A0/DIODE                 1.500000    2.607852   -1.107852 (VIOLATED)
ANTENNA__4906__A2/DIODE                 1.500000    2.607685   -1.107685 (VIOLATED)
_4906_/A2                               1.500000    2.607559   -1.107559 (VIOLATED)
ANTENNA_mprj.team_11_Wrapper.team_11_WB.instance_to_wrap_gpio_in[33]/DIODE    1.500000    2.606404   -1.106404 (VIOLATED)
ANTENNA_mprj.team_06_Wrapper.team_06_WB.instance_to_wrap_gpio_in[9]/DIODE    1.500000    2.582462   -1.082462 (VIOLATED)
mprj.team_06_Wrapper.team_06_WB.instance_to_wrap/gpio_in[9]    1.500000    2.582395   -1.082395 (VIOLATED)
ANTENNA_mprj.team_01_Wrapper.team_01_WB.instance_to_wrap_gpio_in[30]/DIODE    1.500000    2.566694   -1.066694 (VIOLATED)
mprj.team_01_Wrapper.team_01_WB.instance_to_wrap/gpio_in[30]    1.500000    2.566679   -1.066679 (VIOLATED)
_6701_/B2                               1.500000    2.559800   -1.059801 (VIOLATED)
ANTENNA__6701__B2/DIODE                 1.500000    2.559750   -1.059750 (VIOLATED)
ANTENNA_mprj.team_05_Wrapper.team_05_WB.instance_to_wrap_gpio_in[24]/DIODE    1.500000    2.559355   -1.059355 (VIOLATED)
mprj.team_05_Wrapper.team_05_WB.instance_to_wrap/gpio_in[24]    1.500000    2.559264   -1.059264 (VIOLATED)
mprj.team_03_Wrapper.team_03_WB.instance_to_wrap/gpio_in[30]    1.500000    2.534181   -1.034181 (VIOLATED)
ANTENNA_mprj.team_03_Wrapper.team_03_WB.instance_to_wrap_gpio_in[30]/DIODE    1.500000    2.533982   -1.033982 (VIOLATED)
ANTENNA_mprj.team_02_Wrapper.team_02_WB.instance_to_wrap_gpio_in[24]/DIODE    1.500000    2.533299   -1.033299 (VIOLATED)
mprj.team_02_Wrapper.team_02_WB.instance_to_wrap/gpio_in[24]    1.500000    2.531649   -1.031649 (VIOLATED)
ANTENNA_mprj.team_05_Wrapper.team_05_WB.instance_to_wrap_gpio_in[21]/DIODE    1.500000    2.530178   -1.030178 (VIOLATED)
mprj.team_05_Wrapper.team_05_WB.instance_to_wrap/gpio_in[21]    1.500000    2.530144   -1.030144 (VIOLATED)
ANTENNA_mprj.team_05_Wrapper.team_05_WB.instance_to_wrap_gpio_in[6]/DIODE    1.500000    2.529829   -1.029829 (VIOLATED)
mprj.team_05_Wrapper.team_05_WB.instance_to_wrap/gpio_in[6]    1.500000    2.529720   -1.029720 (VIOLATED)
_4129_/A0                               1.500000    2.523647   -1.023647 (VIOLATED)
_4135_/A2                               1.500000    2.523627   -1.023627 (VIOLATED)
ANTENNA__4129__A0/DIODE                 1.500000    2.523611   -1.023611 (VIOLATED)
ANTENNA__4135__A2/DIODE                 1.500000    2.523428   -1.023428 (VIOLATED)
ANTENNA_mprj.team_08_Wrapper.team_08_WB.instance_to_wrap_gpio_in[14]/DIODE    1.500000    2.517989   -1.017989 (VIOLATED)
mprj.team_08_Wrapper.team_08_WB.instance_to_wrap/gpio_in[14]    1.500000    2.517893   -1.017893 (VIOLATED)
ANTENNA__4243__A0/DIODE                 1.500000    2.517866   -1.017866 (VIOLATED)
_4243_/A0                               1.500000    2.517858   -1.017858 (VIOLATED)
_4250_/A2                               1.500000    2.517834   -1.017834 (VIOLATED)
ANTENNA__4250__A2/DIODE                 1.500000    2.517790   -1.017790 (VIOLATED)
ANTENNA_mprj.team_06_Wrapper.team_06_WB.instance_to_wrap_gpio_in[24]/DIODE    1.500000    2.501800   -1.001800 (VIOLATED)
mprj.team_06_Wrapper.team_06_WB.instance_to_wrap/gpio_in[24]    1.500000    2.499363   -0.999363 (VIOLATED)
_6813_/A1                               1.500000    2.493339   -0.993339 (VIOLATED)
ANTENNA__6813__A1/DIODE                 1.500000    2.493248   -0.993248 (VIOLATED)
ANTENNA_mprj.team_02_Wrapper.team_02_WB.instance_to_wrap_gpio_in[21]/DIODE    1.500000    2.477319   -0.977319 (VIOLATED)
mprj.team_02_Wrapper.team_02_WB.instance_to_wrap/gpio_in[21]    1.500000    2.476680   -0.976680 (VIOLATED)
ANTENNA_mprj.team_01_Wrapper.team_01_WB.instance_to_wrap_ADR_O[28]/DIODE    1.500000    2.474423   -0.974423 (VIOLATED)
mprj.team_01_Wrapper.team_01_WB.instance_to_wrap/ADR_O[28]    1.500000    2.474321   -0.974321 (VIOLATED)
mprj.team_04_Wrapper.team_04_WB.instance_to_wrap/gpio_in[30]    1.500000    2.471143   -0.971143 (VIOLATED)
ANTENNA_mprj.team_04_Wrapper.team_04_WB.instance_to_wrap_gpio_in[30]/DIODE    1.500000    2.471062   -0.971062 (VIOLATED)
ANTENNA_mprj.team_05_Wrapper.team_05_WB.instance_to_wrap_gpio_in[23]/DIODE    1.500000    2.467780   -0.967780 (VIOLATED)
mprj.team_05_Wrapper.team_05_WB.instance_to_wrap/gpio_in[23]    1.500000    2.467756   -0.967756 (VIOLATED)
mprj.team_02_Wrapper.team_02_WB.instance_to_wrap/gpio_in[9]    1.500000    2.462656   -0.962656 (VIOLATED)
ANTENNA_mprj.team_02_Wrapper.team_02_WB.instance_to_wrap_gpio_in[9]/DIODE    1.500000    2.460423   -0.960423 (VIOLATED)
mprj.team_02_Wrapper.team_02_WB.instance_to_wrap/gpio_in[4]    1.500000    2.455287   -0.955287 (VIOLATED)
ANTENNA_mprj.team_02_Wrapper.team_02_WB.instance_to_wrap_gpio_in[4]/DIODE    1.500000    2.455194   -0.955194 (VIOLATED)
ANTENNA_mprj.team_02_Wrapper.team_02_WB.instance_to_wrap_gpio_in[23]/DIODE    1.500000    2.449716   -0.949716 (VIOLATED)
mprj.team_02_Wrapper.team_02_WB.instance_to_wrap/gpio_in[23]    1.500000    2.448270   -0.948270 (VIOLATED)
ANTENNA_mprj.team_05_Wrapper.team_05_WB.instance_to_wrap_gpio_in[9]/DIODE    1.500000    2.431486   -0.931486 (VIOLATED)
mprj.team_05_Wrapper.team_05_WB.instance_to_wrap/gpio_in[9]    1.500000    2.431333   -0.931333 (VIOLATED)
ANTENNA_269/DIODE                       1.500000    2.431068   -0.931069 (VIOLATED)
ANTENNA_mprj.team_05_Wrapper.team_05_WB.instance_to_wrap_gpio_out[6]/DIODE    1.500000    2.430555   -0.930555 (VIOLATED)
mprj.team_05_Wrapper.team_05_WB.instance_to_wrap/gpio_out[6]    1.500000    2.430548   -0.930549 (VIOLATED)
_6522_/A1                               1.500000    2.428704   -0.928704 (VIOLATED)
ANTENNA__6522__A1/DIODE                 1.500000    2.428640   -0.928640 (VIOLATED)
ANTENNA__5051__B1/DIODE                 1.500000    2.427939   -0.927939 (VIOLATED)
ANTENNA__5045__A0/DIODE                 1.500000    2.427937   -0.927937 (VIOLATED)
_5051_/B1                               1.500000    2.427936   -0.927936 (VIOLATED)
ANTENNA_46/DIODE                        1.500000    2.427928   -0.927928 (VIOLATED)
_5045_/A0                               1.500000    2.427890   -0.927890 (VIOLATED)
_4749_/A0                               1.500000    2.425482   -0.925481 (VIOLATED)
ANTENNA__4749__A0/DIODE                 1.500000    2.425438   -0.925438 (VIOLATED)
_4755_/A2                               1.500000    2.425333   -0.925333 (VIOLATED)
ANTENNA__4755__A2/DIODE                 1.500000    2.425220   -0.925220 (VIOLATED)
ANTENNA_mprj.team_01_Wrapper.team_01_WB.instance_to_wrap_ADR_O[27]/DIODE    1.500000    2.424742   -0.924742 (VIOLATED)
mprj.team_01_Wrapper.team_01_WB.instance_to_wrap/ADR_O[27]    1.500000    2.424739   -0.924739 (VIOLATED)
ANTENNA_mprj.team_06_Wrapper.team_06_WB.instance_to_wrap_gpio_in[23]/DIODE    1.500000    2.420967   -0.920967 (VIOLATED)
mprj.team_06_Wrapper.team_06_WB.instance_to_wrap/gpio_in[23]    1.500000    2.420872   -0.920872 (VIOLATED)
ANTENNA_mprj.team_01_Wrapper.team_01_WB.instance_to_wrap_DAT_O[14]/DIODE    1.500000    2.411987   -0.911987 (VIOLATED)
mprj.team_01_Wrapper.team_01_WB.instance_to_wrap/DAT_O[14]    1.500000    2.411932   -0.911932 (VIOLATED)
ANTENNA_mprj.team_08_Wrapper.team_08_WB.instance_to_wrap_gpio_in[3]/DIODE    1.500000    2.401148   -0.901148 (VIOLATED)
mprj.team_08_Wrapper.team_08_WB.instance_to_wrap/gpio_in[3]    1.500000    2.401103   -0.901103 (VIOLATED)
ANTENNA_mprj.team_08_Wrapper.team_08_WB.instance_to_wrap_gpio_in[24]/DIODE    1.500000    2.399434   -0.899434 (VIOLATED)
ANTENNA_mprj.team_09_Wrapper.team_09_WB.instance_to_wrap_gpio_in[3]/DIODE    1.500000    2.399035   -0.899035 (VIOLATED)
mprj.team_09_Wrapper.team_09_WB.instance_to_wrap/gpio_in[3]    1.500000    2.398924   -0.898924 (VIOLATED)
mprj.team_08_Wrapper.team_08_WB.instance_to_wrap/gpio_in[24]    1.500000    2.391114   -0.891114 (VIOLATED)
ANTENNA_mprj.team_05_Wrapper.team_05_WB.instance_to_wrap_gpio_in[13]/DIODE    1.500000    2.384650   -0.884650 (VIOLATED)
mprj.team_05_Wrapper.team_05_WB.instance_to_wrap/gpio_in[13]    1.500000    2.384577   -0.884577 (VIOLATED)
mprj.team_12_Wrapper.team_12_WB.instance_to_wrap/clk    1.500000    2.373918   -0.873918 (VIOLATED)
ANTENNA_mprj.team_12_Wrapper.team_12_WB.instance_to_wrap_clk/DIODE    1.500000    2.372894   -0.872894 (VIOLATED)
ANTENNA_759/DIODE                       1.500000    2.361003   -0.861004 (VIOLATED)
ANTENNA_757/DIODE                       1.500000    2.360996   -0.860996 (VIOLATED)
ANTENNA_758/DIODE                       1.500000    2.360996   -0.860996 (VIOLATED)
ANTENNA_756/DIODE                       1.500000    2.360988   -0.860988 (VIOLATED)
ANTENNA_762/DIODE                       1.500000    2.360947   -0.860947 (VIOLATED)
ANTENNA_761/DIODE                       1.500000    2.360875   -0.860875 (VIOLATED)
ANTENNA_763/DIODE                       1.500000    2.360876   -0.860876 (VIOLATED)
ANTENNA_760/DIODE                       1.500000    2.360764   -0.860764 (VIOLATED)
ANTENNA__6579__B2/DIODE                 1.500000    2.360595   -0.860595 (VIOLATED)
_6579_/B2                               1.500000    2.360556   -0.860556 (VIOLATED)
ANTENNA_mprj.team_03_Wrapper.team_03_WB.instance_to_wrap_gpio_in[27]/DIODE    1.500000    2.357074   -0.857075 (VIOLATED)
mprj.team_03_Wrapper.team_03_WB.instance_to_wrap/gpio_in[27]    1.500000    2.356440   -0.856440 (VIOLATED)
mprj.team_01_Wrapper.team_01_WB.instance_to_wrap/gpio_in[27]    1.500000    2.355933   -0.855933 (VIOLATED)
ANTENNA_mprj.team_01_Wrapper.team_01_WB.instance_to_wrap_gpio_in[27]/DIODE    1.500000    2.355896   -0.855896 (VIOLATED)
ANTENNA__4389__A0/DIODE                 1.500000    2.352967   -0.852967 (VIOLATED)
_4389_/A0                               1.500000    2.352926   -0.852926 (VIOLATED)
_4395_/A2                               1.500000    2.352790   -0.852790 (VIOLATED)
ANTENNA__4395__A2/DIODE                 1.500000    2.352685   -0.852685 (VIOLATED)
mprj.team_06_Wrapper.team_06_WB.instance_to_wrap/gpio_in[21]    1.500000    2.350889   -0.850889 (VIOLATED)
ANTENNA_mprj.team_06_Wrapper.team_06_WB.instance_to_wrap_gpio_in[21]/DIODE    1.500000    2.350449   -0.850449 (VIOLATED)
ANTENNA_mprj.team_06_Wrapper.team_06_WB.instance_to_wrap_gpio_in[14]/DIODE    1.500000    2.345607   -0.845607 (VIOLATED)
mprj.team_06_Wrapper.team_06_WB.instance_to_wrap/gpio_in[14]    1.500000    2.345472   -0.845472 (VIOLATED)
ANTENNA_mprj.team_05_Wrapper.team_05_WB.instance_to_wrap_gpio_in[22]/DIODE    1.500000    2.344104   -0.844104 (VIOLATED)
mprj.team_05_Wrapper.team_05_WB.instance_to_wrap/gpio_in[22]    1.500000    2.344056   -0.844056 (VIOLATED)
_4344_/A0                               1.500000    2.342655   -0.842656 (VIOLATED)
ANTENNA__4344__A0/DIODE                 1.500000    2.342643   -0.842643 (VIOLATED)
ANTENNA__4350__A2/DIODE                 1.500000    2.342644   -0.842644 (VIOLATED)
_4350_/A2                               1.500000    2.342642   -0.842642 (VIOLATED)
_7949_/A1                               1.500000    2.341105   -0.841105 (VIOLATED)
ANTENNA__7949__A1/DIODE                 1.500000    2.341094   -0.841094 (VIOLATED)
ANTENNA_mprj.team_05_Wrapper.team_05_WB.instance_to_wrap_gpio_out[8]/DIODE    1.500000    2.329984   -0.829984 (VIOLATED)
mprj.team_05_Wrapper.team_05_WB.instance_to_wrap/gpio_out[8]    1.500000    2.329984   -0.829984 (VIOLATED)
_4965_/A0                               1.500000    2.328027   -0.828027 (VIOLATED)
_4971_/B1                               1.500000    2.327998   -0.827998 (VIOLATED)
ANTENNA__4965__A0/DIODE                 1.500000    2.327974   -0.827974 (VIOLATED)
ANTENNA__4971__B1/DIODE                 1.500000    2.327962   -0.827962 (VIOLATED)
ANTENNA_882/DIODE                       1.500000    2.327782   -0.827782 (VIOLATED)
ANTENNA_47/DIODE                        1.500000    2.327674   -0.827674 (VIOLATED)
ANTENNA_680/DIODE                       1.500000    2.327596   -0.827596 (VIOLATED)
_4078_/A                                1.500000    2.326746   -0.826746 (VIOLATED)
ANTENNA__4078__A/DIODE                  1.500000    2.326714   -0.826714 (VIOLATED)
_4416_/A1                               1.500000    2.326677   -0.826677 (VIOLATED)
ANTENNA__4416__A1/DIODE                 1.500000    2.326608   -0.826608 (VIOLATED)
ANTENNA_mprj.team_08_Wrapper.team_08_WB.instance_to_wrap_gpio_in[23]/DIODE    1.500000    2.323586   -0.823586 (VIOLATED)
ANTENNA_mprj.team_01_Wrapper.team_01_WB.instance_to_wrap_DAT_O[25]/DIODE    1.500000    2.323376   -0.823376 (VIOLATED)
mprj.team_01_Wrapper.team_01_WB.instance_to_wrap/DAT_O[25]    1.500000    2.323360   -0.823361 (VIOLATED)
_4209_/B1                               1.500000    2.321826   -0.821826 (VIOLATED)
ANTENNA__4203__A0/DIODE                 1.500000    2.321779   -0.821779 (VIOLATED)
ANTENNA__4209__B1/DIODE                 1.500000    2.321761   -0.821761 (VIOLATED)
_4203_/A0                               1.500000    2.321709   -0.821709 (VIOLATED)
mprj.team_12_Wrapper.team_12_WB.instance_to_wrap/gpio_in[3]    1.500000    2.317824   -0.817824 (VIOLATED)
ANTENNA_mprj.team_12_Wrapper.team_12_WB.instance_to_wrap_gpio_in[3]/DIODE    1.500000    2.317799   -0.817799 (VIOLATED)
_7872_/A1                               1.500000    2.317624   -0.817624 (VIOLATED)
ANTENNA__7872__A1/DIODE                 1.500000    2.317585   -0.817585 (VIOLATED)
mprj.team_01_Wrapper.team_01_WB.instance_to_wrap/gpio_in[32]    1.500000    2.313230   -0.813230 (VIOLATED)
ANTENNA_mprj.team_01_Wrapper.team_01_WB.instance_to_wrap_gpio_in[32]/DIODE    1.500000    2.313212   -0.813212 (VIOLATED)
mprj.team_08_Wrapper.team_08_WB.instance_to_wrap/gpio_in[23]    1.500000    2.312262   -0.812262 (VIOLATED)
ANTENNA__4857__A0/DIODE                 1.500000    2.302551   -0.802550 (VIOLATED)
ANTENNA__4863__B1/DIODE                 1.500000    2.302537   -0.802537 (VIOLATED)
_4857_/A0                               1.500000    2.302502   -0.802502 (VIOLATED)
_4863_/B1                               1.500000    2.302486   -0.802487 (VIOLATED)
ANTENNA_mprj.team_01_Wrapper.team_01_WB.instance_to_wrap_ADR_O[14]/DIODE    1.500000    2.302010   -0.802010 (VIOLATED)
mprj.team_01_Wrapper.team_01_WB.instance_to_wrap/ADR_O[14]    1.500000    2.301966   -0.801966 (VIOLATED)
_7846_/A1                               1.500000    2.290216   -0.790216 (VIOLATED)
ANTENNA__7846__A1/DIODE                 1.500000    2.290173   -0.790173 (VIOLATED)
mprj.team_04_Wrapper.team_04_WB.instance_to_wrap/gpio_in[27]    1.500000    2.289242   -0.789242 (VIOLATED)
ANTENNA_mprj.team_04_Wrapper.team_04_WB.instance_to_wrap_gpio_in[27]/DIODE    1.500000    2.289210   -0.789210 (VIOLATED)
ANTENNA_mprj.team_04_Wrapper.team_04_WB.instance_to_wrap_gpio_in[7]/DIODE    1.500000    2.284771   -0.784771 (VIOLATED)
_8105_/A1                               1.500000    2.282177   -0.782177 (VIOLATED)
ANTENNA__8105__A1/DIODE                 1.500000    2.282113   -0.782113 (VIOLATED)
mprj.team_05_Wrapper.team_05_WB.instance_to_wrap/gpio_in[30]    1.500000    2.273745   -0.773745 (VIOLATED)
ANTENNA_mprj.team_05_Wrapper.team_05_WB.instance_to_wrap_gpio_in[30]/DIODE    1.500000    2.273559   -0.773559 (VIOLATED)
mprj.team_06_Wrapper.team_06_WB.instance_to_wrap/gpio_in[3]    1.500000    2.273199   -0.773199 (VIOLATED)
ANTENNA_mprj.team_06_Wrapper.team_06_WB.instance_to_wrap_gpio_in[3]/DIODE    1.500000    2.272922   -0.772922 (VIOLATED)
mprj.team_04_Wrapper.team_04_WB.instance_to_wrap/gpio_in[7]    1.500000    2.269462   -0.769462 (VIOLATED)
ANTENNA__4545__B1/DIODE                 1.500000    2.259963   -0.759963 (VIOLATED)
ANTENNA__4638__A0/DIODE                 1.500000    2.259959   -0.759959 (VIOLATED)
_4545_/B1                               1.500000    2.259959   -0.759959 (VIOLATED)
_4638_/A0                               1.500000    2.259926   -0.759926 (VIOLATED)
ANTENNA__4539__A0/DIODE                 1.500000    2.259892   -0.759892 (VIOLATED)
_4539_/A0                               1.500000    2.259880   -0.759880 (VIOLATED)
_4644_/A2                               1.500000    2.259628   -0.759628 (VIOLATED)
ANTENNA__4644__A2/DIODE                 1.500000    2.259430   -0.759430 (VIOLATED)
_4485_/A0                               1.500000    2.255095   -0.755095 (VIOLATED)
ANTENNA__4485__A0/DIODE                 1.500000    2.255030   -0.755030 (VIOLATED)
_4491_/A2                               1.500000    2.255020   -0.755020 (VIOLATED)
ANTENNA__4491__A2/DIODE                 1.500000    2.254855   -0.754856 (VIOLATED)
ANTENNA__4420__B1/DIODE                 1.500000    2.254703   -0.754703 (VIOLATED)
_4420_/B1                               1.500000    2.254670   -0.754670 (VIOLATED)
ANTENNA__4414__A0/DIODE                 1.500000    2.254508   -0.754508 (VIOLATED)
_4414_/A0                               1.500000    2.254458   -0.754458 (VIOLATED)
ANTENNA_mprj.team_02_Wrapper.team_02_WB.instance_to_wrap_gpio_in[22]/DIODE    1.500000    2.240737   -0.740737 (VIOLATED)
mprj.team_02_Wrapper.team_02_WB.instance_to_wrap/gpio_in[22]    1.500000    2.238470   -0.738470 (VIOLATED)
ANTENNA__4400__A0/DIODE                 1.500000    2.234151   -0.734151 (VIOLATED)
_4400_/A0                               1.500000    2.234133   -0.734133 (VIOLATED)
ANTENNA__4406__A2/DIODE                 1.500000    2.233970   -0.733970 (VIOLATED)
_4406_/A2                               1.500000    2.233924   -0.733925 (VIOLATED)
_6590_/A                                1.500000    2.232964   -0.732964 (VIOLATED)
ANTENNA__6590__A/DIODE                  1.500000    2.232923   -0.732923 (VIOLATED)
_4618_/A2                               1.500000    2.217762   -0.717762 (VIOLATED)
ANTENNA__4618__A2/DIODE                 1.500000    2.217761   -0.717761 (VIOLATED)
ANTENNA__4612__A0/DIODE                 1.500000    2.217743   -0.717743 (VIOLATED)
_4612_/A0                               1.500000    2.217724   -0.717724 (VIOLATED)
ANTENNA_126/DIODE                       1.500000    2.214276   -0.714276 (VIOLATED)
_7908_/A                                1.500000    2.214268   -0.714268 (VIOLATED)
ANTENNA__7908__A/DIODE                  1.500000    2.214230   -0.714230 (VIOLATED)
ANTENNA_128/DIODE                       1.500000    2.214210   -0.714210 (VIOLATED)
mprj.team_06_Wrapper.team_06_WB.instance_to_wrap/gpio_in[22]    1.500000    2.212740   -0.712740 (VIOLATED)
ANTENNA_mprj.team_06_Wrapper.team_06_WB.instance_to_wrap_gpio_in[22]/DIODE    1.500000    2.212316   -0.712316 (VIOLATED)
_4322_/A0                               1.500000    2.211857   -0.711857 (VIOLATED)
ANTENNA__4322__A0/DIODE                 1.500000    2.211829   -0.711829 (VIOLATED)
ANTENNA__4328__A2/DIODE                 1.500000    2.211289   -0.711289 (VIOLATED)
_4328_/A2                               1.500000    2.211186   -0.711186 (VIOLATED)
ANTENNA_mprj.team_01_Wrapper.team_01_WB.instance_to_wrap_DAT_O[10]/DIODE    1.500000    2.209433   -0.709433 (VIOLATED)
mprj.team_01_Wrapper.team_01_WB.instance_to_wrap/DAT_O[10]    1.500000    2.209433   -0.709433 (VIOLATED)
ANTENNA_mprj.team_05_Wrapper.team_05_WB.instance_to_wrap_gpio_in[19]/DIODE    1.500000    2.205268   -0.705268 (VIOLATED)
mprj.team_05_Wrapper.team_05_WB.instance_to_wrap/gpio_in[19]    1.500000    2.205250   -0.705250 (VIOLATED)
ANTENNA_mprj.team_01_Wrapper.team_01_WB.instance_to_wrap_ADR_O[18]/DIODE    1.500000    2.202087   -0.702087 (VIOLATED)
mprj.team_01_Wrapper.team_01_WB.instance_to_wrap/ADR_O[18]    1.500000    2.202069   -0.702069 (VIOLATED)
_4513_/A2                               1.500000    2.201065   -0.701065 (VIOLATED)
ANTENNA__4513__A2/DIODE                 1.500000    2.201041   -0.701041 (VIOLATED)
ANTENNA__4507__A0/DIODE                 1.500000    2.201033   -0.701033 (VIOLATED)
_4507_/A0                               1.500000    2.200931   -0.700931 (VIOLATED)
mprj.team_09_Wrapper.team_09_WB.instance_to_wrap/clk    1.500000    2.194224   -0.694224 (VIOLATED)
ANTENNA_mprj.team_09_Wrapper.team_09_WB.instance_to_wrap_clk/DIODE    1.500000    2.193863   -0.693863 (VIOLATED)
mprj.team_03_Wrapper.team_03_WB.instance_to_wrap/gpio_in[32]    1.500000    2.193331   -0.693331 (VIOLATED)
ANTENNA_mprj.team_03_Wrapper.team_03_WB.instance_to_wrap_gpio_in[32]/DIODE    1.500000    2.193307   -0.693307 (VIOLATED)
ANTENNA_mprj.team_02_Wrapper.team_02_WB.instance_to_wrap_gpio_in[14]/DIODE    1.500000    2.188590   -0.688590 (VIOLATED)
ANTENNA_mprj.team_03_Wrapper.team_03_WB.instance_to_wrap_ADR_O[5]/DIODE    1.500000    2.186922   -0.686922 (VIOLATED)
ANTENNA__4850__A2/DIODE                 1.500000    2.186908   -0.686908 (VIOLATED)
mprj.team_03_Wrapper.team_03_WB.instance_to_wrap/ADR_O[5]    1.500000    2.186905   -0.686905 (VIOLATED)
_4850_/A2                               1.500000    2.186902   -0.686902 (VIOLATED)
ANTENNA__4844__A0/DIODE                 1.500000    2.186891   -0.686891 (VIOLATED)
_4844_/A0                               1.500000    2.186878   -0.686878 (VIOLATED)
mprj.team_02_Wrapper.team_02_WB.instance_to_wrap/gpio_in[14]    1.500000    2.180212   -0.680213 (VIOLATED)
ANTENNA_mprj.team_01_Wrapper.team_01_WB.instance_to_wrap_DAT_O[29]/DIODE    1.500000    2.177731   -0.677731 (VIOLATED)
mprj.team_01_Wrapper.team_01_WB.instance_to_wrap/DAT_O[29]    1.500000    2.177731   -0.677731 (VIOLATED)
mprj.team_10_Wrapper.team_10_WB.instance_to_wrap/gpio_in[3]    1.500000    2.171419   -0.671419 (VIOLATED)
ANTENNA_mprj.team_10_Wrapper.team_10_WB.instance_to_wrap_gpio_in[3]/DIODE    1.500000    2.171134   -0.671134 (VIOLATED)
ANTENNA_806/DIODE                       1.500000    2.163049   -0.663049 (VIOLATED)
ANTENNA_804/DIODE                       1.500000    2.163041   -0.663041 (VIOLATED)
ANTENNA_803/DIODE                       1.500000    2.162978   -0.662978 (VIOLATED)
ANTENNA_mprj.team_08_Wrapper.team_08_WB.instance_to_wrap_gpio_out[27]/DIODE    1.500000    2.162956   -0.662955 (VIOLATED)
ANTENNA_797/DIODE                       1.500000    2.162908   -0.662908 (VIOLATED)
ANTENNA_798/DIODE                       1.500000    2.162908   -0.662908 (VIOLATED)
ANTENNA_799/DIODE                       1.500000    2.162908   -0.662908 (VIOLATED)
ANTENNA_800/DIODE                       1.500000    2.162908   -0.662908 (VIOLATED)
ANTENNA_801/DIODE                       1.500000    2.162908   -0.662908 (VIOLATED)
ANTENNA_802/DIODE                       1.500000    2.162909   -0.662909 (VIOLATED)
ANTENNA_805/DIODE                       1.500000    2.162908   -0.662908 (VIOLATED)
ANTENNA_796/DIODE                       1.500000    2.162904   -0.662904 (VIOLATED)
mprj.team_08_Wrapper.team_08_WB.instance_to_wrap/gpio_out[27]    1.500000    2.162893   -0.662893 (VIOLATED)
ANTENNA_mprj.team_01_Wrapper.team_01_WB.instance_to_wrap_gpio_in[28]/DIODE    1.500000    2.157427   -0.657427 (VIOLATED)
mprj.team_01_Wrapper.team_01_WB.instance_to_wrap/gpio_in[28]    1.500000    2.157422   -0.657422 (VIOLATED)
mprj.team_03_Wrapper.team_03_WB.instance_to_wrap/gpio_in[28]    1.500000    2.154200   -0.654200 (VIOLATED)
ANTENNA_mprj.team_01_Wrapper.team_01_WB.instance_to_wrap_WE_O/DIODE    1.500000    2.154169   -0.654169 (VIOLATED)
mprj.team_01_Wrapper.team_01_WB.instance_to_wrap/WE_O    1.500000    2.154136   -0.654136 (VIOLATED)
ANTENNA_mprj.team_03_Wrapper.team_03_WB.instance_to_wrap_gpio_in[28]/DIODE    1.500000    2.153812   -0.653813 (VIOLATED)
_4284_/A0                               1.500000    2.152881   -0.652881 (VIOLATED)
ANTENNA__4284__A0/DIODE                 1.500000    2.152862   -0.652862 (VIOLATED)
ANTENNA__4290__A2/DIODE                 1.500000    2.152749   -0.652749 (VIOLATED)
_4290_/A2                               1.500000    2.152645   -0.652645 (VIOLATED)
mprj.team_04_Wrapper.team_04_WB.instance_to_wrap/gpio_in[32]    1.500000    2.150446   -0.650446 (VIOLATED)
ANTENNA_mprj.team_05_Wrapper.team_05_WB.instance_to_wrap_gpio_in[4]/DIODE    1.500000    2.147976   -0.647976 (VIOLATED)
mprj.team_05_Wrapper.team_05_WB.instance_to_wrap/gpio_in[4]    1.500000    2.147776   -0.647776 (VIOLATED)
ANTENNA_mprj.team_04_Wrapper.team_04_WB.instance_to_wrap_gpio_in[32]/DIODE    1.500000    2.146640   -0.646640 (VIOLATED)
_7978_/A                                1.500000    2.144164   -0.644164 (VIOLATED)
ANTENNA__7978__A/DIODE                  1.500000    2.144107   -0.644107 (VIOLATED)
ANTENNA_271/DIODE                       1.500000    2.144104   -0.644104 (VIOLATED)
ANTENNA_272/DIODE                       1.500000    2.144072   -0.644072 (VIOLATED)
ANTENNA__4252__A0/DIODE                 1.500000    2.141809   -0.641809 (VIOLATED)
ANTENNA__4259__A2/DIODE                 1.500000    2.141802   -0.641802 (VIOLATED)
_4259_/A2                               1.500000    2.141777   -0.641777 (VIOLATED)
_4252_/A0                               1.500000    2.141700   -0.641700 (VIOLATED)
_7771_/A1                               1.500000    2.136345   -0.636345 (VIOLATED)
ANTENNA__7771__A1/DIODE                 1.500000    2.136335   -0.636335 (VIOLATED)
_4182_/A1                               1.500000    2.135242   -0.635243 (VIOLATED)
ANTENNA__4182__A1/DIODE                 1.500000    2.135238   -0.635238 (VIOLATED)
ANTENNA__4189__A2/DIODE                 1.500000    2.135197   -0.635197 (VIOLATED)
_4189_/A2                               1.500000    2.135190   -0.635190 (VIOLATED)
ANTENNA_mprj.team_01_Wrapper.team_01_WB.instance_to_wrap_ADR_O[5]/DIODE    1.500000    2.130196   -0.630196 (VIOLATED)
mprj.team_01_Wrapper.team_01_WB.instance_to_wrap/ADR_O[5]    1.500000    2.130175   -0.630175 (VIOLATED)
ANTENNA_45/DIODE                        1.500000    2.128120   -0.628120 (VIOLATED)
ANTENNA__4103__A1/DIODE                 1.500000    2.128103   -0.628103 (VIOLATED)
_4103_/A1                               1.500000    2.128078   -0.628078 (VIOLATED)
ANTENNA_mprj.team_01_Wrapper.team_01_WB.instance_to_wrap_DAT_O[0]/DIODE    1.500000    2.128049   -0.628049 (VIOLATED)
mprj.team_01_Wrapper.team_01_WB.instance_to_wrap/DAT_O[0]    1.500000    2.127982   -0.627982 (VIOLATED)
_4088_/B                                1.500000    2.127942   -0.627942 (VIOLATED)
ANTENNA__4088__B/DIODE                  1.500000    2.127575   -0.627575 (VIOLATED)
_4472_/A0                               1.500000    2.127198   -0.627198 (VIOLATED)
_4478_/A2                               1.500000    2.127178   -0.627178 (VIOLATED)
ANTENNA__4478__A2/DIODE                 1.500000    2.127177   -0.627177 (VIOLATED)
ANTENNA__4472__A0/DIODE                 1.500000    2.127171   -0.627171 (VIOLATED)
ANTENNA_mprj.team_05_Wrapper.team_05_WB.instance_to_wrap_gpio_in[14]/DIODE    1.500000    2.126488   -0.626488 (VIOLATED)
mprj.team_05_Wrapper.team_05_WB.instance_to_wrap/gpio_in[14]    1.500000    2.126300   -0.626300 (VIOLATED)
mprj.team_02_Wrapper.team_02_WB.instance_to_wrap/gpio_in[19]    1.500000    2.118322   -0.618322 (VIOLATED)
_6793_/A1                               1.500000    2.118316   -0.618316 (VIOLATED)
ANTENNA_mprj.team_02_Wrapper.team_02_WB.instance_to_wrap_gpio_in[19]/DIODE    1.500000    2.118294   -0.618295 (VIOLATED)
ANTENNA__6793__A1/DIODE                 1.500000    2.118293   -0.618293 (VIOLATED)
mprj.team_05_Wrapper.team_05_WB.instance_to_wrap/gpio_in[32]    1.500000    2.114500   -0.614500 (VIOLATED)
ANTENNA_mprj.team_05_Wrapper.team_05_WB.instance_to_wrap_gpio_in[32]/DIODE    1.500000    2.114279   -0.614279 (VIOLATED)
_8074_/A1                               1.500000    2.112469   -0.612469 (VIOLATED)
ANTENNA__8074__A1/DIODE                 1.500000    2.112417   -0.612417 (VIOLATED)
ANTENNA_mprj.team_01_Wrapper.team_01_WB.instance_to_wrap_ADR_O[8]/DIODE    1.500000    2.110881   -0.610881 (VIOLATED)
mprj.team_01_Wrapper.team_01_WB.instance_to_wrap/ADR_O[8]    1.500000    2.110880   -0.610880 (VIOLATED)
mprj.team_08_Wrapper.team_08_WB.instance_to_wrap/gpio_in[16]    1.500000    2.109384   -0.609384 (VIOLATED)
ANTENNA_mprj.team_08_Wrapper.team_08_WB.instance_to_wrap_gpio_in[16]/DIODE    1.500000    2.109337   -0.609337 (VIOLATED)
_4678_/A0                               1.500000    2.108872   -0.608872 (VIOLATED)
ANTENNA__4678__A0/DIODE                 1.500000    2.108859   -0.608859 (VIOLATED)
_4684_/A2                               1.500000    2.108854   -0.608854 (VIOLATED)
ANTENNA__4684__A2/DIODE                 1.500000    2.108840   -0.608840 (VIOLATED)
_4352_/A2                               1.500000    2.105466   -0.605466 (VIOLATED)
ANTENNA__4352__A2/DIODE                 1.500000    2.105454   -0.605454 (VIOLATED)
_4346_/A1                               1.500000    2.105449   -0.605449 (VIOLATED)
ANTENNA__4346__A1/DIODE                 1.500000    2.105415   -0.605415 (VIOLATED)
ANTENNA_mprj.team_01_Wrapper.team_01_WB.instance_to_wrap_ADR_O[25]/DIODE    1.500000    2.101586   -0.601586 (VIOLATED)
mprj.team_01_Wrapper.team_01_WB.instance_to_wrap/ADR_O[25]    1.500000    2.101586   -0.601586 (VIOLATED)
ANTENNA_mprj.team_01_Wrapper.team_01_WB.instance_to_wrap_DAT_O[5]/DIODE    1.500000    2.101401   -0.601401 (VIOLATED)
mprj.team_01_Wrapper.team_01_WB.instance_to_wrap/DAT_O[5]    1.500000    2.101401   -0.601401 (VIOLATED)
ANTENNA_mprj.team_01_Wrapper.team_01_WB.instance_to_wrap_DAT_O[28]/DIODE    1.500000    2.101295   -0.601295 (VIOLATED)
mprj.team_01_Wrapper.team_01_WB.instance_to_wrap/DAT_O[28]    1.500000    2.101174   -0.601174 (VIOLATED)
ANTENNA_mprj.team_05_Wrapper.team_05_WB.instance_to_wrap_gpio_out[5]/DIODE    1.500000    2.099595   -0.599595 (VIOLATED)
mprj.team_05_Wrapper.team_05_WB.instance_to_wrap/gpio_out[5]    1.500000    2.099595   -0.599595 (VIOLATED)
mprj.team_07_Wrapper.team_07_WB.instance_to_wrap/gpio_in[3]    1.500000    2.097374   -0.597374 (VIOLATED)
ANTENNA_mprj.team_07_Wrapper.team_07_WB.instance_to_wrap_gpio_in[3]/DIODE    1.500000    2.097320   -0.597320 (VIOLATED)
ANTENNA_mprj.team_04_Wrapper.team_04_WB.instance_to_wrap_gpio_in[28]/DIODE    1.500000    2.091877   -0.591877 (VIOLATED)
ANTENNA_mprj.team_01_Wrapper.team_01_WB.instance_to_wrap_DAT_O[8]/DIODE    1.500000    2.091546   -0.591546 (VIOLATED)
mprj.team_01_Wrapper.team_01_WB.instance_to_wrap/DAT_O[8]    1.500000    2.091501   -0.591501 (VIOLATED)
mprj.team_04_Wrapper.team_04_WB.instance_to_wrap/gpio_in[28]    1.500000    2.090269   -0.590269 (VIOLATED)
ANTENNA__4426__A0/DIODE                 1.500000    2.090187   -0.590187 (VIOLATED)
_4426_/A0                               1.500000    2.090187   -0.590187 (VIOLATED)
_4432_/A2                               1.500000    2.090090   -0.590090 (VIOLATED)
ANTENNA__4432__A2/DIODE                 1.500000    2.089921   -0.589921 (VIOLATED)
_5037_/B1                               1.500000    2.089126   -0.589126 (VIOLATED)
ANTENNA__5037__B1/DIODE                 1.500000    2.089122   -0.589122 (VIOLATED)
ANTENNA__5031__A0/DIODE                 1.500000    2.089046   -0.589047 (VIOLATED)
_5031_/A0                               1.500000    2.089026   -0.589026 (VIOLATED)
ANTENNA_mprj.team_09_Wrapper.team_09_WB.instance_to_wrap_gpio_in[6]/DIODE    1.500000    2.088619   -0.588619 (VIOLATED)
mprj.team_09_Wrapper.team_09_WB.instance_to_wrap/gpio_in[6]    1.500000    2.088523   -0.588523 (VIOLATED)
ANTENNA_mprj.team_05_Wrapper.team_05_WB.instance_to_wrap_gpio_in[20]/DIODE    1.500000    2.081957   -0.581957 (VIOLATED)
mprj.team_05_Wrapper.team_05_WB.instance_to_wrap/gpio_in[20]    1.500000    2.081927   -0.581927 (VIOLATED)
ANTENNA__4355__A0/DIODE                 1.500000    2.080930   -0.580930 (VIOLATED)
ANTENNA_mprj.team_05_Wrapper.team_05_WB.instance_to_wrap_gpio_in[26]/DIODE    1.500000    2.080921   -0.580921 (VIOLATED)
_4355_/A0                               1.500000    2.080913   -0.580913 (VIOLATED)
mprj.team_05_Wrapper.team_05_WB.instance_to_wrap/gpio_in[26]    1.500000    2.080898   -0.580898 (VIOLATED)
_4361_/A2                               1.500000    2.080860   -0.580860 (VIOLATED)
ANTENNA__4361__A2/DIODE                 1.500000    2.080844   -0.580845 (VIOLATED)
mprj.team_10_Wrapper.team_10_WB.instance_to_wrap/gpio_in[5]    1.500000    2.075366   -0.575367 (VIOLATED)
_8090_/A1                               1.500000    2.071837   -0.571837 (VIOLATED)
ANTENNA__8090__A1/DIODE                 1.500000    2.071778   -0.571778 (VIOLATED)
ANTENNA_mprj.team_03_Wrapper.team_03_WB.instance_to_wrap_ADR_O[27]/DIODE    1.500000    2.070345   -0.570345 (VIOLATED)
mprj.team_03_Wrapper.team_03_WB.instance_to_wrap/ADR_O[27]    1.500000    2.070345   -0.570345 (VIOLATED)
mprj.team_03_Wrapper.team_03_WB.instance_to_wrap/gpio_in[22]    1.500000    2.063156   -0.563156 (VIOLATED)
ANTENNA_mprj.team_03_Wrapper.team_03_WB.instance_to_wrap_gpio_in[22]/DIODE    1.500000    2.063046   -0.563046 (VIOLATED)
_4308_/A0                               1.500000    2.057309   -0.557310 (VIOLATED)
ANTENNA__4308__A0/DIODE                 1.500000    2.057301   -0.557301 (VIOLATED)
_4314_/B1                               1.500000    2.057215   -0.557215 (VIOLATED)
ANTENNA__4314__B1/DIODE                 1.500000    2.057118   -0.557118 (VIOLATED)
ANTENNA_mprj.team_01_Wrapper.team_01_WB.instance_to_wrap_DAT_O[20]/DIODE    1.500000    2.056858   -0.556858 (VIOLATED)
mprj.team_01_Wrapper.team_01_WB.instance_to_wrap/DAT_O[20]    1.500000    2.056850   -0.556850 (VIOLATED)
ANTENNA_mprj.team_03_Wrapper.team_03_WB.instance_to_wrap_ADR_O[14]/DIODE    1.500000    2.056377   -0.556377 (VIOLATED)
mprj.team_03_Wrapper.team_03_WB.instance_to_wrap/ADR_O[14]    1.500000    2.056361   -0.556361 (VIOLATED)
ANTENNA_mprj.team_02_Wrapper.team_02_WB.instance_to_wrap_gpio_in[26]/DIODE    1.500000    2.054243   -0.554243 (VIOLATED)
ANTENNA_mprj.team_04_Wrapper.team_04_WB.instance_to_wrap_gpio_in[22]/DIODE    1.500000    2.054089   -0.554089 (VIOLATED)
mprj.team_02_Wrapper.team_02_WB.instance_to_wrap/gpio_in[26]    1.500000    2.054083   -0.554083 (VIOLATED)
mprj.team_04_Wrapper.team_04_WB.instance_to_wrap/gpio_in[22]    1.500000    2.053990   -0.553990 (VIOLATED)
_4437_/A0                               1.500000    2.052525   -0.552525 (VIOLATED)
ANTENNA__4437__A0/DIODE                 1.500000    2.052484   -0.552484 (VIOLATED)
ANTENNA__4443__A2/DIODE                 1.500000    2.052381   -0.552381 (VIOLATED)
_4443_/A2                               1.500000    2.052292   -0.552292 (VIOLATED)
ANTENNA_mprj.team_10_Wrapper.team_10_WB.instance_to_wrap_gpio_in[5]/DIODE    1.500000    2.048018   -0.548018 (VIOLATED)
ANTENNA_mprj.team_01_Wrapper.team_01_WB.instance_to_wrap_ADR_O[29]/DIODE    1.500000    2.046965   -0.546965 (VIOLATED)
mprj.team_01_Wrapper.team_01_WB.instance_to_wrap/ADR_O[29]    1.500000    2.046953   -0.546953 (VIOLATED)
_4373_/A2                               1.500000    2.045567   -0.545567 (VIOLATED)
ANTENNA__4367__A0/DIODE                 1.500000    2.045557   -0.545557 (VIOLATED)
ANTENNA__4373__A2/DIODE                 1.500000    2.045553   -0.545554 (VIOLATED)
_4367_/A0                               1.500000    2.045505   -0.545505 (VIOLATED)
_4097_/A1                               1.500000    2.038679   -0.538679 (VIOLATED)
ANTENNA__4097__A1/DIODE                 1.500000    2.038635   -0.538635 (VIOLATED)
ANTENNA__4088__A/DIODE                  1.500000    2.038233   -0.538233 (VIOLATED)
_4088_/A                                1.500000    2.038194   -0.538194 (VIOLATED)
mprj.team_08_Wrapper.team_08_WB.instance_to_wrap/nrst    1.500000    2.035644   -0.535644 (VIOLATED)
ANTENNA_mprj.team_08_Wrapper.team_08_WB.instance_to_wrap_nrst/DIODE    1.500000    2.035516   -0.535516 (VIOLATED)
ANTENNA_mprj.team_11_Wrapper.team_11_WB.instance_to_wrap_gpio_in[32]/DIODE    1.500000    2.035237   -0.535237 (VIOLATED)
mprj.team_11_Wrapper.team_11_WB.instance_to_wrap/gpio_in[32]    1.500000    2.035112   -0.535112 (VIOLATED)
ANTENNA_mprj.team_08_Wrapper.team_08_WB.instance_to_wrap_gpio_in[11]/DIODE    1.500000    2.032457   -0.532457 (VIOLATED)
mprj.team_08_Wrapper.team_08_WB.instance_to_wrap/gpio_in[11]    1.500000    2.032307   -0.532308 (VIOLATED)
ANTENNA_284/DIODE                       1.500000    2.030454   -0.530454 (VIOLATED)
_6561_/A1                               1.500000    2.030433   -0.530433 (VIOLATED)
ANTENNA__6561__A1/DIODE                 1.500000    2.030388   -0.530388 (VIOLATED)
ANTENNA__4467__A2/DIODE                 1.500000    2.029202   -0.529202 (VIOLATED)
ANTENNA__4461__A0/DIODE                 1.500000    2.029181   -0.529180 (VIOLATED)
_4467_/A2                               1.500000    2.029176   -0.529176 (VIOLATED)
_4461_/A0                               1.500000    2.029088   -0.529088 (VIOLATED)
ANTENNA_mprj.team_01_Wrapper.team_01_WB.instance_to_wrap_ADR_O[20]/DIODE    1.500000    2.027466   -0.527466 (VIOLATED)
mprj.team_01_Wrapper.team_01_WB.instance_to_wrap/ADR_O[20]    1.500000    2.027465   -0.527465 (VIOLATED)
ANTENNA_mprj.team_01_Wrapper.team_01_WB.instance_to_wrap_ADR_O[23]/DIODE    1.500000    2.026803   -0.526803 (VIOLATED)
mprj.team_01_Wrapper.team_01_WB.instance_to_wrap/ADR_O[23]    1.500000    2.026679   -0.526679 (VIOLATED)
_4384_/A2                               1.500000    2.022791   -0.522791 (VIOLATED)
ANTENNA__4384__A2/DIODE                 1.500000    2.022757   -0.522757 (VIOLATED)
_4378_/A0                               1.500000    2.022671   -0.522671 (VIOLATED)
ANTENNA__4378__A0/DIODE                 1.500000    2.022604   -0.522604 (VIOLATED)
_4197_/A2                               1.500000    2.021601   -0.521601 (VIOLATED)
ANTENNA__4197__A2/DIODE                 1.500000    2.021587   -0.521587 (VIOLATED)
ANTENNA__4191__A0/DIODE                 1.500000    2.021581   -0.521581 (VIOLATED)
_4191_/A0                               1.500000    2.021550   -0.521550 (VIOLATED)
ANTENNA_mprj.team_05_Wrapper.team_05_WB.instance_to_wrap_gpio_in[28]/DIODE    1.500000    2.021432   -0.521432 (VIOLATED)
mprj.team_05_Wrapper.team_05_WB.instance_to_wrap/gpio_in[28]    1.500000    2.021353   -0.521353 (VIOLATED)
ANTENNA_127/DIODE                       1.500000    2.020960   -0.520960 (VIOLATED)
ANTENNA_mprj.team_02_Wrapper.team_02_WB.instance_to_wrap_gpio_out[7]/DIODE    1.500000    2.020460   -0.520460 (VIOLATED)
mprj.team_02_Wrapper.team_02_WB.instance_to_wrap/gpio_out[7]    1.500000    2.020457   -0.520457 (VIOLATED)
mprj.team_06_Wrapper.team_06_WB.instance_to_wrap/gpio_in[26]    1.500000    2.017529   -0.517529 (VIOLATED)
ANTENNA_mprj.team_06_Wrapper.team_06_WB.instance_to_wrap_gpio_in[26]/DIODE    1.500000    2.017157   -0.517157 (VIOLATED)
ANTENNA__4339__A2/DIODE                 1.500000    2.009431   -0.509431 (VIOLATED)
_4339_/A2                               1.500000    2.009370   -0.509370 (VIOLATED)
_4333_/A0                               1.500000    2.009206   -0.509206 (VIOLATED)
ANTENNA_mprj.team_12_Wrapper.team_12_WB.instance_to_wrap_gpio_in[6]/DIODE    1.500000    2.009183   -0.509183 (VIOLATED)
_4317_/A2                               1.500000    2.009175   -0.509175 (VIOLATED)
mprj.team_12_Wrapper.team_12_WB.instance_to_wrap/gpio_in[6]    1.500000    2.009168   -0.509168 (VIOLATED)
ANTENNA__4317__A2/DIODE                 1.500000    2.009127   -0.509127 (VIOLATED)
_4310_/A1                               1.500000    2.009124   -0.509124 (VIOLATED)
ANTENNA__4310__A1/DIODE                 1.500000    2.009114   -0.509114 (VIOLATED)
ANTENNA__4333__A0/DIODE                 1.500000    2.009093   -0.509093 (VIOLATED)
ANTENNA_mprj.team_11_Wrapper.team_11_WB.instance_to_wrap_gpio_in[28]/DIODE    1.500000    2.008364   -0.508364 (VIOLATED)
mprj.team_11_Wrapper.team_11_WB.instance_to_wrap/gpio_in[28]    1.500000    2.008195   -0.508195 (VIOLATED)
ANTENNA_mprj.team_01_Wrapper.team_01_WB.instance_to_wrap_ADR_O[26]/DIODE    1.500000    2.007508   -0.507508 (VIOLATED)
mprj.team_01_Wrapper.team_01_WB.instance_to_wrap/ADR_O[26]    1.500000    2.007484   -0.507484 (VIOLATED)
ANTENNA_mprj.team_01_Wrapper.team_01_WB.instance_to_wrap_ADR_O[11]/DIODE    1.500000    2.006616   -0.506616 (VIOLATED)
mprj.team_01_Wrapper.team_01_WB.instance_to_wrap/ADR_O[11]    1.500000    2.006565   -0.506565 (VIOLATED)
ANTENNA_mprj.team_02_Wrapper.team_02_WB.instance_to_wrap_gpio_in[20]/DIODE    1.500000    2.003765   -0.503765 (VIOLATED)
ANTENNA_mprj.team_06_Wrapper.team_06_WB.instance_to_wrap_gpio_out[22]/DIODE    1.500000    2.002620   -0.502621 (VIOLATED)
mprj.team_06_Wrapper.team_06_WB.instance_to_wrap/gpio_out[22]    1.500000    2.002608   -0.502608 (VIOLATED)
ANTENNA_mprj.team_01_Wrapper.team_01_WB.instance_to_wrap_gpio_in[33]/DIODE    1.500000    2.002438   -0.502438 (VIOLATED)
mprj.team_02_Wrapper.team_02_WB.instance_to_wrap/gpio_in[20]    1.500000    2.001068   -0.501068 (VIOLATED)
ANTENNA_mprj.team_01_Wrapper.team_01_WB.instance_to_wrap_ADR_O[2]/DIODE    1.500000    2.000332   -0.500332 (VIOLATED)
mprj.team_01_Wrapper.team_01_WB.instance_to_wrap/ADR_O[2]    1.500000    2.000307   -0.500307 (VIOLATED)
ANTENNA_417/DIODE                       1.500000    1.999521   -0.499522 (VIOLATED)
ANTENNA_416/DIODE                       1.500000    1.999482   -0.499482 (VIOLATED)
_7953_/A1                               1.500000    1.999254   -0.499254 (VIOLATED)
ANTENNA__7953__A1/DIODE                 1.500000    1.999231   -0.499231 (VIOLATED)
mprj.team_02_Wrapper.team_02_WB.instance_to_wrap/gpio_in[3]    1.500000    1.998758   -0.498758 (VIOLATED)
ANTENNA_mprj.team_02_Wrapper.team_02_WB.instance_to_wrap_gpio_in[3]/DIODE    1.500000    1.998732   -0.498732 (VIOLATED)
ANTENNA__4985__A2/DIODE                 1.500000    1.998672   -0.498672 (VIOLATED)
_4985_/A2                               1.500000    1.998663   -0.498663 (VIOLATED)
ANTENNA__4979__A0/DIODE                 1.500000    1.998636   -0.498636 (VIOLATED)
_4979_/A0                               1.500000    1.998614   -0.498614 (VIOLATED)
mprj.team_01_Wrapper.team_01_WB.instance_to_wrap/gpio_in[33]    1.500000    1.998186   -0.498186 (VIOLATED)
ANTENNA_mprj.team_08_Wrapper.team_08_WB.instance_to_wrap_gpio_in[21]/DIODE    1.500000    1.997718   -0.497719 (VIOLATED)
ANTENNA__4711__B1/DIODE                 1.500000    1.997454   -0.497454 (VIOLATED)
_4705_/A0                               1.500000    1.997454   -0.497454 (VIOLATED)
_4711_/B1                               1.500000    1.997451   -0.497451 (VIOLATED)
ANTENNA__4705__A0/DIODE                 1.500000    1.997448   -0.497448 (VIOLATED)
mprj.team_06_Wrapper.team_06_WB.instance_to_wrap/gpio_in[16]    1.500000    1.996719   -0.496719 (VIOLATED)
_6273_/A1                               1.500000    1.995356   -0.495356 (VIOLATED)
ANTENNA__6273__A1/DIODE                 1.500000    1.995308   -0.495308 (VIOLATED)
ANTENNA__4517__A0/DIODE                 1.500000    1.993060   -0.493060 (VIOLATED)
_4517_/A0                               1.500000    1.993045   -0.493045 (VIOLATED)
_4523_/A2                               1.500000    1.992918   -0.492918 (VIOLATED)
ANTENNA__4523__A2/DIODE                 1.500000    1.992836   -0.492836 (VIOLATED)
ANTENNA_mprj.team_06_Wrapper.team_06_WB.instance_to_wrap_gpio_in[16]/DIODE    1.500000    1.992765   -0.492765 (VIOLATED)
ANTENNA_mprj.team_01_Wrapper.team_01_WB.instance_to_wrap_ADR_O[0]/DIODE    1.500000    1.991498   -0.491498 (VIOLATED)
mprj.team_01_Wrapper.team_01_WB.instance_to_wrap/ADR_O[0]    1.500000    1.991487   -0.491487 (VIOLATED)
_5047_/A1                               1.500000    1.989924   -0.489924 (VIOLATED)
ANTENNA__5047__A1/DIODE                 1.500000    1.989920   -0.489920 (VIOLATED)
ANTENNA__5054__A2/DIODE                 1.500000    1.989861   -0.489861 (VIOLATED)
_5054_/A2                               1.500000    1.989852   -0.489852 (VIOLATED)
mprj.team_08_Wrapper.team_08_WB.instance_to_wrap/gpio_in[21]    1.500000    1.989769   -0.489770 (VIOLATED)
ANTENNA_mprj.team_01_Wrapper.team_01_WB.instance_to_wrap_DAT_O[3]/DIODE    1.500000    1.989126   -0.489126 (VIOLATED)
mprj.team_01_Wrapper.team_01_WB.instance_to_wrap/DAT_O[3]    1.500000    1.989126   -0.489126 (VIOLATED)
_6200_/A1                               1.500000    1.986211   -0.486212 (VIOLATED)
ANTENNA__6200__A1/DIODE                 1.500000    1.986175   -0.486175 (VIOLATED)
mprj.team_07_Wrapper.team_07_WB.instance_to_wrap/gpio_in[28]    1.500000    1.984769   -0.484769 (VIOLATED)
ANTENNA_mprj.team_07_Wrapper.team_07_WB.instance_to_wrap_gpio_in[28]/DIODE    1.500000    1.984719   -0.484719 (VIOLATED)
ANTENNA_mprj.team_01_Wrapper.team_01_WB.instance_to_wrap_gpio_in[31]/DIODE    1.500000    1.984266   -0.484266 (VIOLATED)
mprj.team_01_Wrapper.team_01_WB.instance_to_wrap/gpio_in[31]    1.500000    1.984255   -0.484255 (VIOLATED)
ANTENNA_mprj.team_06_Wrapper.team_06_WB.instance_to_wrap_gpio_in[19]/DIODE    1.500000    1.981834   -0.481834 (VIOLATED)
mprj.team_06_Wrapper.team_06_WB.instance_to_wrap/gpio_in[19]    1.500000    1.980040   -0.480040 (VIOLATED)
_8089_/A1                               1.500000    1.979952   -0.479952 (VIOLATED)
ANTENNA__8089__A1/DIODE                 1.500000    1.979931   -0.479931 (VIOLATED)
mprj.team_08_Wrapper.team_08_WB.instance_to_wrap/clk    1.500000    1.979787   -0.479787 (VIOLATED)
ANTENNA_mprj.team_08_Wrapper.team_08_WB.instance_to_wrap_clk/DIODE    1.500000    1.979729   -0.479729 (VIOLATED)
ANTENNA_mprj.team_06_Wrapper.team_06_WB.instance_to_wrap_gpio_oeb[13]/DIODE    1.500000    1.978763   -0.478763 (VIOLATED)
mprj.team_06_Wrapper.team_06_WB.instance_to_wrap/gpio_oeb[13]    1.500000    1.978757   -0.478757 (VIOLATED)
_7883_/A1                               1.500000    1.977629   -0.477629 (VIOLATED)
ANTENNA__7883__A1/DIODE                 1.500000    1.977578   -0.477578 (VIOLATED)
ANTENNA__7917__A/DIODE                  1.500000    1.974996   -0.474996 (VIOLATED)
_7917_/A                                1.500000    1.974995   -0.474995 (VIOLATED)
mprj.team_04_Wrapper.team_04_WB.instance_to_wrap/gpio_in[25]    1.500000    1.971523   -0.471523 (VIOLATED)
ANTENNA_mprj.team_04_Wrapper.team_04_WB.instance_to_wrap_gpio_in[25]/DIODE    1.500000    1.971411   -0.471411 (VIOLATED)
_4723_/A0                               1.500000    1.971201   -0.471201 (VIOLATED)
ANTENNA__4723__A0/DIODE                 1.500000    1.971119   -0.471119 (VIOLATED)
ANTENNA__4729__A2/DIODE                 1.500000    1.971016   -0.471016 (VIOLATED)
_4729_/A2                               1.500000    1.970945   -0.470945 (VIOLATED)
ANTENNA_49/DIODE                        1.500000    1.970808   -0.470808 (VIOLATED)
ANTENNA_mprj.team_01_Wrapper.team_01_WB.instance_to_wrap_ADR_O[15]/DIODE    1.500000    1.967343   -0.467343 (VIOLATED)
mprj.team_01_Wrapper.team_01_WB.instance_to_wrap/ADR_O[15]    1.500000    1.967343   -0.467343 (VIOLATED)
mprj.team_07_Wrapper.team_07_WB.instance_to_wrap/gpio_in[32]    1.500000    1.966331   -0.466331 (VIOLATED)
ANTENNA_mprj.team_07_Wrapper.team_07_WB.instance_to_wrap_gpio_in[32]/DIODE    1.500000    1.966228   -0.466228 (VIOLATED)
_7812_/A1                               1.500000    1.965457   -0.465457 (VIOLATED)
ANTENNA__7812__A1/DIODE                 1.500000    1.965404   -0.465404 (VIOLATED)
mprj.team_04_Wrapper.team_04_WB.instance_to_wrap/gpio_in[9]    1.500000    1.962256   -0.462256 (VIOLATED)
ANTENNA_mprj.team_04_Wrapper.team_04_WB.instance_to_wrap_gpio_in[9]/DIODE    1.500000    1.961925   -0.461925 (VIOLATED)
ANTENNA_mprj.team_04_Wrapper.team_04_WB.instance_to_wrap_gpio_in[6]/DIODE    1.500000    1.959689   -0.459689 (VIOLATED)
ANTENNA_mprj.team_06_Wrapper.team_06_WB.instance_to_wrap_gpio_oeb[6]/DIODE    1.500000    1.958644   -0.458644 (VIOLATED)
mprj.team_06_Wrapper.team_06_WB.instance_to_wrap/gpio_oeb[6]    1.500000    1.958640   -0.458640 (VIOLATED)
ANTENNA_mprj.team_05_Wrapper.team_05_WB.instance_to_wrap_gpio_out[9]/DIODE    1.500000    1.957741   -0.457741 (VIOLATED)
mprj.team_05_Wrapper.team_05_WB.instance_to_wrap/gpio_out[9]    1.500000    1.957724   -0.457724 (VIOLATED)
ANTENNA_mprj.team_11_Wrapper.team_11_WB.instance_to_wrap_gpio_in[30]/DIODE    1.500000    1.951283   -0.451283 (VIOLATED)
mprj.team_11_Wrapper.team_11_WB.instance_to_wrap/gpio_in[30]    1.500000    1.951258   -0.451258 (VIOLATED)
_4193_/A1                               1.500000    1.948980   -0.448980 (VIOLATED)
ANTENNA__4193__A1/DIODE                 1.500000    1.948957   -0.448957 (VIOLATED)
ANTENNA__4199__A2/DIODE                 1.500000    1.948920   -0.448920 (VIOLATED)
_4199_/A2                               1.500000    1.948866   -0.448867 (VIOLATED)
_7743_/A1                               1.500000    1.947430   -0.447431 (VIOLATED)
ANTENNA__7743__A1/DIODE                 1.500000    1.947428   -0.447428 (VIOLATED)
_6801_/A                                1.500000    1.947017   -0.447017 (VIOLATED)
ANTENNA__6801__A/DIODE                  1.500000    1.947012   -0.447012 (VIOLATED)
ANTENNA_mprj.team_02_Wrapper.team_02_WB.instance_to_wrap_gpio_out[12]/DIODE    1.500000    1.943156   -0.443156 (VIOLATED)
mprj.team_02_Wrapper.team_02_WB.instance_to_wrap/gpio_out[12]    1.500000    1.943141   -0.443142 (VIOLATED)
_6235_/A1                               1.500000    1.942874   -0.442874 (VIOLATED)
ANTENNA__6235__A1/DIODE                 1.500000    1.942778   -0.442778 (VIOLATED)
_6339_/A                                1.500000    1.942483   -0.442483 (VIOLATED)
ANTENNA__6339__A/DIODE                  1.500000    1.942443   -0.442443 (VIOLATED)
ANTENNA_278/DIODE                       1.500000    1.940821   -0.440821 (VIOLATED)
ANTENNA_277/DIODE                       1.500000    1.940816   -0.440816 (VIOLATED)
ANTENNA__6540__A/DIODE                  1.500000    1.940668   -0.440668 (VIOLATED)
_6540_/A                                1.500000    1.940634   -0.440634 (VIOLATED)
mprj.team_04_Wrapper.team_04_WB.instance_to_wrap/gpio_in[6]    1.500000    1.939985   -0.439985 (VIOLATED)
ANTENNA_mprj.team_05_Wrapper.team_05_WB.instance_to_wrap_gpio_out[30]/DIODE    1.500000    1.939843   -0.439843 (VIOLATED)
mprj.team_05_Wrapper.team_05_WB.instance_to_wrap/gpio_out[30]    1.500000    1.939838   -0.439838 (VIOLATED)
ANTENNA_mprj.team_11_Wrapper.team_11_WB.instance_to_wrap_gpio_in[31]/DIODE    1.500000    1.936285   -0.436285 (VIOLATED)
mprj.team_11_Wrapper.team_11_WB.instance_to_wrap/gpio_in[31]    1.500000    1.936243   -0.436243 (VIOLATED)
ANTENNA_mprj.team_10_Wrapper.team_10_WB.instance_to_wrap_gpio_in[32]/DIODE    1.500000    1.936119   -0.436119 (VIOLATED)
mprj.team_10_Wrapper.team_10_WB.instance_to_wrap/gpio_in[32]    1.500000    1.935510   -0.435510 (VIOLATED)
ANTENNA_mprj.team_01_Wrapper.team_01_WB.instance_to_wrap_ADR_O[10]/DIODE    1.500000    1.928768   -0.428768 (VIOLATED)
mprj.team_01_Wrapper.team_01_WB.instance_to_wrap/ADR_O[10]    1.500000    1.928764   -0.428764 (VIOLATED)
ANTENNA_mprj.team_01_Wrapper.team_01_WB.instance_to_wrap_DAT_O[15]/DIODE    1.500000    1.926378   -0.426378 (VIOLATED)
mprj.team_01_Wrapper.team_01_WB.instance_to_wrap/DAT_O[15]    1.500000    1.926261   -0.426261 (VIOLATED)
ANTENNA_mprj.team_07_Wrapper.team_07_WB.instance_to_wrap_clk/DIODE    1.500000    1.920992   -0.420992 (VIOLATED)
mprj.team_07_Wrapper.team_07_WB.instance_to_wrap/clk    1.500000    1.920965   -0.420965 (VIOLATED)
ANTENNA_mprj.team_01_Wrapper.team_01_WB.instance_to_wrap_ADR_O[12]/DIODE    1.500000    1.920630   -0.420630 (VIOLATED)
mprj.team_01_Wrapper.team_01_WB.instance_to_wrap/ADR_O[12]    1.500000    1.920630   -0.420630 (VIOLATED)
_7905_/A1                               1.500000    1.919271   -0.419271 (VIOLATED)
ANTENNA__7905__A1/DIODE                 1.500000    1.919239   -0.419239 (VIOLATED)
_4736_/A0                               1.500000    1.914705   -0.414705 (VIOLATED)
_4742_/A2                               1.500000    1.914704   -0.414704 (VIOLATED)
ANTENNA__4742__A2/DIODE                 1.500000    1.914686   -0.414686 (VIOLATED)
ANTENNA__4736__A0/DIODE                 1.500000    1.914684   -0.414684 (VIOLATED)
ANTENNA__4599__A0/DIODE                 1.500000    1.913640   -0.413640 (VIOLATED)
_4599_/A0                               1.500000    1.913636   -0.413636 (VIOLATED)
_4605_/A2                               1.500000    1.913614   -0.413614 (VIOLATED)
ANTENNA__4605__A2/DIODE                 1.500000    1.913609   -0.413609 (VIOLATED)
ANTENNA_mprj.team_05_Wrapper.team_05_WB.instance_to_wrap_gpio_in[3]/DIODE    1.500000    1.913025   -0.413025 (VIOLATED)
mprj.team_05_Wrapper.team_05_WB.instance_to_wrap/gpio_in[3]    1.500000    1.912889   -0.412889 (VIOLATED)
ANTENNA_273/DIODE                       1.500000    1.912751   -0.412751 (VIOLATED)
_8008_/A1                               1.500000    1.912730   -0.412731 (VIOLATED)
ANTENNA__8008__A1/DIODE                 1.500000    1.912707   -0.412707 (VIOLATED)
ANTENNA_336/DIODE                       1.500000    1.911849   -0.411849 (VIOLATED)
_6499_/A1                               1.500000    1.911848   -0.411848 (VIOLATED)
ANTENNA_335/DIODE                       1.500000    1.911815   -0.411815 (VIOLATED)
ANTENNA__6499__A1/DIODE                 1.500000    1.911735   -0.411735 (VIOLATED)
ANTENNA_122/DIODE                       1.500000    1.908970   -0.408970 (VIOLATED)
_6232_/A                                1.500000    1.908691   -0.408691 (VIOLATED)
ANTENNA_120/DIODE                       1.500000    1.908611   -0.408611 (VIOLATED)
ANTENNA__6232__A/DIODE                  1.500000    1.908503   -0.408503 (VIOLATED)
ANTENNA_mprj.team_01_Wrapper.team_01_WB.instance_to_wrap_DAT_O[11]/DIODE    1.500000    1.906695   -0.406695 (VIOLATED)
mprj.team_01_Wrapper.team_01_WB.instance_to_wrap/DAT_O[11]    1.500000    1.906695   -0.406695 (VIOLATED)
ANTENNA_mprj.team_01_Wrapper.team_01_WB.instance_to_wrap_DAT_O[1]/DIODE    1.500000    1.905229   -0.405229 (VIOLATED)
mprj.team_01_Wrapper.team_01_WB.instance_to_wrap/DAT_O[1]    1.500000    1.905212   -0.405212 (VIOLATED)
ANTENNA__4751__A1/DIODE                 1.500000    1.905124   -0.405124 (VIOLATED)
_4751_/A1                               1.500000    1.905103   -0.405103 (VIOLATED)
_4757_/A2                               1.500000    1.905058   -0.405058 (VIOLATED)
ANTENNA__4757__A2/DIODE                 1.500000    1.905021   -0.405021 (VIOLATED)
mprj.team_03_Wrapper.team_03_WB.instance_to_wrap/gpio_in[31]    1.500000    1.904758   -0.404758 (VIOLATED)
ANTENNA__4116__A0/DIODE                 1.500000    1.904618   -0.404618 (VIOLATED)
_4116_/A0                               1.500000    1.904593   -0.404593 (VIOLATED)
_4124_/A2                               1.500000    1.904501   -0.404501 (VIOLATED)
ANTENNA_mprj.team_03_Wrapper.team_03_WB.instance_to_wrap_gpio_in[31]/DIODE    1.500000    1.904469   -0.404469 (VIOLATED)
ANTENNA__4124__A2/DIODE                 1.500000    1.904396   -0.404396 (VIOLATED)
ANTENNA_mprj.team_08_Wrapper.team_08_WB.instance_to_wrap_gpio_in[19]/DIODE    1.500000    1.903855   -0.403855 (VIOLATED)
mprj.team_04_Wrapper.team_04_WB.instance_to_wrap/clk    1.500000    1.903595   -0.403595 (VIOLATED)
ANTENNA_mprj.team_04_Wrapper.team_04_WB.instance_to_wrap_clk/DIODE    1.500000    1.903375   -0.403375 (VIOLATED)
mprj.team_07_Wrapper.team_07_WB.instance_to_wrap/gpio_in[30]    1.500000    1.902630   -0.402630 (VIOLATED)
ANTENNA_mprj.team_07_Wrapper.team_07_WB.instance_to_wrap_gpio_in[30]/DIODE    1.500000    1.902597   -0.402597 (VIOLATED)
mprj.team_11_Wrapper.team_11_WB.instance_to_wrap/clk    1.500000    1.902259   -0.402259 (VIOLATED)
ANTENNA_mprj.team_11_Wrapper.team_11_WB.instance_to_wrap_clk/DIODE    1.500000    1.902071   -0.402072 (VIOLATED)
ANTENNA_mprj.team_01_Wrapper.team_01_WB.instance_to_wrap_ADR_O[9]/DIODE    1.500000    1.901352   -0.401352 (VIOLATED)
mprj.team_01_Wrapper.team_01_WB.instance_to_wrap/ADR_O[9]    1.500000    1.901237   -0.401237 (VIOLATED)
ANTENNA_mprj.team_01_Wrapper.team_01_WB.instance_to_wrap_STB_O/DIODE    1.500000    1.901001   -0.401001 (VIOLATED)
mprj.team_01_Wrapper.team_01_WB.instance_to_wrap/STB_O    1.500000    1.900971   -0.400971 (VIOLATED)
_4101_/A1                               1.500000    1.899910   -0.399910 (VIOLATED)
ANTENNA__4101__A1/DIODE                 1.500000    1.899867   -0.399867 (VIOLATED)
ANTENNA__4092__A/DIODE                  1.500000    1.899511   -0.399511 (VIOLATED)
_4092_/A                                1.500000    1.899497   -0.399497 (VIOLATED)
_4091_/A                                1.500000    1.899404   -0.399404 (VIOLATED)
ANTENNA__4091__A/DIODE                  1.500000    1.899362   -0.399362 (VIOLATED)
ANTENNA_mprj.team_06_Wrapper.team_06_WB.instance_to_wrap_gpio_in[11]/DIODE    1.500000    1.896468   -0.396468 (VIOLATED)
ANTENNA_600/DIODE                       1.500000    1.894279   -0.394279 (VIOLATED)
mprj.team_06_Wrapper.team_06_WB.instance_to_wrap/gpio_in[11]    1.500000    1.893627   -0.393627 (VIOLATED)
ANTENNA_mprj.team_03_Wrapper.team_03_WB.instance_to_wrap_DAT_O[14]/DIODE    1.500000    1.893227   -0.393227 (VIOLATED)
mprj.team_03_Wrapper.team_03_WB.instance_to_wrap/DAT_O[14]    1.500000    1.893227   -0.393227 (VIOLATED)
ANTENNA_mprj.team_01_Wrapper.team_01_WB.instance_to_wrap_CYC_O/DIODE    1.500000    1.893074   -0.393074 (VIOLATED)
mprj.team_01_Wrapper.team_01_WB.instance_to_wrap/CYC_O    1.500000    1.893051   -0.393051 (VIOLATED)
ANTENNA_mprj.team_03_Wrapper.team_03_WB.instance_to_wrap_ADR_O[26]/DIODE    1.500000    1.892959   -0.392959 (VIOLATED)
mprj.team_03_Wrapper.team_03_WB.instance_to_wrap/ADR_O[26]    1.500000    1.892952   -0.392952 (VIOLATED)
_4992_/A0                               1.500000    1.892698   -0.392698 (VIOLATED)
ANTENNA__4992__A0/DIODE                 1.500000    1.892696   -0.392697 (VIOLATED)
ANTENNA__4998__A2/DIODE                 1.500000    1.892686   -0.392686 (VIOLATED)
_4998_/A2                               1.500000    1.892645   -0.392645 (VIOLATED)
_4225_/A0                               1.500000    1.892634   -0.392634 (VIOLATED)
ANTENNA__4225__A0/DIODE                 1.500000    1.892632   -0.392632 (VIOLATED)
ANTENNA__4231__A2/DIODE                 1.500000    1.892582   -0.392582 (VIOLATED)
_4231_/A2                               1.500000    1.892540   -0.392540 (VIOLATED)
mprj.team_08_Wrapper.team_08_WB.instance_to_wrap/gpio_in[19]    1.500000    1.891100   -0.391100 (VIOLATED)
mprj.team_05_Wrapper.team_05_WB.instance_to_wrap/clk    1.500000    1.890002   -0.390002 (VIOLATED)
_4215_/A0                               1.500000    1.889804   -0.389804 (VIOLATED)
ANTENNA__4215__A0/DIODE                 1.500000    1.889797   -0.389798 (VIOLATED)
ANTENNA__4221__A2/DIODE                 1.500000    1.889755   -0.389755 (VIOLATED)
_4221_/A2                               1.500000    1.889716   -0.389716 (VIOLATED)
ANTENNA_mprj.team_05_Wrapper.team_05_WB.instance_to_wrap_clk/DIODE    1.500000    1.889623   -0.389623 (VIOLATED)
ANTENNA__4692__A0/DIODE                 1.500000    1.889160   -0.389160 (VIOLATED)
_4692_/A0                               1.500000    1.889133   -0.389133 (VIOLATED)
ANTENNA__4698__A2/DIODE                 1.500000    1.888973   -0.388974 (VIOLATED)
_4698_/A2                               1.500000    1.888939   -0.388939 (VIOLATED)
ANTENNA_51/DIODE                        1.500000    1.888777   -0.388777 (VIOLATED)
ANTENNA_mprj.team_10_Wrapper.team_10_WB.instance_to_wrap_gpio_in[28]/DIODE    1.500000    1.888661   -0.388661 (VIOLATED)
ANTENNA_mprj.team_01_Wrapper.team_01_WB.instance_to_wrap_ADR_O[3]/DIODE    1.500000    1.888116   -0.388116 (VIOLATED)
mprj.team_01_Wrapper.team_01_WB.instance_to_wrap/ADR_O[3]    1.500000    1.887942   -0.387942 (VIOLATED)
ANTENNA_mprj.team_01_Wrapper.team_01_WB.instance_to_wrap_gpio_in[22]/DIODE    1.500000    1.887518   -0.387518 (VIOLATED)
mprj.team_01_Wrapper.team_01_WB.instance_to_wrap/gpio_in[22]    1.500000    1.887488   -0.387488 (VIOLATED)
mprj.team_03_Wrapper.team_03_WB.instance_to_wrap/gpio_in[25]    1.500000    1.887085   -0.387085 (VIOLATED)
ANTENNA_mprj.team_03_Wrapper.team_03_WB.instance_to_wrap_gpio_in[25]/DIODE    1.500000    1.887058   -0.387058 (VIOLATED)
mprj.team_07_Wrapper.team_07_WB.instance_to_wrap/gpio_in[31]    1.500000    1.886383   -0.386383 (VIOLATED)
ANTENNA_mprj.team_01_Wrapper.team_01_WB.instance_to_wrap_ADR_O[6]/DIODE    1.500000    1.886342   -0.386342 (VIOLATED)
mprj.team_01_Wrapper.team_01_WB.instance_to_wrap/ADR_O[6]    1.500000    1.886338   -0.386338 (VIOLATED)
ANTENNA_mprj.team_07_Wrapper.team_07_WB.instance_to_wrap_gpio_in[31]/DIODE    1.500000    1.886305   -0.386305 (VIOLATED)
ANTENNA__4525__A2/DIODE                 1.500000    1.885815   -0.385815 (VIOLATED)
ANTENNA__4519__A1/DIODE                 1.500000    1.885803   -0.385803 (VIOLATED)
_4519_/A1                               1.500000    1.885787   -0.385787 (VIOLATED)
_4525_/A2                               1.500000    1.885788   -0.385788 (VIOLATED)
ANTENNA_276/DIODE                       1.500000    1.882492   -0.382492 (VIOLATED)
ANTENNA__6504__A/DIODE                  1.500000    1.882294   -0.382294 (VIOLATED)
_6504_/A                                1.500000    1.882235   -0.382235 (VIOLATED)
mprj.team_10_Wrapper.team_10_WB.instance_to_wrap/gpio_in[28]    1.500000    1.882210   -0.382210 (VIOLATED)
ANTENNA_274/DIODE                       1.500000    1.882170   -0.382170 (VIOLATED)
ANTENNA_mprj.team_01_Wrapper.team_01_WB.instance_to_wrap_ADR_O[1]/DIODE    1.500000    1.874649   -0.374649 (VIOLATED)
mprj.team_01_Wrapper.team_01_WB.instance_to_wrap/ADR_O[1]    1.500000    1.874525   -0.374525 (VIOLATED)
ANTENNA__6481__A/DIODE                  1.500000    1.873407   -0.373407 (VIOLATED)
_6481_/A                                1.500000    1.873399   -0.373400 (VIOLATED)
ANTENNA__4245__A1/DIODE                 1.500000    1.872396   -0.372397 (VIOLATED)
_4245_/A1                               1.500000    1.872380   -0.372380 (VIOLATED)
ANTENNA__4274__A2/DIODE                 1.500000    1.872178   -0.372178 (VIOLATED)
_4274_/A2                               1.500000    1.872107   -0.372107 (VIOLATED)
ANTENNA__4265__A2/DIODE                 1.500000    1.871711   -0.371711 (VIOLATED)
_4265_/A2                               1.500000    1.871678   -0.371678 (VIOLATED)
_4131_/A1                               1.500000    1.871442   -0.371442 (VIOLATED)
ANTENNA__4131__A1/DIODE                 1.500000    1.871441   -0.371441 (VIOLATED)
ANTENNA__4137__A2/DIODE                 1.500000    1.871392   -0.371392 (VIOLATED)
_4137_/A2                               1.500000    1.871378   -0.371378 (VIOLATED)
ANTENNA_mprj.team_01_Wrapper.team_01_WB.instance_to_wrap_ADR_O[7]/DIODE    1.500000    1.870228   -0.370228 (VIOLATED)
mprj.team_01_Wrapper.team_01_WB.instance_to_wrap/ADR_O[7]    1.500000    1.870228   -0.370228 (VIOLATED)
ANTENNA_mprj.team_06_Wrapper.team_06_WB.instance_to_wrap_gpio_out[24]/DIODE    1.500000    1.869695   -0.369695 (VIOLATED)
mprj.team_06_Wrapper.team_06_WB.instance_to_wrap/gpio_out[24]    1.500000    1.869668   -0.369668 (VIOLATED)
ANTENNA_mprj.team_06_Wrapper.team_06_WB.instance_to_wrap_gpio_in[20]/DIODE    1.500000    1.869028   -0.369028 (VIOLATED)
mprj.team_06_Wrapper.team_06_WB.instance_to_wrap/gpio_in[20]    1.500000    1.868924   -0.368924 (VIOLATED)
ANTENNA_391/DIODE                       1.500000    1.867400   -0.367400 (VIOLATED)
ANTENNA_390/DIODE                       1.500000    1.867391   -0.367391 (VIOLATED)
ANTENNA_389/DIODE                       1.500000    1.867376   -0.367376 (VIOLATED)
ANTENNA_387/DIODE                       1.500000    1.867366   -0.367366 (VIOLATED)
ANTENNA_386/DIODE                       1.500000    1.867362   -0.367362 (VIOLATED)
ANTENNA_396/DIODE                       1.500000    1.867329   -0.367329 (VIOLATED)
ANTENNA_388/DIODE                       1.500000    1.867283   -0.367283 (VIOLATED)
ANTENNA_395/DIODE                       1.500000    1.867219   -0.367219 (VIOLATED)
_7935_/A1                               1.500000    1.866951   -0.366951 (VIOLATED)
ANTENNA_393/DIODE                       1.500000    1.866937   -0.366937 (VIOLATED)
ANTENNA_392/DIODE                       1.500000    1.866829   -0.366829 (VIOLATED)
ANTENNA_394/DIODE                       1.500000    1.866776   -0.366776 (VIOLATED)
ANTENNA__7935__A1/DIODE                 1.500000    1.866654   -0.366654 (VIOLATED)
ANTENNA_mprj.team_09_Wrapper.team_09_WB.instance_to_wrap_gpio_in[7]/DIODE    1.500000    1.866216   -0.366216 (VIOLATED)
ANTENNA_397/DIODE                       1.500000    1.866176   -0.366176 (VIOLATED)
mprj.team_09_Wrapper.team_09_WB.instance_to_wrap/gpio_in[7]    1.500000    1.866159   -0.366159 (VIOLATED)
mprj.team_08_Wrapper.team_08_WB.instance_to_wrap/gpio_in[17]    1.500000    1.863757   -0.363757 (VIOLATED)
ANTENNA_mprj.team_08_Wrapper.team_08_WB.instance_to_wrap_gpio_in[17]/DIODE    1.500000    1.863744   -0.363744 (VIOLATED)
ANTENNA__5020__A1/DIODE                 1.500000    1.862186   -0.362186 (VIOLATED)
_5020_/A1                               1.500000    1.862182   -0.362182 (VIOLATED)
ANTENNA__5026__A2/DIODE                 1.500000    1.862180   -0.362180 (VIOLATED)
ANTENNA_mprj.team_05_Wrapper.team_05_WB.instance_to_wrap_gpio_in[27]/DIODE    1.500000    1.862161   -0.362161 (VIOLATED)
_5026_/A2                               1.500000    1.862160   -0.362160 (VIOLATED)
mprj.team_05_Wrapper.team_05_WB.instance_to_wrap/gpio_in[27]    1.500000    1.862107   -0.362107 (VIOLATED)
ANTENNA_mprj.team_10_Wrapper.team_10_WB.instance_to_wrap_gpio_in[31]/DIODE    1.500000    1.861919   -0.361919 (VIOLATED)
ANTENNA_mprj.team_02_Wrapper.team_02_WB.instance_to_wrap_gpio_in[11]/DIODE    1.500000    1.860180   -0.360180 (VIOLATED)
mprj.team_02_Wrapper.team_02_WB.instance_to_wrap/gpio_in[11]    1.500000    1.860158   -0.360158 (VIOLATED)
mprj.team_10_Wrapper.team_10_WB.instance_to_wrap/gpio_in[31]    1.500000    1.858696   -0.358696 (VIOLATED)
_7700_/A                                1.500000    1.857603   -0.357603 (VIOLATED)
ANTENNA__7700__A/DIODE                  1.500000    1.857597   -0.357597 (VIOLATED)
ANTENNA_55/DIODE                        1.500000    1.856384   -0.356384 (VIOLATED)
ANTENNA_56/DIODE                        1.500000    1.856384   -0.356384 (VIOLATED)
ANTENNA_57/DIODE                        1.500000    1.856384   -0.356384 (VIOLATED)
ANTENNA_mprj.team_03_Wrapper.team_03_WB.instance_to_wrap_DAT_O[16]/DIODE    1.500000    1.856384   -0.356384 (VIOLATED)
mprj.team_03_Wrapper.team_03_WB.instance_to_wrap/DAT_O[16]    1.500000    1.856384   -0.356384 (VIOLATED)
ANTENNA__4586__A0/DIODE                 1.500000    1.853513   -0.353513 (VIOLATED)
_4586_/A0                               1.500000    1.853497   -0.353497 (VIOLATED)
_4592_/A2                               1.500000    1.853398   -0.353399 (VIOLATED)
ANTENNA__4592__A2/DIODE                 1.500000    1.853314   -0.353314 (VIOLATED)
ANTENNA_mprj.team_01_Wrapper.team_01_WB.instance_to_wrap_ADR_O[22]/DIODE    1.500000    1.852377   -0.352377 (VIOLATED)
mprj.team_01_Wrapper.team_01_WB.instance_to_wrap/ADR_O[22]    1.500000    1.852251   -0.352251 (VIOLATED)
ANTENNA__4153__A0/DIODE                 1.500000    1.852066   -0.352066 (VIOLATED)
ANTENNA__4159__A2/DIODE                 1.500000    1.852054   -0.352054 (VIOLATED)
_4159_/A2                               1.500000    1.852048   -0.352048 (VIOLATED)
_4153_/A0                               1.500000    1.852046   -0.352046 (VIOLATED)
_8018_/A1                               1.500000    1.850901   -0.350901 (VIOLATED)
ANTENNA__8018__A1/DIODE                 1.500000    1.850844   -0.350844 (VIOLATED)
ANTENNA_mprj.team_05_Wrapper.team_05_WB.instance_to_wrap_gpio_out[1]/DIODE    1.500000    1.850544   -0.350544 (VIOLATED)
mprj.team_05_Wrapper.team_05_WB.instance_to_wrap/gpio_out[1]    1.500000    1.850544   -0.350544 (VIOLATED)
_6576_/A1                               1.500000    1.846367   -0.346367 (VIOLATED)
ANTENNA__6576__A1/DIODE                 1.500000    1.846307   -0.346307 (VIOLATED)
ANTENNA_mprj.team_06_Wrapper.team_06_WB.instance_to_wrap_gpio_in[18]/DIODE    1.500000    1.845926   -0.345926 (VIOLATED)
mprj.team_06_Wrapper.team_06_WB.instance_to_wrap/gpio_in[18]    1.500000    1.845843   -0.345843 (VIOLATED)
ANTENNA_mprj.team_01_Wrapper.team_01_WB.instance_to_wrap_ADR_O[17]/DIODE    1.500000    1.845155   -0.345155 (VIOLATED)
mprj.team_01_Wrapper.team_01_WB.instance_to_wrap/ADR_O[17]    1.500000    1.845155   -0.345155 (VIOLATED)
ANTENNA_mprj.team_03_Wrapper.team_03_WB.instance_to_wrap_ADR_O[3]/DIODE    1.500000    1.844978   -0.344978 (VIOLATED)
mprj.team_03_Wrapper.team_03_WB.instance_to_wrap/ADR_O[3]    1.500000    1.844978   -0.344978 (VIOLATED)
ANTENNA__4502__A2/DIODE                 1.500000    1.844116   -0.344116 (VIOLATED)
_4502_/A2                               1.500000    1.844113   -0.344113 (VIOLATED)
ANTENNA__4496__A0/DIODE                 1.500000    1.844109   -0.344109 (VIOLATED)
_4496_/A0                               1.500000    1.844098   -0.344098 (VIOLATED)
_6842_/A1                               1.500000    1.842328   -0.342328 (VIOLATED)
ANTENNA__6842__A1/DIODE                 1.500000    1.842304   -0.342304 (VIOLATED)
ANTENNA_mprj.team_01_Wrapper.team_01_WB.instance_to_wrap_ADR_O[13]/DIODE    1.500000    1.840464   -0.340464 (VIOLATED)
mprj.team_01_Wrapper.team_01_WB.instance_to_wrap/ADR_O[13]    1.500000    1.840464   -0.340464 (VIOLATED)
ANTENNA_mprj.team_11_Wrapper.team_11_WB.instance_to_wrap_gpio_in[27]/DIODE    1.500000    1.839029   -0.339029 (VIOLATED)
mprj.team_11_Wrapper.team_11_WB.instance_to_wrap/gpio_in[27]    1.500000    1.838865   -0.338865 (VIOLATED)
ANTENNA_mprj.team_05_Wrapper.team_05_WB.instance_to_wrap_gpio_in[25]/DIODE    1.500000    1.836877   -0.336877 (VIOLATED)
mprj.team_05_Wrapper.team_05_WB.instance_to_wrap/gpio_in[25]    1.500000    1.836738   -0.336738 (VIOLATED)
ANTENNA_mprj.team_01_Wrapper.team_01_WB.instance_to_wrap_ADR_O[21]/DIODE    1.500000    1.836584   -0.336584 (VIOLATED)
mprj.team_01_Wrapper.team_01_WB.instance_to_wrap/ADR_O[21]    1.500000    1.836584   -0.336584 (VIOLATED)
ANTENNA__4926__A0/DIODE                 1.500000    1.830819   -0.330819 (VIOLATED)
_4926_/A0                               1.500000    1.830807   -0.330807 (VIOLATED)
ANTENNA__4932__A2/DIODE                 1.500000    1.830651   -0.330651 (VIOLATED)
_4932_/A2                               1.500000    1.830619   -0.330619 (VIOLATED)
ANTENNA_mprj.team_05_Wrapper.team_05_WB.instance_to_wrap_gpio_in[11]/DIODE    1.500000    1.830116   -0.330116 (VIOLATED)
mprj.team_05_Wrapper.team_05_WB.instance_to_wrap/gpio_in[11]    1.500000    1.830031   -0.330031 (VIOLATED)
ANTENNA_mprj.team_01_Wrapper.team_01_WB.instance_to_wrap_DAT_O[19]/DIODE    1.500000    1.829577   -0.329577 (VIOLATED)
mprj.team_01_Wrapper.team_01_WB.instance_to_wrap/DAT_O[19]    1.500000    1.829577   -0.329577 (VIOLATED)
ANTENNA_mprj.team_08_Wrapper.team_08_WB.instance_to_wrap_gpio_in[5]/DIODE    1.500000    1.829230   -0.329231 (VIOLATED)
mprj.team_08_Wrapper.team_08_WB.instance_to_wrap/gpio_in[5]    1.500000    1.829187   -0.329187 (VIOLATED)
ANTENNA_mprj.team_03_Wrapper.team_03_WB.instance_to_wrap_ADR_O[22]/DIODE    1.500000    1.827587   -0.327587 (VIOLATED)
mprj.team_03_Wrapper.team_03_WB.instance_to_wrap/ADR_O[22]    1.500000    1.827579   -0.327579 (VIOLATED)
mprj.team_08_Wrapper.team_08_WB.instance_to_wrap/gpio_in[18]    1.500000    1.825781   -0.325782 (VIOLATED)
ANTENNA_mprj.team_08_Wrapper.team_08_WB.instance_to_wrap_gpio_in[18]/DIODE    1.500000    1.823042   -0.323042 (VIOLATED)
wire763/A                               1.500000    1.817987   -0.317987 (VIOLATED)
ANTENNA_wire763_A/DIODE                 1.500000    1.817802   -0.317802 (VIOLATED)
ANTENNA_mprj.team_01_Wrapper.team_01_WB.instance_to_wrap_gpio_in[25]/DIODE    1.500000    1.817527   -0.317527 (VIOLATED)
mprj.team_01_Wrapper.team_01_WB.instance_to_wrap/gpio_in[25]    1.500000    1.817446   -0.317446 (VIOLATED)
mprj.team_06_Wrapper.team_06_WB.instance_to_wrap/gpio_in[5]    1.500000    1.817167   -0.317167 (VIOLATED)
ANTENNA_mprj.team_06_Wrapper.team_06_WB.instance_to_wrap_gpio_in[5]/DIODE    1.500000    1.817042   -0.317042 (VIOLATED)
ANTENNA_401/DIODE                       1.500000    1.816017   -0.316017 (VIOLATED)
_8093_/A1                               1.500000    1.816013   -0.316013 (VIOLATED)
ANTENNA__8093__A1/DIODE                 1.500000    1.815928   -0.315928 (VIOLATED)
ANTENNA_mprj.team_03_Wrapper.team_03_WB.instance_to_wrap_ADR_O[28]/DIODE    1.500000    1.813918   -0.313918 (VIOLATED)
mprj.team_03_Wrapper.team_03_WB.instance_to_wrap/ADR_O[28]    1.500000    1.813918   -0.313918 (VIOLATED)
_6882_/A1                               1.500000    1.812018   -0.312018 (VIOLATED)
ANTENNA__6882__A1/DIODE                 1.500000    1.812003   -0.312003 (VIOLATED)
ANTENNA_mprj.team_01_Wrapper.team_01_WB.instance_to_wrap_ADR_O[31]/DIODE    1.500000    1.807177   -0.307177 (VIOLATED)
mprj.team_01_Wrapper.team_01_WB.instance_to_wrap/ADR_O[31]    1.500000    1.807165   -0.307165 (VIOLATED)
ANTENNA_mprj.team_05_Wrapper.team_05_WB.instance_to_wrap_gpio_in[29]/DIODE    1.500000    1.805839   -0.305839 (VIOLATED)
mprj.team_05_Wrapper.team_05_WB.instance_to_wrap/gpio_in[29]    1.500000    1.805827   -0.305827 (VIOLATED)
mprj.team_04_Wrapper.team_04_WB.instance_to_wrap/gpio_in[12]    1.500000    1.805800   -0.305800 (VIOLATED)
ANTENNA_mprj.team_04_Wrapper.team_04_WB.instance_to_wrap_gpio_in[12]/DIODE    1.500000    1.803511   -0.303511 (VIOLATED)
mprj.team_02_Wrapper.team_02_WB.instance_to_wrap/gpio_in[25]    1.500000    1.801740   -0.301740 (VIOLATED)
mprj.team_07_Wrapper.team_07_WB.instance_to_wrap/gpio_in[27]    1.500000    1.801528   -0.301528 (VIOLATED)
ANTENNA_mprj.team_07_Wrapper.team_07_WB.instance_to_wrap_gpio_in[27]/DIODE    1.500000    1.801474   -0.301475 (VIOLATED)
mprj.team_04_Wrapper.team_04_WB.instance_to_wrap/gpio_in[31]    1.500000    1.800090   -0.300090 (VIOLATED)
mprj.team_10_Wrapper.team_10_WB.instance_to_wrap/gpio_in[30]    1.500000    1.799350   -0.299350 (VIOLATED)
ANTENNA_mprj.team_02_Wrapper.team_02_WB.instance_to_wrap_gpio_in[25]/DIODE    1.500000    1.798788   -0.298788 (VIOLATED)
ANTENNA_mprj.team_08_Wrapper.team_08_WB.instance_to_wrap_gpio_in[10]/DIODE    1.500000    1.796524   -0.296524 (VIOLATED)
mprj.team_08_Wrapper.team_08_WB.instance_to_wrap/gpio_in[10]    1.500000    1.796481   -0.296481 (VIOLATED)
ANTENNA_402/DIODE                       1.500000    1.794910   -0.294910 (VIOLATED)
ANTENNA_403/DIODE                       1.500000    1.794896   -0.294896 (VIOLATED)
ANTENNA_404/DIODE                       1.500000    1.794816   -0.294816 (VIOLATED)
ANTENNA_mprj.team_01_Wrapper.team_01_WB.instance_to_wrap_ADR_O[30]/DIODE    1.500000    1.794757   -0.294758 (VIOLATED)
mprj.team_01_Wrapper.team_01_WB.instance_to_wrap/ADR_O[30]    1.500000    1.794736   -0.294736 (VIOLATED)
_6201_/A1                               1.500000    1.794730   -0.294730 (VIOLATED)
ANTENNA__5011__A2/DIODE                 1.500000    1.794696   -0.294696 (VIOLATED)
_5011_/A2                               1.500000    1.794679   -0.294680 (VIOLATED)
ANTENNA__6201__A1/DIODE                 1.500000    1.794501   -0.294501 (VIOLATED)
_5005_/A0                               1.500000    1.794482   -0.294482 (VIOLATED)
ANTENNA__5005__A0/DIODE                 1.500000    1.794445   -0.294445 (VIOLATED)
ANTENNA_mprj.team_10_Wrapper.team_10_WB.instance_to_wrap_gpio_in[30]/DIODE    1.500000    1.793817   -0.293817 (VIOLATED)
_4142_/A0                               1.500000    1.793430   -0.293430 (VIOLATED)
ANTENNA__4142__A0/DIODE                 1.500000    1.793422   -0.293422 (VIOLATED)
_4148_/A2                               1.500000    1.793398   -0.293398 (VIOLATED)
ANTENNA__4148__A2/DIODE                 1.500000    1.793364   -0.293364 (VIOLATED)
ANTENNA_mprj.team_05_Wrapper.team_05_WB.instance_to_wrap_gpio_out[31]/DIODE    1.500000    1.792989   -0.292989 (VIOLATED)
mprj.team_05_Wrapper.team_05_WB.instance_to_wrap/gpio_out[31]    1.500000    1.792989   -0.292989 (VIOLATED)
ANTENNA_mprj.team_09_Wrapper.team_09_WB.instance_to_wrap_gpio_out[2]/DIODE    1.500000    1.789613   -0.289613 (VIOLATED)
mprj.team_09_Wrapper.team_09_WB.instance_to_wrap/gpio_out[2]    1.500000    1.789613   -0.289613 (VIOLATED)
ANTENNA_mprj.team_05_Wrapper.team_05_WB.instance_to_wrap_gpio_out[32]/DIODE    1.500000    1.788084   -0.288084 (VIOLATED)
mprj.team_05_Wrapper.team_05_WB.instance_to_wrap/gpio_out[32]    1.500000    1.788084   -0.288084 (VIOLATED)
ANTENNA_mprj.team_04_Wrapper.team_04_WB.instance_to_wrap_gpio_in[26]/DIODE    1.500000    1.783615   -0.283615 (VIOLATED)
mprj.team_12_Wrapper.team_12_WB.instance_to_wrap/gpio_in[7]    1.500000    1.783577   -0.283577 (VIOLATED)
ANTENNA_mprj.team_12_Wrapper.team_12_WB.instance_to_wrap_gpio_in[7]/DIODE    1.500000    1.783546   -0.283546 (VIOLATED)
mprj.team_04_Wrapper.team_04_WB.instance_to_wrap/gpio_in[26]    1.500000    1.783358   -0.283358 (VIOLATED)
ANTENNA_mprj.team_11_Wrapper.team_11_WB.instance_to_wrap_gpio_in[21]/DIODE    1.500000    1.782932   -0.282932 (VIOLATED)
mprj.team_11_Wrapper.team_11_WB.instance_to_wrap/gpio_in[21]    1.500000    1.782784   -0.282784 (VIOLATED)
_7867_/A1                               1.500000    1.782776   -0.282777 (VIOLATED)
ANTENNA__7867__A1/DIODE                 1.500000    1.782730   -0.282730 (VIOLATED)
_4457_/A2                               1.500000    1.779798   -0.279798 (VIOLATED)
ANTENNA__4457__A2/DIODE                 1.500000    1.779749   -0.279749 (VIOLATED)
_4451_/A1                               1.500000    1.779721   -0.279721 (VIOLATED)
ANTENNA__4451__A1/DIODE                 1.500000    1.779637   -0.279637 (VIOLATED)
ANTENNA_37/DIODE                        1.500000    1.779542   -0.279542 (VIOLATED)
_7914_/A1                               1.500000    1.777071   -0.277071 (VIOLATED)
ANTENNA__7914__A1/DIODE                 1.500000    1.776958   -0.276958 (VIOLATED)
ANTENNA_mprj.team_06_Wrapper.team_06_WB.instance_to_wrap_gpio_oeb[12]/DIODE    1.500000    1.776686   -0.276686 (VIOLATED)
mprj.team_06_Wrapper.team_06_WB.instance_to_wrap/gpio_oeb[12]    1.500000    1.776679   -0.276679 (VIOLATED)
mprj.team_08_Wrapper.team_08_WB.instance_to_wrap/gpio_in[22]    1.500000    1.776348   -0.276348 (VIOLATED)
ANTENNA_mprj.team_01_Wrapper.team_01_WB.instance_to_wrap_DAT_O[12]/DIODE    1.500000    1.776013   -0.276013 (VIOLATED)
mprj.team_01_Wrapper.team_01_WB.instance_to_wrap/DAT_O[12]    1.500000    1.775946   -0.275946 (VIOLATED)
ANTENNA_mprj.team_04_Wrapper.team_04_WB.instance_to_wrap_gpio_in[31]/DIODE    1.500000    1.774933   -0.274934 (VIOLATED)
ANTENNA__6467__A1/DIODE                 1.500000    1.769161   -0.269161 (VIOLATED)
_6467_/A1                               1.500000    1.769145   -0.269145 (VIOLATED)
ANTENNA_mprj.team_03_Wrapper.team_03_WB.instance_to_wrap_CYC_O/DIODE    1.500000    1.768844   -0.268844 (VIOLATED)
mprj.team_03_Wrapper.team_03_WB.instance_to_wrap/CYC_O    1.500000    1.768793   -0.268793 (VIOLATED)
ANTENNA_mprj.team_03_Wrapper.team_03_WB.instance_to_wrap_DAT_O[0]/DIODE    1.500000    1.768440   -0.268440 (VIOLATED)
mprj.team_03_Wrapper.team_03_WB.instance_to_wrap/DAT_O[0]    1.500000    1.768408   -0.268408 (VIOLATED)
mprj.team_06_Wrapper.team_06_WB.instance_to_wrap/gpio_in[25]    1.500000    1.768206   -0.268206 (VIOLATED)
ANTENNA_mprj.team_09_Wrapper.team_09_WB.instance_to_wrap_gpio_in[1]/DIODE    1.500000    1.766213   -0.266213 (VIOLATED)
ANTENNA_mprj.team_06_Wrapper.team_06_WB.instance_to_wrap_gpio_in[25]/DIODE    1.500000    1.766031   -0.266031 (VIOLATED)
mprj.team_09_Wrapper.team_09_WB.instance_to_wrap/gpio_in[1]    1.500000    1.765989   -0.265989 (VIOLATED)
_4664_/A0                               1.500000    1.762329   -0.262329 (VIOLATED)
ANTENNA__4664__A0/DIODE                 1.500000    1.762279   -0.262279 (VIOLATED)
_4670_/A2                               1.500000    1.762257   -0.262257 (VIOLATED)
ANTENNA__4670__A2/DIODE                 1.500000    1.762193   -0.262193 (VIOLATED)
ANTENNA__6308__B2/DIODE                 1.500000    1.761900   -0.261900 (VIOLATED)
_6308_/B2                               1.500000    1.761896   -0.261896 (VIOLATED)
ANTENNA_mprj.team_08_Wrapper.team_08_WB.instance_to_wrap_gpio_in[22]/DIODE    1.500000    1.761819   -0.261819 (VIOLATED)
_4651_/A0                               1.500000    1.760386   -0.260386 (VIOLATED)
ANTENNA__4651__A0/DIODE                 1.500000    1.760385   -0.260385 (VIOLATED)
ANTENNA__4657__A2/DIODE                 1.500000    1.760292   -0.260292 (VIOLATED)
_4657_/A2                               1.500000    1.760277   -0.260277 (VIOLATED)
mprj.team_02_Wrapper.team_02_WB.instance_to_wrap/gpio_in[5]    1.500000    1.760082   -0.260082 (VIOLATED)
ANTENNA_mprj.team_02_Wrapper.team_02_WB.instance_to_wrap_gpio_in[5]/DIODE    1.500000    1.760002   -0.260002 (VIOLATED)
_4515_/A2                               1.500000    1.757064   -0.257064 (VIOLATED)
ANTENNA__4515__A2/DIODE                 1.500000    1.757050   -0.257050 (VIOLATED)
_4509_/A1                               1.500000    1.757041   -0.257041 (VIOLATED)
ANTENNA__4509__A1/DIODE                 1.500000    1.757004   -0.257004 (VIOLATED)
ANTENNA_mprj.team_06_Wrapper.team_06_WB.instance_to_wrap_gpio_oeb[23]/DIODE    1.500000    1.756480   -0.256481 (VIOLATED)
mprj.team_06_Wrapper.team_06_WB.instance_to_wrap/gpio_oeb[23]    1.500000    1.756480   -0.256481 (VIOLATED)
ANTENNA__4913__A0/DIODE                 1.500000    1.756467   -0.256467 (VIOLATED)
ANTENNA__4919__A2/DIODE                 1.500000    1.756467   -0.256467 (VIOLATED)
_4913_/A0                               1.500000    1.756463   -0.256463 (VIOLATED)
_4919_/A2                               1.500000    1.756456   -0.256456 (VIOLATED)
ANTENNA_mprj.team_05_Wrapper.team_05_WB.instance_to_wrap_gpio_out[4]/DIODE    1.500000    1.755248   -0.255248 (VIOLATED)
mprj.team_05_Wrapper.team_05_WB.instance_to_wrap/gpio_out[4]    1.500000    1.755232   -0.255232 (VIOLATED)
ANTENNA__6222__B2/DIODE                 1.500000    1.754404   -0.254404 (VIOLATED)
_6222_/B2                               1.500000    1.754395   -0.254396 (VIOLATED)
_6238_/B2                               1.500000    1.754293   -0.254293 (VIOLATED)
ANTENNA__6238__B2/DIODE                 1.500000    1.754282   -0.254282 (VIOLATED)
mprj.team_06_Wrapper.team_06_WB.instance_to_wrap/gpio_in[17]    1.500000    1.752291   -0.252291 (VIOLATED)
ANTENNA_mprj.team_06_Wrapper.team_06_WB.instance_to_wrap_gpio_in[17]/DIODE    1.500000    1.748102   -0.248102 (VIOLATED)
ANTENNA_mprj.team_01_Wrapper.team_01_WB.instance_to_wrap_DAT_O[24]/DIODE    1.500000    1.747878   -0.247878 (VIOLATED)
mprj.team_01_Wrapper.team_01_WB.instance_to_wrap/DAT_O[24]    1.500000    1.747856   -0.247856 (VIOLATED)
ANTENNA_mprj.team_01_Wrapper.team_01_WB.instance_to_wrap_DAT_O[2]/DIODE    1.500000    1.747127   -0.247127 (VIOLATED)
mprj.team_01_Wrapper.team_01_WB.instance_to_wrap/DAT_O[2]    1.500000    1.747104   -0.247104 (VIOLATED)
ANTENNA_mprj.team_06_Wrapper.team_06_WB.instance_to_wrap_clk/DIODE    1.500000    1.744518   -0.244518 (VIOLATED)
mprj.team_06_Wrapper.team_06_WB.instance_to_wrap/clk    1.500000    1.744141   -0.244141 (VIOLATED)
ANTENNA_mprj.team_06_Wrapper.team_06_WB.instance_to_wrap_gpio_out[12]/DIODE    1.500000    1.744103   -0.244103 (VIOLATED)
mprj.team_06_Wrapper.team_06_WB.instance_to_wrap/gpio_out[12]    1.500000    1.744093   -0.244093 (VIOLATED)
_6306_/B2                               1.500000    1.742924   -0.242924 (VIOLATED)
ANTENNA__6306__B2/DIODE                 1.500000    1.742873   -0.242873 (VIOLATED)
ANTENNA_mprj.team_06_Wrapper.team_06_WB.instance_to_wrap_gpio_oeb[10]/DIODE    1.500000    1.742360   -0.242360 (VIOLATED)
mprj.team_06_Wrapper.team_06_WB.instance_to_wrap/gpio_oeb[10]    1.500000    1.742360   -0.242360 (VIOLATED)
ANTENNA_mprj.team_03_Wrapper.team_03_WB.instance_to_wrap_ADR_O[18]/DIODE    1.500000    1.741802   -0.241802 (VIOLATED)
mprj.team_03_Wrapper.team_03_WB.instance_to_wrap/ADR_O[18]    1.500000    1.741776   -0.241776 (VIOLATED)
ANTENNA_mprj.team_09_Wrapper.team_09_WB.instance_to_wrap_gpio_in[14]/DIODE    1.500000    1.739700   -0.239700 (VIOLATED)
mprj.team_09_Wrapper.team_09_WB.instance_to_wrap/gpio_in[14]    1.500000    1.739551   -0.239551 (VIOLATED)
ANTENNA_mprj.team_06_Wrapper.team_06_WB.instance_to_wrap_gpio_out[14]/DIODE    1.500000    1.739105   -0.239105 (VIOLATED)
mprj.team_06_Wrapper.team_06_WB.instance_to_wrap/gpio_out[14]    1.500000    1.739105   -0.239105 (VIOLATED)
ANTENNA_mprj.team_05_Wrapper.team_05_WB.instance_to_wrap_gpio_in[5]/DIODE    1.500000    1.732951   -0.232951 (VIOLATED)
mprj.team_05_Wrapper.team_05_WB.instance_to_wrap/gpio_in[5]    1.500000    1.732778   -0.232778 (VIOLATED)
_6628_/A1                               1.500000    1.731897   -0.231897 (VIOLATED)
ANTENNA__6628__A1/DIODE                 1.500000    1.731876   -0.231877 (VIOLATED)
ANTENNA_mprj.team_02_Wrapper.team_02_WB.instance_to_wrap_gpio_in[29]/DIODE    1.500000    1.731503   -0.231503 (VIOLATED)
mprj.team_02_Wrapper.team_02_WB.instance_to_wrap/gpio_in[29]    1.500000    1.729416   -0.229416 (VIOLATED)
mprj.team_10_Wrapper.team_10_WB.instance_to_wrap/clk    1.500000    1.728969   -0.228970 (VIOLATED)
ANTENNA_mprj.team_10_Wrapper.team_10_WB.instance_to_wrap_clk/DIODE    1.500000    1.728804   -0.228804 (VIOLATED)
ANTENNA_mprj.team_06_Wrapper.team_06_WB.instance_to_wrap_gpio_out[13]/DIODE    1.500000    1.726406   -0.226406 (VIOLATED)
mprj.team_06_Wrapper.team_06_WB.instance_to_wrap/gpio_out[13]    1.500000    1.726406   -0.226406 (VIOLATED)
ANTENNA_334/DIODE                       1.500000    1.726035   -0.226035 (VIOLATED)
_6472_/A1                               1.500000    1.726002   -0.226002 (VIOLATED)
ANTENNA__6472__A1/DIODE                 1.500000    1.725959   -0.225959 (VIOLATED)
ANTENNA_mprj.team_12_Wrapper.team_12_WB.instance_to_wrap_gpio_in[32]/DIODE    1.500000    1.725682   -0.225682 (VIOLATED)
mprj.team_12_Wrapper.team_12_WB.instance_to_wrap/gpio_in[32]    1.500000    1.725675   -0.225675 (VIOLATED)
ANTENNA_mprj.team_01_Wrapper.team_01_WB.instance_to_wrap_ADR_O[19]/DIODE    1.500000    1.721366   -0.221366 (VIOLATED)
mprj.team_01_Wrapper.team_01_WB.instance_to_wrap/ADR_O[19]    1.500000    1.721366   -0.221366 (VIOLATED)
_7884_/A1                               1.500000    1.720957   -0.220957 (VIOLATED)
ANTENNA__7884__A1/DIODE                 1.500000    1.720929   -0.220929 (VIOLATED)
ANTENNA__7916__A/DIODE                  1.500000    1.719563   -0.219563 (VIOLATED)
_7916_/A                                1.500000    1.719551   -0.219551 (VIOLATED)
ANTENNA_mprj.team_01_Wrapper.team_01_WB.instance_to_wrap_DAT_O[18]/DIODE    1.500000    1.719525   -0.219525 (VIOLATED)
mprj.team_01_Wrapper.team_01_WB.instance_to_wrap/DAT_O[18]    1.500000    1.719517   -0.219517 (VIOLATED)
_7844_/A1                               1.500000    1.717212   -0.217212 (VIOLATED)
ANTENNA__7844__A1/DIODE                 1.500000    1.717199   -0.217199 (VIOLATED)
ANTENNA_mprj.team_03_Wrapper.team_03_WB.instance_to_wrap_ADR_O[23]/DIODE    1.500000    1.715505   -0.215505 (VIOLATED)
mprj.team_03_Wrapper.team_03_WB.instance_to_wrap/ADR_O[23]    1.500000    1.715505   -0.215505 (VIOLATED)
ANTENNA_max_length789_A/DIODE           1.500000    1.712743   -0.212743 (VIOLATED)
ANTENNA_mprj.team_01_Wrapper.team_01_WB.instance_to_wrap_DAT_O[4]/DIODE    1.500000    1.710239   -0.210239 (VIOLATED)
mprj.team_01_Wrapper.team_01_WB.instance_to_wrap/DAT_O[4]    1.500000    1.710239   -0.210239 (VIOLATED)
ANTENNA_mprj.team_06_Wrapper.team_06_WB.instance_to_wrap_gpio_out[7]/DIODE    1.500000    1.710200   -0.210200 (VIOLATED)
mprj.team_06_Wrapper.team_06_WB.instance_to_wrap/gpio_out[7]    1.500000    1.710200   -0.210200 (VIOLATED)
ANTENNA_946/DIODE                       1.500000    1.710023   -0.210023 (VIOLATED)
_5033_/A1                               1.500000    1.709050   -0.209050 (VIOLATED)
ANTENNA__5033__A1/DIODE                 1.500000    1.709035   -0.209035 (VIOLATED)
_5040_/A2                               1.500000    1.708996   -0.208996 (VIOLATED)
ANTENNA__5040__A2/DIODE                 1.500000    1.708936   -0.208936 (VIOLATED)
ANTENNA_54/DIODE                        1.500000    1.708851   -0.208851 (VIOLATED)
ANTENNA_mprj.team_06_Wrapper.team_06_WB.instance_to_wrap_gpio_out[23]/DIODE    1.500000    1.708329   -0.208329 (VIOLATED)
mprj.team_06_Wrapper.team_06_WB.instance_to_wrap/gpio_out[23]    1.500000    1.708272   -0.208272 (VIOLATED)
ANTENNA_mprj.team_05_Wrapper.team_05_WB.instance_to_wrap_gpio_in[16]/DIODE    1.500000    1.707213   -0.207213 (VIOLATED)
mprj.team_07_Wrapper.team_07_WB.instance_to_wrap/gpio_in[5]    1.500000    1.707211   -0.207211 (VIOLATED)
ANTENNA_mprj.team_07_Wrapper.team_07_WB.instance_to_wrap_gpio_in[5]/DIODE    1.500000    1.707178   -0.207178 (VIOLATED)
mprj.team_05_Wrapper.team_05_WB.instance_to_wrap/gpio_in[16]    1.500000    1.707068   -0.207068 (VIOLATED)
ANTENNA_852/DIODE                       1.500000    1.707057   -0.207057 (VIOLATED)
ANTENNA_851/DIODE                       1.500000    1.705557   -0.205557 (VIOLATED)
max_length789/A                         1.500000    1.704219   -0.204219 (VIOLATED)
_7677_/A1                               1.500000    1.704142   -0.204142 (VIOLATED)
ANTENNA__7677__A1/DIODE                 1.500000    1.704090   -0.204090 (VIOLATED)
_4631_/A2                               1.500000    1.702418   -0.202418 (VIOLATED)
ANTENNA__4631__A2/DIODE                 1.500000    1.702415   -0.202415 (VIOLATED)
ANTENNA__4625__A0/DIODE                 1.500000    1.702302   -0.202302 (VIOLATED)
_4625_/A0                               1.500000    1.702236   -0.202236 (VIOLATED)
mprj.team_10_Wrapper.team_10_WB.instance_to_wrap/gpio_in[27]    1.500000    1.701157   -0.201157 (VIOLATED)
ANTENNA_mprj.team_10_Wrapper.team_10_WB.instance_to_wrap_gpio_in[27]/DIODE    1.500000    1.701072   -0.201072 (VIOLATED)
ANTENNA__4871__A0/DIODE                 1.500000    1.699422   -0.199422 (VIOLATED)
_4871_/A0                               1.500000    1.699398   -0.199398 (VIOLATED)
ANTENNA_mprj.team_06_Wrapper.team_06_WB.instance_to_wrap_gpio_out[17]/DIODE    1.500000    1.699341   -0.199341 (VIOLATED)
mprj.team_06_Wrapper.team_06_WB.instance_to_wrap/gpio_out[17]    1.500000    1.699332   -0.199332 (VIOLATED)
ANTENNA__4877__A2/DIODE                 1.500000    1.699221   -0.199221 (VIOLATED)
_4877_/A2                               1.500000    1.699170   -0.199170 (VIOLATED)
mprj.team_02_Wrapper.team_02_WB.instance_to_wrap/clk    1.500000    1.698011   -0.198011 (VIOLATED)
ANTENNA_mprj.team_02_Wrapper.team_02_WB.instance_to_wrap_clk/DIODE    1.500000    1.697802   -0.197802 (VIOLATED)
ANTENNA__4640__A1/DIODE                 1.500000    1.695188   -0.195188 (VIOLATED)
ANTENNA__4646__A2/DIODE                 1.500000    1.695113   -0.195113 (VIOLATED)
_4640_/A1                               1.500000    1.695093   -0.195093 (VIOLATED)
_4646_/A2                               1.500000    1.695018   -0.195018 (VIOLATED)
_7948_/A1                               1.500000    1.694852   -0.194852 (VIOLATED)
ANTENNA__7948__A1/DIODE                 1.500000    1.694850   -0.194850 (VIOLATED)
ANTENNA__6255__A/DIODE                  1.500000    1.694823   -0.194823 (VIOLATED)
_6255_/A                                1.500000    1.694819   -0.194819 (VIOLATED)
clkbuf_0_wb_clk_i/A                     1.500000    1.692381   -0.192381 (VIOLATED)
ANTENNA_clkbuf_0_wb_clk_i_A/DIODE       1.500000    1.692239   -0.192239 (VIOLATED)
mprj.team_01_Wrapper.team_01_WB.instance_to_wrap/clk    1.500000    1.690577   -0.190577 (VIOLATED)
ANTENNA_312/DIODE                       1.500000    1.690355   -0.190355 (VIOLATED)
_4493_/A2                               1.500000    1.690216   -0.190216 (VIOLATED)
ANTENNA__4493__A2/DIODE                 1.500000    1.690176   -0.190176 (VIOLATED)
ANTENNA_36/DIODE                        1.500000    1.690158   -0.190158 (VIOLATED)
_4487_/A1                               1.500000    1.690114   -0.190114 (VIOLATED)
ANTENNA__4487__A1/DIODE                 1.500000    1.690083   -0.190083 (VIOLATED)
ANTENNA__8079__A1/DIODE                 1.500000    1.689597   -0.189597 (VIOLATED)
ANTENNA_301/DIODE                       1.500000    1.689492   -0.189492 (VIOLATED)
_8079_/A1                               1.500000    1.689464   -0.189464 (VIOLATED)
ANTENNA_297/DIODE                       1.500000    1.689461   -0.189462 (VIOLATED)
ANTENNA_302/DIODE                       1.500000    1.689451   -0.189452 (VIOLATED)
ANTENNA_298/DIODE                       1.500000    1.689436   -0.189436 (VIOLATED)
ANTENNA_310/DIODE                       1.500000    1.689428   -0.189428 (VIOLATED)
ANTENNA_299/DIODE                       1.500000    1.689427   -0.189427 (VIOLATED)
ANTENNA_300/DIODE                       1.500000    1.689413   -0.189413 (VIOLATED)
ANTENNA_308/DIODE                       1.500000    1.689363   -0.189363 (VIOLATED)
ANTENNA_309/DIODE                       1.500000    1.689354   -0.189354 (VIOLATED)
ANTENNA_307/DIODE                       1.500000    1.689276   -0.189276 (VIOLATED)
ANTENNA_305/DIODE                       1.500000    1.689237   -0.189237 (VIOLATED)
ANTENNA_306/DIODE                       1.500000    1.688764   -0.188764 (VIOLATED)
ANTENNA_mprj.team_01_Wrapper.team_01_WB.instance_to_wrap_clk/DIODE    1.500000    1.688550   -0.188550 (VIOLATED)
ANTENNA_303/DIODE                       1.500000    1.684980   -0.184980 (VIOLATED)
ANTENNA__4952__A0/DIODE                 1.500000    1.684770   -0.184770 (VIOLATED)
_4952_/A0                               1.500000    1.684755   -0.184755 (VIOLATED)
_4958_/A2                               1.500000    1.684574   -0.184574 (VIOLATED)
ANTENNA__4958__A2/DIODE                 1.500000    1.684552   -0.184552 (VIOLATED)
ANTENNA_48/DIODE                        1.500000    1.684415   -0.184415 (VIOLATED)
ANTENNA_304/DIODE                       1.500000    1.683878   -0.183878 (VIOLATED)
ANTENNA_311/DIODE                       1.500000    1.683245   -0.183246 (VIOLATED)
ANTENNA_mprj.team_07_Wrapper.team_07_WB.instance_to_wrap_gpio_in[21]/DIODE    1.500000    1.680509   -0.180509 (VIOLATED)
mprj.team_07_Wrapper.team_07_WB.instance_to_wrap/gpio_in[21]    1.500000    1.680464   -0.180464 (VIOLATED)
ANTENNA_319/DIODE                       1.500000    1.677180   -0.177180 (VIOLATED)
ANTENNA_322/DIODE                       1.500000    1.677163   -0.177163 (VIOLATED)
ANTENNA_328/DIODE                       1.500000    1.677127   -0.177127 (VIOLATED)
ANTENNA_329/DIODE                       1.500000    1.677079   -0.177079 (VIOLATED)
ANTENNA_326/DIODE                       1.500000    1.677008   -0.177008 (VIOLATED)
ANTENNA_321/DIODE                       1.500000    1.676902   -0.176902 (VIOLATED)
ANTENNA_320/DIODE                       1.500000    1.676880   -0.176880 (VIOLATED)
ANTENNA_318/DIODE                       1.500000    1.676872   -0.176872 (VIOLATED)
ANTENNA_327/DIODE                       1.500000    1.676578   -0.176578 (VIOLATED)
ANTENNA_324/DIODE                       1.500000    1.676205   -0.176205 (VIOLATED)
_6220_/A1                               1.500000    1.676104   -0.176104 (VIOLATED)
ANTENNA_mprj.team_06_Wrapper.team_06_WB.instance_to_wrap_gpio_oeb[7]/DIODE    1.500000    1.676040   -0.176040 (VIOLATED)
ANTENNA_325/DIODE                       1.500000    1.676031   -0.176031 (VIOLATED)
mprj.team_06_Wrapper.team_06_WB.instance_to_wrap/gpio_oeb[7]    1.500000    1.676024   -0.176024 (VIOLATED)
ANTENNA__6220__A1/DIODE                 1.500000    1.675996   -0.175996 (VIOLATED)
ANTENNA_323/DIODE                       1.500000    1.675922   -0.175922 (VIOLATED)
ANTENNA__4945__A2/DIODE                 1.500000    1.675035   -0.175035 (VIOLATED)
_4945_/A2                               1.500000    1.675031   -0.175031 (VIOLATED)
ANTENNA_330/DIODE                       1.500000    1.674999   -0.174999 (VIOLATED)
ANTENNA__4939__A0/DIODE                 1.500000    1.674984   -0.174984 (VIOLATED)
_4939_/A0                               1.500000    1.674896   -0.174896 (VIOLATED)
ANTENNA_331/DIODE                       1.500000    1.674425   -0.174425 (VIOLATED)
ANTENNA_mprj.team_01_Wrapper.team_01_WB.instance_to_wrap_DAT_O[17]/DIODE    1.500000    1.673489   -0.173489 (VIOLATED)
mprj.team_01_Wrapper.team_01_WB.instance_to_wrap/DAT_O[17]    1.500000    1.673459   -0.173459 (VIOLATED)
ANTENNA_mprj.team_01_Wrapper.team_01_WB.instance_to_wrap_DAT_O[23]/DIODE    1.500000    1.672461   -0.172461 (VIOLATED)
mprj.team_01_Wrapper.team_01_WB.instance_to_wrap/DAT_O[23]    1.500000    1.672446   -0.172446 (VIOLATED)
_7944_/A1                               1.500000    1.672084   -0.172084 (VIOLATED)
ANTENNA__7944__A1/DIODE                 1.500000    1.672040   -0.172040 (VIOLATED)
mprj.team_03_Wrapper.team_03_WB.instance_to_wrap/gpio_in[26]    1.500000    1.671708   -0.171709 (VIOLATED)
ANTENNA_mprj.team_03_Wrapper.team_03_WB.instance_to_wrap_gpio_in[26]/DIODE    1.500000    1.671379   -0.171379 (VIOLATED)
_7774_/A                                1.500000    1.670796   -0.170796 (VIOLATED)
ANTENNA__7774__A/DIODE                  1.500000    1.670772   -0.170773 (VIOLATED)
ANTENNA_267/DIODE                       1.500000    1.670765   -0.170765 (VIOLATED)
ANTENNA_266/DIODE                       1.500000    1.670735   -0.170735 (VIOLATED)
mprj.team_03_Wrapper.team_03_WB.instance_to_wrap/clk    1.500000    1.668938   -0.168938 (VIOLATED)
ANTENNA_mprj.team_03_Wrapper.team_03_WB.instance_to_wrap_clk/DIODE    1.500000    1.668753   -0.168753 (VIOLATED)
ANTENNA_121/DIODE                       1.500000    1.663746   -0.163747 (VIOLATED)
ANTENNA_mprj.team_02_Wrapper.team_02_WB.instance_to_wrap_gpio_out[14]/DIODE    1.500000    1.663303   -0.163303 (VIOLATED)
mprj.team_02_Wrapper.team_02_WB.instance_to_wrap/gpio_out[14]    1.500000    1.663276   -0.163276 (VIOLATED)
ANTENNA_mprj.team_06_Wrapper.team_06_WB.instance_to_wrap_gpio_in[10]/DIODE    1.500000    1.661975   -0.161975 (VIOLATED)
ANTENNA_clkbuf_1_1_1_wb_clk_i_X/DIODE    1.500000    1.661901   -0.161901 (VIOLATED)
clkbuf_1_1_1_wb_clk_i/X                 1.500000    1.661688   -0.161688 (VIOLATED)
ANTENNA__4941__A1/DIODE                 1.500000    1.660720   -0.160720 (VIOLATED)
ANTENNA_59/DIODE                        1.500000    1.660713   -0.160713 (VIOLATED)
ANTENNA__4947__A2/DIODE                 1.500000    1.660668   -0.160668 (VIOLATED)
_4941_/A1                               1.500000    1.660661   -0.160661 (VIOLATED)
_4947_/A2                               1.500000    1.660596   -0.160596 (VIOLATED)
ANTENNA_mprj.team_03_Wrapper.team_03_WB.instance_to_wrap_ADR_O[4]/DIODE    1.500000    1.660387   -0.160387 (VIOLATED)
mprj.team_03_Wrapper.team_03_WB.instance_to_wrap/ADR_O[4]    1.500000    1.660371   -0.160371 (VIOLATED)
mprj.team_02_Wrapper.team_02_WB.instance_to_wrap/gpio_in[30]    1.500000    1.657781   -0.157781 (VIOLATED)
mprj.team_12_Wrapper.team_12_WB.instance_to_wrap/gpio_in[14]    1.500000    1.657663   -0.157663 (VIOLATED)
ANTENNA_clkbuf_1_0_1_wb_clk_i_X/DIODE    1.500000    1.657640   -0.157640 (VIOLATED)
ANTENNA_mprj.team_12_Wrapper.team_12_WB.instance_to_wrap_gpio_in[14]/DIODE    1.500000    1.657600   -0.157600 (VIOLATED)
clkbuf_1_0_1_wb_clk_i/X                 1.500000    1.657544   -0.157544 (VIOLATED)
mprj.team_06_Wrapper.team_06_WB.instance_to_wrap/gpio_in[10]    1.500000    1.657108   -0.157108 (VIOLATED)
ANTENNA_mprj.team_01_Wrapper.team_01_WB.instance_to_wrap_ADR_O[16]/DIODE    1.500000    1.656863   -0.156863 (VIOLATED)
mprj.team_01_Wrapper.team_01_WB.instance_to_wrap/ADR_O[16]    1.500000    1.656863   -0.156863 (VIOLATED)
ANTENNA_mprj.team_02_Wrapper.team_02_WB.instance_to_wrap_gpio_in[30]/DIODE    1.500000    1.656709   -0.156709 (VIOLATED)
ANTENNA_283/DIODE                       1.500000    1.656230   -0.156230 (VIOLATED)
_7779_/A1                               1.500000    1.656209   -0.156209 (VIOLATED)
_7967_/A1                               1.500000    1.656189   -0.156189 (VIOLATED)
ANTENNA__7779__A1/DIODE                 1.500000    1.656183   -0.156183 (VIOLATED)
ANTENNA__7967__A1/DIODE                 1.500000    1.656133   -0.156133 (VIOLATED)
ANTENNA_275/DIODE                       1.500000    1.654794   -0.154794 (VIOLATED)
ANTENNA_mprj.team_06_Wrapper.team_06_WB.instance_to_wrap_gpio_oeb[22]/DIODE    1.500000    1.654378   -0.154379 (VIOLATED)
mprj.team_06_Wrapper.team_06_WB.instance_to_wrap/gpio_oeb[22]    1.500000    1.654376   -0.154376 (VIOLATED)
_4230_/A2                               1.500000    1.654304   -0.154304 (VIOLATED)
ANTENNA__4230__A2/DIODE                 1.500000    1.654291   -0.154291 (VIOLATED)
_7980_/B2                               1.500000    1.653963   -0.153963 (VIOLATED)
ANTENNA__7980__B2/DIODE                 1.500000    1.653945   -0.153945 (VIOLATED)
ANTENNA__5007__A1/DIODE                 1.500000    1.651873   -0.151873 (VIOLATED)
_5007_/A1                               1.500000    1.651866   -0.151866 (VIOLATED)
_5013_/A2                               1.500000    1.651816   -0.151816 (VIOLATED)
ANTENNA__5013__A2/DIODE                 1.500000    1.651783   -0.151783 (VIOLATED)
ANTENNA_mprj.team_04_Wrapper.team_04_WB.instance_to_wrap_gpio_in[13]/DIODE    1.500000    1.650946   -0.150946 (VIOLATED)
ANTENNA__4873__A1/DIODE                 1.500000    1.648831   -0.148831 (VIOLATED)
ANTENNA__4879__A2/DIODE                 1.500000    1.648821   -0.148821 (VIOLATED)
_4873_/A1                               1.500000    1.648788   -0.148788 (VIOLATED)
_4879_/A2                               1.500000    1.648785   -0.148785 (VIOLATED)
ANTENNA_mprj.team_03_Wrapper.team_03_WB.instance_to_wrap_DAT_O[15]/DIODE    1.500000    1.648549   -0.148549 (VIOLATED)
mprj.team_03_Wrapper.team_03_WB.instance_to_wrap/DAT_O[15]    1.500000    1.648547   -0.148547 (VIOLATED)
ANTENNA_mprj.team_06_Wrapper.team_06_WB.instance_to_wrap_gpio_out[21]/DIODE    1.500000    1.648108   -0.148108 (VIOLATED)
mprj.team_06_Wrapper.team_06_WB.instance_to_wrap/gpio_out[21]    1.500000    1.648068   -0.148068 (VIOLATED)
hold982/X                               1.499524    1.646388   -0.146864 (VIOLATED)
ANTENNA_hold982_X/DIODE                 1.500000    1.646391   -0.146391 (VIOLATED)
_4686_/A2                               1.500000    1.646121   -0.146121 (VIOLATED)
_4680_/A1                               1.500000    1.646088   -0.146089 (VIOLATED)
ANTENNA__4680__A1/DIODE                 1.500000    1.646076   -0.146076 (VIOLATED)
ANTENNA__4686__A2/DIODE                 1.500000    1.645933   -0.145933 (VIOLATED)
_4893_/A2                               1.500000    1.645682   -0.145682 (VIOLATED)
ANTENNA__4893__A2/DIODE                 1.500000    1.645680   -0.145680 (VIOLATED)
ANTENNA_60/DIODE                        1.500000    1.645600   -0.145600 (VIOLATED)
ANTENNA__4886__A1/DIODE                 1.500000    1.645527   -0.145527 (VIOLATED)
_4886_/A1                               1.500000    1.645518   -0.145518 (VIOLATED)
_6480_/A                                1.500000    1.645123   -0.145123 (VIOLATED)
ANTENNA__6480__A/DIODE                  1.500000    1.645118   -0.145118 (VIOLATED)
load_slew782/A                          1.500000    1.643992   -0.143992 (VIOLATED)
ANTENNA_mprj.team_07_Wrapper.team_07_WB.instance_to_wrap_gpio_out[9]/DIODE    1.500000    1.643576   -0.143576 (VIOLATED)
mprj.team_07_Wrapper.team_07_WB.instance_to_wrap/gpio_out[9]    1.500000    1.643576   -0.143576 (VIOLATED)
ANTENNA_mprj.team_06_Wrapper.team_06_WB.instance_to_wrap_gpio_oeb[24]/DIODE    1.500000    1.643448   -0.143448 (VIOLATED)
mprj.team_06_Wrapper.team_06_WB.instance_to_wrap/gpio_oeb[24]    1.500000    1.643434   -0.143434 (VIOLATED)
_6293_/B2                               1.500000    1.641837   -0.141837 (VIOLATED)
ANTENNA__6293__B2/DIODE                 1.500000    1.641802   -0.141802 (VIOLATED)
ANTENNA_load_slew782_A/DIODE            1.500000    1.641404   -0.141404 (VIOLATED)
_4474_/A1                               1.500000    1.641217   -0.141217 (VIOLATED)
ANTENNA__4474__A1/DIODE                 1.500000    1.641180   -0.141180 (VIOLATED)
ANTENNA__4480__A2/DIODE                 1.500000    1.641119   -0.141119 (VIOLATED)
_4480_/A2                               1.500000    1.641005   -0.141005 (VIOLATED)
mprj.team_12_Wrapper.team_12_WB.instance_to_wrap/gpio_in[1]    1.500000    1.640758   -0.140758 (VIOLATED)
ANTENNA_mprj.team_12_Wrapper.team_12_WB.instance_to_wrap_gpio_in[1]/DIODE    1.500000    1.640660   -0.140660 (VIOLATED)
ANTENNA_mprj.team_02_Wrapper.team_02_WB.instance_to_wrap_gpio_in[28]/DIODE    1.500000    1.640593   -0.140593 (VIOLATED)
ANTENNA_mprj.team_02_Wrapper.team_02_WB.instance_to_wrap_gpio_out[21]/DIODE    1.500000    1.640584   -0.140584 (VIOLATED)
mprj.team_02_Wrapper.team_02_WB.instance_to_wrap/gpio_out[21]    1.500000    1.640584   -0.140584 (VIOLATED)
clkbuf_regs_0_clk/A                     1.500000    1.639609   -0.139609 (VIOLATED)
ANTENNA_mprj.team_02_Wrapper.team_02_WB.instance_to_wrap_gpio_out[8]/DIODE    1.500000    1.638582   -0.138582 (VIOLATED)
mprj.team_02_Wrapper.team_02_WB.instance_to_wrap/gpio_out[8]    1.500000    1.638580   -0.138580 (VIOLATED)
ANTENNA_clkbuf_regs_0_clk_A/DIODE       1.500000    1.638099   -0.138099 (VIOLATED)
_4254_/A1                               1.500000    1.637688   -0.137688 (VIOLATED)
_4278_/A2                               1.500000    1.637665   -0.137665 (VIOLATED)
ANTENNA__4254__A1/DIODE                 1.500000    1.637655   -0.137656 (VIOLATED)
ANTENNA__4278__A2/DIODE                 1.500000    1.637604   -0.137604 (VIOLATED)
ANTENNA_mprj.team_07_Wrapper.team_07_WB.instance_to_wrap_gpio_out[16]/DIODE    1.500000    1.637568   -0.137568 (VIOLATED)
mprj.team_07_Wrapper.team_07_WB.instance_to_wrap/gpio_out[16]    1.500000    1.637568   -0.137568 (VIOLATED)
mprj.team_02_Wrapper.team_02_WB.instance_to_wrap/gpio_in[28]    1.500000    1.637400   -0.137400 (VIOLATED)
_4265_/A3                               1.500000    1.637283   -0.137283 (VIOLATED)
ANTENNA__4265__A3/DIODE                 1.500000    1.637134   -0.137134 (VIOLATED)
ANTENNA__4144__A1/DIODE                 1.500000    1.636959   -0.136959 (VIOLATED)
_4144_/A1                               1.500000    1.636936   -0.136936 (VIOLATED)
_4150_/A2                               1.500000    1.636858   -0.136858 (VIOLATED)
ANTENNA__4150__A2/DIODE                 1.500000    1.636851   -0.136852 (VIOLATED)
ANTENNA_mprj.team_08_Wrapper.team_08_WB.instance_to_wrap_gpio_in[25]/DIODE    1.500000    1.634457   -0.134457 (VIOLATED)
ANTENNA_mprj.team_01_Wrapper.team_01_WB.instance_to_wrap_DAT_O[6]/DIODE    1.500000    1.630258   -0.130258 (VIOLATED)
mprj.team_01_Wrapper.team_01_WB.instance_to_wrap/DAT_O[6]    1.500000    1.630258   -0.130258 (VIOLATED)
ANTENNA__4449__A0/DIODE                 1.500000    1.630157   -0.130158 (VIOLATED)
_4449_/A0                               1.500000    1.630132   -0.130132 (VIOLATED)
ANTENNA__4455__A2/DIODE                 1.500000    1.630075   -0.130075 (VIOLATED)
_4455_/A2                               1.500000    1.630012   -0.130012 (VIOLATED)
_7983_/A1                               1.500000    1.628878   -0.128879 (VIOLATED)
ANTENNA__7983__A1/DIODE                 1.500000    1.628860   -0.128860 (VIOLATED)
ANTENNA__4169__A0/DIODE                 1.500000    1.628389   -0.128389 (VIOLATED)
_4169_/A0                               1.500000    1.628386   -0.128387 (VIOLATED)
_4175_/A2                               1.500000    1.628382   -0.128382 (VIOLATED)
ANTENNA__4175__A2/DIODE                 1.500000    1.628375   -0.128375 (VIOLATED)
mprj.team_08_Wrapper.team_08_WB.instance_to_wrap/gpio_in[25]    1.500000    1.625824   -0.125824 (VIOLATED)
ANTENNA_35/DIODE                        1.500000    1.625432   -0.125432 (VIOLATED)
ANTENNA__4380__A1/DIODE                 1.500000    1.625412   -0.125412 (VIOLATED)
_4380_/A1                               1.500000    1.625396   -0.125396 (VIOLATED)
_4386_/A2                               1.500000    1.625339   -0.125339 (VIOLATED)
ANTENNA__4386__A2/DIODE                 1.500000    1.625332   -0.125332 (VIOLATED)
ANTENNA_mprj.team_01_Wrapper.team_01_WB.instance_to_wrap_ADR_O[24]/DIODE    1.500000    1.624091   -0.124091 (VIOLATED)
mprj.team_01_Wrapper.team_01_WB.instance_to_wrap/ADR_O[24]    1.500000    1.624091   -0.124091 (VIOLATED)
_7769_/A1                               1.500000    1.621843   -0.121843 (VIOLATED)
ANTENNA__7769__A1/DIODE                 1.500000    1.621821   -0.121821 (VIOLATED)
ANTENNA__4575__A2/DIODE                 1.500000    1.621181   -0.121181 (VIOLATED)
ANTENNA__4569__A1/DIODE                 1.500000    1.621169   -0.121170 (VIOLATED)
_4575_/A2                               1.500000    1.621165   -0.121165 (VIOLATED)
ANTENNA_53/DIODE                        1.500000    1.621140   -0.121140 (VIOLATED)
_4569_/A1                               1.500000    1.621077   -0.121077 (VIOLATED)
mprj.team_04_Wrapper.team_04_WB.instance_to_wrap/gpio_in[13]    1.500000    1.620271   -0.120271 (VIOLATED)
ANTENNA__6374__C/DIODE                  1.500000    1.616240   -0.116240 (VIOLATED)
_6374_/C                                1.500000    1.616232   -0.116232 (VIOLATED)
ANTENNA_mprj.team_06_Wrapper.team_06_WB.instance_to_wrap_gpio_out[16]/DIODE    1.500000    1.615367   -0.115367 (VIOLATED)
mprj.team_06_Wrapper.team_06_WB.instance_to_wrap/gpio_out[16]    1.500000    1.615367   -0.115367 (VIOLATED)
mprj.team_06_Wrapper.team_06_WB.instance_to_wrap/gpio_in[29]    1.500000    1.612122   -0.112122 (VIOLATED)
ANTENNA_mprj.team_06_Wrapper.team_06_WB.instance_to_wrap_gpio_oeb[21]/DIODE    1.500000    1.611141   -0.111141 (VIOLATED)
mprj.team_06_Wrapper.team_06_WB.instance_to_wrap/gpio_oeb[21]    1.500000    1.611131   -0.111131 (VIOLATED)
ANTENNA_mprj.team_04_Wrapper.team_04_WB.instance_to_wrap_gpio_in[19]/DIODE    1.500000    1.609237   -0.109238 (VIOLATED)
mprj.team_04_Wrapper.team_04_WB.instance_to_wrap/gpio_in[19]    1.500000    1.609084   -0.109084 (VIOLATED)
ANTENNA_mprj.team_06_Wrapper.team_06_WB.instance_to_wrap_gpio_in[29]/DIODE    1.500000    1.607615   -0.107615 (VIOLATED)
ANTENNA_mprj.team_01_Wrapper.team_01_WB.instance_to_wrap_gpio_in[26]/DIODE    1.500000    1.607553   -0.107553 (VIOLATED)
_6542_/A1                               1.500000    1.606114   -0.106114 (VIOLATED)
ANTENNA__6542__A1/DIODE                 1.500000    1.605959   -0.105959 (VIOLATED)
ANTENNA_mprj.team_02_Wrapper.team_02_WB.instance_to_wrap_gpio_out[9]/DIODE    1.500000    1.605105   -0.105105 (VIOLATED)
mprj.team_02_Wrapper.team_02_WB.instance_to_wrap/gpio_out[9]    1.500000    1.605105   -0.105105 (VIOLATED)
ANTENNA_mprj.team_01_Wrapper.team_01_WB.instance_to_wrap_DAT_O[7]/DIODE    1.500000    1.604881   -0.104881 (VIOLATED)
mprj.team_01_Wrapper.team_01_WB.instance_to_wrap/DAT_O[7]    1.500000    1.604881   -0.104881 (VIOLATED)
_4118_/A1                               1.500000    1.603720   -0.103720 (VIOLATED)
ANTENNA_mprj.team_03_Wrapper.team_03_WB.instance_to_wrap_DAT_O[27]/DIODE    1.500000    1.603701   -0.103701 (VIOLATED)
mprj.team_03_Wrapper.team_03_WB.instance_to_wrap/DAT_O[27]    1.500000    1.603686   -0.103687 (VIOLATED)
ANTENNA__4118__A1/DIODE                 1.500000    1.603685   -0.103685 (VIOLATED)
ANTENNA__4126__A2/DIODE                 1.500000    1.603666   -0.103666 (VIOLATED)
_4126_/A2                               1.500000    1.603607   -0.103607 (VIOLATED)
ANTENNA_mprj.team_03_Wrapper.team_03_WB.instance_to_wrap_ADR_O[16]/DIODE    1.500000    1.602517   -0.102517 (VIOLATED)
mprj.team_03_Wrapper.team_03_WB.instance_to_wrap/ADR_O[16]    1.500000    1.602442   -0.102442 (VIOLATED)
_4363_/A2                               1.500000    1.602415   -0.102415 (VIOLATED)
_4357_/A1                               1.500000    1.602414   -0.102414 (VIOLATED)
ANTENNA__4357__A1/DIODE                 1.500000    1.602394   -0.102394 (VIOLATED)
ANTENNA__4363__A2/DIODE                 1.500000    1.602386   -0.102387 (VIOLATED)
ANTENNA_653/DIODE                       1.500000    1.601171   -0.101171 (VIOLATED)
hold1694/A                              1.500000    1.601103   -0.101103 (VIOLATED)
ANTENNA_hold1694_A/DIODE                1.500000    1.601043   -0.101043 (VIOLATED)
output154/A                             1.500000    1.600167   -0.100167 (VIOLATED)
ANTENNA_output154_A/DIODE               1.500000    1.599953   -0.099953 (VIOLATED)
ANTENNA_mprj.team_05_Wrapper.team_05_WB.instance_to_wrap_gpio_in[18]/DIODE    1.500000    1.599557   -0.099557 (VIOLATED)
mprj.team_05_Wrapper.team_05_WB.instance_to_wrap/gpio_in[18]    1.500000    1.599302   -0.099302 (VIOLATED)
mprj.team_01_Wrapper.team_01_WB.instance_to_wrap/gpio_in[26]    1.500000    1.598606   -0.098606 (VIOLATED)
ANTENNA_mprj.team_01_Wrapper.team_01_WB.instance_to_wrap_DAT_O[27]/DIODE    1.500000    1.598201   -0.098201 (VIOLATED)
mprj.team_01_Wrapper.team_01_WB.instance_to_wrap/DAT_O[27]    1.500000    1.598201   -0.098201 (VIOLATED)
ANTENNA_mprj.team_03_Wrapper.team_03_WB.instance_to_wrap_ADR_O[20]/DIODE    1.500000    1.597465   -0.097465 (VIOLATED)
mprj.team_03_Wrapper.team_03_WB.instance_to_wrap/ADR_O[20]    1.500000    1.597465   -0.097465 (VIOLATED)
ANTENNA_mprj.team_03_Wrapper.team_03_WB.instance_to_wrap_DAT_O[8]/DIODE    1.500000    1.594903   -0.094903 (VIOLATED)
mprj.team_03_Wrapper.team_03_WB.instance_to_wrap/DAT_O[8]    1.500000    1.594885   -0.094885 (VIOLATED)
ANTENNA__4567__A0/DIODE                 1.500000    1.590953   -0.090953 (VIOLATED)
_4567_/A0                               1.500000    1.590953   -0.090953 (VIOLATED)
ANTENNA__4573__A2/DIODE                 1.500000    1.590682   -0.090682 (VIOLATED)
_4573_/A2                               1.500000    1.590631   -0.090631 (VIOLATED)
_6519_/A1                               1.500000    1.589699   -0.089699 (VIOLATED)
ANTENNA__6519__A1/DIODE                 1.500000    1.589669   -0.089669 (VIOLATED)
_8011_/A                                1.500000    1.589274   -0.089274 (VIOLATED)
ANTENNA__8011__A/DIODE                  1.500000    1.589265   -0.089265 (VIOLATED)
_6917_/A1                               1.500000    1.588024   -0.088024 (VIOLATED)
ANTENNA__6917__A1/DIODE                 1.500000    1.587991   -0.087992 (VIOLATED)
_6291_/B2                               1.500000    1.586664   -0.086664 (VIOLATED)
_4375_/A2                               1.500000    1.586641   -0.086641 (VIOLATED)
ANTENNA__4375__A2/DIODE                 1.500000    1.586598   -0.086598 (VIOLATED)
ANTENNA__6291__B2/DIODE                 1.500000    1.586589   -0.086590 (VIOLATED)
_4369_/A1                               1.500000    1.586574   -0.086574 (VIOLATED)
ANTENNA__4369__A1/DIODE                 1.500000    1.586499   -0.086499 (VIOLATED)
hold1744/X                              1.499524    1.582931   -0.083407 (VIOLATED)
ANTENNA_mprj.team_01_Wrapper.team_01_WB.instance_to_wrap_DAT_O[9]/DIODE    1.500000    1.582989   -0.082990 (VIOLATED)
mprj.team_01_Wrapper.team_01_WB.instance_to_wrap/DAT_O[9]    1.500000    1.582989   -0.082990 (VIOLATED)
ANTENNA_hold1744_X/DIODE                1.500000    1.582934   -0.082934 (VIOLATED)
mprj.team_11_Wrapper.team_11_WB.instance_to_wrap/gpio_in[3]    1.500000    1.581158   -0.081158 (VIOLATED)
ANTENNA_mprj.team_06_Wrapper.team_06_WB.instance_to_wrap_gpio_oeb[14]/DIODE    1.500000    1.580961   -0.080962 (VIOLATED)
mprj.team_06_Wrapper.team_06_WB.instance_to_wrap/gpio_oeb[14]    1.500000    1.580902   -0.080902 (VIOLATED)
_8056_/B2                               1.500000    1.579592   -0.079592 (VIOLATED)
ANTENNA__8056__B2/DIODE                 1.500000    1.579546   -0.079546 (VIOLATED)
_4823_/A2                               1.500000    1.578610   -0.078610 (VIOLATED)
ANTENNA__4817__A0/DIODE                 1.500000    1.578601   -0.078601 (VIOLATED)
ANTENNA__4823__A2/DIODE                 1.500000    1.578594   -0.078594 (VIOLATED)
ANTENNA_50/DIODE                        1.500000    1.578589   -0.078589 (VIOLATED)
_4817_/A0                               1.500000    1.578459   -0.078459 (VIOLATED)
ANTENNA_mprj.team_09_Wrapper.team_09_WB.instance_to_wrap_gpio_out[0]/DIODE    1.500000    1.577717   -0.077717 (VIOLATED)
mprj.team_09_Wrapper.team_09_WB.instance_to_wrap/gpio_out[0]    1.500000    1.577717   -0.077717 (VIOLATED)
ANTENNA_mprj.team_08_Wrapper.team_08_WB.instance_to_wrap_gpio_in[26]/DIODE    1.500000    1.577680   -0.077680 (VIOLATED)
ANTENNA_mprj.team_02_Wrapper.team_02_WB.instance_to_wrap_gpio_out[22]/DIODE    1.500000    1.577517   -0.077517 (VIOLATED)
mprj.team_02_Wrapper.team_02_WB.instance_to_wrap/gpio_out[22]    1.500000    1.577517   -0.077517 (VIOLATED)
ANTENNA_119/DIODE                       1.500000    1.575699   -0.075700 (VIOLATED)
_7936_/A1                               1.500000    1.575655   -0.075655 (VIOLATED)
ANTENNA__6191__A/DIODE                  1.500000    1.575651   -0.075651 (VIOLATED)
_6191_/A                                1.500000    1.575647   -0.075647 (VIOLATED)
ANTENNA__7936__A1/DIODE                 1.500000    1.575605   -0.075605 (VIOLATED)
ANTENNA_mprj.team_03_Wrapper.team_03_WB.instance_to_wrap_DAT_O[22]/DIODE    1.500000    1.575369   -0.075369 (VIOLATED)
mprj.team_03_Wrapper.team_03_WB.instance_to_wrap/DAT_O[22]    1.500000    1.575369   -0.075369 (VIOLATED)
_6736_/A1                               1.500000    1.571407   -0.071407 (VIOLATED)
ANTENNA__6736__A1/DIODE                 1.500000    1.571385   -0.071385 (VIOLATED)
ANTENNA_mprj.team_04_Wrapper.team_04_WB.instance_to_wrap_gpio_out[3]/DIODE    1.500000    1.566333   -0.066333 (VIOLATED)
mprj.team_04_Wrapper.team_04_WB.instance_to_wrap/gpio_out[3]    1.500000    1.566333   -0.066333 (VIOLATED)
ANTENNA_mprj.team_02_Wrapper.team_02_WB.instance_to_wrap_gpio_out[10]/DIODE    1.500000    1.566246   -0.066246 (VIOLATED)
mprj.team_02_Wrapper.team_02_WB.instance_to_wrap/gpio_out[10]    1.500000    1.566234   -0.066234 (VIOLATED)
mprj.team_08_Wrapper.team_08_WB.instance_to_wrap/gpio_in[26]    1.500000    1.563393   -0.063393 (VIOLATED)
_4397_/A2                               1.500000    1.563274   -0.063274 (VIOLATED)
_4391_/A1                               1.500000    1.563258   -0.063258 (VIOLATED)
ANTENNA__4397__A2/DIODE                 1.500000    1.563229   -0.063229 (VIOLATED)
ANTENNA__4391__A1/DIODE                 1.500000    1.563148   -0.063148 (VIOLATED)
_8016_/A1                               1.500000    1.562314   -0.062314 (VIOLATED)
ANTENNA__8016__A1/DIODE                 1.500000    1.562300   -0.062300 (VIOLATED)
mprj.team_12_Wrapper.team_12_WB.instance_to_wrap/gpio_in[31]    1.500000    1.560597   -0.060597 (VIOLATED)
ANTENNA_mprj.team_12_Wrapper.team_12_WB.instance_to_wrap_gpio_in[31]/DIODE    1.500000    1.560585   -0.060585 (VIOLATED)
_4408_/A2                               1.500000    1.560032   -0.060032 (VIOLATED)
_4402_/A1                               1.500000    1.560021   -0.060021 (VIOLATED)
ANTENNA__4402__A1/DIODE                 1.500000    1.560000   -0.060000 (VIOLATED)
ANTENNA__4408__A2/DIODE                 1.500000    1.559936   -0.059936 (VIOLATED)
ANTENNA_mprj.team_03_Wrapper.team_03_WB.instance_to_wrap_DAT_O[26]/DIODE    1.500000    1.558513   -0.058513 (VIOLATED)
mprj.team_03_Wrapper.team_03_WB.instance_to_wrap/DAT_O[26]    1.500000    1.558480   -0.058480 (VIOLATED)
ANTENNA_mprj.team_06_Wrapper.team_06_WB.instance_to_wrap_gpio_oeb[15]/DIODE    1.500000    1.555660   -0.055660 (VIOLATED)
mprj.team_06_Wrapper.team_06_WB.instance_to_wrap/gpio_oeb[15]    1.500000    1.555660   -0.055660 (VIOLATED)
ANTENNA_mprj.team_06_Wrapper.team_06_WB.instance_to_wrap_gpio_out[25]/DIODE    1.500000    1.553675   -0.053675 (VIOLATED)
mprj.team_06_Wrapper.team_06_WB.instance_to_wrap/gpio_out[25]    1.500000    1.553675   -0.053675 (VIOLATED)
ANTENNA__4205__A1/DIODE                 1.500000    1.553476   -0.053476 (VIOLATED)
_4205_/A1                               1.500000    1.553469   -0.053469 (VIOLATED)
ANTENNA__4212__A2/DIODE                 1.500000    1.553399   -0.053399 (VIOLATED)
_4212_/A2                               1.500000    1.553373   -0.053373 (VIOLATED)
ANTENNA_mprj.team_11_Wrapper.team_11_WB.instance_to_wrap_gpio_in[3]/DIODE    1.500000    1.553328   -0.053328 (VIOLATED)
ANTENNA_mprj.team_03_Wrapper.team_03_WB.instance_to_wrap_DAT_O[5]/DIODE    1.500000    1.552932   -0.052932 (VIOLATED)
mprj.team_03_Wrapper.team_03_WB.instance_to_wrap/DAT_O[5]    1.500000    1.552927   -0.052927 (VIOLATED)
_4908_/A2                               1.500000    1.552664   -0.052664 (VIOLATED)
ANTENNA__4902__A1/DIODE                 1.500000    1.552662   -0.052662 (VIOLATED)
ANTENNA__4908__A2/DIODE                 1.500000    1.552655   -0.052655 (VIOLATED)
_4902_/A1                               1.500000    1.552645   -0.052645 (VIOLATED)
ANTENNA__4330__A2/DIODE                 1.500000    1.552520   -0.052520 (VIOLATED)
_4330_/A2                               1.500000    1.552518   -0.052518 (VIOLATED)
_4324_/A1                               1.500000    1.552357   -0.052357 (VIOLATED)
ANTENNA__4324__A1/DIODE                 1.500000    1.552346   -0.052346 (VIOLATED)
ANTENNA_mprj.team_03_Wrapper.team_03_WB.instance_to_wrap_DAT_O[17]/DIODE    1.500000    1.551849   -0.051849 (VIOLATED)
mprj.team_03_Wrapper.team_03_WB.instance_to_wrap/DAT_O[17]    1.500000    1.551831   -0.051831 (VIOLATED)
ANTENNA_mprj.team_09_Wrapper.team_09_WB.instance_to_wrap_gpio_in[8]/DIODE    1.500000    1.550346   -0.050346 (VIOLATED)
mprj.team_09_Wrapper.team_09_WB.instance_to_wrap/gpio_in[8]    1.500000    1.550280   -0.050280 (VIOLATED)
ANTENNA_523/DIODE                       1.500000    1.549656   -0.049656 (VIOLATED)
ANTENNA_520/DIODE                       1.500000    1.549650   -0.049650 (VIOLATED)
ANTENNA_517/DIODE                       1.500000    1.549641   -0.049641 (VIOLATED)
ANTENNA_519/DIODE                       1.500000    1.549596   -0.049596 (VIOLATED)
_4378_/A1                               1.500000    1.549582   -0.049583 (VIOLATED)
ANTENNA__4378__A1/DIODE                 1.500000    1.549561   -0.049561 (VIOLATED)
ANTENNA_522/DIODE                       1.500000    1.549530   -0.049530 (VIOLATED)
ANTENNA_525/DIODE                       1.500000    1.549467   -0.049467 (VIOLATED)
ANTENNA_515/DIODE                       1.500000    1.549369   -0.049369 (VIOLATED)
ANTENNA_518/DIODE                       1.500000    1.549333   -0.049333 (VIOLATED)
ANTENNA_516/DIODE                       1.500000    1.549298   -0.049298 (VIOLATED)
ANTENNA_521/DIODE                       1.500000    1.549193   -0.049193 (VIOLATED)
ANTENNA_524/DIODE                       1.500000    1.549116   -0.049116 (VIOLATED)
mprj.team_05_Wrapper.team_05_WB.instance_to_wrap/gpio_in[31]    1.500000    1.548606   -0.048606 (VIOLATED)
ANTENNA_mprj.team_05_Wrapper.team_05_WB.instance_to_wrap_gpio_in[31]/DIODE    1.500000    1.548493   -0.048493 (VIOLATED)
_7740_/A1                               1.500000    1.543378   -0.043378 (VIOLATED)
ANTENNA__7740__A1/DIODE                 1.500000    1.543368   -0.043368 (VIOLATED)
ANTENNA_mprj.team_03_Wrapper.team_03_WB.instance_to_wrap_ADR_O[29]/DIODE    1.500000    1.542797   -0.042797 (VIOLATED)
mprj.team_03_Wrapper.team_03_WB.instance_to_wrap/ADR_O[29]    1.500000    1.542751   -0.042751 (VIOLATED)
_4341_/A2                               1.500000    1.542361   -0.042361 (VIOLATED)
ANTENNA__4341__A2/DIODE                 1.500000    1.542318   -0.042318 (VIOLATED)
ANTENNA_mprj.team_01_Wrapper.team_01_WB.instance_to_wrap_DAT_O[21]/DIODE    1.500000    1.542317   -0.042317 (VIOLATED)
mprj.team_01_Wrapper.team_01_WB.instance_to_wrap/DAT_O[21]    1.500000    1.542317   -0.042317 (VIOLATED)
_4335_/A1                               1.500000    1.542293   -0.042293 (VIOLATED)
ANTENNA__4335__A1/DIODE                 1.500000    1.542180   -0.042180 (VIOLATED)
mprj.team_03_Wrapper.team_03_WB.instance_to_wrap/gpio_in[19]    1.500000    1.542105   -0.042105 (VIOLATED)
ANTENNA_mprj.team_03_Wrapper.team_03_WB.instance_to_wrap_gpio_in[19]/DIODE    1.500000    1.541531   -0.041531 (VIOLATED)
ANTENNA_mprj.team_01_Wrapper.team_01_WB.instance_to_wrap_gpio_out[2]/DIODE    1.500000    1.540644   -0.040644 (VIOLATED)
mprj.team_01_Wrapper.team_01_WB.instance_to_wrap/gpio_out[2]    1.500000    1.540644   -0.040644 (VIOLATED)
ANTENNA_mprj.team_03_Wrapper.team_03_WB.instance_to_wrap_ADR_O[10]/DIODE    1.500000    1.538110   -0.038110 (VIOLATED)
mprj.team_03_Wrapper.team_03_WB.instance_to_wrap/ADR_O[10]    1.500000    1.538067   -0.038067 (VIOLATED)
ANTENNA_mprj.team_06_Wrapper.team_06_WB.instance_to_wrap_gpio_out[6]/DIODE    1.500000    1.535685   -0.035685 (VIOLATED)
mprj.team_06_Wrapper.team_06_WB.instance_to_wrap/gpio_out[6]    1.500000    1.535685   -0.035685 (VIOLATED)
ANTENNA_mprj.team_08_Wrapper.team_08_WB.instance_to_wrap_gpio_in[20]/DIODE    1.500000    1.535632   -0.035632 (VIOLATED)
mprj.team_02_Wrapper.team_02_WB.instance_to_wrap/gpio_in[18]    1.500000    1.534825   -0.034825 (VIOLATED)
ANTENNA_mprj.team_02_Wrapper.team_02_WB.instance_to_wrap_gpio_in[18]/DIODE    1.500000    1.534728   -0.034728 (VIOLATED)
ANTENNA_mprj.team_01_Wrapper.team_01_WB.instance_to_wrap_DAT_O[22]/DIODE    1.500000    1.532822   -0.032822 (VIOLATED)
mprj.team_01_Wrapper.team_01_WB.instance_to_wrap/DAT_O[22]    1.500000    1.532822   -0.032822 (VIOLATED)
_4445_/A2                               1.500000    1.532411   -0.032411 (VIOLATED)
ANTENNA__4445__A2/DIODE                 1.500000    1.532383   -0.032383 (VIOLATED)
_4439_/A1                               1.500000    1.532354   -0.032355 (VIOLATED)
ANTENNA__4439__A1/DIODE                 1.500000    1.532270   -0.032270 (VIOLATED)
ANTENNA_38/DIODE                        1.500000    1.532219   -0.032219 (VIOLATED)
ANTENNA_mprj.team_02_Wrapper.team_02_WB.instance_to_wrap_gpio_in[27]/DIODE    1.500000    1.532189   -0.032189 (VIOLATED)
ANTENNA_mprj.team_05_Wrapper.team_05_WB.instance_to_wrap_gpio_out[3]/DIODE    1.500000    1.531111   -0.031111 (VIOLATED)
mprj.team_05_Wrapper.team_05_WB.instance_to_wrap/gpio_out[3]    1.500000    1.531101   -0.031101 (VIOLATED)
ANTENNA_mprj.team_03_Wrapper.team_03_WB.instance_to_wrap_DAT_O[13]/DIODE    1.500000    1.530985   -0.030985 (VIOLATED)
mprj.team_03_Wrapper.team_03_WB.instance_to_wrap/DAT_O[13]    1.500000    1.530980   -0.030980 (VIOLATED)
ANTENNA_mprj.team_03_Wrapper.team_03_WB.instance_to_wrap_ADR_O[0]/DIODE    1.500000    1.530674   -0.030674 (VIOLATED)
mprj.team_03_Wrapper.team_03_WB.instance_to_wrap/ADR_O[0]    1.500000    1.530663   -0.030663 (VIOLATED)
_4981_/A1                               1.500000    1.530006   -0.030006 (VIOLATED)
ANTENNA__4981__A1/DIODE                 1.500000    1.529968   -0.029968 (VIOLATED)
ANTENNA__4987__A2/DIODE                 1.500000    1.529898   -0.029898 (VIOLATED)
_4987_/A2                               1.500000    1.529841   -0.029841 (VIOLATED)
ANTENNA_mprj.team_06_Wrapper.team_06_WB.instance_to_wrap_gpio_oeb[9]/DIODE    1.500000    1.528639   -0.028639 (VIOLATED)
mprj.team_06_Wrapper.team_06_WB.instance_to_wrap/gpio_oeb[9]    1.500000    1.528551   -0.028551 (VIOLATED)
ANTENNA_mprj.team_05_Wrapper.team_05_WB.instance_to_wrap_gpio_out[7]/DIODE    1.500000    1.526875   -0.026875 (VIOLATED)
mprj.team_05_Wrapper.team_05_WB.instance_to_wrap/gpio_out[7]    1.500000    1.526868   -0.026869 (VIOLATED)
_6345_/A3                               1.500000    1.526331   -0.026331 (VIOLATED)
ANTENNA__6345__A3/DIODE                 1.500000    1.526318   -0.026318 (VIOLATED)
mprj.team_08_Wrapper.team_08_WB.instance_to_wrap/gpio_in[20]    1.500000    1.524504   -0.024504 (VIOLATED)
ANTENNA__5018__A0/DIODE                 1.500000    1.524394   -0.024394 (VIOLATED)
_5018_/A0                               1.500000    1.524388   -0.024388 (VIOLATED)
ANTENNA__5024__A2/DIODE                 1.500000    1.524344   -0.024344 (VIOLATED)
_5024_/A2                               1.500000    1.524337   -0.024337 (VIOLATED)
_7980_/A1                               1.500000    1.523228   -0.023228 (VIOLATED)
ANTENNA__7980__A1/DIODE                 1.500000    1.523201   -0.023201 (VIOLATED)
_6700_/A                                1.500000    1.521407   -0.021407 (VIOLATED)
ANTENNA__6700__A/DIODE                  1.500000    1.521374   -0.021374 (VIOLATED)
ANTENNA_mprj.team_01_Wrapper.team_01_WB.instance_to_wrap_ADR_O[4]/DIODE    1.500000    1.521272   -0.021272 (VIOLATED)
mprj.team_01_Wrapper.team_01_WB.instance_to_wrap/ADR_O[4]    1.500000    1.521261   -0.021261 (VIOLATED)
ANTENNA_mprj.team_08_Wrapper.team_08_WB.instance_to_wrap_gpio_out[28]/DIODE    1.500000    1.521260   -0.021260 (VIOLATED)
mprj.team_08_Wrapper.team_08_WB.instance_to_wrap/gpio_out[28]    1.500000    1.521260   -0.021260 (VIOLATED)
ANTENNA_mprj.team_06_Wrapper.team_06_WB.instance_to_wrap_gpio_oeb[16]/DIODE    1.500000    1.519836   -0.019836 (VIOLATED)
mprj.team_06_Wrapper.team_06_WB.instance_to_wrap/gpio_oeb[16]    1.500000    1.519755   -0.019755 (VIOLATED)
ANTENNA_mprj.team_08_Wrapper.team_08_WB.instance_to_wrap_gpio_out[7]/DIODE    1.500000    1.518986   -0.018986 (VIOLATED)
mprj.team_08_Wrapper.team_08_WB.instance_to_wrap/gpio_out[7]    1.500000    1.518910   -0.018910 (VIOLATED)
mprj.team_02_Wrapper.team_02_WB.instance_to_wrap/gpio_in[27]    1.500000    1.518714   -0.018714 (VIOLATED)
ANTENNA_mprj.team_03_Wrapper.team_03_WB.instance_to_wrap_ADR_O[19]/DIODE    1.500000    1.518394   -0.018394 (VIOLATED)
mprj.team_03_Wrapper.team_03_WB.instance_to_wrap/ADR_O[19]    1.500000    1.518394   -0.018394 (VIOLATED)
ANTENNA_mprj.team_07_Wrapper.team_07_WB.instance_to_wrap_gpio_out[17]/DIODE    1.500000    1.515984   -0.015984 (VIOLATED)
mprj.team_07_Wrapper.team_07_WB.instance_to_wrap/gpio_out[17]    1.500000    1.515984   -0.015984 (VIOLATED)
_4707_/A1                               1.500000    1.515199   -0.015199 (VIOLATED)
ANTENNA__4707__A1/DIODE                 1.500000    1.515177   -0.015177 (VIOLATED)
_4292_/A2                               1.500000    1.514993   -0.014993 (VIOLATED)
ANTENNA__4292__A2/DIODE                 1.500000    1.514987   -0.014987 (VIOLATED)
_4714_/B                                1.500000    1.514964   -0.014964 (VIOLATED)
_4286_/A1                               1.500000    1.514953   -0.014953 (VIOLATED)
ANTENNA__4714__B/DIODE                  1.500000    1.514952   -0.014952 (VIOLATED)
ANTENNA__4286__A1/DIODE                 1.500000    1.514882   -0.014882 (VIOLATED)
ANTENNA_mprj.team_11_Wrapper.team_11_WB.instance_to_wrap_gpio_out[18]/DIODE    1.500000    1.511733   -0.011733 (VIOLATED)
mprj.team_11_Wrapper.team_11_WB.instance_to_wrap/gpio_out[18]    1.500000    1.511733   -0.011733 (VIOLATED)
ANTENNA_mprj.team_03_Wrapper.team_03_WB.instance_to_wrap_DAT_O[25]/DIODE    1.500000    1.511018   -0.011018 (VIOLATED)
mprj.team_03_Wrapper.team_03_WB.instance_to_wrap/DAT_O[25]    1.500000    1.511018   -0.011018 (VIOLATED)
mprj.team_10_Wrapper.team_10_WB.instance_to_wrap/gpio_in[21]    1.500000    1.509275   -0.009275 (VIOLATED)
ANTENNA_mprj.team_06_Wrapper.team_06_WB.instance_to_wrap_gpio_out[8]/DIODE    1.500000    1.508386   -0.008386 (VIOLATED)
mprj.team_06_Wrapper.team_06_WB.instance_to_wrap/gpio_out[8]    1.500000    1.508386   -0.008386 (VIOLATED)
ANTENNA_mprj.team_02_Wrapper.team_02_WB.instance_to_wrap_gpio_in[10]/DIODE    1.500000    1.506199   -0.006199 (VIOLATED)
ANTENNA_mprj.team_03_Wrapper.team_03_WB.instance_to_wrap_ADR_O[9]/DIODE    1.500000    1.503234   -0.003234 (VIOLATED)
mprj.team_03_Wrapper.team_03_WB.instance_to_wrap/ADR_O[9]    1.500000    1.503234   -0.003234 (VIOLATED)
ANTENNA_mprj.team_07_Wrapper.team_07_WB.instance_to_wrap_gpio_in[0]/DIODE    1.500000    1.501292   -0.001292 (VIOLATED)
mprj.team_07_Wrapper.team_07_WB.instance_to_wrap/gpio_in[0]    1.500000    1.501202   -0.001202 (VIOLATED)
ANTENNA_mprj.team_10_Wrapper.team_10_WB.instance_to_wrap_gpio_in[21]/DIODE    1.500000    1.501134   -0.001134 (VIOLATED)

max fanout

Pin                                   Limit Fanout  Slack
---------------------------------------------------------
clkbuf_5_22_0_wb_clk_i_regs/X            10     31    -21 (VIOLATED)
clkbuf_5_12_0_wb_clk_i_regs/X            10     29    -19 (VIOLATED)
clkbuf_5_17_0_wb_clk_i_regs/X            10     29    -19 (VIOLATED)
clkbuf_5_23_0_wb_clk_i_regs/X            10     29    -19 (VIOLATED)
clkbuf_5_20_0_wb_clk_i_regs/X            10     25    -15 (VIOLATED)
hold29/X                                 10     25    -15 (VIOLATED)
mprj.team_09_Wrapper.team_09_WB.instance_to_wrap/gpio_oeb[12]     10     25    -15 (VIOLATED)
clkbuf_5_13_0_wb_clk_i_regs/X            10     23    -13 (VIOLATED)
clkbuf_5_16_0_wb_clk_i_regs/X            10     23    -13 (VIOLATED)
clkbuf_5_26_0_wb_clk_i_regs/X            10     23    -13 (VIOLATED)
clkbuf_5_4_0_wb_clk_i_regs/X             10     23    -13 (VIOLATED)
clkbuf_5_5_0_wb_clk_i_regs/X             10     23    -13 (VIOLATED)
clkbuf_5_6_0_wb_clk_i_regs/X             10     23    -13 (VIOLATED)
clkbuf_5_7_0_wb_clk_i_regs/X             10     23    -13 (VIOLATED)
fanout539/X                              10     23    -13 (VIOLATED)
hold8/X                                  10     23    -13 (VIOLATED)
fanout248/X                              10     22    -12 (VIOLATED)
fanout252/X                              10     22    -12 (VIOLATED)
fanout266/X                              10     22    -12 (VIOLATED)
fanout320/X                              10     22    -12 (VIOLATED)
fanout362/X                              10     22    -12 (VIOLATED)
fanout399/X                              10     22    -12 (VIOLATED)
fanout564/X                              10     22    -12 (VIOLATED)
fanout572/X                              10     22    -12 (VIOLATED)
fanout573/X                              10     22    -12 (VIOLATED)
fanout625/X                              10     22    -12 (VIOLATED)
_4075_/Y                                 10     21    -11 (VIOLATED)
_4168_/Y                                 10     21    -11 (VIOLATED)
_4270_/Y                                 10     21    -11 (VIOLATED)
_4305_/Y                                 10     21    -11 (VIOLATED)
_8561_/Q                                 10     21    -11 (VIOLATED)
_8580_/Q                                 10     21    -11 (VIOLATED)
_8622_/Q                                 10     21    -11 (VIOLATED)
_8652_/Q                                 10     21    -11 (VIOLATED)
_8664_/Q                                 10     21    -11 (VIOLATED)
_8847_/Q                                 10     21    -11 (VIOLATED)
_8848_/Q                                 10     21    -11 (VIOLATED)
fanout208/X                              10     21    -11 (VIOLATED)
fanout211/X                              10     21    -11 (VIOLATED)
fanout212/X                              10     21    -11 (VIOLATED)
fanout213/X                              10     21    -11 (VIOLATED)
fanout215/X                              10     21    -11 (VIOLATED)
fanout217/X                              10     21    -11 (VIOLATED)
fanout219/X                              10     21    -11 (VIOLATED)
fanout221/X                              10     21    -11 (VIOLATED)
fanout223/X                              10     21    -11 (VIOLATED)
fanout225/X                              10     21    -11 (VIOLATED)
fanout227/X                              10     21    -11 (VIOLATED)
fanout229/X                              10     21    -11 (VIOLATED)
fanout230/X                              10     21    -11 (VIOLATED)
fanout231/X                              10     21    -11 (VIOLATED)
fanout232/X                              10     21    -11 (VIOLATED)
fanout235/X                              10     21    -11 (VIOLATED)
fanout236/X                              10     21    -11 (VIOLATED)
fanout239/X                              10     21    -11 (VIOLATED)
fanout240/X                              10     21    -11 (VIOLATED)
fanout241/X                              10     21    -11 (VIOLATED)
fanout242/X                              10     21    -11 (VIOLATED)
fanout245/X                              10     21    -11 (VIOLATED)
fanout247/X                              10     21    -11 (VIOLATED)
fanout250/X                              10     21    -11 (VIOLATED)
fanout253/X                              10     21    -11 (VIOLATED)
fanout255/X                              10     21    -11 (VIOLATED)
fanout256/X                              10     21    -11 (VIOLATED)
fanout257/X                              10     21    -11 (VIOLATED)
fanout259/X                              10     21    -11 (VIOLATED)
fanout263/X                              10     21    -11 (VIOLATED)
fanout268/X                              10     21    -11 (VIOLATED)
fanout272/X                              10     21    -11 (VIOLATED)
fanout275/X                              10     21    -11 (VIOLATED)
fanout277/X                              10     21    -11 (VIOLATED)
fanout279/X                              10     21    -11 (VIOLATED)
fanout280/X                              10     21    -11 (VIOLATED)
fanout282/X                              10     21    -11 (VIOLATED)
fanout283/X                              10     21    -11 (VIOLATED)
fanout286/X                              10     21    -11 (VIOLATED)
fanout287/X                              10     21    -11 (VIOLATED)
fanout289/X                              10     21    -11 (VIOLATED)
fanout290/X                              10     21    -11 (VIOLATED)
fanout292/X                              10     21    -11 (VIOLATED)
fanout294/X                              10     21    -11 (VIOLATED)
fanout296/X                              10     21    -11 (VIOLATED)
fanout297/X                              10     21    -11 (VIOLATED)
fanout299/X                              10     21    -11 (VIOLATED)
fanout300/X                              10     21    -11 (VIOLATED)
fanout302/X                              10     21    -11 (VIOLATED)
fanout303/X                              10     21    -11 (VIOLATED)
fanout305/X                              10     21    -11 (VIOLATED)
fanout306/X                              10     21    -11 (VIOLATED)
fanout308/X                              10     21    -11 (VIOLATED)
fanout311/X                              10     21    -11 (VIOLATED)
fanout312/X                              10     21    -11 (VIOLATED)
fanout316/X                              10     21    -11 (VIOLATED)
fanout325/X                              10     21    -11 (VIOLATED)
fanout326/X                              10     21    -11 (VIOLATED)
fanout329/X                              10     21    -11 (VIOLATED)
fanout330/X                              10     21    -11 (VIOLATED)
fanout334/X                              10     21    -11 (VIOLATED)
fanout335/X                              10     21    -11 (VIOLATED)
fanout342/X                              10     21    -11 (VIOLATED)
fanout343/X                              10     21    -11 (VIOLATED)
fanout344/X                              10     21    -11 (VIOLATED)
fanout345/X                              10     21    -11 (VIOLATED)
fanout347/X                              10     21    -11 (VIOLATED)
fanout349/X                              10     21    -11 (VIOLATED)
fanout363/X                              10     21    -11 (VIOLATED)
fanout364/X                              10     21    -11 (VIOLATED)
fanout365/X                              10     21    -11 (VIOLATED)
fanout367/X                              10     21    -11 (VIOLATED)
fanout371/X                              10     21    -11 (VIOLATED)
fanout372/X                              10     21    -11 (VIOLATED)
fanout373/X                              10     21    -11 (VIOLATED)
fanout377/X                              10     21    -11 (VIOLATED)
fanout378/X                              10     21    -11 (VIOLATED)
fanout379/X                              10     21    -11 (VIOLATED)
fanout381/X                              10     21    -11 (VIOLATED)
fanout383/X                              10     21    -11 (VIOLATED)
fanout384/X                              10     21    -11 (VIOLATED)
fanout386/X                              10     21    -11 (VIOLATED)
fanout387/X                              10     21    -11 (VIOLATED)
fanout390/X                              10     21    -11 (VIOLATED)
fanout391/X                              10     21    -11 (VIOLATED)
fanout392/X                              10     21    -11 (VIOLATED)
fanout395/X                              10     21    -11 (VIOLATED)
fanout396/X                              10     21    -11 (VIOLATED)
fanout400/X                              10     21    -11 (VIOLATED)
fanout402/X                              10     21    -11 (VIOLATED)
fanout404/X                              10     21    -11 (VIOLATED)
fanout405/X                              10     21    -11 (VIOLATED)
fanout407/X                              10     21    -11 (VIOLATED)
fanout409/X                              10     21    -11 (VIOLATED)
fanout410/X                              10     21    -11 (VIOLATED)
fanout412/X                              10     21    -11 (VIOLATED)
fanout413/X                              10     21    -11 (VIOLATED)
fanout414/X                              10     21    -11 (VIOLATED)
fanout415/X                              10     21    -11 (VIOLATED)
fanout416/X                              10     21    -11 (VIOLATED)
fanout417/X                              10     21    -11 (VIOLATED)
fanout423/X                              10     21    -11 (VIOLATED)
fanout425/X                              10     21    -11 (VIOLATED)
fanout426/X                              10     21    -11 (VIOLATED)
fanout427/X                              10     21    -11 (VIOLATED)
fanout429/X                              10     21    -11 (VIOLATED)
fanout430/X                              10     21    -11 (VIOLATED)
fanout432/X                              10     21    -11 (VIOLATED)
fanout434/X                              10     21    -11 (VIOLATED)
fanout435/X                              10     21    -11 (VIOLATED)
fanout437/X                              10     21    -11 (VIOLATED)
fanout438/X                              10     21    -11 (VIOLATED)
fanout441/X                              10     21    -11 (VIOLATED)
fanout442/X                              10     21    -11 (VIOLATED)
fanout444/X                              10     21    -11 (VIOLATED)
fanout446/X                              10     21    -11 (VIOLATED)
fanout447/X                              10     21    -11 (VIOLATED)
fanout449/X                              10     21    -11 (VIOLATED)
fanout450/X                              10     21    -11 (VIOLATED)
fanout452/X                              10     21    -11 (VIOLATED)
fanout455/X                              10     21    -11 (VIOLATED)
fanout456/X                              10     21    -11 (VIOLATED)
fanout458/X                              10     21    -11 (VIOLATED)
fanout460/X                              10     21    -11 (VIOLATED)
fanout462/X                              10     21    -11 (VIOLATED)
fanout464/X                              10     21    -11 (VIOLATED)
fanout465/X                              10     21    -11 (VIOLATED)
fanout467/X                              10     21    -11 (VIOLATED)
fanout468/X                              10     21    -11 (VIOLATED)
fanout469/X                              10     21    -11 (VIOLATED)
fanout470/X                              10     21    -11 (VIOLATED)
fanout472/X                              10     21    -11 (VIOLATED)
fanout473/X                              10     21    -11 (VIOLATED)
fanout475/X                              10     21    -11 (VIOLATED)
fanout477/X                              10     21    -11 (VIOLATED)
fanout478/X                              10     21    -11 (VIOLATED)
fanout480/X                              10     21    -11 (VIOLATED)
fanout481/X                              10     21    -11 (VIOLATED)
fanout484/X                              10     21    -11 (VIOLATED)
fanout486/X                              10     21    -11 (VIOLATED)
fanout487/X                              10     21    -11 (VIOLATED)
fanout489/X                              10     21    -11 (VIOLATED)
fanout491/X                              10     21    -11 (VIOLATED)
fanout492/X                              10     21    -11 (VIOLATED)
fanout494/X                              10     21    -11 (VIOLATED)
fanout495/X                              10     21    -11 (VIOLATED)
fanout497/X                              10     21    -11 (VIOLATED)
fanout498/X                              10     21    -11 (VIOLATED)
fanout500/X                              10     21    -11 (VIOLATED)
fanout502/X                              10     21    -11 (VIOLATED)
fanout504/X                              10     21    -11 (VIOLATED)
fanout505/X                              10     21    -11 (VIOLATED)
fanout507/X                              10     21    -11 (VIOLATED)
fanout509/X                              10     21    -11 (VIOLATED)
fanout511/X                              10     21    -11 (VIOLATED)
fanout512/X                              10     21    -11 (VIOLATED)
fanout513/X                              10     21    -11 (VIOLATED)
fanout514/X                              10     21    -11 (VIOLATED)
fanout516/X                              10     21    -11 (VIOLATED)
fanout529/X                              10     21    -11 (VIOLATED)
fanout530/X                              10     21    -11 (VIOLATED)
fanout531/X                              10     21    -11 (VIOLATED)
fanout532/X                              10     21    -11 (VIOLATED)
fanout533/X                              10     21    -11 (VIOLATED)
fanout534/X                              10     21    -11 (VIOLATED)
fanout535/X                              10     21    -11 (VIOLATED)
fanout536/X                              10     21    -11 (VIOLATED)
fanout537/X                              10     21    -11 (VIOLATED)
fanout538/X                              10     21    -11 (VIOLATED)
fanout540/X                              10     21    -11 (VIOLATED)
fanout541/X                              10     21    -11 (VIOLATED)
fanout542/X                              10     21    -11 (VIOLATED)
fanout543/X                              10     21    -11 (VIOLATED)
fanout545/X                              10     21    -11 (VIOLATED)
fanout546/X                              10     21    -11 (VIOLATED)
fanout551/X                              10     21    -11 (VIOLATED)
fanout552/X                              10     21    -11 (VIOLATED)
fanout553/X                              10     21    -11 (VIOLATED)
fanout554/X                              10     21    -11 (VIOLATED)
fanout555/X                              10     21    -11 (VIOLATED)
fanout556/X                              10     21    -11 (VIOLATED)
fanout558/X                              10     21    -11 (VIOLATED)
fanout560/X                              10     21    -11 (VIOLATED)
fanout561/X                              10     21    -11 (VIOLATED)
fanout562/X                              10     21    -11 (VIOLATED)
fanout563/X                              10     21    -11 (VIOLATED)
fanout565/X                              10     21    -11 (VIOLATED)
fanout566/X                              10     21    -11 (VIOLATED)
fanout567/X                              10     21    -11 (VIOLATED)
fanout568/X                              10     21    -11 (VIOLATED)
fanout569/X                              10     21    -11 (VIOLATED)
fanout570/X                              10     21    -11 (VIOLATED)
fanout571/X                              10     21    -11 (VIOLATED)
fanout574/X                              10     21    -11 (VIOLATED)
fanout575/X                              10     21    -11 (VIOLATED)
fanout576/X                              10     21    -11 (VIOLATED)
fanout578/X                              10     21    -11 (VIOLATED)
fanout579/X                              10     21    -11 (VIOLATED)
fanout582/X                              10     21    -11 (VIOLATED)
fanout583/X                              10     21    -11 (VIOLATED)
fanout584/X                              10     21    -11 (VIOLATED)
fanout588/X                              10     21    -11 (VIOLATED)
fanout590/X                              10     21    -11 (VIOLATED)
fanout591/X                              10     21    -11 (VIOLATED)
fanout593/X                              10     21    -11 (VIOLATED)
fanout595/X                              10     21    -11 (VIOLATED)
fanout596/X                              10     21    -11 (VIOLATED)
fanout597/X                              10     21    -11 (VIOLATED)
fanout598/X                              10     21    -11 (VIOLATED)
fanout602/X                              10     21    -11 (VIOLATED)
fanout603/X                              10     21    -11 (VIOLATED)
fanout604/X                              10     21    -11 (VIOLATED)
fanout607/X                              10     21    -11 (VIOLATED)
fanout608/X                              10     21    -11 (VIOLATED)
fanout609/X                              10     21    -11 (VIOLATED)
fanout610/X                              10     21    -11 (VIOLATED)
fanout612/X                              10     21    -11 (VIOLATED)
fanout615/X                              10     21    -11 (VIOLATED)
fanout616/X                              10     21    -11 (VIOLATED)
fanout617/X                              10     21    -11 (VIOLATED)
fanout619/X                              10     21    -11 (VIOLATED)
fanout623/X                              10     21    -11 (VIOLATED)
fanout624/X                              10     21    -11 (VIOLATED)
fanout628/X                              10     21    -11 (VIOLATED)
fanout630/X                              10     21    -11 (VIOLATED)
fanout632/X                              10     21    -11 (VIOLATED)
fanout633/X                              10     21    -11 (VIOLATED)
fanout634/X                              10     21    -11 (VIOLATED)
fanout635/X                              10     21    -11 (VIOLATED)
fanout638/X                              10     21    -11 (VIOLATED)
fanout674/X                              10     21    -11 (VIOLATED)
fanout677/X                              10     21    -11 (VIOLATED)
fanout693/X                              10     21    -11 (VIOLATED)
fanout694/X                              10     21    -11 (VIOLATED)
fanout696/X                              10     21    -11 (VIOLATED)
fanout700/X                              10     21    -11 (VIOLATED)
fanout703/X                              10     21    -11 (VIOLATED)
fanout705/X                              10     21    -11 (VIOLATED)
fanout706/X                              10     21    -11 (VIOLATED)
fanout708/X                              10     21    -11 (VIOLATED)
fanout711/X                              10     21    -11 (VIOLATED)
fanout713/X                              10     21    -11 (VIOLATED)
fanout715/X                              10     21    -11 (VIOLATED)
fanout718/X                              10     21    -11 (VIOLATED)
fanout721/X                              10     21    -11 (VIOLATED)
fanout723/X                              10     21    -11 (VIOLATED)
fanout725/X                              10     21    -11 (VIOLATED)
fanout727/X                              10     21    -11 (VIOLATED)
fanout729/X                              10     21    -11 (VIOLATED)
fanout731/X                              10     21    -11 (VIOLATED)
fanout735/X                              10     21    -11 (VIOLATED)
fanout737/X                              10     21    -11 (VIOLATED)
fanout739/X                              10     21    -11 (VIOLATED)
fanout740/X                              10     21    -11 (VIOLATED)
hold175/X                                10     21    -11 (VIOLATED)
hold275/X                                10     21    -11 (VIOLATED)
hold28/X                                 10     21    -11 (VIOLATED)
hold453/X                                10     21    -11 (VIOLATED)
mprj.team_08_Wrapper.team_08_WB.instance_to_wrap/gpio_oeb[12]     10     21    -11 (VIOLATED)
fanout678/X                              10     20    -10 (VIOLATED)
_5114_/X                                 10     19     -9 (VIOLATED)
_8560_/Q                                 10     19     -9 (VIOLATED)
_8581_/Q                                 10     19     -9 (VIOLATED)
_8604_/Q                                 10     19     -9 (VIOLATED)
_8605_/Q                                 10     19     -9 (VIOLATED)
_8620_/Q                                 10     19     -9 (VIOLATED)
_8623_/Q                                 10     19     -9 (VIOLATED)
_8653_/Q                                 10     19     -9 (VIOLATED)
_8827_/Q                                 10     19     -9 (VIOLATED)
clkbuf_5_10_0_wb_clk_i_regs/X            10     19     -9 (VIOLATED)
clkbuf_5_15_0_wb_clk_i_regs/X            10     19     -9 (VIOLATED)
clkbuf_5_19_0_wb_clk_i_regs/X            10     19     -9 (VIOLATED)
clkbuf_5_3_0_wb_clk_i_regs/X             10     19     -9 (VIOLATED)
clkbuf_5_8_0_wb_clk_i_regs/X             10     19     -9 (VIOLATED)
fanout214/X                              10     19     -9 (VIOLATED)
fanout216/X                              10     19     -9 (VIOLATED)
fanout218/X                              10     19     -9 (VIOLATED)
fanout220/X                              10     19     -9 (VIOLATED)
fanout254/X                              10     19     -9 (VIOLATED)
fanout317/X                              10     19     -9 (VIOLATED)
fanout336/X                              10     19     -9 (VIOLATED)
fanout374/X                              10     19     -9 (VIOLATED)
fanout408/X                              10     19     -9 (VIOLATED)
fanout445/X                              10     19     -9 (VIOLATED)
fanout482/X                              10     19     -9 (VIOLATED)
fanout510/X                              10     19     -9 (VIOLATED)
fanout589/X                              10     19     -9 (VIOLATED)
fanout600/X                              10     19     -9 (VIOLATED)
fanout620/X                              10     19     -9 (VIOLATED)
fanout631/X                              10     19     -9 (VIOLATED)
fanout695/X                              10     19     -9 (VIOLATED)
fanout709/X                              10     19     -9 (VIOLATED)
fanout741/X                              10     19     -9 (VIOLATED)
hold13/X                                 10     19     -9 (VIOLATED)
hold150/X                                10     19     -9 (VIOLATED)
hold337/X                                10     19     -9 (VIOLATED)
hold550/X                                10     19     -9 (VIOLATED)
mprj.team_08_Wrapper.team_08_WB.instance_to_wrap/gpio_oeb[14]     10     19     -9 (VIOLATED)
mprj.team_08_Wrapper.team_08_WB.instance_to_wrap/gpio_oeb[7]     10     19     -9 (VIOLATED)
_4583_/Y                                 10     18     -8 (VIOLATED)
clkbuf_5_27_0_wb_clk_i_regs/X            10     18     -8 (VIOLATED)
fanout304/X                              10     18     -8 (VIOLATED)
hold800/X                                10     18     -8 (VIOLATED)
input41/X                                10     18     -8 (VIOLATED)
mprj.team_05_Wrapper.team_05_WB.instance_to_wrap/gpio_oeb[32]     10     18     -8 (VIOLATED)
mprj.team_08_Wrapper.team_08_WB.instance_to_wrap/gpio_oeb[5]     10     18     -8 (VIOLATED)
wire653/X                                10     18     -8 (VIOLATED)
_4108_/X                                 10     17     -7 (VIOLATED)
_4304_/X                                 10     17     -7 (VIOLATED)
_4812_/Y                                 10     17     -7 (VIOLATED)
_5077_/Y                                 10     17     -7 (VIOLATED)
_5080_/Y                                 10     17     -7 (VIOLATED)
_5154_/Y                                 10     17     -7 (VIOLATED)
_5191_/Y                                 10     17     -7 (VIOLATED)
_5287_/X                                 10     17     -7 (VIOLATED)
_5376_/Y                                 10     17     -7 (VIOLATED)
_5937_/Y                                 10     17     -7 (VIOLATED)
_6192_/X                                 10     17     -7 (VIOLATED)
_6214_/X                                 10     17     -7 (VIOLATED)
_6251_/X                                 10     17     -7 (VIOLATED)
_6317_/X                                 10     17     -7 (VIOLATED)
_6324_/X                                 10     17     -7 (VIOLATED)
_6349_/X                                 10     17     -7 (VIOLATED)
_6353_/X                                 10     17     -7 (VIOLATED)
_6421_/X                                 10     17     -7 (VIOLATED)
_6422_/X                                 10     17     -7 (VIOLATED)
_6460_/X                                 10     17     -7 (VIOLATED)
_6462_/X                                 10     17     -7 (VIOLATED)
_6496_/X                                 10     17     -7 (VIOLATED)
_6498_/X                                 10     17     -7 (VIOLATED)
_6536_/X                                 10     17     -7 (VIOLATED)
_6572_/X                                 10     17     -7 (VIOLATED)
_6606_/X                                 10     17     -7 (VIOLATED)
_6647_/X                                 10     17     -7 (VIOLATED)
_6679_/X                                 10     17     -7 (VIOLATED)
_6712_/X                                 10     17     -7 (VIOLATED)
_6717_/X                                 10     17     -7 (VIOLATED)
_6749_/X                                 10     17     -7 (VIOLATED)
_6753_/X                                 10     17     -7 (VIOLATED)
_6784_/X                                 10     17     -7 (VIOLATED)
_6787_/X                                 10     17     -7 (VIOLATED)
_6823_/X                                 10     17     -7 (VIOLATED)
_6824_/X                                 10     17     -7 (VIOLATED)
_6854_/X                                 10     17     -7 (VIOLATED)
_6855_/X                                 10     17     -7 (VIOLATED)
_6889_/X                                 10     17     -7 (VIOLATED)
_6891_/X                                 10     17     -7 (VIOLATED)
_6937_/Y                                 10     17     -7 (VIOLATED)
_6964_/X                                 10     17     -7 (VIOLATED)
_7427_/X                                 10     17     -7 (VIOLATED)
_7653_/X                                 10     17     -7 (VIOLATED)
_7683_/X                                 10     17     -7 (VIOLATED)
_7686_/X                                 10     17     -7 (VIOLATED)
_7722_/X                                 10     17     -7 (VIOLATED)
_7753_/X                                 10     17     -7 (VIOLATED)
_7754_/X                                 10     17     -7 (VIOLATED)
_7790_/X                                 10     17     -7 (VIOLATED)
_7829_/X                                 10     17     -7 (VIOLATED)
_7892_/X                                 10     17     -7 (VIOLATED)
_7894_/X                                 10     17     -7 (VIOLATED)
_7926_/X                                 10     17     -7 (VIOLATED)
_7930_/X                                 10     17     -7 (VIOLATED)
_7963_/X                                 10     17     -7 (VIOLATED)
_7997_/X                                 10     17     -7 (VIOLATED)
_7999_/X                                 10     17     -7 (VIOLATED)
_8028_/X                                 10     17     -7 (VIOLATED)
_8069_/X                                 10     17     -7 (VIOLATED)
_8071_/X                                 10     17     -7 (VIOLATED)
_8602_/Q                                 10     17     -7 (VIOLATED)
_8659_/Q                                 10     17     -7 (VIOLATED)
_8686_/Q                                 10     17     -7 (VIOLATED)
_8687_/Q                                 10     17     -7 (VIOLATED)
_8845_/Q                                 10     17     -7 (VIOLATED)
_8849_/Q                                 10     17     -7 (VIOLATED)
clkbuf_5_0_0_wb_clk_i_regs/X             10     17     -7 (VIOLATED)
clkbuf_5_11_0_wb_clk_i_regs/X            10     17     -7 (VIOLATED)
clkbuf_5_21_0_wb_clk_i_regs/X            10     17     -7 (VIOLATED)
clkbuf_5_29_0_wb_clk_i_regs/X            10     17     -7 (VIOLATED)
clkbuf_5_31_0_wb_clk_i_regs/X            10     17     -7 (VIOLATED)
clkbuf_5_9_0_wb_clk_i_regs/X             10     17     -7 (VIOLATED)
fanout233/X                              10     17     -7 (VIOLATED)
fanout234/X                              10     17     -7 (VIOLATED)
fanout249/X                              10     17     -7 (VIOLATED)
fanout284/X                              10     17     -7 (VIOLATED)
fanout301/X                              10     17     -7 (VIOLATED)
fanout314/X                              10     17     -7 (VIOLATED)
fanout321/X                              10     17     -7 (VIOLATED)
fanout327/X                              10     17     -7 (VIOLATED)
fanout337/X                              10     17     -7 (VIOLATED)
fanout382/X                              10     17     -7 (VIOLATED)
fanout403/X                              10     17     -7 (VIOLATED)
fanout436/X                              10     17     -7 (VIOLATED)
fanout471/X                              10     17     -7 (VIOLATED)
fanout493/X                              10     17     -7 (VIOLATED)
fanout496/X                              10     17     -7 (VIOLATED)
fanout501/X                              10     17     -7 (VIOLATED)
fanout699/X                              10     17     -7 (VIOLATED)
fanout722/X                              10     17     -7 (VIOLATED)
fanout728/X                              10     17     -7 (VIOLATED)
hold231/X                                10     17     -7 (VIOLATED)
mprj.team_08_Wrapper.team_08_WB.instance_to_wrap/gpio_out[1]     10     17     -7 (VIOLATED)
wire315/X                                10     17     -7 (VIOLATED)
wire319/X                                10     17     -7 (VIOLATED)
_6311_/X                                 10     16     -6 (VIOLATED)
_7860_/X                                 10     16     -6 (VIOLATED)
fanout457/X                              10     16     -6 (VIOLATED)
hold201/X                                10     16     -6 (VIOLATED)
input42/X                                10     16     -6 (VIOLATED)
input70/X                                10     16     -6 (VIOLATED)
_4029_/Y                                 10     15     -5 (VIOLATED)
_4071_/Y                                 10     15     -5 (VIOLATED)
_4141_/X                                 10     15     -5 (VIOLATED)
_4281_/X                                 10     15     -5 (VIOLATED)
_5082_/Y                                 10     15     -5 (VIOLATED)
_5097_/X                                 10     15     -5 (VIOLATED)
_5192_/Y                                 10     15     -5 (VIOLATED)
_5289_/Y                                 10     15     -5 (VIOLATED)
_5481_/X                                 10     15     -5 (VIOLATED)
_6184_/Y                                 10     15     -5 (VIOLATED)
_6185_/Y                                 10     15     -5 (VIOLATED)
_6196_/X                                 10     15     -5 (VIOLATED)
_6209_/Y                                 10     15     -5 (VIOLATED)
_6210_/Y                                 10     15     -5 (VIOLATED)
_6246_/Y                                 10     15     -5 (VIOLATED)
_6250_/X                                 10     15     -5 (VIOLATED)
_6282_/Y                                 10     15     -5 (VIOLATED)
_6285_/X                                 10     15     -5 (VIOLATED)
_6355_/Y                                 10     15     -5 (VIOLATED)
_6384_/Y                                 10     15     -5 (VIOLATED)
_6388_/X                                 10     15     -5 (VIOLATED)
_6418_/Y                                 10     15     -5 (VIOLATED)
_6454_/Y                                 10     15     -5 (VIOLATED)
_6455_/Y                                 10     15     -5 (VIOLATED)
_6491_/Y                                 10     15     -5 (VIOLATED)
_6492_/Y                                 10     15     -5 (VIOLATED)
_6526_/Y                                 10     15     -5 (VIOLATED)
_6527_/Y                                 10     15     -5 (VIOLATED)
_6533_/X                                 10     15     -5 (VIOLATED)
_6565_/Y                                 10     15     -5 (VIOLATED)
_6573_/X                                 10     15     -5 (VIOLATED)
_6600_/Y                                 10     15     -5 (VIOLATED)
_6601_/Y                                 10     15     -5 (VIOLATED)
_6635_/Y                                 10     15     -5 (VIOLATED)
_6636_/Y                                 10     15     -5 (VIOLATED)
_6639_/X                                 10     15     -5 (VIOLATED)
_6673_/Y                                 10     15     -5 (VIOLATED)
_6676_/X                                 10     15     -5 (VIOLATED)
_6707_/Y                                 10     15     -5 (VIOLATED)
_6708_/Y                                 10     15     -5 (VIOLATED)
_6743_/Y                                 10     15     -5 (VIOLATED)
_6744_/Y                                 10     15     -5 (VIOLATED)
_6779_/Y                                 10     15     -5 (VIOLATED)
_6780_/Y                                 10     15     -5 (VIOLATED)
_6815_/Y                                 10     15     -5 (VIOLATED)
_6850_/Y                                 10     15     -5 (VIOLATED)
_6884_/Y                                 10     15     -5 (VIOLATED)
_7642_/Y                                 10     15     -5 (VIOLATED)
_7643_/Y                                 10     15     -5 (VIOLATED)
_7679_/Y                                 10     15     -5 (VIOLATED)
_7716_/Y                                 10     15     -5 (VIOLATED)
_7720_/X                                 10     15     -5 (VIOLATED)
_7783_/Y                                 10     15     -5 (VIOLATED)
_7788_/X                                 10     15     -5 (VIOLATED)
_7819_/Y                                 10     15     -5 (VIOLATED)
_7823_/X                                 10     15     -5 (VIOLATED)
_7887_/Y                                 10     15     -5 (VIOLATED)
_7922_/Y                                 10     15     -5 (VIOLATED)
_7956_/Y                                 10     15     -5 (VIOLATED)
_7990_/Y                                 10     15     -5 (VIOLATED)
_8023_/Y                                 10     15     -5 (VIOLATED)
_8032_/X                                 10     15     -5 (VIOLATED)
_8061_/Y                                 10     15     -5 (VIOLATED)
_8566_/Q                                 10     15     -5 (VIOLATED)
_8567_/Q                                 10     15     -5 (VIOLATED)
_8600_/Q                                 10     15     -5 (VIOLATED)
_8601_/Q                                 10     15     -5 (VIOLATED)
_8603_/Q                                 10     15     -5 (VIOLATED)
_8642_/Q                                 10     15     -5 (VIOLATED)
_8643_/Q                                 10     15     -5 (VIOLATED)
_8658_/Q                                 10     15     -5 (VIOLATED)
_8668_/Q                                 10     15     -5 (VIOLATED)
_8684_/Q                                 10     15     -5 (VIOLATED)
_8850_/Q                                 10     15     -5 (VIOLATED)
clkbuf_5_14_0_wb_clk_i_regs/X            10     15     -5 (VIOLATED)
clkbuf_5_18_0_wb_clk_i_regs/X            10     15     -5 (VIOLATED)
clkbuf_5_24_0_wb_clk_i_regs/X            10     15     -5 (VIOLATED)
clkbuf_5_25_0_wb_clk_i_regs/X            10     15     -5 (VIOLATED)
clkbuf_5_2_0_wb_clk_i_regs/X             10     15     -5 (VIOLATED)
clkbuf_5_30_0_wb_clk_i_regs/X            10     15     -5 (VIOLATED)
fanout209/X                              10     15     -5 (VIOLATED)
fanout243/X                              10     15     -5 (VIOLATED)
fanout251/X                              10     15     -5 (VIOLATED)
fanout258/X                              10     15     -5 (VIOLATED)
fanout265/X                              10     15     -5 (VIOLATED)
fanout273/X                              10     15     -5 (VIOLATED)
fanout278/X                              10     15     -5 (VIOLATED)
fanout288/X                              10     15     -5 (VIOLATED)
fanout291/X                              10     15     -5 (VIOLATED)
fanout318/X                              10     15     -5 (VIOLATED)
fanout348/X                              10     15     -5 (VIOLATED)
fanout370/X                              10     15     -5 (VIOLATED)
fanout385/X                              10     15     -5 (VIOLATED)
fanout393/X                              10     15     -5 (VIOLATED)
fanout406/X                              10     15     -5 (VIOLATED)
fanout424/X                              10     15     -5 (VIOLATED)
fanout428/X                              10     15     -5 (VIOLATED)
fanout448/X                              10     15     -5 (VIOLATED)
fanout466/X                              10     15     -5 (VIOLATED)
fanout479/X                              10     15     -5 (VIOLATED)
fanout499/X                              10     15     -5 (VIOLATED)
fanout503/X                              10     15     -5 (VIOLATED)
fanout508/X                              10     15     -5 (VIOLATED)
fanout544/X                              10     15     -5 (VIOLATED)
fanout548/X                              10     15     -5 (VIOLATED)
fanout559/X                              10     15     -5 (VIOLATED)
fanout611/X                              10     15     -5 (VIOLATED)
fanout639/X                              10     15     -5 (VIOLATED)
fanout675/X                              10     15     -5 (VIOLATED)
fanout704/X                              10     15     -5 (VIOLATED)
fanout719/X                              10     15     -5 (VIOLATED)
fanout720/X                              10     15     -5 (VIOLATED)
fanout742/X                              10     15     -5 (VIOLATED)
hold148/X                                10     15     -5 (VIOLATED)
hold202/X                                10     15     -5 (VIOLATED)
hold223/X                                10     15     -5 (VIOLATED)
hold411/X                                10     15     -5 (VIOLATED)
hold414/X                                10     15     -5 (VIOLATED)
hold436/X                                10     15     -5 (VIOLATED)
hold514/X                                10     15     -5 (VIOLATED)
hold778/X                                10     15     -5 (VIOLATED)
hold999/X                                10     15     -5 (VIOLATED)
load_slew692/X                           10     15     -5 (VIOLATED)
mprj.team_05_Wrapper.team_05_WB.instance_to_wrap/gpio_oeb[20]     10     15     -5 (VIOLATED)
mprj.team_08_Wrapper.team_08_WB.instance_to_wrap/gpio_oeb[8]     10     15     -5 (VIOLATED)
_5233_/Y                                 10     14     -4 (VIOLATED)
_6548_/X                                 10     14     -4 (VIOLATED)
_7335_/X                                 10     14     -4 (VIOLATED)
_8592_/Q                                 10     14     -4 (VIOLATED)
hold222/X                                10     14     -4 (VIOLATED)
hold296/X                                10     14     -4 (VIOLATED)
mprj.team_05_Wrapper.team_05_WB.instance_to_wrap/gpio_oeb[15]     10     14     -4 (VIOLATED)
mprj.team_05_Wrapper.team_05_WB.instance_to_wrap/gpio_oeb[25]     10     14     -4 (VIOLATED)
mprj.team_05_Wrapper.team_05_WB.instance_to_wrap/gpio_oeb[31]     10     14     -4 (VIOLATED)
mprj.team_08_Wrapper.team_08_WB.instance_to_wrap/gpio_oeb[18]     10     14     -4 (VIOLATED)
mprj.team_08_Wrapper.team_08_WB.instance_to_wrap/gpio_oeb[26]     10     14     -4 (VIOLATED)
mprj.team_08_Wrapper.team_08_WB.instance_to_wrap/gpio_oeb[3]     10     14     -4 (VIOLATED)
mprj.team_08_Wrapper.team_08_WB.instance_to_wrap/gpio_oeb[4]     10     14     -4 (VIOLATED)
mprj.team_08_Wrapper.team_08_WB.instance_to_wrap/gpio_out[0]     10     14     -4 (VIOLATED)
mprj.team_08_Wrapper.team_08_WB.instance_to_wrap/gpio_out[27]     10     14     -4 (VIOLATED)
mprj.team_09_Wrapper.team_09_WB.instance_to_wrap/gpio_oeb[9]     10     14     -4 (VIOLATED)
mprj.team_11_Wrapper.team_11_WB.instance_to_wrap/gpio_oeb[30]     10     14     -4 (VIOLATED)
_4140_/Y                                 10     13     -3 (VIOLATED)
_4166_/X                                 10     13     -3 (VIOLATED)
_4179_/Y                                 10     13     -3 (VIOLATED)
_4307_/X                                 10     13     -3 (VIOLATED)
_4534_/X                                 10     13     -3 (VIOLATED)
_4761_/Y                                 10     13     -3 (VIOLATED)
_5083_/X                                 10     13     -3 (VIOLATED)
_5084_/Y                                 10     13     -3 (VIOLATED)
_5223_/Y                                 10     13     -3 (VIOLATED)
_5297_/X                                 10     13     -3 (VIOLATED)
_5372_/X                                 10     13     -3 (VIOLATED)
_5412_/Y                                 10     13     -3 (VIOLATED)
_5456_/Y                                 10     13     -3 (VIOLATED)
_5854_/Y                                 10     13     -3 (VIOLATED)
_5926_/Y                                 10     13     -3 (VIOLATED)
_5938_/Y                                 10     13     -3 (VIOLATED)
_6188_/X                                 10     13     -3 (VIOLATED)
_6190_/X                                 10     13     -3 (VIOLATED)
_6194_/X                                 10     13     -3 (VIOLATED)
_6213_/X                                 10     13     -3 (VIOLATED)
_6216_/X                                 10     13     -3 (VIOLATED)
_6245_/Y                                 10     13     -3 (VIOLATED)
_6279_/X                                 10     13     -3 (VIOLATED)
_6281_/Y                                 10     13     -3 (VIOLATED)
_6314_/X                                 10     13     -3 (VIOLATED)
_6315_/Y                                 10     13     -3 (VIOLATED)
_6319_/Y                                 10     13     -3 (VIOLATED)
_6351_/Y                                 10     13     -3 (VIOLATED)
_6352_/X                                 10     13     -3 (VIOLATED)
_6385_/Y                                 10     13     -3 (VIOLATED)
_6417_/Y                                 10     13     -3 (VIOLATED)
_6424_/X                                 10     13     -3 (VIOLATED)
_6425_/X                                 10     13     -3 (VIOLATED)
_6427_/X                                 10     13     -3 (VIOLATED)
_6458_/X                                 10     13     -3 (VIOLATED)
_6463_/X                                 10     13     -3 (VIOLATED)
_6495_/X                                 10     13     -3 (VIOLATED)
_6503_/X                                 10     13     -3 (VIOLATED)
_6530_/X                                 10     13     -3 (VIOLATED)
_6535_/X                                 10     13     -3 (VIOLATED)
_6568_/X                                 10     13     -3 (VIOLATED)
_6571_/X                                 10     13     -3 (VIOLATED)
_6605_/X                                 10     13     -3 (VIOLATED)
_6608_/X                                 10     13     -3 (VIOLATED)
_6611_/X                                 10     13     -3 (VIOLATED)
_6640_/X                                 10     13     -3 (VIOLATED)
_6642_/X                                 10     13     -3 (VIOLATED)
_6648_/X                                 10     13     -3 (VIOLATED)
_6672_/Y                                 10     13     -3 (VIOLATED)
_6677_/X                                 10     13     -3 (VIOLATED)
_6678_/X                                 10     13     -3 (VIOLATED)
_6711_/X                                 10     13     -3 (VIOLATED)
_6714_/X                                 10     13     -3 (VIOLATED)
_6716_/X                                 10     13     -3 (VIOLATED)
_6747_/X                                 10     13     -3 (VIOLATED)
_6748_/X                                 10     13     -3 (VIOLATED)
_6751_/X                                 10     13     -3 (VIOLATED)
_6783_/X                                 10     13     -3 (VIOLATED)
_6788_/X                                 10     13     -3 (VIOLATED)
_6816_/Y                                 10     13     -3 (VIOLATED)
_6819_/X                                 10     13     -3 (VIOLATED)
_6820_/X                                 10     13     -3 (VIOLATED)
_6856_/X                                 10     13     -3 (VIOLATED)
_6859_/X                                 10     13     -3 (VIOLATED)
_6896_/X                                 10     13     -3 (VIOLATED)
_6963_/X                                 10     13     -3 (VIOLATED)
_7647_/X                                 10     13     -3 (VIOLATED)
_7648_/X                                 10     13     -3 (VIOLATED)
_7684_/X                                 10     13     -3 (VIOLATED)
_7713_/Y                                 10     13     -3 (VIOLATED)
_7714_/X                                 10     13     -3 (VIOLATED)
_7748_/Y                                 10     13     -3 (VIOLATED)
_7751_/X                                 10     13     -3 (VIOLATED)
_7755_/X                                 10     13     -3 (VIOLATED)
_7784_/Y                                 10     13     -3 (VIOLATED)
_7820_/Y                                 10     13     -3 (VIOLATED)
_7825_/X                                 10     13     -3 (VIOLATED)
_7854_/Y                                 10     13     -3 (VIOLATED)
_7855_/Y                                 10     13     -3 (VIOLATED)
_7858_/X                                 10     13     -3 (VIOLATED)
_7888_/Y                                 10     13     -3 (VIOLATED)
_7891_/X                                 10     13     -3 (VIOLATED)
_7898_/X                                 10     13     -3 (VIOLATED)
_7923_/Y                                 10     13     -3 (VIOLATED)
_7931_/X                                 10     13     -3 (VIOLATED)
_7957_/Y                                 10     13     -3 (VIOLATED)
_7961_/X                                 10     13     -3 (VIOLATED)
_7964_/X                                 10     13     -3 (VIOLATED)
_7966_/X                                 10     13     -3 (VIOLATED)
_7991_/Y                                 10     13     -3 (VIOLATED)
_7995_/X                                 10     13     -3 (VIOLATED)
_8024_/Y                                 10     13     -3 (VIOLATED)
_8031_/X                                 10     13     -3 (VIOLATED)
_8060_/Y                                 10     13     -3 (VIOLATED)
_8065_/X                                 10     13     -3 (VIOLATED)
_8067_/X                                 10     13     -3 (VIOLATED)
_8068_/X                                 10     13     -3 (VIOLATED)
_8536_/Q                                 10     13     -3 (VIOLATED)
_8539_/Q                                 10     13     -3 (VIOLATED)
_8562_/Q                                 10     13     -3 (VIOLATED)
_8563_/Q                                 10     13     -3 (VIOLATED)
_8564_/Q                                 10     13     -3 (VIOLATED)
_8568_/Q                                 10     13     -3 (VIOLATED)
_8570_/Q                                 10     13     -3 (VIOLATED)
_8571_/Q                                 10     13     -3 (VIOLATED)
_8573_/Q                                 10     13     -3 (VIOLATED)
_8574_/Q                                 10     13     -3 (VIOLATED)
_8575_/Q                                 10     13     -3 (VIOLATED)
_8578_/Q                                 10     13     -3 (VIOLATED)
_8579_/Q                                 10     13     -3 (VIOLATED)
_8582_/Q                                 10     13     -3 (VIOLATED)
_8586_/Q                                 10     13     -3 (VIOLATED)
_8587_/Q                                 10     13     -3 (VIOLATED)
_8590_/Q                                 10     13     -3 (VIOLATED)
_8594_/Q                                 10     13     -3 (VIOLATED)
_8595_/Q                                 10     13     -3 (VIOLATED)
_8611_/Q                                 10     13     -3 (VIOLATED)
_8619_/Q                                 10     13     -3 (VIOLATED)
_8624_/Q                                 10     13     -3 (VIOLATED)
_8626_/Q                                 10     13     -3 (VIOLATED)
_8627_/Q                                 10     13     -3 (VIOLATED)
_8634_/Q                                 10     13     -3 (VIOLATED)
_8635_/Q                                 10     13     -3 (VIOLATED)
_8636_/Q                                 10     13     -3 (VIOLATED)
_8646_/Q                                 10     13     -3 (VIOLATED)
_8649_/Q                                 10     13     -3 (VIOLATED)
_8650_/Q                                 10     13     -3 (VIOLATED)
_8651_/Q                                 10     13     -3 (VIOLATED)
_8654_/Q                                 10     13     -3 (VIOLATED)
_8666_/Q                                 10     13     -3 (VIOLATED)
_8667_/Q                                 10     13     -3 (VIOLATED)
_8670_/Q                                 10     13     -3 (VIOLATED)
_8676_/Q                                 10     13     -3 (VIOLATED)
_8677_/Q                                 10     13     -3 (VIOLATED)
_8682_/Q                                 10     13     -3 (VIOLATED)
_8683_/Q                                 10     13     -3 (VIOLATED)
_8685_/Q                                 10     13     -3 (VIOLATED)
_8818_/Q                                 10     13     -3 (VIOLATED)
_8851_/Q                                 10     13     -3 (VIOLATED)
clkbuf_5_1_0_wb_clk_i_regs/X             10     13     -3 (VIOLATED)
clkbuf_5_28_0_wb_clk_i_regs/X            10     13     -3 (VIOLATED)
fanout222/X                              10     13     -3 (VIOLATED)
fanout224/X                              10     13     -3 (VIOLATED)
fanout226/X                              10     13     -3 (VIOLATED)
fanout228/X                              10     13     -3 (VIOLATED)
fanout264/X                              10     13     -3 (VIOLATED)
fanout269/X                              10     13     -3 (VIOLATED)
fanout276/X                              10     13     -3 (VIOLATED)
fanout281/X                              10     13     -3 (VIOLATED)
fanout298/X                              10     13     -3 (VIOLATED)
fanout313/X                              10     13     -3 (VIOLATED)
fanout328/X                              10     13     -3 (VIOLATED)
fanout331/X                              10     13     -3 (VIOLATED)
fanout332/X                              10     13     -3 (VIOLATED)
fanout333/X                              10     13     -3 (VIOLATED)
fanout346/X                              10     13     -3 (VIOLATED)
fanout366/X                              10     13     -3 (VIOLATED)
fanout388/X                              10     13     -3 (VIOLATED)
fanout418/X                              10     13     -3 (VIOLATED)
fanout419/X                              10     13     -3 (VIOLATED)
fanout440/X                              10     13     -3 (VIOLATED)
fanout454/X                              10     13     -3 (VIOLATED)
fanout463/X                              10     13     -3 (VIOLATED)
fanout474/X                              10     13     -3 (VIOLATED)
fanout483/X                              10     13     -3 (VIOLATED)
fanout488/X                              10     13     -3 (VIOLATED)
fanout490/X                              10     13     -3 (VIOLATED)
fanout515/X                              10     13     -3 (VIOLATED)
fanout549/X                              10     13     -3 (VIOLATED)
fanout585/X                              10     13     -3 (VIOLATED)
fanout606/X                              10     13     -3 (VIOLATED)
fanout636/X                              10     13     -3 (VIOLATED)
fanout637/X                              10     13     -3 (VIOLATED)
fanout640/X                              10     13     -3 (VIOLATED)
fanout641/X                              10     13     -3 (VIOLATED)
fanout697/X                              10     13     -3 (VIOLATED)
fanout698/X                              10     13     -3 (VIOLATED)
fanout716/X                              10     13     -3 (VIOLATED)
fanout726/X                              10     13     -3 (VIOLATED)
fanout732/X                              10     13     -3 (VIOLATED)
fanout733/X                              10     13     -3 (VIOLATED)
fanout736/X                              10     13     -3 (VIOLATED)
fanout738/X                              10     13     -3 (VIOLATED)
hold109/X                                10     13     -3 (VIOLATED)
hold112/X                                10     13     -3 (VIOLATED)
hold1303/X                               10     13     -3 (VIOLATED)
hold232/X                                10     13     -3 (VIOLATED)
hold303/X                                10     13     -3 (VIOLATED)
hold492/X                                10     13     -3 (VIOLATED)
hold544/X                                10     13     -3 (VIOLATED)
hold551/X                                10     13     -3 (VIOLATED)
hold630/X                                10     13     -3 (VIOLATED)
hold652/X                                10     13     -3 (VIOLATED)
hold693/X                                10     13     -3 (VIOLATED)
hold73/X                                 10     13     -3 (VIOLATED)
hold730/X                                10     13     -3 (VIOLATED)
hold790/X                                10     13     -3 (VIOLATED)
hold854/X                                10     13     -3 (VIOLATED)
load_slew688/X                           10     13     -3 (VIOLATED)
mprj.team_05_Wrapper.team_05_WB.instance_to_wrap/gpio_oeb[17]     10     13     -3 (VIOLATED)
mprj.team_05_Wrapper.team_05_WB.instance_to_wrap/gpio_oeb[28]     10     13     -3 (VIOLATED)
mprj.team_09_Wrapper.team_09_WB.instance_to_wrap/gpio_oeb[13]     10     13     -3 (VIOLATED)
_7095_/X                                 10     12     -2 (VIOLATED)
_8108_/X                                 10     12     -2 (VIOLATED)
fanout626/X                              10     12     -2 (VIOLATED)
hold1029/X                               10     12     -2 (VIOLATED)
hold215/X                                10     12     -2 (VIOLATED)
hold340/X                                10     12     -2 (VIOLATED)
hold946/X                                10     12     -2 (VIOLATED)
mprj.team_01_Wrapper.team_01_WB.instance_to_wrap/gpio_out[28]     10     12     -2 (VIOLATED)
mprj.team_02_Wrapper.team_02_WB.instance_to_wrap/gpio_oeb[14]     10     12     -2 (VIOLATED)
mprj.team_05_Wrapper.team_05_WB.instance_to_wrap/gpio_oeb[29]     10     12     -2 (VIOLATED)
wire655/X                                10     12     -2 (VIOLATED)
wire683/X                                10     12     -2 (VIOLATED)
_4030_/Y                                 10     11        (VIOLATED)
_4036_/Y                                 10     11        (VIOLATED)
_4037_/Y                                 10     11        (VIOLATED)
_4038_/Y                                 10     11        (VIOLATED)
_4041_/Y                                 10     11        (VIOLATED)
_4044_/Y                                 10     11        (VIOLATED)
_4085_/Y                                 10     11        (VIOLATED)
_4113_/X                                 10     11        (VIOLATED)
_4163_/Y                                 10     11        (VIOLATED)
_4268_/Y                                 10     11        (VIOLATED)
_4282_/X                                 10     11        (VIOLATED)
_4283_/X                                 10     11        (VIOLATED)
_4320_/Y                                 10     11        (VIOLATED)
_4538_/X                                 10     11        (VIOLATED)
_4766_/X                                 10     11        (VIOLATED)
_4770_/Y                                 10     11        (VIOLATED)
_4776_/Y                                 10     11        (VIOLATED)
_4798_/X                                 10     11        (VIOLATED)
_4813_/X                                 10     11        (VIOLATED)
_5085_/Y                                 10     11        (VIOLATED)
_5110_/X                                 10     11        (VIOLATED)
_5149_/X                                 10     11        (VIOLATED)
_5236_/Y                                 10     11        (VIOLATED)
_5322_/X                                 10     11        (VIOLATED)
_5324_/X                                 10     11        (VIOLATED)
_5330_/X                                 10     11        (VIOLATED)
_5332_/X                                 10     11        (VIOLATED)
_5334_/X                                 10     11        (VIOLATED)
_5336_/X                                 10     11        (VIOLATED)
_5338_/X                                 10     11        (VIOLATED)
_5340_/X                                 10     11        (VIOLATED)
_5342_/X                                 10     11        (VIOLATED)
_5344_/X                                 10     11        (VIOLATED)
_5346_/X                                 10     11        (VIOLATED)
_5348_/X                                 10     11        (VIOLATED)
_5350_/X                                 10     11        (VIOLATED)
_5352_/X                                 10     11        (VIOLATED)
_5354_/X                                 10     11        (VIOLATED)
_5356_/X                                 10     11        (VIOLATED)
_5358_/X                                 10     11        (VIOLATED)
_5360_/X                                 10     11        (VIOLATED)
_5365_/X                                 10     11        (VIOLATED)
_5367_/X                                 10     11        (VIOLATED)
_5369_/Y                                 10     11        (VIOLATED)
_5518_/Y                                 10     11        (VIOLATED)
_5534_/X                                 10     11        (VIOLATED)
_5584_/X                                 10     11        (VIOLATED)
_5848_/X                                 10     11        (VIOLATED)
_5857_/Y                                 10     11        (VIOLATED)
_5876_/Y                                 10     11        (VIOLATED)
_5882_/Y                                 10     11        (VIOLATED)
_5891_/X                                 10     11        (VIOLATED)
_5895_/Y                                 10     11        (VIOLATED)
_5899_/Y                                 10     11        (VIOLATED)
_5946_/Y                                 10     11        (VIOLATED)
_5991_/X                                 10     11        (VIOLATED)
_6193_/X                                 10     11        (VIOLATED)
_6215_/X                                 10     11        (VIOLATED)
_6280_/X                                 10     11        (VIOLATED)
_6286_/X                                 10     11        (VIOLATED)
_6287_/X                                 10     11        (VIOLATED)
_6318_/X                                 10     11        (VIOLATED)
_6359_/X                                 10     11        (VIOLATED)
_6531_/X                                 10     11        (VIOLATED)
_6569_/X                                 10     11        (VIOLATED)
_6604_/X                                 10     11        (VIOLATED)
_6851_/Y                                 10     11        (VIOLATED)
_6885_/Y                                 10     11        (VIOLATED)
_6951_/Y                                 10     11        (VIOLATED)
_7646_/X                                 10     11        (VIOLATED)
_7651_/X                                 10     11        (VIOLATED)
_7687_/X                                 10     11        (VIOLATED)
_7721_/X                                 10     11        (VIOLATED)
_7747_/Y                                 10     11        (VIOLATED)
_7756_/X                                 10     11        (VIOLATED)
_7824_/X                                 10     11        (VIOLATED)
_7827_/X                                 10     11        (VIOLATED)
_7864_/Y                                 10     11        (VIOLATED)
_7932_/X                                 10     11        (VIOLATED)
_7968_/X                                 10     11        (VIOLATED)
_7998_/X                                 10     11        (VIOLATED)
_8029_/X                                 10     11        (VIOLATED)
_8034_/X                                 10     11        (VIOLATED)
_8509_/Q                                 10     11        (VIOLATED)
_8537_/Q                                 10     11        (VIOLATED)
_8538_/Q                                 10     11        (VIOLATED)
_8558_/Q                                 10     11        (VIOLATED)
_8559_/Q                                 10     11        (VIOLATED)
_8565_/Q                                 10     11        (VIOLATED)
_8569_/Q                                 10     11        (VIOLATED)
_8583_/Q                                 10     11        (VIOLATED)
_8585_/Q                                 10     11        (VIOLATED)
_8593_/Q                                 10     11        (VIOLATED)
_8596_/Q                                 10     11        (VIOLATED)
_8597_/Q                                 10     11        (VIOLATED)
_8598_/Q                                 10     11        (VIOLATED)
_8599_/Q                                 10     11        (VIOLATED)
_8606_/Q                                 10     11        (VIOLATED)
_8607_/Q                                 10     11        (VIOLATED)
_8608_/Q                                 10     11        (VIOLATED)
_8610_/Q                                 10     11        (VIOLATED)
_8615_/Q                                 10     11        (VIOLATED)
_8618_/Q                                 10     11        (VIOLATED)
_8625_/Q                                 10     11        (VIOLATED)
_8630_/Q                                 10     11        (VIOLATED)
_8631_/Q                                 10     11        (VIOLATED)
_8639_/Q                                 10     11        (VIOLATED)
_8640_/Q                                 10     11        (VIOLATED)
_8645_/Q                                 10     11        (VIOLATED)
_8647_/Q                                 10     11        (VIOLATED)
_8655_/Q                                 10     11        (VIOLATED)
_8660_/Q                                 10     11        (VIOLATED)
_8661_/Q                                 10     11        (VIOLATED)
_8662_/Q                                 10     11        (VIOLATED)
_8663_/Q                                 10     11        (VIOLATED)
_8669_/Q                                 10     11        (VIOLATED)
_8671_/Q                                 10     11        (VIOLATED)
_8674_/Q                                 10     11        (VIOLATED)
_8675_/Q                                 10     11        (VIOLATED)
_8678_/Q                                 10     11        (VIOLATED)
_8679_/Q                                 10     11        (VIOLATED)
_8804_/Q                                 10     11        (VIOLATED)
_8852_/Q                                 10     11        (VIOLATED)
fanout210/X                              10     11        (VIOLATED)
fanout244/X                              10     11        (VIOLATED)
fanout271/X                              10     11        (VIOLATED)
fanout307/X                              10     11        (VIOLATED)
fanout309/X                              10     11        (VIOLATED)
fanout310/X                              10     11        (VIOLATED)
fanout324/X                              10     11        (VIOLATED)
fanout369/X                              10     11        (VIOLATED)
fanout375/X                              10     11        (VIOLATED)
fanout376/X                              10     11        (VIOLATED)
fanout389/X                              10     11        (VIOLATED)
fanout394/X                              10     11        (VIOLATED)
fanout397/X                              10     11        (VIOLATED)
fanout398/X                              10     11        (VIOLATED)
fanout401/X                              10     11        (VIOLATED)
fanout411/X                              10     11        (VIOLATED)
fanout420/X                              10     11        (VIOLATED)
fanout431/X                              10     11        (VIOLATED)
fanout433/X                              10     11        (VIOLATED)
fanout439/X                              10     11        (VIOLATED)
fanout443/X                              10     11        (VIOLATED)
fanout451/X                              10     11        (VIOLATED)
fanout453/X                              10     11        (VIOLATED)
fanout459/X                              10     11        (VIOLATED)
fanout461/X                              10     11        (VIOLATED)
fanout476/X                              10     11        (VIOLATED)
fanout485/X                              10     11        (VIOLATED)
fanout506/X                              10     11        (VIOLATED)
fanout547/X                              10     11        (VIOLATED)
fanout557/X                              10     11        (VIOLATED)
fanout586/X                              10     11        (VIOLATED)
fanout592/X                              10     11        (VIOLATED)
fanout594/X                              10     11        (VIOLATED)
fanout599/X                              10     11        (VIOLATED)
fanout613/X                              10     11        (VIOLATED)
fanout618/X                              10     11        (VIOLATED)
fanout621/X                              10     11        (VIOLATED)
fanout701/X                              10     11        (VIOLATED)
fanout702/X                              10     11        (VIOLATED)
fanout707/X                              10     11        (VIOLATED)
fanout710/X                              10     11        (VIOLATED)
fanout712/X                              10     11        (VIOLATED)
fanout714/X                              10     11        (VIOLATED)
fanout717/X                              10     11        (VIOLATED)
fanout724/X                              10     11        (VIOLATED)
fanout730/X                              10     11        (VIOLATED)
fanout734/X                              10     11        (VIOLATED)
hold1192/X                               10     11        (VIOLATED)
hold1305/X                               10     11        (VIOLATED)
hold132/X                                10     11        (VIOLATED)
hold163/X                                10     11        (VIOLATED)
hold189/X                                10     11        (VIOLATED)
hold230/X                                10     11        (VIOLATED)
hold239/X                                10     11        (VIOLATED)
hold253/X                                10     11        (VIOLATED)
hold264/X                                10     11        (VIOLATED)
hold276/X                                10     11        (VIOLATED)
hold307/X                                10     11        (VIOLATED)
hold376/X                                10     11        (VIOLATED)
hold41/X                                 10     11        (VIOLATED)
hold451/X                                10     11        (VIOLATED)
hold474/X                                10     11        (VIOLATED)
hold484/X                                10     11        (VIOLATED)
hold55/X                                 10     11        (VIOLATED)
hold574/X                                10     11        (VIOLATED)
hold596/X                                10     11        (VIOLATED)
hold600/X                                10     11        (VIOLATED)
hold64/X                                 10     11        (VIOLATED)
hold682/X                                10     11        (VIOLATED)
hold684/X                                10     11        (VIOLATED)
hold708/X                                10     11        (VIOLATED)
hold713/X                                10     11        (VIOLATED)
hold723/X                                10     11        (VIOLATED)
hold77/X                                 10     11        (VIOLATED)
hold791/X                                10     11        (VIOLATED)
hold819/X                                10     11        (VIOLATED)
hold831/X                                10     11        (VIOLATED)
hold88/X                                 10     11        (VIOLATED)
hold91/X                                 10     11        (VIOLATED)
hold918/X                                10     11        (VIOLATED)
hold94/X                                 10     11        (VIOLATED)
hold997/X                                10     11        (VIOLATED)
mprj.team_03_Wrapper.team_03_WB.instance_to_wrap/DAT_O[3]     10     11        (VIOLATED)
mprj.team_05_Wrapper.team_05_WB.instance_to_wrap/gpio_oeb[22]     10     11        (VIOLATED)
mprj.team_05_Wrapper.team_05_WB.instance_to_wrap/gpio_oeb[26]     10     11        (VIOLATED)
mprj.team_05_Wrapper.team_05_WB.instance_to_wrap/gpio_oeb[4]     10     11        (VIOLATED)
mprj.team_08_Wrapper.team_08_WB.instance_to_wrap/gpio_oeb[17]     10     11        (VIOLATED)
mprj.team_08_Wrapper.team_08_WB.instance_to_wrap/gpio_oeb[24]     10     11        (VIOLATED)
wire238/X                                10     11        (VIOLATED)

max capacitance

Pin                                        Limit         Cap       Slack
------------------------------------------------------------------------
clkbuf_1_1_1_wb_clk_i/X                 1.181955    1.378746   -0.196791 (VIOLATED)
clkbuf_1_0_1_wb_clk_i/X                 1.181955    1.322485   -0.140530 (VIOLATED)
hold982/X                               0.201426    0.222285   -0.020859 (VIOLATED)
hold1744/X                              0.201426    0.213396   -0.011970 (VIOLATED)



===========================================================================
report_parasitic_annotation -report_unannotated
============================================================================
Found 516 unannotated drivers.
 analog_io[0]
 analog_io[10]
 analog_io[11]
 analog_io[12]
 analog_io[13]
 analog_io[14]
 analog_io[15]
 analog_io[16]
 analog_io[17]
 analog_io[18]
 analog_io[19]
 analog_io[1]
 analog_io[20]
 analog_io[21]
 analog_io[22]
 analog_io[23]
 analog_io[24]
 analog_io[25]
 analog_io[26]
 analog_io[27]
 analog_io[28]
 analog_io[2]
 analog_io[3]
 analog_io[4]
 analog_io[5]
 analog_io[6]
 analog_io[7]
 analog_io[8]
 analog_io[9]
 io_in[1]
 io_in[2]
 io_in[3]
 io_in[4]
 la_data_in[100]
 la_data_in[101]
 la_data_in[102]
 la_data_in[103]
 la_data_in[104]
 la_data_in[105]
 la_data_in[106]
 la_data_in[107]
 la_data_in[108]
 la_data_in[109]
 la_data_in[10]
 la_data_in[110]
 la_data_in[111]
 la_data_in[112]
 la_data_in[113]
 la_data_in[114]
 la_data_in[115]
 la_data_in[116]
 la_data_in[117]
 la_data_in[118]
 la_data_in[119]
 la_data_in[11]
 la_data_in[120]
 la_data_in[121]
 la_data_in[122]
 la_data_in[123]
 la_data_in[124]
 la_data_in[125]
 la_data_in[126]
 la_data_in[127]
 la_data_in[12]
 la_data_in[13]
 la_data_in[14]
 la_data_in[15]
 la_data_in[16]
 la_data_in[17]
 la_data_in[18]
 la_data_in[19]
 la_data_in[20]
 la_data_in[21]
 la_data_in[22]
 la_data_in[23]
 la_data_in[24]
 la_data_in[25]
 la_data_in[26]
 la_data_in[27]
 la_data_in[28]
 la_data_in[29]
 la_data_in[2]
 la_data_in[30]
 la_data_in[31]
 la_data_in[32]
 la_data_in[33]
 la_data_in[34]
 la_data_in[35]
 la_data_in[36]
 la_data_in[37]
 la_data_in[38]
 la_data_in[39]
 la_data_in[3]
 la_data_in[40]
 la_data_in[41]
 la_data_in[42]
 la_data_in[43]
 la_data_in[44]
 la_data_in[45]
 la_data_in[46]
 la_data_in[47]
 la_data_in[48]
 la_data_in[49]
 la_data_in[4]
 la_data_in[50]
 la_data_in[51]
 la_data_in[52]
 la_data_in[53]
 la_data_in[54]
 la_data_in[55]
 la_data_in[56]
 la_data_in[57]
 la_data_in[58]
 la_data_in[59]
 la_data_in[5]
 la_data_in[60]
 la_data_in[61]
 la_data_in[62]
 la_data_in[63]
 la_data_in[64]
 la_data_in[65]
 la_data_in[66]
 la_data_in[67]
 la_data_in[68]
 la_data_in[69]
 la_data_in[6]
 la_data_in[70]
 la_data_in[71]
 la_data_in[72]
 la_data_in[73]
 la_data_in[74]
 la_data_in[75]
 la_data_in[76]
 la_data_in[77]
 la_data_in[78]
 la_data_in[79]
 la_data_in[7]
 la_data_in[80]
 la_data_in[81]
 la_data_in[82]
 la_data_in[83]
 la_data_in[84]
 la_data_in[85]
 la_data_in[86]
 la_data_in[87]
 la_data_in[88]
 la_data_in[89]
 la_data_in[8]
 la_data_in[90]
 la_data_in[91]
 la_data_in[92]
 la_data_in[93]
 la_data_in[94]
 la_data_in[95]
 la_data_in[96]
 la_data_in[97]
 la_data_in[98]
 la_data_in[99]
 la_data_in[9]
 la_oenb[100]
 la_oenb[101]
 la_oenb[102]
 la_oenb[103]
 la_oenb[104]
 la_oenb[105]
 la_oenb[106]
 la_oenb[107]
 la_oenb[108]
 la_oenb[109]
 la_oenb[10]
 la_oenb[110]
 la_oenb[111]
 la_oenb[112]
 la_oenb[113]
 la_oenb[114]
 la_oenb[115]
 la_oenb[116]
 la_oenb[117]
 la_oenb[118]
 la_oenb[119]
 la_oenb[11]
 la_oenb[120]
 la_oenb[121]
 la_oenb[122]
 la_oenb[123]
 la_oenb[124]
 la_oenb[125]
 la_oenb[126]
 la_oenb[127]
 la_oenb[12]
 la_oenb[13]
 la_oenb[14]
 la_oenb[15]
 la_oenb[16]
 la_oenb[17]
 la_oenb[18]
 la_oenb[19]
 la_oenb[20]
 la_oenb[21]
 la_oenb[22]
 la_oenb[23]
 la_oenb[24]
 la_oenb[25]
 la_oenb[26]
 la_oenb[27]
 la_oenb[28]
 la_oenb[29]
 la_oenb[2]
 la_oenb[30]
 la_oenb[31]
 la_oenb[32]
 la_oenb[33]
 la_oenb[34]
 la_oenb[35]
 la_oenb[36]
 la_oenb[37]
 la_oenb[38]
 la_oenb[39]
 la_oenb[3]
 la_oenb[40]
 la_oenb[41]
 la_oenb[42]
 la_oenb[43]
 la_oenb[44]
 la_oenb[45]
 la_oenb[46]
 la_oenb[47]
 la_oenb[48]
 la_oenb[49]
 la_oenb[4]
 la_oenb[50]
 la_oenb[51]
 la_oenb[52]
 la_oenb[53]
 la_oenb[54]
 la_oenb[55]
 la_oenb[56]
 la_oenb[57]
 la_oenb[58]
 la_oenb[59]
 la_oenb[5]
 la_oenb[60]
 la_oenb[61]
 la_oenb[62]
 la_oenb[63]
 la_oenb[64]
 la_oenb[65]
 la_oenb[66]
 la_oenb[67]
 la_oenb[68]
 la_oenb[69]
 la_oenb[6]
 la_oenb[70]
 la_oenb[71]
 la_oenb[72]
 la_oenb[73]
 la_oenb[74]
 la_oenb[75]
 la_oenb[76]
 la_oenb[77]
 la_oenb[78]
 la_oenb[79]
 la_oenb[7]
 la_oenb[80]
 la_oenb[81]
 la_oenb[82]
 la_oenb[83]
 la_oenb[84]
 la_oenb[85]
 la_oenb[86]
 la_oenb[87]
 la_oenb[88]
 la_oenb[89]
 la_oenb[8]
 la_oenb[90]
 la_oenb[91]
 la_oenb[92]
 la_oenb[93]
 la_oenb[94]
 la_oenb[95]
 la_oenb[96]
 la_oenb[97]
 la_oenb[98]
 la_oenb[99]
 la_oenb[9]
 user_clock2
 wbs_sel_i[0]
 wbs_sel_i[1]
 wbs_sel_i[2]
 wbs_sel_i[3]
 _8469__935/LO
 clkload0/X
 clkload1/Y
 clkload10/Y
 clkload11/Y
 clkload12/X
 clkload13/X
 clkload14/X
 clkload15/X
 clkload16/X
 clkload17/X
 clkload18/X
 clkload19/X
 clkload2/X
 clkload20/X
 clkload21/X
 clkload22/X
 clkload23/X
 clkload24/X
 clkload25/X
 clkload26/X
 clkload27/X
 clkload28/X
 clkload29/X
 clkload3/X
 clkload30/X
 clkload31/X
 clkload32/X
 clkload33/X
 clkload34/X
 clkload35/X
 clkload36/X
 clkload37/X
 clkload38/X
 clkload39/X
 clkload4/Y
 clkload40/X
 clkload41/X
 clkload42/X
 clkload43/X
 clkload44/X
 clkload45/X
 clkload46/X
 clkload47/X
 clkload48/X
 clkload49/X
 clkload5/Y
 clkload50/X
 clkload51/X
 clkload52/X
 clkload53/X
 clkload54/X
 clkload55/X
 clkload56/X
 clkload57/X
 clkload58/X
 clkload59/X
 clkload6/Y
 clkload60/X
 clkload61/X
 clkload62/X
 clkload63/X
 clkload64/X
 clkload65/X
 clkload7/Y
 clkload8/Y
 clkload9/Y
 mprj.team_01_Wrapper.team_01_WB.instance_to_wrap/SEL_O[0]
 mprj.team_01_Wrapper.team_01_WB.instance_to_wrap/SEL_O[1]
 mprj.team_01_Wrapper.team_01_WB.instance_to_wrap/SEL_O[2]
 mprj.team_01_Wrapper.team_01_WB.instance_to_wrap/SEL_O[3]
 mprj.team_02_Wrapper.team_02_WB.instance_to_wrap/SEL_O[0]
 mprj.team_02_Wrapper.team_02_WB.instance_to_wrap/SEL_O[1]
 mprj.team_02_Wrapper.team_02_WB.instance_to_wrap/SEL_O[2]
 mprj.team_02_Wrapper.team_02_WB.instance_to_wrap/SEL_O[3]
 mprj.team_03_Wrapper.team_03_WB.instance_to_wrap/SEL_O[0]
 mprj.team_03_Wrapper.team_03_WB.instance_to_wrap/SEL_O[1]
 mprj.team_03_Wrapper.team_03_WB.instance_to_wrap/SEL_O[2]
 mprj.team_03_Wrapper.team_03_WB.instance_to_wrap/SEL_O[3]
 mprj.team_04_Wrapper.team_04_WB.instance_to_wrap/SEL_O[0]
 mprj.team_04_Wrapper.team_04_WB.instance_to_wrap/SEL_O[1]
 mprj.team_04_Wrapper.team_04_WB.instance_to_wrap/SEL_O[2]
 mprj.team_04_Wrapper.team_04_WB.instance_to_wrap/SEL_O[3]
 mprj.team_05_Wrapper.team_05_WB.instance_to_wrap/SEL_O[0]
 mprj.team_05_Wrapper.team_05_WB.instance_to_wrap/SEL_O[1]
 mprj.team_05_Wrapper.team_05_WB.instance_to_wrap/SEL_O[2]
 mprj.team_05_Wrapper.team_05_WB.instance_to_wrap/SEL_O[3]
 user_project_wrapper_800/HI
 user_project_wrapper_801/HI
 user_project_wrapper_802/HI
 user_project_wrapper_803/HI
 user_project_wrapper_804/HI
 user_project_wrapper_805/HI
 user_project_wrapper_806/HI
 user_project_wrapper_807/HI
 user_project_wrapper_808/HI
 user_project_wrapper_809/HI
 user_project_wrapper_810/HI
 user_project_wrapper_811/HI
 user_project_wrapper_812/HI
 user_project_wrapper_813/HI
 user_project_wrapper_814/HI
 user_project_wrapper_815/HI
 user_project_wrapper_816/HI
 user_project_wrapper_817/HI
 user_project_wrapper_818/HI
 user_project_wrapper_819/HI
 user_project_wrapper_820/HI
 user_project_wrapper_821/HI
 user_project_wrapper_822/HI
 user_project_wrapper_823/HI
 user_project_wrapper_824/HI
 user_project_wrapper_825/HI
 user_project_wrapper_826/HI
 user_project_wrapper_827/HI
 user_project_wrapper_828/HI
 user_project_wrapper_829/HI
 user_project_wrapper_830/HI
 user_project_wrapper_831/HI
 user_project_wrapper_832/HI
 user_project_wrapper_833/HI
 user_project_wrapper_834/HI
 user_project_wrapper_835/HI
 user_project_wrapper_836/HI
 user_project_wrapper_837/HI
 user_project_wrapper_838/HI
 user_project_wrapper_839/HI
 user_project_wrapper_840/HI
 user_project_wrapper_841/HI
 user_project_wrapper_842/HI
 user_project_wrapper_843/HI
 user_project_wrapper_844/HI
 user_project_wrapper_845/HI
 user_project_wrapper_846/HI
 user_project_wrapper_847/HI
 user_project_wrapper_848/HI
 user_project_wrapper_849/HI
 user_project_wrapper_850/HI
 user_project_wrapper_851/HI
 user_project_wrapper_852/HI
 user_project_wrapper_853/HI
 user_project_wrapper_854/HI
 user_project_wrapper_855/HI
 user_project_wrapper_856/HI
 user_project_wrapper_857/HI
 user_project_wrapper_858/HI
 user_project_wrapper_859/HI
 user_project_wrapper_860/HI
 user_project_wrapper_861/HI
 user_project_wrapper_862/HI
 user_project_wrapper_863/HI
 user_project_wrapper_864/HI
 user_project_wrapper_865/HI
 user_project_wrapper_866/HI
 user_project_wrapper_867/HI
 user_project_wrapper_868/HI
 user_project_wrapper_869/HI
 user_project_wrapper_870/HI
 user_project_wrapper_871/HI
 user_project_wrapper_872/HI
 user_project_wrapper_873/HI
 user_project_wrapper_874/HI
 user_project_wrapper_875/HI
 user_project_wrapper_876/HI
 user_project_wrapper_877/HI
 user_project_wrapper_878/HI
 user_project_wrapper_879/HI
 user_project_wrapper_880/HI
 user_project_wrapper_881/HI
 user_project_wrapper_882/HI
 user_project_wrapper_883/HI
 user_project_wrapper_884/HI
 user_project_wrapper_885/HI
 user_project_wrapper_886/HI
 user_project_wrapper_887/HI
 user_project_wrapper_888/HI
 user_project_wrapper_889/HI
 user_project_wrapper_890/HI
 user_project_wrapper_891/HI
 user_project_wrapper_892/HI
 user_project_wrapper_893/HI
 user_project_wrapper_894/HI
 user_project_wrapper_895/HI
 user_project_wrapper_896/HI
 user_project_wrapper_897/HI
 user_project_wrapper_898/HI
 user_project_wrapper_899/HI
 user_project_wrapper_900/HI
 user_project_wrapper_901/HI
 user_project_wrapper_902/HI
 user_project_wrapper_903/HI
 user_project_wrapper_904/HI
 user_project_wrapper_905/HI
 user_project_wrapper_906/HI
 user_project_wrapper_907/HI
 user_project_wrapper_908/HI
 user_project_wrapper_909/HI
 user_project_wrapper_910/HI
 user_project_wrapper_911/HI
 user_project_wrapper_912/HI
 user_project_wrapper_913/HI
 user_project_wrapper_914/HI
 user_project_wrapper_915/HI
 user_project_wrapper_916/HI
 user_project_wrapper_917/HI
 user_project_wrapper_918/HI
 user_project_wrapper_919/HI
 user_project_wrapper_920/HI
 user_project_wrapper_921/HI
 user_project_wrapper_922/HI
 user_project_wrapper_923/HI
 user_project_wrapper_924/HI
 user_project_wrapper_925/HI
 user_project_wrapper_926/HI
 user_project_wrapper_927/HI
 user_project_wrapper_928/HI
 user_project_wrapper_929/HI
 user_project_wrapper_930/HI
 user_project_wrapper_931/HI
 user_project_wrapper_932/HI
 user_project_wrapper_933/HI
 user_project_wrapper_934/HI
 user_project_wrapper_936/LO
 user_project_wrapper_937/LO
 user_project_wrapper_938/LO
 user_project_wrapper_939/LO
Found 42 partially unannotated drivers.
 _7349_/X
  mprj.sram.sram_inst/din0[31]
 _7350_/Y
  mprj.sram.sram_inst/din0[30]
 _7351_/Y
  mprj.sram.sram_inst/din0[29]
 _7352_/Y
  mprj.sram.sram_inst/din0[28]
 _7353_/Y
  mprj.sram.sram_inst/din0[27]
 _7354_/Y
  mprj.sram.sram_inst/din0[26]
 _7355_/Y
  mprj.sram.sram_inst/din0[25]
 _7356_/Y
  mprj.sram.sram_inst/din0[24]
 _7357_/Y
  mprj.sram.sram_inst/din0[23]
 _7358_/Y
  mprj.sram.sram_inst/din0[22]
 _7359_/Y
  mprj.sram.sram_inst/din0[21]
 _7360_/Y
  mprj.sram.sram_inst/din0[20]
 _7361_/Y
  mprj.sram.sram_inst/din0[19]
 _7362_/Y
  mprj.sram.sram_inst/din0[18]
 _7363_/Y
  mprj.sram.sram_inst/din0[17]
 _7364_/Y
  mprj.sram.sram_inst/din0[16]
 _7365_/Y
  mprj.sram.sram_inst/din0[15]
 _7366_/Y
  mprj.sram.sram_inst/din0[14]
 _7367_/Y
  mprj.sram.sram_inst/din0[13]
 _7368_/Y
  mprj.sram.sram_inst/din0[12]
 _7369_/Y
  mprj.sram.sram_inst/din0[11]
 _7370_/Y
  mprj.sram.sram_inst/din0[10]
 _7371_/Y
  mprj.sram.sram_inst/din0[9]
 _7372_/Y
  mprj.sram.sram_inst/din0[8]
 _7373_/Y
  mprj.sram.sram_inst/din0[7]
 _7374_/Y
  mprj.sram.sram_inst/din0[6]
 _7375_/X
  mprj.sram.sram_inst/din0[5]
 _7376_/Y
  mprj.sram.sram_inst/din0[4]
 _7377_/Y
  mprj.sram.sram_inst/din0[3]
 _7378_/Y
  mprj.sram.sram_inst/din0[2]
 _7379_/Y
  mprj.sram.sram_inst/din0[1]
 _7380_/Y
  mprj.sram.sram_inst/din0[0]
 _7381_/Y
  mprj.sram.sram_inst/addr0[9]
  mprj.sram.sram_inst/addr1[9]
 _7382_/Y
  mprj.sram.sram_inst/addr0[8]
  mprj.sram.sram_inst/addr1[8]
 _7383_/Y
  mprj.sram.sram_inst/addr0[7]
  mprj.sram.sram_inst/addr1[7]
 _7384_/Y
  mprj.sram.sram_inst/addr0[6]
  mprj.sram.sram_inst/addr1[6]
 _7385_/Y
  mprj.sram.sram_inst/addr0[5]
  mprj.sram.sram_inst/addr1[5]
 _7386_/Y
  mprj.sram.sram_inst/addr0[4]
  mprj.sram.sram_inst/addr1[4]
 _7387_/Y
  mprj.sram.sram_inst/addr0[3]
  mprj.sram.sram_inst/addr1[3]
 _7388_/Y
  mprj.sram.sram_inst/addr0[2]
  mprj.sram.sram_inst/addr1[2]
 _7389_/Y
  mprj.sram.sram_inst/addr0[1]
  mprj.sram.sram_inst/addr1[1]
 _7390_/Y
  mprj.sram.sram_inst/addr0[0]
  mprj.sram.sram_inst/addr1[0]

===========================================================================
max slew violation count 1430
max fanout violation count 1014
max cap violation count 4
============================================================================

===========================================================================
check_setup -verbose -unconstrained_endpoints -multiple_clock -no_clock -no_input_delay -loops -generated_clocks
===========================================================================
Warning: There are 68 input ports missing set_input_delay.
  analog_io[0]
  analog_io[10]
  analog_io[11]
  analog_io[12]
  analog_io[13]
  analog_io[14]
  analog_io[15]
  analog_io[16]
  analog_io[17]
  analog_io[18]
  analog_io[19]
  analog_io[1]
  analog_io[20]
  analog_io[21]
  analog_io[22]
  analog_io[23]
  analog_io[24]
  analog_io[25]
  analog_io[26]
  analog_io[27]
  analog_io[28]
  analog_io[2]
  analog_io[3]
  analog_io[4]
  analog_io[5]
  analog_io[6]
  analog_io[7]
  analog_io[8]
  analog_io[9]
  io_in[0]
  io_in[10]
  io_in[11]
  io_in[12]
  io_in[13]
  io_in[14]
  io_in[15]
  io_in[16]
  io_in[17]
  io_in[18]
  io_in[19]
  io_in[1]
  io_in[20]
  io_in[21]
  io_in[22]
  io_in[23]
  io_in[24]
  io_in[25]
  io_in[26]
  io_in[27]
  io_in[28]
  io_in[29]
  io_in[2]
  io_in[30]
  io_in[31]
  io_in[32]
  io_in[33]
  io_in[34]
  io_in[35]
  io_in[36]
  io_in[37]
  io_in[3]
  io_in[4]
  io_in[5]
  io_in[6]
  io_in[7]
  io_in[8]
  io_in[9]
  user_clock2
Warning: There are 316 unconstrained endpoints.
  analog_io[0]
  analog_io[10]
  analog_io[11]
  analog_io[12]
  analog_io[13]
  analog_io[14]
  analog_io[15]
  analog_io[16]
  analog_io[17]
  analog_io[18]
  analog_io[19]
  analog_io[1]
  analog_io[20]
  analog_io[21]
  analog_io[22]
  analog_io[23]
  analog_io[24]
  analog_io[25]
  analog_io[26]
  analog_io[27]
  analog_io[28]
  analog_io[2]
  analog_io[3]
  analog_io[4]
  analog_io[5]
  analog_io[6]
  analog_io[7]
  analog_io[8]
  analog_io[9]
  io_oeb[0]
  io_oeb[10]
  io_oeb[11]
  io_oeb[12]
  io_oeb[13]
  io_oeb[14]
  io_oeb[15]
  io_oeb[16]
  io_oeb[17]
  io_oeb[18]
  io_oeb[19]
  io_oeb[1]
  io_oeb[20]
  io_oeb[21]
  io_oeb[22]
  io_oeb[23]
  io_oeb[24]
  io_oeb[25]
  io_oeb[26]
  io_oeb[27]
  io_oeb[28]
  io_oeb[29]
  io_oeb[2]
  io_oeb[30]
  io_oeb[31]
  io_oeb[32]
  io_oeb[33]
  io_oeb[34]
  io_oeb[35]
  io_oeb[36]
  io_oeb[37]
  io_oeb[3]
  io_oeb[4]
  io_oeb[5]
  io_oeb[6]
  io_oeb[7]
  io_oeb[8]
  io_oeb[9]
  io_out[0]
  io_out[10]
  io_out[11]
  io_out[12]
  io_out[13]
  io_out[14]
  io_out[15]
  io_out[16]
  io_out[17]
  io_out[18]
  io_out[19]
  io_out[1]
  io_out[20]
  io_out[21]
  io_out[22]
  io_out[23]
  io_out[24]
  io_out[25]
  io_out[26]
  io_out[27]
  io_out[28]
  io_out[29]
  io_out[2]
  io_out[30]
  io_out[31]
  io_out[32]
  io_out[33]
  io_out[34]
  io_out[35]
  io_out[36]
  io_out[37]
  io_out[3]
  io_out[4]
  io_out[5]
  io_out[6]
  io_out[7]
  io_out[8]
  io_out[9]
  la_data_out[0]
  la_data_out[100]
  la_data_out[101]
  la_data_out[102]
  la_data_out[103]
  la_data_out[104]
  la_data_out[105]
  la_data_out[106]
  la_data_out[107]
  la_data_out[108]
  la_data_out[109]
  la_data_out[10]
  la_data_out[110]
  la_data_out[111]
  la_data_out[112]
  la_data_out[113]
  la_data_out[114]
  la_data_out[115]
  la_data_out[116]
  la_data_out[117]
  la_data_out[118]
  la_data_out[119]
  la_data_out[11]
  la_data_out[120]
  la_data_out[121]
  la_data_out[122]
  la_data_out[123]
  la_data_out[124]
  la_data_out[125]
  la_data_out[126]
  la_data_out[127]
  la_data_out[12]
  la_data_out[13]
  la_data_out[14]
  la_data_out[15]
  la_data_out[16]
  la_data_out[17]
  la_data_out[18]
  la_data_out[19]
  la_data_out[1]
  la_data_out[20]
  la_data_out[21]
  la_data_out[22]
  la_data_out[23]
  la_data_out[24]
  la_data_out[25]
  la_data_out[26]
  la_data_out[27]
  la_data_out[28]
  la_data_out[29]
  la_data_out[2]
  la_data_out[30]
  la_data_out[31]
  la_data_out[32]
  la_data_out[33]
  la_data_out[34]
  la_data_out[35]
  la_data_out[36]
  la_data_out[37]
  la_data_out[38]
  la_data_out[39]
  la_data_out[3]
  la_data_out[40]
  la_data_out[41]
  la_data_out[42]
  la_data_out[43]
  la_data_out[44]
  la_data_out[45]
  la_data_out[46]
  la_data_out[47]
  la_data_out[48]
  la_data_out[49]
  la_data_out[4]
  la_data_out[50]
  la_data_out[51]
  la_data_out[52]
  la_data_out[53]
  la_data_out[54]
  la_data_out[55]
  la_data_out[56]
  la_data_out[57]
  la_data_out[58]
  la_data_out[59]
  la_data_out[5]
  la_data_out[60]
  la_data_out[61]
  la_data_out[62]
  la_data_out[63]
  la_data_out[64]
  la_data_out[65]
  la_data_out[66]
  la_data_out[67]
  la_data_out[68]
  la_data_out[69]
  la_data_out[6]
  la_data_out[70]
  la_data_out[71]
  la_data_out[72]
  la_data_out[73]
  la_data_out[74]
  la_data_out[75]
  la_data_out[76]
  la_data_out[77]
  la_data_out[78]
  la_data_out[79]
  la_data_out[7]
  la_data_out[80]
  la_data_out[81]
  la_data_out[82]
  la_data_out[83]
  la_data_out[84]
  la_data_out[85]
  la_data_out[86]
  la_data_out[87]
  la_data_out[88]
  la_data_out[89]
  la_data_out[8]
  la_data_out[90]
  la_data_out[91]
  la_data_out[92]
  la_data_out[93]
  la_data_out[94]
  la_data_out[95]
  la_data_out[96]
  la_data_out[97]
  la_data_out[98]
  la_data_out[99]
  la_data_out[9]
  user_irq[0]
  user_irq[1]
  user_irq[2]
  _8469_/D
  mprj.team_01_Wrapper.team_01_WB.instance_to_wrap/gpio_in[12]
  mprj.team_01_Wrapper.team_01_WB.instance_to_wrap/gpio_in[13]
  mprj.team_01_Wrapper.team_01_WB.instance_to_wrap/gpio_in[14]
  mprj.team_01_Wrapper.team_01_WB.instance_to_wrap/gpio_in[15]
  mprj.team_02_Wrapper.team_02_WB.instance_to_wrap/gpio_in[15]
  mprj.team_02_Wrapper.team_02_WB.instance_to_wrap/gpio_in[16]
  mprj.team_02_Wrapper.team_02_WB.instance_to_wrap/gpio_in[17]
  mprj.team_02_Wrapper.team_02_WB.instance_to_wrap/gpio_in[18]
  mprj.team_03_Wrapper.team_03_WB.instance_to_wrap/gpio_in[0]
  mprj.team_03_Wrapper.team_03_WB.instance_to_wrap/gpio_in[10]
  mprj.team_03_Wrapper.team_03_WB.instance_to_wrap/gpio_in[11]
  mprj.team_03_Wrapper.team_03_WB.instance_to_wrap/gpio_in[12]
  mprj.team_03_Wrapper.team_03_WB.instance_to_wrap/gpio_in[13]
  mprj.team_03_Wrapper.team_03_WB.instance_to_wrap/gpio_in[14]
  mprj.team_03_Wrapper.team_03_WB.instance_to_wrap/gpio_in[15]
  mprj.team_03_Wrapper.team_03_WB.instance_to_wrap/gpio_in[16]
  mprj.team_03_Wrapper.team_03_WB.instance_to_wrap/gpio_in[17]
  mprj.team_03_Wrapper.team_03_WB.instance_to_wrap/gpio_in[18]
  mprj.team_03_Wrapper.team_03_WB.instance_to_wrap/gpio_in[19]
  mprj.team_03_Wrapper.team_03_WB.instance_to_wrap/gpio_in[1]
  mprj.team_03_Wrapper.team_03_WB.instance_to_wrap/gpio_in[20]
  mprj.team_03_Wrapper.team_03_WB.instance_to_wrap/gpio_in[21]
  mprj.team_03_Wrapper.team_03_WB.instance_to_wrap/gpio_in[22]
  mprj.team_03_Wrapper.team_03_WB.instance_to_wrap/gpio_in[23]
  mprj.team_03_Wrapper.team_03_WB.instance_to_wrap/gpio_in[24]
  mprj.team_03_Wrapper.team_03_WB.instance_to_wrap/gpio_in[25]
  mprj.team_03_Wrapper.team_03_WB.instance_to_wrap/gpio_in[26]
  mprj.team_03_Wrapper.team_03_WB.instance_to_wrap/gpio_in[27]
  mprj.team_03_Wrapper.team_03_WB.instance_to_wrap/gpio_in[28]
  mprj.team_03_Wrapper.team_03_WB.instance_to_wrap/gpio_in[29]
  mprj.team_03_Wrapper.team_03_WB.instance_to_wrap/gpio_in[2]
  mprj.team_03_Wrapper.team_03_WB.instance_to_wrap/gpio_in[30]
  mprj.team_03_Wrapper.team_03_WB.instance_to_wrap/gpio_in[31]
  mprj.team_03_Wrapper.team_03_WB.instance_to_wrap/gpio_in[3]
  mprj.team_03_Wrapper.team_03_WB.instance_to_wrap/gpio_in[4]
  mprj.team_03_Wrapper.team_03_WB.instance_to_wrap/gpio_in[5]
  mprj.team_03_Wrapper.team_03_WB.instance_to_wrap/gpio_in[6]
  mprj.team_03_Wrapper.team_03_WB.instance_to_wrap/gpio_in[7]
  mprj.team_03_Wrapper.team_03_WB.instance_to_wrap/gpio_in[8]
  mprj.team_03_Wrapper.team_03_WB.instance_to_wrap/gpio_in[9]
  mprj.team_04_Wrapper.team_04_WB.instance_to_wrap/gpio_in[5]
  mprj.team_05_Wrapper.team_05_WB.instance_to_wrap/gpio_in[30]
  mprj.team_05_Wrapper.team_05_WB.instance_to_wrap/gpio_in[31]
  mprj.team_05_Wrapper.team_05_WB.instance_to_wrap/gpio_in[32]
  mprj.team_05_Wrapper.team_05_WB.instance_to_wrap/gpio_in[33]
  mprj.team_06_Wrapper.team_06_WB.instance_to_wrap/gpio_in[0]
  mprj.team_06_Wrapper.team_06_WB.instance_to_wrap/gpio_in[1]
  mprj.team_06_Wrapper.team_06_WB.instance_to_wrap/gpio_in[2]
  mprj.team_06_Wrapper.team_06_WB.instance_to_wrap/gpio_in[3]
  mprj.team_06_Wrapper.team_06_WB.instance_to_wrap/gpio_in[4]
  mprj.team_06_Wrapper.team_06_WB.instance_to_wrap/gpio_in[5]
  mprj.team_07_Wrapper.team_07_WB.instance_to_wrap/gpio_in[18]
  mprj.team_07_Wrapper.team_07_WB.instance_to_wrap/gpio_in[19]
  mprj.team_07_Wrapper.team_07_WB.instance_to_wrap/gpio_in[20]
  mprj.team_07_Wrapper.team_07_WB.instance_to_wrap/gpio_in[21]
  mprj.team_07_Wrapper.team_07_WB.instance_to_wrap/gpio_in[22]
  mprj.team_07_Wrapper.team_07_WB.instance_to_wrap/gpio_in[23]
  mprj.team_08_Wrapper.team_08_WB.instance_to_wrap/gpio_in[0]
  mprj.team_08_Wrapper.team_08_WB.instance_to_wrap/gpio_in[1]
  mprj.team_09_Wrapper.team_09_WB.instance_to_wrap/gpio_in[25]
  mprj.team_09_Wrapper.team_09_WB.instance_to_wrap/gpio_in[26]
  mprj.team_09_Wrapper.team_09_WB.instance_to_wrap/gpio_in[27]
  mprj.team_09_Wrapper.team_09_WB.instance_to_wrap/gpio_in[28]
  mprj.team_09_Wrapper.team_09_WB.instance_to_wrap/gpio_in[29]
  mprj.team_09_Wrapper.team_09_WB.instance_to_wrap/gpio_in[30]
  mprj.team_09_Wrapper.team_09_WB.instance_to_wrap/gpio_in[31]
  mprj.team_10_Wrapper.team_10_WB.instance_to_wrap/gpio_in[20]
  mprj.team_10_Wrapper.team_10_WB.instance_to_wrap/gpio_in[21]
  mprj.team_10_Wrapper.team_10_WB.instance_to_wrap/gpio_in[22]
  mprj.team_10_Wrapper.team_10_WB.instance_to_wrap/gpio_in[23]
  mprj.team_10_Wrapper.team_10_WB.instance_to_wrap/gpio_in[24]
  mprj.team_10_Wrapper.team_10_WB.instance_to_wrap/gpio_in[33]
  mprj.team_11_Wrapper.team_11_WB.instance_to_wrap/gpio_in[30]
  mprj.team_11_Wrapper.team_11_WB.instance_to_wrap/gpio_in[31]
  mprj.team_11_Wrapper.team_11_WB.instance_to_wrap/gpio_in[32]
  mprj.team_11_Wrapper.team_11_WB.instance_to_wrap/gpio_in[33]
  mprj.team_12_Wrapper.team_12_WB.instance_to_wrap/gpio_in[0]
  mprj.team_12_Wrapper.team_12_WB.instance_to_wrap/gpio_in[1]
  mprj.team_12_Wrapper.team_12_WB.instance_to_wrap/gpio_in[2]
