
===========================================================================
report_checks -unconstrained
===========================================================================
======================= nom_ss_100C_1v60 Corner ===================================

Startpoint: wb_rst_i (input port clocked by clk)
Endpoint: _8589_ (recovery check against rising-edge clock clk)
Path Group: asynchronous
Path Type: max

Fanout         Cap        Slew       Delay        Time   Description
---------------------------------------------------------------------------------------------
                                  0.000000    0.000000   clock clk (rise edge)
                                  5.570000    5.570000   clock network delay (propagated)
                                 50.000000   55.570000 v input external delay
     2    0.016521    0.000000    0.000000   55.570000 v wb_rst_i (in)
                                                         wb_rst_i (net)
                      0.001001    0.000501   55.570499 v input39/A (sky130_fd_sc_hd__buf_12)
     5    0.558849    0.147979    0.257266   55.827766 v input39/X (sky130_fd_sc_hd__buf_12)
                                                         net39 (net)
                      1.326784    0.649727   56.477493 v fanout742/A (sky130_fd_sc_hd__buf_12)
    15    0.384140    0.250029    0.823011   57.300507 v fanout742/X (sky130_fd_sc_hd__buf_12)
                                                         net742 (net)
                      0.651486    0.296840   57.597347 v fanout734/A (sky130_fd_sc_hd__clkbuf_8)
    11    0.118077    0.229567    0.661203   58.258549 v fanout734/X (sky130_fd_sc_hd__clkbuf_8)
                                                         net734 (net)
                      0.231562    0.016708   58.275257 v fanout733/A (sky130_fd_sc_hd__clkbuf_8)
    13    0.103082    0.204579    0.441506   58.716763 v fanout733/X (sky130_fd_sc_hd__clkbuf_8)
                                                         net733 (net)
                      0.206204    0.014950   58.731712 v fanout732/A (sky130_fd_sc_hd__buf_4)
    13    0.098955    0.227011    0.472280   59.203991 v fanout732/X (sky130_fd_sc_hd__buf_4)
                                                         net732 (net)
                      0.227174    0.001002   59.204994 v fanout731/A (sky130_fd_sc_hd__clkbuf_8)
    21    0.114060    0.218662    0.462002   59.666996 v fanout731/X (sky130_fd_sc_hd__clkbuf_8)
                                                         net731 (net)
                      0.219031    0.007972   59.674969 v _8240_/A (sky130_fd_sc_hd__inv_2)
     1    0.004879    0.076753    0.137575   59.812546 ^ _8240_/Y (sky130_fd_sc_hd__inv_2)
                                                         _0122_ (net)
                      0.076753    0.000128   59.812672 ^ _8589_/RESET_B (sky130_fd_sc_hd__dfrtp_2)
                                             59.812672   data arrival time

                                100.000000  100.000000   clock clk (rise edge)
                                  4.650000  104.649994   clock source latency
     4    0.434058    0.610000    0.000000  104.649994 ^ wb_clk_i (in)
                                                         wb_clk_i (net)
                      1.640498    0.515250  105.165245 ^ clkbuf_regs_0_clk/A (sky130_fd_sc_hd__clkbuf_16)
     1    0.015248    0.097948    0.712795  105.878036 ^ clkbuf_regs_0_clk/X (sky130_fd_sc_hd__clkbuf_16)
                                                         delaynet_0_clk (net)
                      0.097950    0.000981  105.879021 ^ delaybuf_0_clk/A (sky130_fd_sc_hd__clkbuf_16)
     1    0.015271    0.061548    0.227466  106.106483 ^ delaybuf_0_clk/X (sky130_fd_sc_hd__clkbuf_16)
                                                         delaynet_1_clk (net)
                      0.061548    0.000952  106.107437 ^ delaybuf_1_clk/A (sky130_fd_sc_hd__clkbuf_16)
     1    0.013420    0.059254    0.208310  106.315750 ^ delaybuf_1_clk/X (sky130_fd_sc_hd__clkbuf_16)
                                                         wb_clk_i_regs (net)
                      0.059254    0.000796  106.316544 ^ clkbuf_0_wb_clk_i_regs/A (sky130_fd_sc_hd__clkbuf_16)
     5    0.100857    0.178087    0.307736  106.624283 ^ clkbuf_0_wb_clk_i_regs/X (sky130_fd_sc_hd__clkbuf_16)
                                                         clknet_0_wb_clk_i_regs (net)
                      0.178998    0.010161  106.634438 ^ clkbuf_1_0_0_wb_clk_i_regs/A (sky130_fd_sc_hd__clkbuf_8)
     5    0.103089    0.289036    0.425146  107.059586 ^ clkbuf_1_0_0_wb_clk_i_regs/X (sky130_fd_sc_hd__clkbuf_8)
                                                         clknet_1_0_0_wb_clk_i_regs (net)
                      0.294478    0.031683  107.091270 ^ clkbuf_2_1_0_wb_clk_i_regs/A (sky130_fd_sc_hd__clkbuf_8)
     3    0.074882    0.218138    0.431754  107.523026 ^ clkbuf_2_1_0_wb_clk_i_regs/X (sky130_fd_sc_hd__clkbuf_8)
                                                         clknet_2_1_0_wb_clk_i_regs (net)
                      0.221661    0.022041  107.545067 ^ clkbuf_2_1_1_wb_clk_i_regs/A (sky130_fd_sc_hd__clkbuf_8)
     9    0.130745    0.352467    0.508066  108.053131 ^ clkbuf_2_1_1_wb_clk_i_regs/X (sky130_fd_sc_hd__clkbuf_8)
                                                         clknet_2_1_1_wb_clk_i_regs (net)
                      0.353295    0.014019  108.067154 ^ clkbuf_4_6_0_wb_clk_i_regs/A (sky130_fd_sc_hd__clkbuf_8)
     5    0.076395    0.220944    0.464198  108.531349 ^ clkbuf_4_6_0_wb_clk_i_regs/X (sky130_fd_sc_hd__clkbuf_8)
                                                         clknet_4_6_0_wb_clk_i_regs (net)
                      0.222388    0.013664  108.545013 ^ clkbuf_5_13_0_wb_clk_i_regs/A (sky130_fd_sc_hd__clkbuf_8)
    23    0.130859    0.350741    0.513289  109.058304 ^ clkbuf_5_13_0_wb_clk_i_regs/X (sky130_fd_sc_hd__clkbuf_8)
                                                         clknet_5_13_0_wb_clk_i_regs (net)
                      0.351112    0.007766  109.066071 ^ _8589_/CLK (sky130_fd_sc_hd__dfrtp_2)
                                 -0.200000  108.866074   clock uncertainty
                                  0.000000  108.866074   clock reconvergence pessimism
                                  0.535637  109.401711   library recovery time
                                            109.401711   data required time
---------------------------------------------------------------------------------------------
                                            109.401711   data required time
                                            -59.812672   data arrival time
---------------------------------------------------------------------------------------------
                                             49.589035   slack (MET)


Startpoint: _8695_ (rising edge-triggered flip-flop clocked by clk)
Endpoint: mprj.team_04_Wrapper.team_04_WB.instance_to_wrap
          (rising edge-triggered flip-flop clocked by clk)
Path Group: clk
Path Type: max

Fanout         Cap        Slew       Delay        Time   Description
---------------------------------------------------------------------------------------------
                                  0.000000    0.000000   clock clk (rise edge)
                                  5.570000    5.570000   clock source latency
     4    0.434058    0.610000    0.000000    5.570000 ^ wb_clk_i (in)
                                                         wb_clk_i (net)
                      1.640498    0.515249    6.085249 ^ clkbuf_regs_0_clk/A (sky130_fd_sc_hd__clkbuf_16)
     1    0.015248    0.097948    0.712796    6.798045 ^ clkbuf_regs_0_clk/X (sky130_fd_sc_hd__clkbuf_16)
                                                         delaynet_0_clk (net)
                      0.097950    0.000981    6.799026 ^ delaybuf_0_clk/A (sky130_fd_sc_hd__clkbuf_16)
     1    0.015271    0.061548    0.227467    7.026493 ^ delaybuf_0_clk/X (sky130_fd_sc_hd__clkbuf_16)
                                                         delaynet_1_clk (net)
                      0.061548    0.000953    7.027445 ^ delaybuf_1_clk/A (sky130_fd_sc_hd__clkbuf_16)
     1    0.013420    0.059254    0.208307    7.235753 ^ delaybuf_1_clk/X (sky130_fd_sc_hd__clkbuf_16)
                                                         wb_clk_i_regs (net)
                      0.059254    0.000794    7.236546 ^ clkbuf_0_wb_clk_i_regs/A (sky130_fd_sc_hd__clkbuf_16)
     5    0.100857    0.178087    0.307740    7.544286 ^ clkbuf_0_wb_clk_i_regs/X (sky130_fd_sc_hd__clkbuf_16)
                                                         clknet_0_wb_clk_i_regs (net)
                      0.179167    0.011042    7.555328 ^ clkbuf_1_1_0_wb_clk_i_regs/A (sky130_fd_sc_hd__clkbuf_8)
     5    0.095773    0.269923    0.416805    7.972134 ^ clkbuf_1_1_0_wb_clk_i_regs/X (sky130_fd_sc_hd__clkbuf_8)
                                                         clknet_1_1_0_wb_clk_i_regs (net)
                      0.272962    0.023086    7.995219 ^ clkbuf_2_3_0_wb_clk_i_regs/A (sky130_fd_sc_hd__clkbuf_8)
     3    0.093468    0.265137    0.449875    8.445094 ^ clkbuf_2_3_0_wb_clk_i_regs/X (sky130_fd_sc_hd__clkbuf_8)
                                                         clknet_2_3_0_wb_clk_i_regs (net)
                      0.272018    0.033777    8.478871 ^ clkbuf_2_3_1_wb_clk_i_regs/A (sky130_fd_sc_hd__clkbuf_8)
    10    0.213680    0.565886    0.638697    9.117568 ^ clkbuf_2_3_1_wb_clk_i_regs/X (sky130_fd_sc_hd__clkbuf_8)
                                                         clknet_2_3_1_wb_clk_i_regs (net)
                      0.592223    0.095591    9.213160 ^ clkbuf_4_12_0_wb_clk_i_regs/A (sky130_fd_sc_hd__clkbuf_8)
     5    0.072866    0.214735    0.558802    9.771961 ^ clkbuf_4_12_0_wb_clk_i_regs/X (sky130_fd_sc_hd__clkbuf_8)
                                                         clknet_4_12_0_wb_clk_i_regs (net)
                      0.215873    0.011684    9.783646 ^ clkbuf_5_24_0_wb_clk_i_regs/A (sky130_fd_sc_hd__clkbuf_8)
    15    0.281192    0.735509    0.748249   10.531895 ^ clkbuf_5_24_0_wb_clk_i_regs/X (sky130_fd_sc_hd__clkbuf_8)
                                                         clknet_5_24_0_wb_clk_i_regs (net)
                      0.739645    0.045481   10.577375 ^ _8695_/CLK (sky130_fd_sc_hd__dfrtp_4)
     2    0.016584    0.144134    1.129382   11.706758 ^ _8695_/Q (sky130_fd_sc_hd__dfrtp_4)
                                                         mprj.team_04_Wrapper.team_04_WB.EN_VAL_REG (net)
                      0.144134    0.000641   11.707399 ^ hold2005/A (sky130_fd_sc_hd__dlygate4sd3_1)
     1    0.003859    0.105255    1.086671   12.794070 ^ hold2005/X (sky130_fd_sc_hd__dlygate4sd3_1)
                                                         net2944 (net)
                      0.105255    0.000113   12.794183 ^ hold1739/A (sky130_fd_sc_hd__dlygate4sd3_1)
     6    0.042243    0.643718    1.487071   14.281254 ^ hold1739/X (sky130_fd_sc_hd__dlygate4sd3_1)
                                                         net2678 (net)
                      0.643778    0.006541   14.287794 ^ hold864/A (sky130_fd_sc_hd__dlygate4sd3_1)
     5    0.080296    1.196371    2.056545   16.344339 ^ hold864/X (sky130_fd_sc_hd__dlygate4sd3_1)
                                                         net1803 (net)
                      1.196371    0.003235   16.347574 ^ hold1740/A (sky130_fd_sc_hd__dlygate4sd3_1)
     3    0.031963    0.498112    1.678746   18.026321 ^ hold1740/X (sky130_fd_sc_hd__dlygate4sd3_1)
                                                         net2679 (net)
                      0.498126    0.003288   18.029608 ^ mprj.team_04_Wrapper.team_04_WB.instance_to_wrap/en (team_04)
                                             18.029608   data arrival time

                                 50.000000   50.000000   clock clk (fall edge)
                                  4.650000   54.650002   clock source latency
     4    0.432182    0.610000    0.000000   54.650002 v wb_clk_i (in)
                                                         wb_clk_i (net)
                      1.686358    0.538179   55.188179 v clkbuf_0_wb_clk_i/A (sky130_fd_sc_hd__clkbuf_16)
     5    0.098048    0.155280    0.969745   56.157925 v clkbuf_0_wb_clk_i/X (sky130_fd_sc_hd__clkbuf_16)
                                                         clknet_0_wb_clk_i (net)
                      0.156352    0.010669   56.168594 v clkbuf_1_0_0_wb_clk_i/A (sky130_fd_sc_hd__clkbuf_8)
     3    0.086632    0.174397    0.391474   56.560066 v clkbuf_1_0_0_wb_clk_i/X (sky130_fd_sc_hd__clkbuf_8)
                                                         clknet_1_0_0_wb_clk_i (net)
                      0.174734    0.006775   56.566841 v clkbuf_1_0_1_wb_clk_i/A (sky130_fd_sc_hd__clkbuf_8)
    13    1.323535    2.273600    1.593911   58.160751 v clkbuf_1_0_1_wb_clk_i/X (sky130_fd_sc_hd__clkbuf_8)
                                                         clknet_1_0_1_wb_clk_i (net)
                      2.455087    0.494076   58.654827 v mprj.team_04_Wrapper.team_04_WB.instance_to_wrap/clk (team_04)
                                 -0.200000   58.454830   clock uncertainty
                                  0.920000   59.374828   clock reconvergence pessimism
                                -11.255480   48.119347   library setup time
                                             48.119347   data required time
---------------------------------------------------------------------------------------------
                                             48.119347   data required time
                                            -18.029608   data arrival time
---------------------------------------------------------------------------------------------
                                             30.089737   slack (MET)




===========================================================================
report_checks --slack_max -0.01
============================================================================
======================= nom_ss_100C_1v60 Corner ===================================

No paths found.


===========================================================================
 report_check_types -max_slew -max_cap -max_fanout -violators
============================================================================
======================= nom_ss_100C_1v60 Corner ===================================

max slew

Pin                                        Limit        Slew       Slack
------------------------------------------------------------------------
ANTENNA_mprj.team_03_Wrapper.team_03_WB.instance_to_wrap_nrst/DIODE    1.500000    3.968360   -2.468360 (VIOLATED)
mprj.team_03_Wrapper.team_03_WB.instance_to_wrap/nrst    1.500000    3.968352   -2.468353 (VIOLATED)
mprj.team_04_Wrapper.team_04_WB.instance_to_wrap/nrst    1.500000    3.961642   -2.461642 (VIOLATED)
ANTENNA_mprj.team_04_Wrapper.team_04_WB.instance_to_wrap_nrst/DIODE    1.500000    3.961389   -2.461389 (VIOLATED)
mprj.team_12_Wrapper.team_12_WB.instance_to_wrap/clk    1.500000    3.923150   -2.423150 (VIOLATED)
ANTENNA_mprj.team_12_Wrapper.team_12_WB.instance_to_wrap_clk/DIODE    1.500000    3.922458   -2.422458 (VIOLATED)
mprj.team_05_Wrapper.team_05_WB.instance_to_wrap/nrst    1.500000    3.904471   -2.404471 (VIOLATED)
ANTENNA_mprj.team_05_Wrapper.team_05_WB.instance_to_wrap_nrst/DIODE    1.500000    3.893627   -2.393627 (VIOLATED)
mprj.team_08_Wrapper.team_08_WB.instance_to_wrap/gpio_in[12]    1.500000    3.860208   -2.360208 (VIOLATED)
ANTENNA_mprj.team_08_Wrapper.team_08_WB.instance_to_wrap_gpio_in[12]/DIODE    1.500000    3.860181   -2.360181 (VIOLATED)
mprj.team_09_Wrapper.team_09_WB.instance_to_wrap/clk    1.500000    3.805246   -2.305246 (VIOLATED)
ANTENNA_mprj.team_09_Wrapper.team_09_WB.instance_to_wrap_clk/DIODE    1.500000    3.805024   -2.305024 (VIOLATED)
ANTENNA_mprj.team_08_Wrapper.team_08_WB.instance_to_wrap_gpio_in[7]/DIODE    1.500000    3.799968   -2.299968 (VIOLATED)
mprj.team_08_Wrapper.team_08_WB.instance_to_wrap/gpio_in[7]    1.500000    3.799970   -2.299970 (VIOLATED)
mprj.team_06_Wrapper.team_06_WB.instance_to_wrap/gpio_in[12]    1.500000    3.714704   -2.214704 (VIOLATED)
ANTENNA_577/DIODE                       1.500000    3.709943   -2.209943 (VIOLATED)
ANTENNA_573/DIODE                       1.500000    3.709356   -2.209356 (VIOLATED)
ANTENNA_mprj.team_06_Wrapper.team_06_WB.instance_to_wrap_gpio_in[12]/DIODE    1.500000    3.709303   -2.209303 (VIOLATED)
ANTENNA_574/DIODE                       1.500000    3.704776   -2.204776 (VIOLATED)
ANTENNA_576/DIODE                       1.500000    3.702615   -2.202615 (VIOLATED)
ANTENNA_575/DIODE                       1.500000    3.701349   -2.201349 (VIOLATED)
ANTENNA_mprj.team_07_Wrapper.team_07_WB.instance_to_wrap_clk/DIODE    1.500000    3.648678   -2.148678 (VIOLATED)
mprj.team_07_Wrapper.team_07_WB.instance_to_wrap/clk    1.500000    3.648663   -2.148663 (VIOLATED)
ANTENNA_mprj.team_07_Wrapper.team_07_WB.instance_to_wrap_gpio_in[18]/DIODE    1.500000    3.646983   -2.146983 (VIOLATED)
mprj.team_07_Wrapper.team_07_WB.instance_to_wrap/gpio_in[18]    1.500000    3.646867   -2.146867 (VIOLATED)
mprj.team_11_Wrapper.team_11_WB.instance_to_wrap/clk    1.500000    3.639240   -2.139240 (VIOLATED)
ANTENNA_mprj.team_11_Wrapper.team_11_WB.instance_to_wrap_clk/DIODE    1.500000    3.639148   -2.139148 (VIOLATED)
mprj.team_06_Wrapper.team_06_WB.instance_to_wrap/gpio_in[7]    1.500000    3.637290   -2.137290 (VIOLATED)
ANTENNA_mprj.team_06_Wrapper.team_06_WB.instance_to_wrap_gpio_in[7]/DIODE    1.500000    3.637278   -2.137278 (VIOLATED)
ANTENNA_mprj.team_02_Wrapper.team_02_WB.instance_to_wrap_nrst/DIODE    1.500000    3.574699   -2.074699 (VIOLATED)
mprj.team_02_Wrapper.team_02_WB.instance_to_wrap/nrst    1.500000    3.563458   -2.063459 (VIOLATED)
mprj.team_10_Wrapper.team_10_WB.instance_to_wrap/clk    1.500000    3.563232   -2.063232 (VIOLATED)
ANTENNA_mprj.team_10_Wrapper.team_10_WB.instance_to_wrap_clk/DIODE    1.500000    3.563170   -2.063171 (VIOLATED)
mprj.team_08_Wrapper.team_08_WB.instance_to_wrap/clk    1.500000    3.561619   -2.061619 (VIOLATED)
ANTENNA_mprj.team_08_Wrapper.team_08_WB.instance_to_wrap_clk/DIODE    1.500000    3.561589   -2.061589 (VIOLATED)
mprj.team_01_Wrapper.team_01_WB.instance_to_wrap/clk    1.500000    3.549047   -2.049047 (VIOLATED)
ANTENNA_mprj.team_01_Wrapper.team_01_WB.instance_to_wrap_clk/DIODE    1.500000    3.548297   -2.048297 (VIOLATED)
ANTENNA_clkbuf_1_1_1_wb_clk_i_X/DIODE    1.500000    3.536687   -2.036687 (VIOLATED)
clkbuf_1_1_1_wb_clk_i/X                 1.500000    3.536566   -2.036566 (VIOLATED)
mprj.team_02_Wrapper.team_02_WB.instance_to_wrap/gpio_in[12]    1.500000    3.525673   -2.025673 (VIOLATED)
ANTENNA_mprj.team_02_Wrapper.team_02_WB.instance_to_wrap_gpio_in[12]/DIODE    1.500000    3.525666   -2.025666 (VIOLATED)
mprj.team_04_Wrapper.team_04_WB.instance_to_wrap/clk    1.500000    3.517459   -2.017459 (VIOLATED)
ANTENNA_mprj.team_04_Wrapper.team_04_WB.instance_to_wrap_clk/DIODE    1.500000    3.517338   -2.017338 (VIOLATED)
ANTENNA_mprj.team_09_Wrapper.team_09_WB.instance_to_wrap_gpio_in[5]/DIODE    1.500000    3.515189   -2.015189 (VIOLATED)
mprj.team_09_Wrapper.team_09_WB.instance_to_wrap/gpio_in[5]    1.500000    3.515125   -2.015125 (VIOLATED)
mprj.team_05_Wrapper.team_05_WB.instance_to_wrap/clk    1.500000    3.509904   -2.009904 (VIOLATED)
ANTENNA_mprj.team_05_Wrapper.team_05_WB.instance_to_wrap_clk/DIODE    1.500000    3.509697   -2.009697 (VIOLATED)
ANTENNA_mprj.team_02_Wrapper.team_02_WB.instance_to_wrap_gpio_in[7]/DIODE    1.500000    3.467836   -1.967836 (VIOLATED)
mprj.team_02_Wrapper.team_02_WB.instance_to_wrap/gpio_in[7]    1.500000    3.459042   -1.959042 (VIOLATED)
ANTENNA_mprj.team_11_Wrapper.team_11_WB.instance_to_wrap_gpio_in[18]/DIODE    1.500000    3.447700   -1.947700 (VIOLATED)
mprj.team_11_Wrapper.team_11_WB.instance_to_wrap/gpio_in[18]    1.500000    3.447598   -1.947598 (VIOLATED)
ANTENNA_mprj.team_06_Wrapper.team_06_WB.instance_to_wrap_clk/DIODE    1.500000    3.436167   -1.936167 (VIOLATED)
mprj.team_06_Wrapper.team_06_WB.instance_to_wrap/clk    1.500000    3.435994   -1.935994 (VIOLATED)
mprj.team_12_Wrapper.team_12_WB.instance_to_wrap/gpio_in[5]    1.500000    3.435744   -1.935744 (VIOLATED)
ANTENNA_mprj.team_12_Wrapper.team_12_WB.instance_to_wrap_gpio_in[5]/DIODE    1.500000    3.435742   -1.935742 (VIOLATED)
mprj.team_08_Wrapper.team_08_WB.instance_to_wrap/gpio_in[13]    1.500000    3.433977   -1.933977 (VIOLATED)
ANTENNA_mprj.team_08_Wrapper.team_08_WB.instance_to_wrap_gpio_in[13]/DIODE    1.500000    3.433939   -1.933939 (VIOLATED)
mprj.team_02_Wrapper.team_02_WB.instance_to_wrap/clk    1.500000    3.415598   -1.915598 (VIOLATED)
ANTENNA_mprj.team_02_Wrapper.team_02_WB.instance_to_wrap_clk/DIODE    1.500000    3.415509   -1.915509 (VIOLATED)
mprj.team_03_Wrapper.team_03_WB.instance_to_wrap/clk    1.500000    3.402709   -1.902709 (VIOLATED)
ANTENNA_mprj.team_03_Wrapper.team_03_WB.instance_to_wrap_clk/DIODE    1.500000    3.402621   -1.902621 (VIOLATED)
ANTENNA_mprj.team_05_Wrapper.team_05_WB.instance_to_wrap_gpio_in[7]/DIODE    1.500000    3.398857   -1.898857 (VIOLATED)
mprj.team_05_Wrapper.team_05_WB.instance_to_wrap/gpio_in[7]    1.500000    3.398710   -1.898711 (VIOLATED)
ANTENNA_clkbuf_1_0_1_wb_clk_i_X/DIODE    1.500000    3.396770   -1.896770 (VIOLATED)
clkbuf_1_0_1_wb_clk_i/X                 1.500000    3.396715   -1.896715 (VIOLATED)
mprj.team_08_Wrapper.team_08_WB.instance_to_wrap/gpio_in[6]    1.500000    3.373016   -1.873016 (VIOLATED)
ANTENNA_mprj.team_08_Wrapper.team_08_WB.instance_to_wrap_gpio_in[6]/DIODE    1.500000    3.373005   -1.873005 (VIOLATED)
load_slew788/A                          1.500000    3.347275   -1.847275 (VIOLATED)
ANTENNA_load_slew788_A/DIODE            1.500000    3.341374   -1.841374 (VIOLATED)
ANTENNA_mprj.team_06_Wrapper.team_06_WB.instance_to_wrap_gpio_in[6]/DIODE    1.500000    3.286384   -1.786384 (VIOLATED)
mprj.team_06_Wrapper.team_06_WB.instance_to_wrap/gpio_in[6]    1.500000    3.284556   -1.784556 (VIOLATED)
mprj.team_06_Wrapper.team_06_WB.instance_to_wrap/gpio_in[13]    1.500000    3.272655   -1.772655 (VIOLATED)
ANTENNA_mprj.team_06_Wrapper.team_06_WB.instance_to_wrap_gpio_in[13]/DIODE    1.500000    3.269392   -1.769392 (VIOLATED)
_4230_/A2                               1.500000    3.268566   -1.768566 (VIOLATED)
ANTENNA__4230__A2/DIODE                 1.500000    3.268560   -1.768560 (VIOLATED)
hold982/X                               1.498918    3.264697   -1.765779 (VIOLATED)
ANTENNA_hold982_X/DIODE                 1.500000    3.264697   -1.764697 (VIOLATED)
ANTENNA_653/DIODE                       1.500000    3.165377   -1.665377 (VIOLATED)
hold1694/A                              1.500000    3.165342   -1.665342 (VIOLATED)
ANTENNA_hold1694_A/DIODE                1.500000    3.165314   -1.665314 (VIOLATED)
hold1744/X                              1.498918    3.156504   -1.657586 (VIOLATED)
ANTENNA_hold1744_X/DIODE                1.500000    3.156504   -1.656504 (VIOLATED)
ANTENNA_mprj.team_02_Wrapper.team_02_WB.instance_to_wrap_gpio_in[6]/DIODE    1.500000    3.145390   -1.645390 (VIOLATED)
mprj.team_06_Wrapper.team_06_WB.instance_to_wrap/nrst    1.500000    3.142672   -1.642672 (VIOLATED)
ANTENNA_mprj.team_06_Wrapper.team_06_WB.instance_to_wrap_nrst/DIODE    1.500000    3.142528   -1.642528 (VIOLATED)
ANTENNA_mprj.team_05_Wrapper.team_05_WB.instance_to_wrap_gpio_in[12]/DIODE    1.500000    3.139064   -1.639064 (VIOLATED)
mprj.team_05_Wrapper.team_05_WB.instance_to_wrap/gpio_in[12]    1.500000    3.139047   -1.639047 (VIOLATED)
mprj.team_02_Wrapper.team_02_WB.instance_to_wrap/gpio_in[6]    1.500000    3.136497   -1.636498 (VIOLATED)
mprj.team_10_Wrapper.team_10_WB.instance_to_wrap/gpio_in[33]    1.500000    3.133204   -1.633204 (VIOLATED)
ANTENNA_mprj.team_10_Wrapper.team_10_WB.instance_to_wrap_gpio_in[33]/DIODE    1.500000    3.133181   -1.633181 (VIOLATED)
ANTENNA_mprj.team_02_Wrapper.team_02_WB.instance_to_wrap_gpio_in[13]/DIODE    1.500000    3.122286   -1.622286 (VIOLATED)
mprj.team_02_Wrapper.team_02_WB.instance_to_wrap/gpio_in[13]    1.500000    3.122277   -1.622277 (VIOLATED)
mprj.team_08_Wrapper.team_08_WB.instance_to_wrap/gpio_in[9]    1.500000    3.118945   -1.618945 (VIOLATED)
ANTENNA_mprj.team_08_Wrapper.team_08_WB.instance_to_wrap_gpio_in[9]/DIODE    1.500000    3.118924   -1.618924 (VIOLATED)
ANTENNA_mprj.team_08_Wrapper.team_08_WB.instance_to_wrap_gpio_in[4]/DIODE    1.500000    3.118199   -1.618199 (VIOLATED)
mprj.team_08_Wrapper.team_08_WB.instance_to_wrap/gpio_in[4]    1.500000    3.118157   -1.618157 (VIOLATED)
mprj.team_07_Wrapper.team_07_WB.instance_to_wrap/gpio_in[33]    1.500000    3.109530   -1.609530 (VIOLATED)
ANTENNA_mprj.team_07_Wrapper.team_07_WB.instance_to_wrap_gpio_in[33]/DIODE    1.500000    3.108256   -1.608256 (VIOLATED)
ANTENNA_mprj.team_10_Wrapper.team_10_WB.instance_to_wrap_gpio_in[18]/DIODE    1.500000    3.104366   -1.604366 (VIOLATED)
mprj.team_10_Wrapper.team_10_WB.instance_to_wrap/gpio_in[18]    1.500000    3.092489   -1.592489 (VIOLATED)
ANTENNA_mprj.team_06_Wrapper.team_06_WB.instance_to_wrap_gpio_in[9]/DIODE    1.500000    3.060476   -1.560476 (VIOLATED)
mprj.team_06_Wrapper.team_06_WB.instance_to_wrap/gpio_in[9]    1.500000    3.060404   -1.560404 (VIOLATED)
ANTENNA_mprj.team_01_Wrapper.team_01_WB.instance_to_wrap_gpio_in[30]/DIODE    1.500000    3.045183   -1.545183 (VIOLATED)
mprj.team_01_Wrapper.team_01_WB.instance_to_wrap/gpio_in[30]    1.500000    3.045163   -1.545163 (VIOLATED)
mprj.team_06_Wrapper.team_06_WB.instance_to_wrap/gpio_in[4]    1.500000    3.035358   -1.535358 (VIOLATED)
ANTENNA_mprj.team_06_Wrapper.team_06_WB.instance_to_wrap_gpio_in[4]/DIODE    1.500000    3.035157   -1.535157 (VIOLATED)
mprj.team_03_Wrapper.team_03_WB.instance_to_wrap/gpio_in[30]    1.500000    3.013605   -1.513605 (VIOLATED)
ANTENNA_mprj.team_03_Wrapper.team_03_WB.instance_to_wrap_gpio_in[30]/DIODE    1.500000    3.013416   -1.513416 (VIOLATED)
ANTENNA_mprj.team_05_Wrapper.team_05_WB.instance_to_wrap_gpio_in[24]/DIODE    1.500000    3.012839   -1.512839 (VIOLATED)
mprj.team_05_Wrapper.team_05_WB.instance_to_wrap/gpio_in[24]    1.500000    3.012744   -1.512744 (VIOLATED)
ANTENNA_mprj.team_02_Wrapper.team_02_WB.instance_to_wrap_gpio_in[24]/DIODE    1.500000    2.987298   -1.487298 (VIOLATED)
mprj.team_02_Wrapper.team_02_WB.instance_to_wrap/gpio_in[24]    1.500000    2.985675   -1.485675 (VIOLATED)
mprj.team_11_Wrapper.team_11_WB.instance_to_wrap/gpio_in[33]    1.500000    2.982615   -1.482616 (VIOLATED)
ANTENNA_mprj.team_11_Wrapper.team_11_WB.instance_to_wrap_gpio_in[33]/DIODE    1.500000    2.977916   -1.477916 (VIOLATED)
ANTENNA_mprj.team_06_Wrapper.team_06_WB.instance_to_wrap_gpio_in[24]/DIODE    1.500000    2.956411   -1.456411 (VIOLATED)
mprj.team_06_Wrapper.team_06_WB.instance_to_wrap/gpio_in[24]    1.500000    2.954011   -1.454011 (VIOLATED)
mprj.team_04_Wrapper.team_04_WB.instance_to_wrap/gpio_in[30]    1.500000    2.952394   -1.452394 (VIOLATED)
ANTENNA_mprj.team_04_Wrapper.team_04_WB.instance_to_wrap_gpio_in[30]/DIODE    1.500000    2.952317   -1.452317 (VIOLATED)
mprj.team_02_Wrapper.team_02_WB.instance_to_wrap/gpio_in[9]    1.500000    2.944177   -1.444177 (VIOLATED)
ANTENNA_mprj.team_05_Wrapper.team_05_WB.instance_to_wrap_gpio_in[6]/DIODE    1.500000    2.942655   -1.442655 (VIOLATED)
mprj.team_05_Wrapper.team_05_WB.instance_to_wrap/gpio_in[6]    1.500000    2.942537   -1.442537 (VIOLATED)
ANTENNA_mprj.team_02_Wrapper.team_02_WB.instance_to_wrap_gpio_in[9]/DIODE    1.500000    2.942013   -1.442013 (VIOLATED)
ANTENNA_268/DIODE                       1.500000    2.936857   -1.436858 (VIOLATED)
ANTENNA_270/DIODE                       1.500000    2.936785   -1.436785 (VIOLATED)
_7881_/A1                               1.500000    2.936177   -1.436178 (VIOLATED)
ANTENNA__7881__A1/DIODE                 1.500000    2.935809   -1.435809 (VIOLATED)
ANTENNA_mprj.team_08_Wrapper.team_08_WB.instance_to_wrap_gpio_in[14]/DIODE    1.500000    2.918984   -1.418984 (VIOLATED)
mprj.team_08_Wrapper.team_08_WB.instance_to_wrap/gpio_in[14]    1.500000    2.918884   -1.418884 (VIOLATED)
ANTENNA_mprj.team_05_Wrapper.team_05_WB.instance_to_wrap_gpio_in[9]/DIODE    1.500000    2.913955   -1.413955 (VIOLATED)
mprj.team_05_Wrapper.team_05_WB.instance_to_wrap/gpio_in[9]    1.500000    2.913794   -1.413794 (VIOLATED)
ANTENNA_mprj.team_08_Wrapper.team_08_WB.instance_to_wrap_gpio_in[3]/DIODE    1.500000    2.908996   -1.408996 (VIOLATED)
mprj.team_08_Wrapper.team_08_WB.instance_to_wrap/gpio_in[3]    1.500000    2.908947   -1.408947 (VIOLATED)
ANTENNA_mprj.team_05_Wrapper.team_05_WB.instance_to_wrap_gpio_in[23]/DIODE    1.500000    2.905130   -1.405131 (VIOLATED)
mprj.team_05_Wrapper.team_05_WB.instance_to_wrap/gpio_in[23]    1.500000    2.905101   -1.405101 (VIOLATED)
ANTENNA_mprj.team_02_Wrapper.team_02_WB.instance_to_wrap_gpio_in[23]/DIODE    1.500000    2.887409   -1.387409 (VIOLATED)
mprj.team_02_Wrapper.team_02_WB.instance_to_wrap/gpio_in[23]    1.500000    2.885986   -1.385986 (VIOLATED)
mprj.team_11_Wrapper.team_11_WB.instance_to_wrap/en    1.500000    2.864407   -1.364407 (VIOLATED)
ANTENNA_mprj.team_11_Wrapper.team_11_WB.instance_to_wrap_en/DIODE    1.500000    2.864383   -1.364383 (VIOLATED)
ANTENNA_mprj.team_06_Wrapper.team_06_WB.instance_to_wrap_gpio_in[23]/DIODE    1.500000    2.859214   -1.359214 (VIOLATED)
mprj.team_06_Wrapper.team_06_WB.instance_to_wrap/gpio_in[23]    1.500000    2.859112   -1.359112 (VIOLATED)
hold1745/X                              1.498918    2.855550   -1.356632 (VIOLATED)
ANTENNA_mprj.team_08_Wrapper.team_08_WB.instance_to_wrap_gpio_in[24]/DIODE    1.500000    2.856371   -1.356371 (VIOLATED)
ANTENNA_hold1745_X/DIODE                1.500000    2.855550   -1.355550 (VIOLATED)
ANTENNA_mprj.team_05_Wrapper.team_05_WB.instance_to_wrap_gpio_in[21]/DIODE    1.500000    2.855166   -1.355166 (VIOLATED)
mprj.team_05_Wrapper.team_05_WB.instance_to_wrap/gpio_in[21]    1.500000    2.855128   -1.355128 (VIOLATED)
mprj.team_08_Wrapper.team_08_WB.instance_to_wrap/gpio_in[24]    1.500000    2.848202   -1.348202 (VIOLATED)
ANTENNA_mprj.team_09_Wrapper.team_09_WB.instance_to_wrap_gpio_in[3]/DIODE    1.500000    2.815894   -1.315894 (VIOLATED)
mprj.team_09_Wrapper.team_09_WB.instance_to_wrap/gpio_in[3]    1.500000    2.815778   -1.315778 (VIOLATED)
mprj.team_02_Wrapper.team_02_WB.instance_to_wrap/gpio_in[4]    1.500000    2.815079   -1.315079 (VIOLATED)
ANTENNA_mprj.team_02_Wrapper.team_02_WB.instance_to_wrap_gpio_in[4]/DIODE    1.500000    2.814991   -1.314991 (VIOLATED)
ANTENNA_mprj.team_03_Wrapper.team_03_WB.instance_to_wrap_gpio_in[27]/DIODE    1.500000    2.805925   -1.305925 (VIOLATED)
mprj.team_03_Wrapper.team_03_WB.instance_to_wrap/gpio_in[27]    1.500000    2.805292   -1.305292 (VIOLATED)
mprj.team_01_Wrapper.team_01_WB.instance_to_wrap/gpio_in[27]    1.500000    2.804821   -1.304821 (VIOLATED)
ANTENNA_mprj.team_01_Wrapper.team_01_WB.instance_to_wrap_gpio_in[27]/DIODE    1.500000    2.804788   -1.304788 (VIOLATED)
ANTENNA_mprj.team_02_Wrapper.team_02_WB.instance_to_wrap_gpio_in[21]/DIODE    1.500000    2.803033   -1.303033 (VIOLATED)
mprj.team_02_Wrapper.team_02_WB.instance_to_wrap/gpio_in[21]    1.500000    2.802400   -1.302400 (VIOLATED)
ANTENNA_mprj.team_05_Wrapper.team_05_WB.instance_to_wrap_gpio_in[13]/DIODE    1.500000    2.790959   -1.290959 (VIOLATED)
mprj.team_05_Wrapper.team_05_WB.instance_to_wrap/gpio_in[13]    1.500000    2.790879   -1.290880 (VIOLATED)
mprj.team_06_Wrapper.team_06_WB.instance_to_wrap/gpio_in[3]    1.500000    2.786980   -1.286981 (VIOLATED)
ANTENNA_mprj.team_06_Wrapper.team_06_WB.instance_to_wrap_gpio_in[3]/DIODE    1.500000    2.786721   -1.286721 (VIOLATED)
ANTENNA_mprj.team_04_Wrapper.team_04_WB.instance_to_wrap_gpio_in[7]/DIODE    1.500000    2.776310   -1.276310 (VIOLATED)
ANTENNA_mprj.team_08_Wrapper.team_08_WB.instance_to_wrap_gpio_in[23]/DIODE    1.500000    2.764029   -1.264029 (VIOLATED)
mprj.team_04_Wrapper.team_04_WB.instance_to_wrap/gpio_in[7]    1.500000    2.761099   -1.261099 (VIOLATED)
mprj.team_05_Wrapper.team_05_WB.instance_to_wrap/gpio_in[30]    1.500000    2.760615   -1.260615 (VIOLATED)
ANTENNA_mprj.team_05_Wrapper.team_05_WB.instance_to_wrap_gpio_in[30]/DIODE    1.500000    2.760437   -1.260437 (VIOLATED)
mprj.team_08_Wrapper.team_08_WB.instance_to_wrap/gpio_in[23]    1.500000    2.752913   -1.252913 (VIOLATED)
ANTENNA_mprj.team_06_Wrapper.team_06_WB.instance_to_wrap_gpio_in[14]/DIODE    1.500000    2.751765   -1.251766 (VIOLATED)
mprj.team_06_Wrapper.team_06_WB.instance_to_wrap/gpio_in[14]    1.500000    2.751626   -1.251626 (VIOLATED)
mprj.team_04_Wrapper.team_04_WB.instance_to_wrap/gpio_in[27]    1.500000    2.740076   -1.240076 (VIOLATED)
ANTENNA_mprj.team_04_Wrapper.team_04_WB.instance_to_wrap_gpio_in[27]/DIODE    1.500000    2.740049   -1.240049 (VIOLATED)
mprj.team_12_Wrapper.team_12_WB.instance_to_wrap/gpio_in[3]    1.500000    2.736660   -1.236660 (VIOLATED)
ANTENNA_mprj.team_12_Wrapper.team_12_WB.instance_to_wrap_gpio_in[3]/DIODE    1.500000    2.736638   -1.236638 (VIOLATED)
mprj.team_01_Wrapper.team_01_WB.instance_to_wrap/gpio_in[32]    1.500000    2.735014   -1.235014 (VIOLATED)
ANTENNA_mprj.team_01_Wrapper.team_01_WB.instance_to_wrap_gpio_in[32]/DIODE    1.500000    2.735000   -1.235000 (VIOLATED)
ANTENNA__4180__A0/DIODE                 1.500000    2.680715   -1.180715 (VIOLATED)
ANTENNA__4186__B1/DIODE                 1.500000    2.680703   -1.180703 (VIOLATED)
_4180_/A0                               1.500000    2.680681   -1.180681 (VIOLATED)
_4186_/B1                               1.500000    2.680662   -1.180662 (VIOLATED)
mprj.team_06_Wrapper.team_06_WB.instance_to_wrap/gpio_in[21]    1.500000    2.678354   -1.178354 (VIOLATED)
ANTENNA_mprj.team_06_Wrapper.team_06_WB.instance_to_wrap_gpio_in[21]/DIODE    1.500000    2.677930   -1.177930 (VIOLATED)
ANTENNA_mprj.team_01_Wrapper.team_01_WB.instance_to_wrap_gpio_in[28]/DIODE    1.500000    2.666846   -1.166846 (VIOLATED)
mprj.team_01_Wrapper.team_01_WB.instance_to_wrap/gpio_in[28]    1.500000    2.666837   -1.166837 (VIOLATED)
mprj.team_03_Wrapper.team_03_WB.instance_to_wrap/gpio_in[28]    1.500000    2.663780   -1.163780 (VIOLATED)
ANTENNA_mprj.team_03_Wrapper.team_03_WB.instance_to_wrap_gpio_in[28]/DIODE    1.500000    2.663413   -1.163412 (VIOLATED)
ANTENNA_mprj.team_05_Wrapper.team_05_WB.instance_to_wrap_gpio_in[22]/DIODE    1.500000    2.631722   -1.131722 (VIOLATED)
mprj.team_05_Wrapper.team_05_WB.instance_to_wrap/gpio_in[22]    1.500000    2.631667   -1.131667 (VIOLATED)
mprj.team_03_Wrapper.team_03_WB.instance_to_wrap/gpio_in[32]    1.500000    2.618420   -1.118420 (VIOLATED)
ANTENNA_mprj.team_03_Wrapper.team_03_WB.instance_to_wrap_gpio_in[32]/DIODE    1.500000    2.618400   -1.118400 (VIOLATED)
_4900_/A0                               1.500000    2.610044   -1.110044 (VIOLATED)
ANTENNA__4900__A0/DIODE                 1.500000    2.609995   -1.109995 (VIOLATED)
ANTENNA__4906__A2/DIODE                 1.500000    2.609826   -1.109826 (VIOLATED)
_4906_/A2                               1.500000    2.609695   -1.109695 (VIOLATED)
ANTENNA_mprj.team_04_Wrapper.team_04_WB.instance_to_wrap_gpio_in[28]/DIODE    1.500000    2.604242   -1.104242 (VIOLATED)
mprj.team_04_Wrapper.team_04_WB.instance_to_wrap/gpio_in[28]    1.500000    2.602702   -1.102702 (VIOLATED)
ANTENNA_mprj.team_02_Wrapper.team_02_WB.instance_to_wrap_gpio_in[14]/DIODE    1.500000    2.599410   -1.099410 (VIOLATED)
mprj.team_10_Wrapper.team_10_WB.instance_to_wrap/gpio_in[3]    1.500000    2.594235   -1.094235 (VIOLATED)
ANTENNA_mprj.team_10_Wrapper.team_10_WB.instance_to_wrap_gpio_in[3]/DIODE    1.500000    2.593966   -1.093966 (VIOLATED)
mprj.team_02_Wrapper.team_02_WB.instance_to_wrap/gpio_in[14]    1.500000    2.591280   -1.091280 (VIOLATED)
mprj.team_04_Wrapper.team_04_WB.instance_to_wrap/gpio_in[32]    1.500000    2.576669   -1.076669 (VIOLATED)
ANTENNA_mprj.team_04_Wrapper.team_04_WB.instance_to_wrap_gpio_in[32]/DIODE    1.500000    2.572968   -1.072969 (VIOLATED)
_6701_/B2                               1.500000    2.570377   -1.070377 (VIOLATED)
ANTENNA__6701__B2/DIODE                 1.500000    2.570329   -1.070329 (VIOLATED)
mprj.team_04_Wrapper.team_04_WB.instance_to_wrap/memory_size[26]    1.500000    2.551137   -1.051137 (VIOLATED)
ANTENNA_mprj.team_04_Wrapper.team_04_WB.instance_to_wrap_memory_size[26]/DIODE    1.500000    2.551097   -1.051097 (VIOLATED)
hold1031/X                              1.498918    2.547277   -1.048359 (VIOLATED)
ANTENNA__5160__A1/DIODE                 1.500000    2.547290   -1.047290 (VIOLATED)
_5160_/A1                               1.500000    2.547282   -1.047282 (VIOLATED)
ANTENNA_hold1031_X/DIODE                1.500000    2.547277   -1.047277 (VIOLATED)
mprj.team_05_Wrapper.team_05_WB.instance_to_wrap/gpio_in[32]    1.500000    2.541717   -1.041717 (VIOLATED)
ANTENNA_mprj.team_05_Wrapper.team_05_WB.instance_to_wrap_gpio_in[32]/DIODE    1.500000    2.541504   -1.041505 (VIOLATED)
ANTENNA_mprj.team_05_Wrapper.team_05_WB.instance_to_wrap_gpio_in[14]/DIODE    1.500000    2.539218   -1.039218 (VIOLATED)
mprj.team_05_Wrapper.team_05_WB.instance_to_wrap/gpio_in[14]    1.500000    2.539024   -1.039024 (VIOLATED)
ANTENNA_mprj.team_05_Wrapper.team_05_WB.instance_to_wrap_gpio_in[28]/DIODE    1.500000    2.536849   -1.036849 (VIOLATED)
mprj.team_05_Wrapper.team_05_WB.instance_to_wrap/gpio_in[28]    1.500000    2.536765   -1.036765 (VIOLATED)
ANTENNA_mprj.team_02_Wrapper.team_02_WB.instance_to_wrap_gpio_in[22]/DIODE    1.500000    2.529431   -1.029431 (VIOLATED)
mprj.team_02_Wrapper.team_02_WB.instance_to_wrap/gpio_in[22]    1.500000    2.527182   -1.027182 (VIOLATED)
mprj.team_02_Wrapper.team_02_WB.instance_to_wrap/gpio_in[3]    1.500000    2.526049   -1.026049 (VIOLATED)
ANTENNA_mprj.team_02_Wrapper.team_02_WB.instance_to_wrap_gpio_in[3]/DIODE    1.500000    2.526029   -1.026029 (VIOLATED)
_4129_/A0                               1.500000    2.525812   -1.025812 (VIOLATED)
_4135_/A2                               1.500000    2.525795   -1.025795 (VIOLATED)
ANTENNA__4129__A0/DIODE                 1.500000    2.525783   -1.025783 (VIOLATED)
ANTENNA__4135__A2/DIODE                 1.500000    2.525597   -1.025597 (VIOLATED)
ANTENNA_mprj.team_05_Wrapper.team_05_WB.instance_to_wrap_gpio_in[19]/DIODE    1.500000    2.523093   -1.023093 (VIOLATED)
mprj.team_05_Wrapper.team_05_WB.instance_to_wrap/gpio_in[19]    1.500000    2.523071   -1.023071 (VIOLATED)
mprj.team_07_Wrapper.team_07_WB.instance_to_wrap/gpio_in[3]    1.500000    2.522159   -1.022159 (VIOLATED)
ANTENNA_mprj.team_07_Wrapper.team_07_WB.instance_to_wrap_gpio_in[3]/DIODE    1.500000    2.522109   -1.022109 (VIOLATED)
ANTENNA__4243__A0/DIODE                 1.500000    2.520093   -1.020093 (VIOLATED)
_4243_/A0                               1.500000    2.520082   -1.020082 (VIOLATED)
_4250_/A2                               1.500000    2.520059   -1.020059 (VIOLATED)
ANTENNA__4250__A2/DIODE                 1.500000    2.520015   -1.020015 (VIOLATED)
mprj.team_10_Wrapper.team_10_WB.instance_to_wrap/gpio_in[5]    1.500000    2.515539   -1.015539 (VIOLATED)
ANTENNA_mprj.team_05_Wrapper.team_05_WB.instance_to_wrap_gpio_in[4]/DIODE    1.500000    2.511654   -1.011654 (VIOLATED)
mprj.team_05_Wrapper.team_05_WB.instance_to_wrap/gpio_in[4]    1.500000    2.511443   -1.011443 (VIOLATED)
mprj.team_06_Wrapper.team_06_WB.instance_to_wrap/gpio_in[22]    1.500000    2.501692   -1.001692 (VIOLATED)
ANTENNA_mprj.team_06_Wrapper.team_06_WB.instance_to_wrap_gpio_in[22]/DIODE    1.500000    2.501281   -1.001281 (VIOLATED)
mprj.team_08_Wrapper.team_08_WB.instance_to_wrap/nrst    1.500000    2.499504   -0.999504 (VIOLATED)
ANTENNA_mprj.team_08_Wrapper.team_08_WB.instance_to_wrap_nrst/DIODE    1.500000    2.499379   -0.999380 (VIOLATED)
_6813_/A1                               1.500000    2.494472   -0.994472 (VIOLATED)
ANTENNA__6813__A1/DIODE                 1.500000    2.494384   -0.994384 (VIOLATED)
ANTENNA_mprj.team_10_Wrapper.team_10_WB.instance_to_wrap_gpio_in[5]/DIODE    1.500000    2.488231   -0.988231 (VIOLATED)
ANTENNA_mprj.team_01_Wrapper.team_01_WB.instance_to_wrap_ADR_O[28]/DIODE    1.500000    2.476572   -0.976572 (VIOLATED)
mprj.team_01_Wrapper.team_01_WB.instance_to_wrap/ADR_O[28]    1.500000    2.476470   -0.976470 (VIOLATED)
ANTENNA_mprj.team_09_Wrapper.team_09_WB.instance_to_wrap_gpio_in[6]/DIODE    1.500000    2.464452   -0.964452 (VIOLATED)
mprj.team_09_Wrapper.team_09_WB.instance_to_wrap/gpio_in[6]    1.500000    2.464349   -0.964349 (VIOLATED)
mprj.team_04_Wrapper.team_04_WB.instance_to_wrap/gpio_in[9]    1.500000    2.458787   -0.958788 (VIOLATED)
ANTENNA_mprj.team_04_Wrapper.team_04_WB.instance_to_wrap_gpio_in[9]/DIODE    1.500000    2.458471   -0.958471 (VIOLATED)
ANTENNA_mprj.team_08_Wrapper.team_08_WB.instance_to_wrap_gpio_in[11]/DIODE    1.500000    2.449811   -0.949811 (VIOLATED)
mprj.team_08_Wrapper.team_08_WB.instance_to_wrap/gpio_in[11]    1.500000    2.449658   -0.949658 (VIOLATED)
ANTENNA_mprj.team_05_Wrapper.team_05_WB.instance_to_wrap_gpio_in[3]/DIODE    1.500000    2.445293   -0.945293 (VIOLATED)
mprj.team_05_Wrapper.team_05_WB.instance_to_wrap/gpio_in[3]    1.500000    2.445154   -0.945154 (VIOLATED)
mprj.team_08_Wrapper.team_08_WB.instance_to_wrap/gpio_in[16]    1.500000    2.444698   -0.944698 (VIOLATED)
ANTENNA_mprj.team_08_Wrapper.team_08_WB.instance_to_wrap_gpio_in[16]/DIODE    1.500000    2.444655   -0.944655 (VIOLATED)
ANTENNA_mprj.team_05_Wrapper.team_05_WB.instance_to_wrap_gpio_in[26]/DIODE    1.500000    2.443682   -0.943682 (VIOLATED)
mprj.team_05_Wrapper.team_05_WB.instance_to_wrap/gpio_in[26]    1.500000    2.443655   -0.943655 (VIOLATED)
mprj.team_02_Wrapper.team_02_WB.instance_to_wrap/gpio_in[19]    1.500000    2.437520   -0.937520 (VIOLATED)
ANTENNA_mprj.team_02_Wrapper.team_02_WB.instance_to_wrap_gpio_in[19]/DIODE    1.500000    2.437496   -0.937496 (VIOLATED)
ANTENNA_mprj.team_01_Wrapper.team_01_WB.instance_to_wrap_gpio_in[31]/DIODE    1.500000    2.437286   -0.937286 (VIOLATED)
mprj.team_01_Wrapper.team_01_WB.instance_to_wrap/gpio_in[31]    1.500000    2.437270   -0.937271 (VIOLATED)
ANTENNA_269/DIODE                       1.500000    2.435714   -0.935714 (VIOLATED)
ANTENNA_mprj.team_05_Wrapper.team_05_WB.instance_to_wrap_gpio_out[6]/DIODE    1.500000    2.435200   -0.935200 (VIOLATED)
mprj.team_05_Wrapper.team_05_WB.instance_to_wrap/gpio_out[6]    1.500000    2.435193   -0.935193 (VIOLATED)
ANTENNA_mprj.team_11_Wrapper.team_11_WB.instance_to_wrap_gpio_in[32]/DIODE    1.500000    2.434347   -0.934347 (VIOLATED)
mprj.team_11_Wrapper.team_11_WB.instance_to_wrap/gpio_in[32]    1.500000    2.434216   -0.934216 (VIOLATED)
ANTENNA__5051__B1/DIODE                 1.500000    2.430770   -0.930770 (VIOLATED)
ANTENNA__5045__A0/DIODE                 1.500000    2.430767   -0.930767 (VIOLATED)
_5051_/B1                               1.500000    2.430765   -0.930766 (VIOLATED)
ANTENNA_46/DIODE                        1.500000    2.430758   -0.930758 (VIOLATED)
_6522_/A1                               1.500000    2.430724   -0.930724 (VIOLATED)
_5045_/A0                               1.500000    2.430717   -0.930717 (VIOLATED)
ANTENNA__6522__A1/DIODE                 1.500000    2.430662   -0.930662 (VIOLATED)
_4749_/A0                               1.500000    2.428570   -0.928570 (VIOLATED)
ANTENNA__4749__A0/DIODE                 1.500000    2.428532   -0.928532 (VIOLATED)
_4755_/A2                               1.500000    2.428424   -0.928424 (VIOLATED)
ANTENNA__4755__A2/DIODE                 1.500000    2.428312   -0.928312 (VIOLATED)
ANTENNA_mprj.team_01_Wrapper.team_01_WB.instance_to_wrap_ADR_O[27]/DIODE    1.500000    2.426771   -0.926771 (VIOLATED)
mprj.team_01_Wrapper.team_01_WB.instance_to_wrap/ADR_O[27]    1.500000    2.426670   -0.926670 (VIOLATED)
_4871_/A1                               1.500000    2.426258   -0.926258 (VIOLATED)
_4876_/A2                               1.500000    2.426257   -0.926258 (VIOLATED)
ANTENNA__4871__A1/DIODE                 1.500000    2.426249   -0.926249 (VIOLATED)
ANTENNA__4876__A2/DIODE                 1.500000    2.426239   -0.926240 (VIOLATED)
hold620/X                               1.498918    2.421274   -0.922356 (VIOLATED)
ANTENNA_hold620_X/DIODE                 1.500000    2.421274   -0.921274 (VIOLATED)
ANTENNA_mprj.team_02_Wrapper.team_02_WB.instance_to_wrap_gpio_in[26]/DIODE    1.500000    2.417585   -0.917585 (VIOLATED)
mprj.team_02_Wrapper.team_02_WB.instance_to_wrap/gpio_in[26]    1.500000    2.417423   -0.917423 (VIOLATED)
_5324_/A                                1.500000    2.415269   -0.915269 (VIOLATED)
ANTENNA__5324__A/DIODE                  1.500000    2.415268   -0.915268 (VIOLATED)
ANTENNA_629/DIODE                       1.500000    2.415264   -0.915264 (VIOLATED)
hold638/X                               1.498918    2.413793   -0.914875 (VIOLATED)
ANTENNA__5164__A0/DIODE                 1.500000    2.414851   -0.914851 (VIOLATED)
_5164_/A0                               1.500000    2.414851   -0.914851 (VIOLATED)
_4951_/A1                               1.500000    2.414841   -0.914841 (VIOLATED)
ANTENNA__4951__A1/DIODE                 1.500000    2.414835   -0.914835 (VIOLATED)
ANTENNA_mprj.team_01_Wrapper.team_01_WB.instance_to_wrap_DAT_O[14]/DIODE    1.500000    2.414763   -0.914763 (VIOLATED)
mprj.team_01_Wrapper.team_01_WB.instance_to_wrap/DAT_O[14]    1.500000    2.414708   -0.914708 (VIOLATED)
ANTENNA_hold638_X/DIODE                 1.500000    2.413793   -0.913793 (VIOLATED)
mprj.team_03_Wrapper.team_03_WB.instance_to_wrap/gpio_in[22]    1.500000    2.410831   -0.910831 (VIOLATED)
ANTENNA_mprj.team_03_Wrapper.team_03_WB.instance_to_wrap_gpio_in[22]/DIODE    1.500000    2.410731   -0.910731 (VIOLATED)
ANTENNA_mprj.team_04_Wrapper.team_04_WB.instance_to_wrap_gpio_in[22]/DIODE    1.500000    2.402007   -0.902007 (VIOLATED)
mprj.team_04_Wrapper.team_04_WB.instance_to_wrap/gpio_in[22]    1.500000    2.401903   -0.901903 (VIOLATED)
ANTENNA_mprj.team_12_Wrapper.team_12_WB.instance_to_wrap_gpio_in[6]/DIODE    1.500000    2.387352   -0.887352 (VIOLATED)
mprj.team_12_Wrapper.team_12_WB.instance_to_wrap/gpio_in[6]    1.500000    2.387334   -0.887334 (VIOLATED)
output154/A                             1.500000    2.386132   -0.886132 (VIOLATED)
ANTENNA_output154_A/DIODE               1.500000    2.385983   -0.885984 (VIOLATED)
ANTENNA_mprj.team_01_Wrapper.team_01_WB.instance_to_wrap_gpio_in[33]/DIODE    1.500000    2.384275   -0.884275 (VIOLATED)
_7586_/B                                1.500000    2.383723   -0.883723 (VIOLATED)
ANTENNA__7586__B/DIODE                  1.500000    2.383721   -0.883721 (VIOLATED)
hold972/X                               1.498918    2.381860   -0.882942 (VIOLATED)
_5140_/B2                               1.500000    2.382800   -0.882800 (VIOLATED)
ANTENNA__5140__B2/DIODE                 1.500000    2.382797   -0.882797 (VIOLATED)
_5350_/A                                1.500000    2.382297   -0.882297 (VIOLATED)
hold317/X                               1.498918    2.381215   -0.882297 (VIOLATED)
ANTENNA__5350__A/DIODE                  1.500000    2.382296   -0.882296 (VIOLATED)
_5063_/A1                               1.500000    2.382025   -0.882025 (VIOLATED)
ANTENNA__5063__A1/DIODE                 1.500000    2.382024   -0.882024 (VIOLATED)
max_cap665/A                            1.500000    2.381878   -0.881878 (VIOLATED)
ANTENNA_max_cap665_A/DIODE              1.500000    2.381876   -0.881876 (VIOLATED)
ANTENNA_hold972_X/DIODE                 1.500000    2.381869   -0.881869 (VIOLATED)
mprj.team_06_Wrapper.team_06_WB.instance_to_wrap/gpio_in[26]    1.500000    2.381635   -0.881635 (VIOLATED)
ANTENNA_mprj.team_06_Wrapper.team_06_WB.instance_to_wrap_gpio_in[26]/DIODE    1.500000    2.381280   -0.881280 (VIOLATED)
ANTENNA_hold317_X/DIODE                 1.500000    2.381215   -0.881215 (VIOLATED)
ANTENNA_mprj.team_04_Wrapper.team_04_WB.instance_to_wrap_gpio_in[6]/DIODE    1.500000    2.381065   -0.881065 (VIOLATED)
mprj.team_01_Wrapper.team_01_WB.instance_to_wrap/gpio_in[33]    1.500000    2.380086   -0.880086 (VIOLATED)
ANTENNA_759/DIODE                       1.500000    2.369193   -0.869193 (VIOLATED)
ANTENNA_757/DIODE                       1.500000    2.369184   -0.869185 (VIOLATED)
ANTENNA_758/DIODE                       1.500000    2.369179   -0.869179 (VIOLATED)
ANTENNA_756/DIODE                       1.500000    2.369176   -0.869176 (VIOLATED)
ANTENNA_762/DIODE                       1.500000    2.369127   -0.869127 (VIOLATED)
ANTENNA_761/DIODE                       1.500000    2.369046   -0.869046 (VIOLATED)
ANTENNA_763/DIODE                       1.500000    2.369047   -0.869047 (VIOLATED)
ANTENNA_760/DIODE                       1.500000    2.368919   -0.868919 (VIOLATED)
ANTENNA__6579__B2/DIODE                 1.500000    2.368730   -0.868730 (VIOLATED)
_6579_/B2                               1.500000    2.368675   -0.868675 (VIOLATED)
mprj.team_07_Wrapper.team_07_WB.instance_to_wrap/gpio_in[32]    1.500000    2.367500   -0.867500 (VIOLATED)
ANTENNA_mprj.team_07_Wrapper.team_07_WB.instance_to_wrap_gpio_in[32]/DIODE    1.500000    2.367404   -0.867405 (VIOLATED)
mprj.team_04_Wrapper.team_04_WB.instance_to_wrap/gpio_in[6]    1.500000    2.361592   -0.861592 (VIOLATED)
mprj.team_03_Wrapper.team_03_WB.instance_to_wrap/gpio_in[31]    1.500000    2.361248   -0.861248 (VIOLATED)
ANTENNA_mprj.team_03_Wrapper.team_03_WB.instance_to_wrap_gpio_in[31]/DIODE    1.500000    2.360977   -0.860977 (VIOLATED)
mprj.team_04_Wrapper.team_04_WB.instance_to_wrap/gpio_in[25]    1.500000    2.358990   -0.858990 (VIOLATED)
ANTENNA_mprj.team_04_Wrapper.team_04_WB.instance_to_wrap_gpio_in[25]/DIODE    1.500000    2.358886   -0.858886 (VIOLATED)
ANTENNA__4389__A0/DIODE                 1.500000    2.355055   -0.855055 (VIOLATED)
_4389_/A0                               1.500000    2.355009   -0.855009 (VIOLATED)
_4395_/A2                               1.500000    2.354873   -0.854873 (VIOLATED)
ANTENNA__4395__A2/DIODE                 1.500000    2.354770   -0.854770 (VIOLATED)
_4344_/A0                               1.500000    2.344738   -0.844738 (VIOLATED)
ANTENNA__4350__A2/DIODE                 1.500000    2.344729   -0.844729 (VIOLATED)
ANTENNA__4344__A0/DIODE                 1.500000    2.344728   -0.844728 (VIOLATED)
_4350_/A2                               1.500000    2.344726   -0.844726 (VIOLATED)
_7949_/A1                               1.500000    2.342964   -0.842964 (VIOLATED)
ANTENNA__7949__A1/DIODE                 1.500000    2.342953   -0.842953 (VIOLATED)
fanout275/A                             1.500000    2.340746   -0.840746 (VIOLATED)
ANTENNA_fanout275_A/DIODE               1.500000    2.340743   -0.840743 (VIOLATED)
hold442/X                               1.498918    2.339605   -0.840687 (VIOLATED)
ANTENNA_fanout278_A/DIODE               1.500000    2.339787   -0.839787 (VIOLATED)
fanout278/A                             1.500000    2.339785   -0.839785 (VIOLATED)
fanout276/A                             1.500000    2.339648   -0.839648 (VIOLATED)
ANTENNA_fanout276_A/DIODE               1.500000    2.339625   -0.839625 (VIOLATED)
ANTENNA_hold442_X/DIODE                 1.500000    2.339605   -0.839605 (VIOLATED)
ANTENNA_mprj.team_10_Wrapper.team_10_WB.instance_to_wrap_gpio_in[32]/DIODE    1.500000    2.338270   -0.838270 (VIOLATED)
ANTENNA_mprj.team_05_Wrapper.team_05_WB.instance_to_wrap_gpio_in[20]/DIODE    1.500000    2.338089   -0.838089 (VIOLATED)
mprj.team_05_Wrapper.team_05_WB.instance_to_wrap/gpio_in[20]    1.500000    2.338053   -0.838053 (VIOLATED)
mprj.team_10_Wrapper.team_10_WB.instance_to_wrap/gpio_in[32]    1.500000    2.337672   -0.837672 (VIOLATED)
mprj.team_06_Wrapper.team_06_WB.instance_to_wrap/gpio_in[16]    1.500000    2.335471   -0.835471 (VIOLATED)
_5320_/A                                1.500000    2.334462   -0.834463 (VIOLATED)
ANTENNA__5320__A/DIODE                  1.500000    2.334459   -0.834459 (VIOLATED)
hold287/X                               1.498918    2.333209   -0.834291 (VIOLATED)
ANTENNA__5125__B2/DIODE                 1.500000    2.334092   -0.834092 (VIOLATED)
_5125_/B2                               1.500000    2.334092   -0.834092 (VIOLATED)
ANTENNA__5162__A0/DIODE                 1.500000    2.334090   -0.834090 (VIOLATED)
_5162_/A0                               1.500000    2.334091   -0.834091 (VIOLATED)
_4925_/A1                               1.500000    2.334041   -0.834041 (VIOLATED)
ANTENNA__4925__A1/DIODE                 1.500000    2.334034   -0.834034 (VIOLATED)
_4965_/A0                               1.500000    2.333592   -0.833592 (VIOLATED)
_4971_/B1                               1.500000    2.333565   -0.833565 (VIOLATED)
ANTENNA__4965__A0/DIODE                 1.500000    2.333547   -0.833547 (VIOLATED)
ANTENNA__4971__B1/DIODE                 1.500000    2.333534   -0.833534 (VIOLATED)
ANTENNA_882/DIODE                       1.500000    2.333350   -0.833350 (VIOLATED)
ANTENNA_47/DIODE                        1.500000    2.333241   -0.833241 (VIOLATED)
ANTENNA_hold287_X/DIODE                 1.500000    2.333230   -0.833230 (VIOLATED)
ANTENNA_680/DIODE                       1.500000    2.333160   -0.833160 (VIOLATED)
ANTENNA_mprj.team_05_Wrapper.team_05_WB.instance_to_wrap_gpio_out[8]/DIODE    1.500000    2.331831   -0.831831 (VIOLATED)
mprj.team_05_Wrapper.team_05_WB.instance_to_wrap/gpio_out[8]    1.500000    2.331831   -0.831831 (VIOLATED)
ANTENNA_mprj.team_06_Wrapper.team_06_WB.instance_to_wrap_gpio_in[16]/DIODE    1.500000    2.331633   -0.831633 (VIOLATED)
_4078_/A                                1.500000    2.329552   -0.829552 (VIOLATED)
ANTENNA__4078__A/DIODE                  1.500000    2.329522   -0.829522 (VIOLATED)
_4416_/A1                               1.500000    2.329482   -0.829482 (VIOLATED)
ANTENNA__4416__A1/DIODE                 1.500000    2.329414   -0.829414 (VIOLATED)
ANTENNA_mprj.team_08_Wrapper.team_08_WB.instance_to_wrap_gpio_in[21]/DIODE    1.500000    2.329353   -0.829354 (VIOLATED)
ANTENNA_mprj.team_08_Wrapper.team_08_WB.instance_to_wrap_gpio_in[5]/DIODE    1.500000    2.329175   -0.829175 (VIOLATED)
mprj.team_08_Wrapper.team_08_WB.instance_to_wrap/gpio_in[5]    1.500000    2.329129   -0.829129 (VIOLATED)
ANTENNA_mprj.team_05_Wrapper.team_05_WB.instance_to_wrap_gpio_in[27]/DIODE    1.500000    2.325746   -0.825746 (VIOLATED)
mprj.team_05_Wrapper.team_05_WB.instance_to_wrap/gpio_in[27]    1.500000    2.325685   -0.825685 (VIOLATED)
ANTENNA_mprj.team_01_Wrapper.team_01_WB.instance_to_wrap_DAT_O[25]/DIODE    1.500000    2.325367   -0.825367 (VIOLATED)
mprj.team_01_Wrapper.team_01_WB.instance_to_wrap/DAT_O[25]    1.500000    2.325351   -0.825351 (VIOLATED)
_4209_/B1                               1.500000    2.323764   -0.823764 (VIOLATED)
ANTENNA__4203__A0/DIODE                 1.500000    2.323721   -0.823721 (VIOLATED)
ANTENNA__4209__B1/DIODE                 1.500000    2.323702   -0.823702 (VIOLATED)
_4203_/A0                               1.500000    2.323646   -0.823646 (VIOLATED)
mprj.team_08_Wrapper.team_08_WB.instance_to_wrap/gpio_in[21]    1.500000    2.321457   -0.821457 (VIOLATED)
ANTENNA_mprj.team_06_Wrapper.team_06_WB.instance_to_wrap_gpio_in[11]/DIODE    1.500000    2.320986   -0.820985 (VIOLATED)
_7872_/A1                               1.500000    2.319547   -0.819547 (VIOLATED)
ANTENNA__7872__A1/DIODE                 1.500000    2.319511   -0.819511 (VIOLATED)
ANTENNA_634/DIODE                       1.500000    2.319076   -0.819076 (VIOLATED)
_7583_/B                                1.500000    2.319074   -0.819074 (VIOLATED)
ANTENNA__7583__B/DIODE                  1.500000    2.319071   -0.819071 (VIOLATED)
hold758/X                               1.498918    2.317917   -0.818999 (VIOLATED)
hold643/X                               1.498918    2.317483   -0.818565 (VIOLATED)
ANTENNA__7607__B/DIODE                  1.500000    2.318564   -0.818564 (VIOLATED)
_7607_/B                                1.500000    2.318563   -0.818563 (VIOLATED)
mprj.team_06_Wrapper.team_06_WB.instance_to_wrap/gpio_in[11]    1.500000    2.318300   -0.818300 (VIOLATED)
load_slew668/A                          1.500000    2.318051   -0.818051 (VIOLATED)
ANTENNA_load_slew668_A/DIODE            1.500000    2.318048   -0.818048 (VIOLATED)
mprj.team_06_Wrapper.team_06_WB.instance_to_wrap/gpio_in[5]    1.500000    2.318004   -0.818004 (VIOLATED)
ANTENNA_hold758_X/DIODE                 1.500000    2.317917   -0.817917 (VIOLATED)
ANTENNA_mprj.team_06_Wrapper.team_06_WB.instance_to_wrap_gpio_in[5]/DIODE    1.500000    2.317892   -0.817892 (VIOLATED)
load_slew644/A                          1.500000    2.317623   -0.817623 (VIOLATED)
ANTENNA_load_slew644_A/DIODE            1.500000    2.317618   -0.817618 (VIOLATED)
ANTENNA_hold643_X/DIODE                 1.500000    2.317490   -0.817490 (VIOLATED)
ANTENNA_mprj.team_04_Wrapper.team_04_WB.instance_to_wrap_memory_size[5]/DIODE    1.500000    2.315079   -0.815079 (VIOLATED)
mprj.team_04_Wrapper.team_04_WB.instance_to_wrap/memory_size[5]    1.500000    2.315003   -0.815003 (VIOLATED)
hold1056/X                              1.498918    2.312807   -0.813889 (VIOLATED)
ANTENNA_hold1056_X/DIODE                1.500000    2.312819   -0.812819 (VIOLATED)
ANTENNA__5181__A1/DIODE                 1.500000    2.312807   -0.812807 (VIOLATED)
ANTENNA__7035__B2/DIODE                 1.500000    2.312807   -0.812807 (VIOLATED)
_5181_/A1                               1.500000    2.312807   -0.812807 (VIOLATED)
_7035_/B2                               1.500000    2.312807   -0.812807 (VIOLATED)
ANTENNA__4857__A0/DIODE                 1.500000    2.304481   -0.804481 (VIOLATED)
ANTENNA__4863__B1/DIODE                 1.500000    2.304468   -0.804468 (VIOLATED)
_4857_/A0                               1.500000    2.304421   -0.804421 (VIOLATED)
_4863_/B1                               1.500000    2.304409   -0.804409 (VIOLATED)
ANTENNA_mprj.team_01_Wrapper.team_01_WB.instance_to_wrap_ADR_O[14]/DIODE    1.500000    2.304030   -0.804030 (VIOLATED)
mprj.team_01_Wrapper.team_01_WB.instance_to_wrap/ADR_O[14]    1.500000    2.303986   -0.803986 (VIOLATED)
ANTENNA_mprj.team_06_Wrapper.team_06_WB.instance_to_wrap_gpio_in[19]/DIODE    1.500000    2.303453   -0.803454 (VIOLATED)
mprj.team_06_Wrapper.team_06_WB.instance_to_wrap/gpio_in[19]    1.500000    2.301676   -0.801676 (VIOLATED)
ANTENNA_mprj.team_11_Wrapper.team_11_WB.instance_to_wrap_gpio_in[31]/DIODE    1.500000    2.300698   -0.800698 (VIOLATED)
mprj.team_11_Wrapper.team_11_WB.instance_to_wrap/gpio_in[31]    1.500000    2.300649   -0.800650 (VIOLATED)
_7846_/A1                               1.500000    2.291969   -0.791969 (VIOLATED)
ANTENNA__7846__A1/DIODE                 1.500000    2.291928   -0.791928 (VIOLATED)
ANTENNA_mprj.team_11_Wrapper.team_11_WB.instance_to_wrap_gpio_in[28]/DIODE    1.500000    2.287300   -0.787300 (VIOLATED)
mprj.team_11_Wrapper.team_11_WB.instance_to_wrap/gpio_in[28]    1.500000    2.287125   -0.787125 (VIOLATED)
ANTENNA_mprj.team_02_Wrapper.team_02_WB.instance_to_wrap_gpio_in[11]/DIODE    1.500000    2.286791   -0.786791 (VIOLATED)
mprj.team_02_Wrapper.team_02_WB.instance_to_wrap/gpio_in[11]    1.500000    2.286766   -0.786766 (VIOLATED)
_8105_/A1                               1.500000    2.284093   -0.784093 (VIOLATED)
ANTENNA__8105__A1/DIODE                 1.500000    2.284030   -0.784030 (VIOLATED)
mprj.team_03_Wrapper.team_03_WB.instance_to_wrap/gpio_in[25]    1.500000    2.277556   -0.777556 (VIOLATED)
ANTENNA_mprj.team_03_Wrapper.team_03_WB.instance_to_wrap_gpio_in[25]/DIODE    1.500000    2.277539   -0.777539 (VIOLATED)
mprj.team_02_Wrapper.team_02_WB.instance_to_wrap/gpio_in[5]    1.500000    2.265392   -0.765392 (VIOLATED)
ANTENNA_mprj.team_02_Wrapper.team_02_WB.instance_to_wrap_gpio_in[5]/DIODE    1.500000    2.265323   -0.765323 (VIOLATED)
mprj.team_07_Wrapper.team_07_WB.instance_to_wrap/gpio_in[28]    1.500000    2.264057   -0.764058 (VIOLATED)
ANTENNA_mprj.team_07_Wrapper.team_07_WB.instance_to_wrap_gpio_in[28]/DIODE    1.500000    2.264011   -0.764012 (VIOLATED)
ANTENNA_mprj.team_11_Wrapper.team_11_WB.instance_to_wrap_gpio_in[30]/DIODE    1.500000    2.263562   -0.763562 (VIOLATED)
mprj.team_11_Wrapper.team_11_WB.instance_to_wrap/gpio_in[30]    1.500000    2.263531   -0.763532 (VIOLATED)
ANTENNA__4638__A0/DIODE                 1.500000    2.262105   -0.762105 (VIOLATED)
_4638_/A0                               1.500000    2.262068   -0.762068 (VIOLATED)
ANTENNA__4545__B1/DIODE                 1.500000    2.261813   -0.761814 (VIOLATED)
_4545_/B1                               1.500000    2.261807   -0.761807 (VIOLATED)
_4644_/A2                               1.500000    2.261769   -0.761769 (VIOLATED)
ANTENNA__4539__A0/DIODE                 1.500000    2.261741   -0.761741 (VIOLATED)
_4539_/A0                               1.500000    2.261726   -0.761726 (VIOLATED)
mprj.team_04_Wrapper.team_04_WB.instance_to_wrap/gpio_in[31]    1.500000    2.261581   -0.761581 (VIOLATED)
ANTENNA__4644__A2/DIODE                 1.500000    2.261573   -0.761573 (VIOLATED)
ANTENNA_mprj.team_02_Wrapper.team_02_WB.instance_to_wrap_gpio_in[20]/DIODE    1.500000    2.260875   -0.760875 (VIOLATED)
ANTENNA_mprj.team_05_Wrapper.team_05_WB.instance_to_wrap_gpio_in[11]/DIODE    1.500000    2.258584   -0.758584 (VIOLATED)
mprj.team_05_Wrapper.team_05_WB.instance_to_wrap/gpio_in[11]    1.500000    2.258497   -0.758497 (VIOLATED)
mprj.team_02_Wrapper.team_02_WB.instance_to_wrap/gpio_in[20]    1.500000    2.258207   -0.758207 (VIOLATED)
_4485_/A0                               1.500000    2.257265   -0.757265 (VIOLATED)
ANTENNA__4485__A0/DIODE                 1.500000    2.257204   -0.757204 (VIOLATED)
_4491_/A2                               1.500000    2.257192   -0.757192 (VIOLATED)
ANTENNA__4491__A2/DIODE                 1.500000    2.257030   -0.757030 (VIOLATED)
ANTENNA__4420__B1/DIODE                 1.500000    2.256639   -0.756639 (VIOLATED)
_4420_/B1                               1.500000    2.256601   -0.756601 (VIOLATED)
ANTENNA__4414__A0/DIODE                 1.500000    2.256441   -0.756441 (VIOLATED)
_4414_/A0                               1.500000    2.256386   -0.756386 (VIOLATED)
hold29/X                                1.498918    2.253756   -0.754838 (VIOLATED)
ANTENNA__5962__A1/DIODE                 1.500000    2.253868   -0.753868 (VIOLATED)
_5962_/A1                               1.500000    2.253868   -0.753868 (VIOLATED)
ANTENNA__5965__A/DIODE                  1.500000    2.253867   -0.753867 (VIOLATED)
_5965_/A                                1.500000    2.253867   -0.753867 (VIOLATED)
ANTENNA_604/DIODE                       1.500000    2.253866   -0.753866 (VIOLATED)
ANTENNA__5982__B/DIODE                  1.500000    2.253855   -0.753855 (VIOLATED)
_5982_/B                                1.500000    2.253852   -0.753852 (VIOLATED)
ANTENNA__5989__B/DIODE                  1.500000    2.253821   -0.753821 (VIOLATED)
_5989_/B                                1.500000    2.253817   -0.753817 (VIOLATED)
ANTENNA__6055__B/DIODE                  1.500000    2.253800   -0.753800 (VIOLATED)
_6055_/B                                1.500000    2.253800   -0.753800 (VIOLATED)
ANTENNA_605/DIODE                       1.500000    2.253799   -0.753799 (VIOLATED)
ANTENNA_857/DIODE                       1.500000    2.253777   -0.753777 (VIOLATED)
ANTENNA_947/DIODE                       1.500000    2.253775   -0.753776 (VIOLATED)
_5996_/B                                1.500000    2.253769   -0.753769 (VIOLATED)
ANTENNA__5996__B/DIODE                  1.500000    2.253762   -0.753762 (VIOLATED)
ANTENNA__6067__B/DIODE                  1.500000    2.253761   -0.753761 (VIOLATED)
_6067_/B                                1.500000    2.253761   -0.753761 (VIOLATED)
ANTENNA__6001__B1/DIODE                 1.500000    2.253756   -0.753756 (VIOLATED)
ANTENNA__6026__A2/DIODE                 1.500000    2.253756   -0.753756 (VIOLATED)
ANTENNA__6074__B/DIODE                  1.500000    2.253756   -0.753756 (VIOLATED)
ANTENNA_hold29_X/DIODE                  1.500000    2.253756   -0.753756 (VIOLATED)
_6001_/B1                               1.500000    2.253756   -0.753756 (VIOLATED)
_6026_/A2                               1.500000    2.253756   -0.753756 (VIOLATED)
_6074_/B                                1.500000    2.253756   -0.753756 (VIOLATED)
mprj.team_07_Wrapper.team_07_WB.instance_to_wrap/gpio_in[31]    1.500000    2.252042   -0.752042 (VIOLATED)
ANTENNA_mprj.team_07_Wrapper.team_07_WB.instance_to_wrap_gpio_in[31]/DIODE    1.500000    2.251971   -0.751971 (VIOLATED)
mprj.team_04_Wrapper.team_04_WB.instance_to_wrap/gpio_in[12]    1.500000    2.249326   -0.749326 (VIOLATED)
ANTENNA_mprj.team_04_Wrapper.team_04_WB.instance_to_wrap_gpio_in[12]/DIODE    1.500000    2.247042   -0.747042 (VIOLATED)
ANTENNA_mprj.team_05_Wrapper.team_05_WB.instance_to_wrap_gpio_in[5]/DIODE    1.500000    2.240585   -0.740585 (VIOLATED)
mprj.team_05_Wrapper.team_05_WB.instance_to_wrap/gpio_in[5]    1.500000    2.240415   -0.740415 (VIOLATED)
ANTENNA_mprj.team_01_Wrapper.team_01_WB.instance_to_wrap_gpio_in[22]/DIODE    1.500000    2.239590   -0.739590 (VIOLATED)
mprj.team_01_Wrapper.team_01_WB.instance_to_wrap/gpio_in[22]    1.500000    2.239556   -0.739556 (VIOLATED)
ANTENNA_mprj.team_04_Wrapper.team_04_WB.instance_to_wrap_gpio_in[31]/DIODE    1.500000    2.237697   -0.737697 (VIOLATED)
ANTENNA__4400__A0/DIODE                 1.500000    2.236319   -0.736319 (VIOLATED)
_4400_/A0                               1.500000    2.236296   -0.736296 (VIOLATED)
ANTENNA__4406__A2/DIODE                 1.500000    2.236135   -0.736135 (VIOLATED)
_4406_/A2                               1.500000    2.236085   -0.736085 (VIOLATED)
_6590_/A                                1.500000    2.233969   -0.733969 (VIOLATED)
ANTENNA__6590__A/DIODE                  1.500000    2.233933   -0.733933 (VIOLATED)
ANTENNA_mprj.team_10_Wrapper.team_10_WB.instance_to_wrap_gpio_in[31]/DIODE    1.500000    2.228280   -0.728280 (VIOLATED)
ANTENNA_mprj.team_08_Wrapper.team_08_WB.instance_to_wrap_gpio_in[19]/DIODE    1.500000    2.226536   -0.726535 (VIOLATED)
mprj.team_10_Wrapper.team_10_WB.instance_to_wrap/gpio_in[31]    1.500000    2.225142   -0.725142 (VIOLATED)
ANTENNA_mprj.team_08_Wrapper.team_08_WB.instance_to_wrap_gpio_in[10]/DIODE    1.500000    2.224687   -0.724687 (VIOLATED)
mprj.team_08_Wrapper.team_08_WB.instance_to_wrap/gpio_in[10]    1.500000    2.224641   -0.724641 (VIOLATED)
ANTENNA__4618__A2/DIODE                 1.500000    2.219785   -0.719785 (VIOLATED)
_4618_/A2                               1.500000    2.219785   -0.719785 (VIOLATED)
ANTENNA__4612__A0/DIODE                 1.500000    2.219766   -0.719766 (VIOLATED)
_4612_/A0                               1.500000    2.219746   -0.719746 (VIOLATED)
ANTENNA_126/DIODE                       1.500000    2.218492   -0.718492 (VIOLATED)
_7908_/A                                1.500000    2.218480   -0.718480 (VIOLATED)
ANTENNA__7908__A/DIODE                  1.500000    2.218444   -0.718444 (VIOLATED)
ANTENNA_128/DIODE                       1.500000    2.218423   -0.718423 (VIOLATED)
mprj.team_07_Wrapper.team_07_WB.instance_to_wrap/gpio_in[30]    1.500000    2.216022   -0.716023 (VIOLATED)
ANTENNA_mprj.team_07_Wrapper.team_07_WB.instance_to_wrap_gpio_in[30]/DIODE    1.500000    2.215994   -0.715994 (VIOLATED)
_4322_/A0                               1.500000    2.214006   -0.714006 (VIOLATED)
ANTENNA__4322__A0/DIODE                 1.500000    2.213983   -0.713983 (VIOLATED)
mprj.team_08_Wrapper.team_08_WB.instance_to_wrap/gpio_in[19]    1.500000    2.213938   -0.713938 (VIOLATED)
ANTENNA__4328__A2/DIODE                 1.500000    2.213443   -0.713443 (VIOLATED)
_4328_/A2                               1.500000    2.213333   -0.713333 (VIOLATED)
ANTENNA_mprj.team_01_Wrapper.team_01_WB.instance_to_wrap_DAT_O[10]/DIODE    1.500000    2.211447   -0.711447 (VIOLATED)
mprj.team_01_Wrapper.team_01_WB.instance_to_wrap/DAT_O[10]    1.500000    2.211447   -0.711447 (VIOLATED)
ANTENNA_mprj.team_01_Wrapper.team_01_WB.instance_to_wrap_gpio_in[25]/DIODE    1.500000    2.210552   -0.710552 (VIOLATED)
mprj.team_01_Wrapper.team_01_WB.instance_to_wrap/gpio_in[25]    1.500000    2.210466   -0.710466 (VIOLATED)
ANTENNA_mprj.team_09_Wrapper.team_09_WB.instance_to_wrap_gpio_in[7]/DIODE    1.500000    2.208216   -0.708216 (VIOLATED)
mprj.team_09_Wrapper.team_09_WB.instance_to_wrap/gpio_in[7]    1.500000    2.208153   -0.708153 (VIOLATED)
_4704_/S                                1.500000    2.206948   -0.706948 (VIOLATED)
ANTENNA__4704__S/DIODE                  1.500000    2.206943   -0.706943 (VIOLATED)
ANTENNA__4650__S/DIODE                  1.500000    2.206911   -0.706911 (VIOLATED)
ANTENNA_621/DIODE                       1.500000    2.206908   -0.706908 (VIOLATED)
_4650_/S                                1.500000    2.206905   -0.706905 (VIOLATED)
hold340/X                               1.498918    2.205651   -0.706733 (VIOLATED)
_4663_/S                                1.500000    2.206478   -0.706478 (VIOLATED)
ANTENNA__4663__S/DIODE                  1.500000    2.206477   -0.706477 (VIOLATED)
_4722_/S                                1.500000    2.206444   -0.706444 (VIOLATED)
ANTENNA__4722__S/DIODE                  1.500000    2.206434   -0.706434 (VIOLATED)
ANTENNA_hold340_X/DIODE                 1.500000    2.206281   -0.706281 (VIOLATED)
ANTENNA_fanout245_A/DIODE               1.500000    2.205651   -0.705651 (VIOLATED)
fanout245/A                             1.500000    2.205651   -0.705651 (VIOLATED)
ANTENNA_mprj.team_01_Wrapper.team_01_WB.instance_to_wrap_ADR_O[18]/DIODE    1.500000    2.204072   -0.704072 (VIOLATED)
mprj.team_01_Wrapper.team_01_WB.instance_to_wrap/ADR_O[18]    1.500000    2.204054   -0.704054 (VIOLATED)
_4513_/A2                               1.500000    2.203289   -0.703289 (VIOLATED)
ANTENNA__4513__A2/DIODE                 1.500000    2.203268   -0.703268 (VIOLATED)
ANTENNA__4507__A0/DIODE                 1.500000    2.203260   -0.703260 (VIOLATED)
_4507_/A0                               1.500000    2.203149   -0.703149 (VIOLATED)
mprj.team_08_Wrapper.team_08_WB.instance_to_wrap/gpio_in[17]    1.500000    2.196984   -0.696984 (VIOLATED)
ANTENNA_mprj.team_08_Wrapper.team_08_WB.instance_to_wrap_gpio_in[17]/DIODE    1.500000    2.196975   -0.696975 (VIOLATED)
hold1411/X                              1.498918    2.192580   -0.693662 (VIOLATED)
ANTENNA_mprj.team_04_Wrapper.team_04_WB.instance_to_wrap_mem_adr_start[0]/DIODE    1.500000    2.192910   -0.692910 (VIOLATED)
mprj.team_04_Wrapper.team_04_WB.instance_to_wrap/mem_adr_start[0]    1.500000    2.192894   -0.692894 (VIOLATED)
ANTENNA_hold1411_X/DIODE                1.500000    2.192580   -0.692580 (VIOLATED)
ANTENNA_mprj.team_03_Wrapper.team_03_WB.instance_to_wrap_ADR_O[5]/DIODE    1.500000    2.189544   -0.689544 (VIOLATED)
mprj.team_03_Wrapper.team_03_WB.instance_to_wrap/ADR_O[5]    1.500000    2.189527   -0.689527 (VIOLATED)
ANTENNA__4850__A2/DIODE                 1.500000    2.189011   -0.689011 (VIOLATED)
_4850_/A2                               1.500000    2.189004   -0.689004 (VIOLATED)
ANTENNA__4844__A0/DIODE                 1.500000    2.188993   -0.688994 (VIOLATED)
_4844_/A0                               1.500000    2.188980   -0.688980 (VIOLATED)
ANTENNA_mprj.team_01_Wrapper.team_01_WB.instance_to_wrap_DAT_O[29]/DIODE    1.500000    2.179827   -0.679827 (VIOLATED)
mprj.team_01_Wrapper.team_01_WB.instance_to_wrap/DAT_O[29]    1.500000    2.179827   -0.679827 (VIOLATED)
ANTENNA_mprj.team_05_Wrapper.team_05_WB.instance_to_wrap_gpio_in[25]/DIODE    1.500000    2.178968   -0.678968 (VIOLATED)
mprj.team_05_Wrapper.team_05_WB.instance_to_wrap/gpio_in[25]    1.500000    2.178823   -0.678823 (VIOLATED)
wire763/A                               1.500000    2.176675   -0.676675 (VIOLATED)
ANTENNA_wire763_A/DIODE                 1.500000    2.176503   -0.676503 (VIOLATED)
ANTENNA_600/DIODE                       1.500000    2.175290   -0.675290 (VIOLATED)
ANTENNA_806/DIODE                       1.500000    2.175192   -0.675192 (VIOLATED)
ANTENNA_804/DIODE                       1.500000    2.175184   -0.675184 (VIOLATED)
ANTENNA_803/DIODE                       1.500000    2.175122   -0.675123 (VIOLATED)
ANTENNA_mprj.team_08_Wrapper.team_08_WB.instance_to_wrap_gpio_out[27]/DIODE    1.500000    2.175100   -0.675100 (VIOLATED)
ANTENNA_797/DIODE                       1.500000    2.175054   -0.675054 (VIOLATED)
ANTENNA_798/DIODE                       1.500000    2.175054   -0.675054 (VIOLATED)
ANTENNA_799/DIODE                       1.500000    2.175054   -0.675054 (VIOLATED)
ANTENNA_800/DIODE                       1.500000    2.175054   -0.675054 (VIOLATED)
ANTENNA_801/DIODE                       1.500000    2.175054   -0.675054 (VIOLATED)
ANTENNA_802/DIODE                       1.500000    2.175054   -0.675054 (VIOLATED)
ANTENNA_805/DIODE                       1.500000    2.175054   -0.675054 (VIOLATED)
ANTENNA_796/DIODE                       1.500000    2.175050   -0.675050 (VIOLATED)
mprj.team_08_Wrapper.team_08_WB.instance_to_wrap/gpio_out[27]    1.500000    2.175039   -0.675039 (VIOLATED)
ANTENNA_mprj.team_02_Wrapper.team_02_WB.instance_to_wrap_gpio_in[28]/DIODE    1.500000    2.174987   -0.674987 (VIOLATED)
mprj.team_02_Wrapper.team_02_WB.instance_to_wrap/gpio_in[28]    1.500000    2.172251   -0.672251 (VIOLATED)
ANTENNA_mprj.team_11_Wrapper.team_11_WB.instance_to_wrap_gpio_in[27]/DIODE    1.500000    2.170660   -0.670660 (VIOLATED)
mprj.team_11_Wrapper.team_11_WB.instance_to_wrap/gpio_in[27]    1.500000    2.170489   -0.670489 (VIOLATED)
ANTENNA_mprj.team_10_Wrapper.team_10_WB.instance_to_wrap_gpio_in[28]/DIODE    1.500000    2.169753   -0.669753 (VIOLATED)
_4531_/A                                1.500000    2.169695   -0.669695 (VIOLATED)
ANTENNA__4531__A/DIODE                  1.500000    2.169694   -0.669694 (VIOLATED)
_4579_/A                                1.500000    2.169673   -0.669673 (VIOLATED)
ANTENNA__4579__A/DIODE                  1.500000    2.169655   -0.669655 (VIOLATED)
_4779_/B                                1.500000    2.169652   -0.669653 (VIOLATED)
ANTENNA__4779__B/DIODE                  1.500000    2.169624   -0.669624 (VIOLATED)
_4267_/B                                1.500000    2.169586   -0.669586 (VIOLATED)
ANTENNA__4267__B/DIODE                  1.500000    2.169570   -0.669570 (VIOLATED)
_4806_/A                                1.500000    2.169119   -0.669119 (VIOLATED)
ANTENNA__4806__A/DIODE                  1.500000    2.169055   -0.669055 (VIOLATED)
hold451/X                               1.498918    2.166974   -0.668056 (VIOLATED)
ANTENNA_max_length789_A/DIODE           1.500000    2.167819   -0.667819 (VIOLATED)
ANTENNA_hold451_X/DIODE                 1.500000    2.166974   -0.666974 (VIOLATED)
_4963_/B                                1.500000    2.166198   -0.666198 (VIOLATED)
ANTENNA__4963__B/DIODE                  1.500000    2.166158   -0.666158 (VIOLATED)
ANTENNA_mprj.team_05_Wrapper.team_05_WB.instance_to_wrap_gpio_in[29]/DIODE    1.500000    2.165048   -0.665048 (VIOLATED)
mprj.team_05_Wrapper.team_05_WB.instance_to_wrap/gpio_in[29]    1.500000    2.165032   -0.665032 (VIOLATED)
hold860/X                               1.498918    2.163684   -0.664766 (VIOLATED)
ANTENNA_hold860_X/DIODE                 1.500000    2.163684   -0.663684 (VIOLATED)
mprj.team_10_Wrapper.team_10_WB.instance_to_wrap/gpio_in[28]    1.500000    2.163385   -0.663385 (VIOLATED)
mprj.team_02_Wrapper.team_02_WB.instance_to_wrap/gpio_in[30]    1.500000    2.162297   -0.662297 (VIOLATED)
ANTENNA_mprj.team_02_Wrapper.team_02_WB.instance_to_wrap_gpio_in[30]/DIODE    1.500000    2.161262   -0.661262 (VIOLATED)
ANTENNA_mprj.team_08_Wrapper.team_08_WB.instance_to_wrap_gpio_in[8]/DIODE    1.500000    2.160346   -0.660346 (VIOLATED)
mprj.team_08_Wrapper.team_08_WB.instance_to_wrap/gpio_in[8]    1.500000    2.160326   -0.660326 (VIOLATED)
max_length789/A                         1.500000    2.159245   -0.659245 (VIOLATED)
ANTENNA_mprj.team_01_Wrapper.team_01_WB.instance_to_wrap_WE_O/DIODE    1.500000    2.155921   -0.655921 (VIOLATED)
mprj.team_01_Wrapper.team_01_WB.instance_to_wrap/WE_O    1.500000    2.155887   -0.655887 (VIOLATED)
_4284_/A0                               1.500000    2.155039   -0.655039 (VIOLATED)
ANTENNA__4284__A0/DIODE                 1.500000    2.155024   -0.655024 (VIOLATED)
ANTENNA__4290__A2/DIODE                 1.500000    2.154909   -0.654909 (VIOLATED)
_4290_/A2                               1.500000    2.154800   -0.654800 (VIOLATED)
ANTENNA_mprj.team_06_Wrapper.team_06_WB.instance_to_wrap_gpio_in[18]/DIODE    1.500000    2.153470   -0.653470 (VIOLATED)
mprj.team_06_Wrapper.team_06_WB.instance_to_wrap/gpio_in[18]    1.500000    2.153380   -0.653380 (VIOLATED)
_7978_/A                                1.500000    2.147390   -0.647390 (VIOLATED)
ANTENNA_271/DIODE                       1.500000    2.147338   -0.647338 (VIOLATED)
ANTENNA__7978__A/DIODE                  1.500000    2.147338   -0.647338 (VIOLATED)
ANTENNA_272/DIODE                       1.500000    2.147304   -0.647304 (VIOLATED)
mprj.team_07_Wrapper.team_07_WB.instance_to_wrap/gpio_in[5]    1.500000    2.146961   -0.646961 (VIOLATED)
ANTENNA_mprj.team_07_Wrapper.team_07_WB.instance_to_wrap_gpio_in[5]/DIODE    1.500000    2.146931   -0.646931 (VIOLATED)
mprj.team_02_Wrapper.team_02_WB.instance_to_wrap/gpio_in[25]    1.500000    2.144621   -0.644621 (VIOLATED)
ANTENNA__4252__A0/DIODE                 1.500000    2.144106   -0.644106 (VIOLATED)
ANTENNA__4259__A2/DIODE                 1.500000    2.144099   -0.644099 (VIOLATED)
_4259_/A2                               1.500000    2.144069   -0.644069 (VIOLATED)
_4252_/A0                               1.500000    2.143987   -0.643987 (VIOLATED)
output129/A                             1.500000    2.142578   -0.642578 (VIOLATED)
ANTENNA_output129_A/DIODE               1.500000    2.142498   -0.642498 (VIOLATED)
ANTENNA_mprj.team_02_Wrapper.team_02_WB.instance_to_wrap_gpio_in[25]/DIODE    1.500000    2.141745   -0.641745 (VIOLATED)
_4182_/A1                               1.500000    2.138169   -0.638169 (VIOLATED)
ANTENNA__4182__A1/DIODE                 1.500000    2.138167   -0.638167 (VIOLATED)
ANTENNA__4189__A2/DIODE                 1.500000    2.138124   -0.638124 (VIOLATED)
_4189_/A2                               1.500000    2.138114   -0.638114 (VIOLATED)
_7771_/A1                               1.500000    2.137700   -0.637700 (VIOLATED)
ANTENNA__7771__A1/DIODE                 1.500000    2.137695   -0.637695 (VIOLATED)
ANTENNA_mprj.team_12_Wrapper.team_12_WB.instance_to_wrap_gpio_in[32]/DIODE    1.500000    2.134931   -0.634931 (VIOLATED)
mprj.team_12_Wrapper.team_12_WB.instance_to_wrap/gpio_in[32]    1.500000    2.134919   -0.634919 (VIOLATED)
mprj.team_07_Wrapper.team_07_WB.instance_to_wrap/gpio_in[27]    1.500000    2.134214   -0.634214 (VIOLATED)
ANTENNA_mprj.team_07_Wrapper.team_07_WB.instance_to_wrap_gpio_in[27]/DIODE    1.500000    2.134166   -0.634166 (VIOLATED)
mprj.team_08_Wrapper.team_08_WB.instance_to_wrap/gpio_in[18]    1.500000    2.133796   -0.633796 (VIOLATED)
ANTENNA_mprj.team_01_Wrapper.team_01_WB.instance_to_wrap_ADR_O[5]/DIODE    1.500000    2.132041   -0.632041 (VIOLATED)
mprj.team_01_Wrapper.team_01_WB.instance_to_wrap/ADR_O[5]    1.500000    2.132019   -0.632019 (VIOLATED)
ANTENNA_mprj.team_08_Wrapper.team_08_WB.instance_to_wrap_gpio_in[18]/DIODE    1.500000    2.131126   -0.631126 (VIOLATED)
ANTENNA_45/DIODE                        1.500000    2.131061   -0.631061 (VIOLATED)
ANTENNA_mprj.team_01_Wrapper.team_01_WB.instance_to_wrap_DAT_O[0]/DIODE    1.500000    2.130990   -0.630990 (VIOLATED)
mprj.team_01_Wrapper.team_01_WB.instance_to_wrap/DAT_O[0]    1.500000    2.130923   -0.630923 (VIOLATED)
ANTENNA__4103__A1/DIODE                 1.500000    2.130678   -0.630678 (VIOLATED)
_4103_/A1                               1.500000    2.130649   -0.630649 (VIOLATED)
_4088_/B                                1.500000    2.130508   -0.630508 (VIOLATED)
ANTENNA__4088__B/DIODE                  1.500000    2.130144   -0.630144 (VIOLATED)
_4472_/A0                               1.500000    2.129317   -0.629317 (VIOLATED)
ANTENNA__4478__A2/DIODE                 1.500000    2.129300   -0.629300 (VIOLATED)
_4478_/A2                               1.500000    2.129297   -0.629297 (VIOLATED)
ANTENNA__4472__A0/DIODE                 1.500000    2.129293   -0.629294 (VIOLATED)
mprj.team_12_Wrapper.team_12_WB.instance_to_wrap/gpio_in[7]    1.500000    2.128046   -0.628046 (VIOLATED)
ANTENNA_mprj.team_12_Wrapper.team_12_WB.instance_to_wrap_gpio_in[7]/DIODE    1.500000    2.128018   -0.628018 (VIOLATED)
ANTENNA_mprj.team_06_Wrapper.team_06_WB.instance_to_wrap_gpio_in[20]/DIODE    1.500000    2.127651   -0.627651 (VIOLATED)
mprj.team_06_Wrapper.team_06_WB.instance_to_wrap/gpio_in[20]    1.500000    2.127540   -0.627540 (VIOLATED)
_6793_/A1                               1.500000    2.119174   -0.619174 (VIOLATED)
ANTENNA__6793__A1/DIODE                 1.500000    2.119156   -0.619156 (VIOLATED)
hold1028/X                              1.498918    2.114612   -0.615694 (VIOLATED)
ANTENNA_643/DIODE                       1.500000    2.115503   -0.615503 (VIOLATED)
_7585_/B                                1.500000    2.115501   -0.615501 (VIOLATED)
ANTENNA__7585__B/DIODE                  1.500000    2.115499   -0.615500 (VIOLATED)
mprj.team_10_Wrapper.team_10_WB.instance_to_wrap/gpio_in[30]    1.500000    2.115405   -0.615405 (VIOLATED)
load_slew666/A                          1.500000    2.114760   -0.614760 (VIOLATED)
ANTENNA_load_slew666_A/DIODE            1.500000    2.114757   -0.614757 (VIOLATED)
ANTENNA_hold1028_X/DIODE                1.500000    2.114612   -0.614612 (VIOLATED)
_8074_/A1                               1.500000    2.114464   -0.614464 (VIOLATED)
ANTENNA__8074__A1/DIODE                 1.500000    2.114415   -0.614415 (VIOLATED)
ANTENNA_mprj.team_01_Wrapper.team_01_WB.instance_to_wrap_ADR_O[8]/DIODE    1.500000    2.112813   -0.612812 (VIOLATED)
mprj.team_01_Wrapper.team_01_WB.instance_to_wrap/ADR_O[8]    1.500000    2.112812   -0.612812 (VIOLATED)
ANTENNA_mprj.team_04_Wrapper.team_04_WB.instance_to_wrap_gpio_in[26]/DIODE    1.500000    2.112370   -0.612370 (VIOLATED)
mprj.team_06_Wrapper.team_06_WB.instance_to_wrap/gpio_in[25]    1.500000    2.112151   -0.612151 (VIOLATED)
mprj.team_04_Wrapper.team_04_WB.instance_to_wrap/gpio_in[26]    1.500000    2.112110   -0.612110 (VIOLATED)
_4678_/A0                               1.500000    2.110891   -0.610891 (VIOLATED)
ANTENNA__4678__A0/DIODE                 1.500000    2.110879   -0.610879 (VIOLATED)
_4684_/A2                               1.500000    2.110873   -0.610873 (VIOLATED)
ANTENNA__4684__A2/DIODE                 1.500000    2.110859   -0.610859 (VIOLATED)
ANTENNA_mprj.team_06_Wrapper.team_06_WB.instance_to_wrap_gpio_in[25]/DIODE    1.500000    2.110035   -0.610035 (VIOLATED)
ANTENNA_mprj.team_10_Wrapper.team_10_WB.instance_to_wrap_gpio_in[30]/DIODE    1.500000    2.110019   -0.610019 (VIOLATED)
_4352_/A2                               1.500000    2.108299   -0.608299 (VIOLATED)
ANTENNA__4352__A2/DIODE                 1.500000    2.108289   -0.608289 (VIOLATED)
_4346_/A1                               1.500000    2.108283   -0.608283 (VIOLATED)
ANTENNA__4346__A1/DIODE                 1.500000    2.108248   -0.608249 (VIOLATED)
ANTENNA_mprj.team_01_Wrapper.team_01_WB.instance_to_wrap_DAT_O[5]/DIODE    1.500000    2.103415   -0.603415 (VIOLATED)
mprj.team_01_Wrapper.team_01_WB.instance_to_wrap/DAT_O[5]    1.500000    2.103415   -0.603415 (VIOLATED)
ANTENNA_mprj.team_01_Wrapper.team_01_WB.instance_to_wrap_ADR_O[25]/DIODE    1.500000    2.103370   -0.603370 (VIOLATED)
mprj.team_01_Wrapper.team_01_WB.instance_to_wrap/ADR_O[25]    1.500000    2.103370   -0.603370 (VIOLATED)
ANTENNA_mprj.team_01_Wrapper.team_01_WB.instance_to_wrap_DAT_O[28]/DIODE    1.500000    2.103076   -0.603076 (VIOLATED)
mprj.team_01_Wrapper.team_01_WB.instance_to_wrap/DAT_O[28]    1.500000    2.102955   -0.602955 (VIOLATED)
_6692_/X                                1.497633    2.100345   -0.602712 (VIOLATED)
_7592_/B                                1.500000    2.101591   -0.601591 (VIOLATED)
ANTENNA__7592__B/DIODE                  1.500000    2.101588   -0.601588 (VIOLATED)
ANTENNA_mprj.team_05_Wrapper.team_05_WB.instance_to_wrap_gpio_out[5]/DIODE    1.500000    2.101322   -0.601322 (VIOLATED)
mprj.team_05_Wrapper.team_05_WB.instance_to_wrap/gpio_out[5]    1.500000    2.101322   -0.601322 (VIOLATED)
hold587/X                               1.498918    2.100076   -0.601158 (VIOLATED)
max_cap659/A                            1.500000    2.100856   -0.600856 (VIOLATED)
ANTENNA_max_cap659_A/DIODE              1.500000    2.100852   -0.600852 (VIOLATED)
ANTENNA_mprj.team_06_Wrapper.team_06_WB.instance_to_wrap_gpio_in[10]/DIODE    1.500000    2.100797   -0.600797 (VIOLATED)
ANTENNA_hold587_X/DIODE                 1.500000    2.100711   -0.600711 (VIOLATED)
ANTENNA__6692__X/DIODE                  1.500000    2.100355   -0.600355 (VIOLATED)
hold791/X                               1.498918    2.098884   -0.599966 (VIOLATED)
ANTENNA_fanout605_A/DIODE               1.500000    2.098946   -0.598946 (VIOLATED)
fanout605/A                             1.500000    2.098946   -0.598946 (VIOLATED)
ANTENNA__4073__A/DIODE                  1.500000    2.098895   -0.598895 (VIOLATED)
_4073_/A                                1.500000    2.098895   -0.598895 (VIOLATED)
ANTENNA__4097__C1/DIODE                 1.500000    2.098884   -0.598884 (VIOLATED)
ANTENNA__4103__C1/DIODE                 1.500000    2.098884   -0.598884 (VIOLATED)
ANTENNA__7431__B1/DIODE                 1.500000    2.098884   -0.598884 (VIOLATED)
ANTENNA_hold791_X/DIODE                 1.500000    2.098884   -0.598884 (VIOLATED)
_4097_/C1                               1.500000    2.098884   -0.598884 (VIOLATED)
_4103_/C1                               1.500000    2.098884   -0.598884 (VIOLATED)
_7431_/B1                               1.500000    2.098884   -0.598884 (VIOLATED)
mprj.team_06_Wrapper.team_06_WB.instance_to_wrap/gpio_in[10]    1.500000    2.096177   -0.596177 (VIOLATED)
ANTENNA_mprj.team_01_Wrapper.team_01_WB.instance_to_wrap_DAT_O[8]/DIODE    1.500000    2.093549   -0.593549 (VIOLATED)
mprj.team_01_Wrapper.team_01_WB.instance_to_wrap/DAT_O[8]    1.500000    2.093504   -0.593504 (VIOLATED)
ANTENNA_mprj.team_02_Wrapper.team_02_WB.instance_to_wrap_gpio_in[29]/DIODE    1.500000    2.092896   -0.592896 (VIOLATED)
ANTENNA__4426__A0/DIODE                 1.500000    2.092334   -0.592334 (VIOLATED)
_4426_/A0                               1.500000    2.092329   -0.592329 (VIOLATED)
_4432_/A2                               1.500000    2.092233   -0.592233 (VIOLATED)
ANTENNA_mprj.team_11_Wrapper.team_11_WB.instance_to_wrap_gpio_in[21]/DIODE    1.500000    2.092163   -0.592163 (VIOLATED)
ANTENNA__4432__A2/DIODE                 1.500000    2.092065   -0.592065 (VIOLATED)
mprj.team_11_Wrapper.team_11_WB.instance_to_wrap/gpio_in[21]    1.500000    2.092010   -0.592010 (VIOLATED)
ANTENNA__5037__B1/DIODE                 1.500000    2.091002   -0.591002 (VIOLATED)
_5037_/B1                               1.500000    2.091002   -0.591002 (VIOLATED)
ANTENNA__5031__A0/DIODE                 1.500000    2.090926   -0.590926 (VIOLATED)
_5031_/A0                               1.500000    2.090900   -0.590900 (VIOLATED)
mprj.team_02_Wrapper.team_02_WB.instance_to_wrap/gpio_in[29]    1.500000    2.090872   -0.590872 (VIOLATED)
ANTENNA_mprj.team_09_Wrapper.team_09_WB.instance_to_wrap_gpio_in[1]/DIODE    1.500000    2.090095   -0.590095 (VIOLATED)
mprj.team_09_Wrapper.team_09_WB.instance_to_wrap/gpio_in[1]    1.500000    2.089870   -0.589870 (VIOLATED)
mprj.team_06_Wrapper.team_06_WB.instance_to_wrap/gpio_in[17]    1.500000    2.089584   -0.589584 (VIOLATED)
output123/A                             1.500000    2.089542   -0.589542 (VIOLATED)
ANTENNA_output123_A/DIODE               1.500000    2.089365   -0.589365 (VIOLATED)
ANTENNA_mprj.team_06_Wrapper.team_06_WB.instance_to_wrap_gpio_in[17]/DIODE    1.500000    2.085555   -0.585555 (VIOLATED)
ANTENNA__4355__A0/DIODE                 1.500000    2.083022   -0.583022 (VIOLATED)
_4355_/A0                               1.500000    2.083000   -0.583000 (VIOLATED)
_4361_/A2                               1.500000    2.082946   -0.582946 (VIOLATED)
ANTENNA__4361__A2/DIODE                 1.500000    2.082933   -0.582933 (VIOLATED)
_8090_/A1                               1.500000    2.073767   -0.573767 (VIOLATED)
ANTENNA__8090__A1/DIODE                 1.500000    2.073711   -0.573711 (VIOLATED)
ANTENNA_mprj.team_03_Wrapper.team_03_WB.instance_to_wrap_ADR_O[27]/DIODE    1.500000    2.073086   -0.573086 (VIOLATED)
mprj.team_03_Wrapper.team_03_WB.instance_to_wrap/ADR_O[27]    1.500000    2.073086   -0.573086 (VIOLATED)
mprj.team_08_Wrapper.team_08_WB.instance_to_wrap/gpio_in[22]    1.500000    2.067321   -0.567321 (VIOLATED)
ANTENNA_mprj.team_04_Wrapper.team_04_WB.instance_to_wrap_gpio_in[13]/DIODE    1.500000    2.066547   -0.566548 (VIOLATED)
mprj.team_06_Wrapper.team_06_WB.instance_to_wrap/gpio_in[8]    1.500000    2.066194   -0.566194 (VIOLATED)
ANTENNA_mprj.team_06_Wrapper.team_06_WB.instance_to_wrap_gpio_in[8]/DIODE    1.500000    2.064897   -0.564897 (VIOLATED)
_4734_/B                                1.500000    2.062213   -0.562213 (VIOLATED)
ANTENNA__4734__B/DIODE                  1.500000    2.062178   -0.562178 (VIOLATED)
ANTENNA_mprj.team_01_Wrapper.team_01_WB.instance_to_wrap_DAT_O[20]/DIODE    1.500000    2.061484   -0.561484 (VIOLATED)
mprj.team_01_Wrapper.team_01_WB.instance_to_wrap/DAT_O[20]    1.500000    2.061476   -0.561476 (VIOLATED)
hold853/X                               1.498918    2.059382   -0.560464 (VIOLATED)
ANTENNA_hold853_X/DIODE                 1.500000    2.059382   -0.559382 (VIOLATED)
_4308_/A0                               1.500000    2.059203   -0.559203 (VIOLATED)
ANTENNA__4308__A0/DIODE                 1.500000    2.059199   -0.559199 (VIOLATED)
_4314_/B1                               1.500000    2.059109   -0.559109 (VIOLATED)
ANTENNA_mprj.team_03_Wrapper.team_03_WB.instance_to_wrap_ADR_O[14]/DIODE    1.500000    2.059103   -0.559103 (VIOLATED)
mprj.team_03_Wrapper.team_03_WB.instance_to_wrap/ADR_O[14]    1.500000    2.059087   -0.559087 (VIOLATED)
ANTENNA__4314__B1/DIODE                 1.500000    2.059016   -0.559016 (VIOLATED)
ANTENNA_mprj.team_09_Wrapper.team_09_WB.instance_to_wrap_gpio_in[14]/DIODE    1.500000    2.058598   -0.558598 (VIOLATED)
mprj.team_09_Wrapper.team_09_WB.instance_to_wrap/gpio_in[14]    1.500000    2.058442   -0.558442 (VIOLATED)
_4437_/A0                               1.500000    2.054649   -0.554649 (VIOLATED)
ANTENNA__4437__A0/DIODE                 1.500000    2.054613   -0.554613 (VIOLATED)
ANTENNA__4443__A2/DIODE                 1.500000    2.054508   -0.554508 (VIOLATED)
_4443_/A2                               1.500000    2.054415   -0.554415 (VIOLATED)
ANTENNA_mprj.team_05_Wrapper.team_05_WB.instance_to_wrap_gpio_in[16]/DIODE    1.500000    2.054233   -0.554233 (VIOLATED)
mprj.team_05_Wrapper.team_05_WB.instance_to_wrap/gpio_in[16]    1.500000    2.054083   -0.554083 (VIOLATED)
ANTENNA_mprj.team_08_Wrapper.team_08_WB.instance_to_wrap_gpio_in[22]/DIODE    1.500000    2.052779   -0.552779 (VIOLATED)
ANTENNA_mprj.team_01_Wrapper.team_01_WB.instance_to_wrap_ADR_O[29]/DIODE    1.500000    2.049116   -0.549116 (VIOLATED)
mprj.team_01_Wrapper.team_01_WB.instance_to_wrap/ADR_O[29]    1.500000    2.049103   -0.549103 (VIOLATED)
_4373_/A2                               1.500000    2.047660   -0.547660 (VIOLATED)
ANTENNA__4367__A0/DIODE                 1.500000    2.047657   -0.547657 (VIOLATED)
ANTENNA__4373__A2/DIODE                 1.500000    2.047653   -0.547653 (VIOLATED)
_4367_/A0                               1.500000    2.047596   -0.547596 (VIOLATED)
mprj.team_02_Wrapper.team_02_WB.instance_to_wrap/gpio_in[8]    1.500000    2.045881   -0.545881 (VIOLATED)
ANTENNA_mprj.team_02_Wrapper.team_02_WB.instance_to_wrap_gpio_in[8]/DIODE    1.500000    2.045857   -0.545857 (VIOLATED)
ANTENNA_946/DIODE                       1.500000    2.045259   -0.545260 (VIOLATED)
ANTENNA_852/DIODE                       1.500000    2.042374   -0.542374 (VIOLATED)
_4097_/A1                               1.500000    2.042156   -0.542157 (VIOLATED)
ANTENNA__4097__A1/DIODE                 1.500000    2.042117   -0.542117 (VIOLATED)
ANTENNA__4088__A/DIODE                  1.500000    2.041708   -0.541708 (VIOLATED)
_4088_/A                                1.500000    2.041664   -0.541664 (VIOLATED)
ANTENNA_851/DIODE                       1.500000    2.040915   -0.540915 (VIOLATED)
mprj.team_10_Wrapper.team_10_WB.instance_to_wrap/gpio_in[27]    1.500000    2.036621   -0.536621 (VIOLATED)
ANTENNA_mprj.team_10_Wrapper.team_10_WB.instance_to_wrap_gpio_in[27]/DIODE    1.500000    2.036542   -0.536542 (VIOLATED)
mprj.team_04_Wrapper.team_04_WB.instance_to_wrap/gpio_in[13]    1.500000    2.036257   -0.536257 (VIOLATED)
ANTENNA_mprj.team_04_Wrapper.team_04_WB.instance_to_wrap_gpio_in[19]/DIODE    1.500000    2.034510   -0.534510 (VIOLATED)
mprj.team_04_Wrapper.team_04_WB.instance_to_wrap/gpio_in[19]    1.500000    2.034360   -0.534360 (VIOLATED)
ANTENNA_284/DIODE                       1.500000    2.033704   -0.533704 (VIOLATED)
_6561_/A1                               1.500000    2.033678   -0.533678 (VIOLATED)
ANTENNA__6561__A1/DIODE                 1.500000    2.033636   -0.533636 (VIOLATED)
ANTENNA__4467__A2/DIODE                 1.500000    2.031352   -0.531352 (VIOLATED)
ANTENNA__4461__A0/DIODE                 1.500000    2.031330   -0.531330 (VIOLATED)
_4467_/A2                               1.500000    2.031321   -0.531321 (VIOLATED)
_4461_/A0                               1.500000    2.031227   -0.531227 (VIOLATED)
ANTENNA_mprj.team_01_Wrapper.team_01_WB.instance_to_wrap_ADR_O[20]/DIODE    1.500000    2.029460   -0.529460 (VIOLATED)
mprj.team_01_Wrapper.team_01_WB.instance_to_wrap/ADR_O[20]    1.500000    2.029459   -0.529459 (VIOLATED)
ANTENNA_mprj.team_01_Wrapper.team_01_WB.instance_to_wrap_ADR_O[23]/DIODE    1.500000    2.028858   -0.528858 (VIOLATED)
mprj.team_01_Wrapper.team_01_WB.instance_to_wrap/ADR_O[23]    1.500000    2.028733   -0.528733 (VIOLATED)
mprj.team_05_Wrapper.team_05_WB.instance_to_wrap/gpio_in[31]    1.500000    2.024891   -0.524891 (VIOLATED)
ANTENNA_127/DIODE                       1.500000    2.024867   -0.524867 (VIOLATED)
_4384_/A2                               1.500000    2.024832   -0.524832 (VIOLATED)
ANTENNA__4384__A2/DIODE                 1.500000    2.024800   -0.524800 (VIOLATED)
ANTENNA_mprj.team_05_Wrapper.team_05_WB.instance_to_wrap_gpio_in[31]/DIODE    1.500000    2.024789   -0.524789 (VIOLATED)
_4378_/A0                               1.500000    2.024710   -0.524710 (VIOLATED)
ANTENNA__4378__A0/DIODE                 1.500000    2.024645   -0.524645 (VIOLATED)
ANTENNA_mprj.team_02_Wrapper.team_02_WB.instance_to_wrap_gpio_out[7]/DIODE    1.500000    2.024366   -0.524366 (VIOLATED)
mprj.team_02_Wrapper.team_02_WB.instance_to_wrap/gpio_out[7]    1.500000    2.024364   -0.524363 (VIOLATED)
_4197_/A2                               1.500000    2.023645   -0.523645 (VIOLATED)
ANTENNA__4197__A2/DIODE                 1.500000    2.023631   -0.523631 (VIOLATED)
ANTENNA__4191__A0/DIODE                 1.500000    2.023625   -0.523625 (VIOLATED)
_4191_/A0                               1.500000    2.023592   -0.523592 (VIOLATED)
mprj.team_11_Wrapper.team_11_WB.instance_to_wrap/gpio_in[3]    1.500000    2.020242   -0.520242 (VIOLATED)
output165/A                             1.500000    2.014840   -0.514840 (VIOLATED)
ANTENNA_output165_A/DIODE               1.500000    2.014782   -0.514782 (VIOLATED)
_4317_/A2                               1.500000    2.012128   -0.512128 (VIOLATED)
ANTENNA__4317__A2/DIODE                 1.500000    2.012082   -0.512082 (VIOLATED)
_4310_/A1                               1.500000    2.012077   -0.512077 (VIOLATED)
ANTENNA__4310__A1/DIODE                 1.500000    2.012069   -0.512070 (VIOLATED)
ANTENNA__4339__A2/DIODE                 1.500000    2.011610   -0.511610 (VIOLATED)
_4339_/A2                               1.500000    2.011544   -0.511544 (VIOLATED)
_4333_/A0                               1.500000    2.011376   -0.511376 (VIOLATED)
ANTENNA__4333__A0/DIODE                 1.500000    2.011267   -0.511267 (VIOLATED)
ANTENNA_mprj.team_01_Wrapper.team_01_WB.instance_to_wrap_ADR_O[26]/DIODE    1.500000    2.009523   -0.509523 (VIOLATED)
mprj.team_01_Wrapper.team_01_WB.instance_to_wrap/ADR_O[26]    1.500000    2.009499   -0.509499 (VIOLATED)
ANTENNA_mprj.team_01_Wrapper.team_01_WB.instance_to_wrap_ADR_O[11]/DIODE    1.500000    2.008615   -0.508616 (VIOLATED)
mprj.team_01_Wrapper.team_01_WB.instance_to_wrap/ADR_O[11]    1.500000    2.008565   -0.508565 (VIOLATED)
ANTENNA_mprj.team_02_Wrapper.team_02_WB.instance_to_wrap_gpio_in[27]/DIODE    1.500000    2.005781   -0.505781 (VIOLATED)
ANTENNA_mprj.team_06_Wrapper.team_06_WB.instance_to_wrap_gpio_out[22]/DIODE    1.500000    2.004505   -0.504505 (VIOLATED)
mprj.team_06_Wrapper.team_06_WB.instance_to_wrap/gpio_out[22]    1.500000    2.004493   -0.504492 (VIOLATED)
mprj.team_03_Wrapper.team_03_WB.instance_to_wrap/gpio_in[26]    1.500000    2.004055   -0.504055 (VIOLATED)
ANTENNA_mprj.team_03_Wrapper.team_03_WB.instance_to_wrap_gpio_in[26]/DIODE    1.500000    2.003741   -0.503741 (VIOLATED)
ANTENNA_417/DIODE                       1.500000    2.003301   -0.503301 (VIOLATED)
ANTENNA_416/DIODE                       1.500000    2.003259   -0.503259 (VIOLATED)
_7953_/A1                               1.500000    2.003007   -0.503007 (VIOLATED)
ANTENNA__7953__A1/DIODE                 1.500000    2.002992   -0.502992 (VIOLATED)
ANTENNA_mprj.team_01_Wrapper.team_01_WB.instance_to_wrap_ADR_O[2]/DIODE    1.500000    2.002324   -0.502324 (VIOLATED)
mprj.team_01_Wrapper.team_01_WB.instance_to_wrap/ADR_O[2]    1.500000    2.002299   -0.502299 (VIOLATED)
ANTENNA__4985__A2/DIODE                 1.500000    2.000835   -0.500835 (VIOLATED)
_4985_/A2                               1.500000    2.000823   -0.500823 (VIOLATED)
ANTENNA__4979__A0/DIODE                 1.500000    2.000798   -0.500798 (VIOLATED)
_4979_/A0                               1.500000    2.000771   -0.500771 (VIOLATED)
ANTENNA_mprj.team_05_Wrapper.team_05_WB.instance_to_wrap_gpio_in[8]/DIODE    1.500000    2.000488   -0.500488 (VIOLATED)
mprj.team_05_Wrapper.team_05_WB.instance_to_wrap/gpio_in[8]    1.500000    2.000348   -0.500348 (VIOLATED)
ANTENNA__4711__B1/DIODE                 1.500000    1.999263   -0.499263 (VIOLATED)
_4705_/A0                               1.500000    1.999262   -0.499262 (VIOLATED)
_4711_/B1                               1.500000    1.999259   -0.499259 (VIOLATED)
ANTENNA__4705__A0/DIODE                 1.500000    1.999257   -0.499257 (VIOLATED)
_6273_/A1                               1.500000    1.996648   -0.496648 (VIOLATED)
ANTENNA__6273__A1/DIODE                 1.500000    1.996604   -0.496604 (VIOLATED)
ANTENNA__4517__A0/DIODE                 1.500000    1.995175   -0.495175 (VIOLATED)
_4517_/A0                               1.500000    1.995156   -0.495156 (VIOLATED)
_4523_/A2                               1.500000    1.995028   -0.495028 (VIOLATED)
ANTENNA__4523__A2/DIODE                 1.500000    1.994949   -0.494949 (VIOLATED)
ANTENNA_mprj.team_01_Wrapper.team_01_WB.instance_to_wrap_ADR_O[0]/DIODE    1.500000    1.993509   -0.493509 (VIOLATED)
mprj.team_01_Wrapper.team_01_WB.instance_to_wrap/ADR_O[0]    1.500000    1.993498   -0.493498 (VIOLATED)
ANTENNA_mprj.team_11_Wrapper.team_11_WB.instance_to_wrap_gpio_in[3]/DIODE    1.500000    1.993092   -0.493092 (VIOLATED)
ANTENNA__6383__X/DIODE                  1.500000    1.993027   -0.493027 (VIOLATED)
_6383_/X                                1.500000    1.992968   -0.492968 (VIOLATED)
_5047_/A1                               1.500000    1.992870   -0.492870 (VIOLATED)
ANTENNA__5047__A1/DIODE                 1.500000    1.992869   -0.492870 (VIOLATED)
ANTENNA__5054__A2/DIODE                 1.500000    1.992808   -0.492808 (VIOLATED)
_5054_/A2                               1.500000    1.992796   -0.492796 (VIOLATED)
mprj.team_02_Wrapper.team_02_WB.instance_to_wrap/gpio_in[27]    1.500000    1.992759   -0.492759 (VIOLATED)
ANTENNA_mprj.team_07_Wrapper.team_07_WB.instance_to_wrap_gpio_in[21]/DIODE    1.500000    1.992117   -0.492117 (VIOLATED)
mprj.team_07_Wrapper.team_07_WB.instance_to_wrap/gpio_in[21]    1.500000    1.992066   -0.492066 (VIOLATED)
ANTENNA_mprj.team_01_Wrapper.team_01_WB.instance_to_wrap_DAT_O[3]/DIODE    1.500000    1.990929   -0.490929 (VIOLATED)
mprj.team_01_Wrapper.team_01_WB.instance_to_wrap/DAT_O[3]    1.500000    1.990929   -0.490929 (VIOLATED)
_6200_/A1                               1.500000    1.988081   -0.488081 (VIOLATED)
ANTENNA__6200__A1/DIODE                 1.500000    1.988048   -0.488048 (VIOLATED)
_8089_/A1                               1.500000    1.981716   -0.481716 (VIOLATED)
ANTENNA__8089__A1/DIODE                 1.500000    1.981696   -0.481696 (VIOLATED)
ANTENNA_mprj.team_08_Wrapper.team_08_WB.instance_to_wrap_gpio_in[25]/DIODE    1.500000    1.981535   -0.481535 (VIOLATED)
ANTENNA_mprj.team_06_Wrapper.team_06_WB.instance_to_wrap_gpio_oeb[13]/DIODE    1.500000    1.980563   -0.480563 (VIOLATED)
mprj.team_06_Wrapper.team_06_WB.instance_to_wrap/gpio_oeb[13]    1.500000    1.980556   -0.480556 (VIOLATED)
_7883_/A1                               1.500000    1.978970   -0.478970 (VIOLATED)
ANTENNA__7883__A1/DIODE                 1.500000    1.978923   -0.478923 (VIOLATED)
mprj.team_12_Wrapper.team_12_WB.instance_to_wrap/gpio_in[14]    1.500000    1.978754   -0.478754 (VIOLATED)
ANTENNA_mprj.team_12_Wrapper.team_12_WB.instance_to_wrap_gpio_in[14]/DIODE    1.500000    1.978695   -0.478695 (VIOLATED)
ANTENNA_mprj.team_07_Wrapper.team_07_WB.instance_to_wrap_gpio_in[0]/DIODE    1.500000    1.978068   -0.478068 (VIOLATED)
mprj.team_07_Wrapper.team_07_WB.instance_to_wrap/gpio_in[0]    1.500000    1.977983   -0.477983 (VIOLATED)
mprj.team_06_Wrapper.team_06_WB.instance_to_wrap/gpio_in[29]    1.500000    1.977325   -0.477325 (VIOLATED)
ANTENNA__7917__A/DIODE                  1.500000    1.975963   -0.475963 (VIOLATED)
_7917_/A                                1.500000    1.975957   -0.475957 (VIOLATED)
_4723_/A0                               1.500000    1.974487   -0.474487 (VIOLATED)
ANTENNA__4723__A0/DIODE                 1.500000    1.974412   -0.474412 (VIOLATED)
ANTENNA__4729__A2/DIODE                 1.500000    1.974308   -0.474308 (VIOLATED)
_4729_/A2                               1.500000    1.974232   -0.474232 (VIOLATED)
ANTENNA_49/DIODE                        1.500000    1.974095   -0.474095 (VIOLATED)
mprj.team_03_Wrapper.team_03_WB.instance_to_wrap/gpio_in[19]    1.500000    1.973796   -0.473796 (VIOLATED)
ANTENNA_mprj.team_03_Wrapper.team_03_WB.instance_to_wrap_gpio_in[19]/DIODE    1.500000    1.973282   -0.473282 (VIOLATED)
mprj.team_08_Wrapper.team_08_WB.instance_to_wrap/gpio_in[25]    1.500000    1.973089   -0.473089 (VIOLATED)
ANTENNA_mprj.team_06_Wrapper.team_06_WB.instance_to_wrap_gpio_in[29]/DIODE    1.500000    1.972969   -0.472969 (VIOLATED)
mprj.team_12_Wrapper.team_12_WB.instance_to_wrap/gpio_in[1]    1.500000    1.970158   -0.470158 (VIOLATED)
ANTENNA_mprj.team_12_Wrapper.team_12_WB.instance_to_wrap_gpio_in[1]/DIODE    1.500000    1.970068   -0.470068 (VIOLATED)
ANTENNA_mprj.team_01_Wrapper.team_01_WB.instance_to_wrap_ADR_O[15]/DIODE    1.500000    1.969331   -0.469331 (VIOLATED)
mprj.team_01_Wrapper.team_01_WB.instance_to_wrap/ADR_O[15]    1.500000    1.969331   -0.469331 (VIOLATED)
_7812_/A1                               1.500000    1.967325   -0.467325 (VIOLATED)
ANTENNA__7812__A1/DIODE                 1.500000    1.967273   -0.467274 (VIOLATED)
ANTENNA_mprj.team_05_Wrapper.team_05_WB.instance_to_wrap_gpio_out[9]/DIODE    1.500000    1.960725   -0.460725 (VIOLATED)
mprj.team_05_Wrapper.team_05_WB.instance_to_wrap/gpio_out[9]    1.500000    1.960708   -0.460708 (VIOLATED)
ANTENNA_mprj.team_06_Wrapper.team_06_WB.instance_to_wrap_gpio_oeb[6]/DIODE    1.500000    1.960483   -0.460483 (VIOLATED)
mprj.team_06_Wrapper.team_06_WB.instance_to_wrap/gpio_oeb[6]    1.500000    1.960480   -0.460480 (VIOLATED)
ANTENNA_mprj.team_02_Wrapper.team_02_WB.instance_to_wrap_gpio_in[10]/DIODE    1.500000    1.960283   -0.460283 (VIOLATED)
mprj.team_11_Wrapper.team_11_WB.instance_to_wrap/gpio_in[0]    1.500000    1.957110   -0.457110 (VIOLATED)
ANTENNA_mprj.team_11_Wrapper.team_11_WB.instance_to_wrap_gpio_in[0]/DIODE    1.500000    1.957083   -0.457083 (VIOLATED)
load_slew782/A                          1.500000    1.956320   -0.456320 (VIOLATED)
ANTENNA_mprj.team_05_Wrapper.team_05_WB.instance_to_wrap_gpio_in[18]/DIODE    1.500000    1.955130   -0.455130 (VIOLATED)
mprj.team_05_Wrapper.team_05_WB.instance_to_wrap/gpio_in[18]    1.500000    1.954874   -0.454874 (VIOLATED)
ANTENNA_load_slew782_A/DIODE            1.500000    1.953802   -0.453802 (VIOLATED)
_4193_/A1                               1.500000    1.951842   -0.451842 (VIOLATED)
mprj.team_02_Wrapper.team_02_WB.instance_to_wrap/gpio_in[10]    1.500000    1.951824   -0.451824 (VIOLATED)
ANTENNA__4193__A1/DIODE                 1.500000    1.951820   -0.451820 (VIOLATED)
ANTENNA__4199__A2/DIODE                 1.500000    1.951783   -0.451783 (VIOLATED)
_4199_/A2                               1.500000    1.951725   -0.451725 (VIOLATED)
output119/A                             1.500000    1.950736   -0.450736 (VIOLATED)
ANTENNA_output119_A/DIODE               1.500000    1.950580   -0.450580 (VIOLATED)
ANTENNA_mprj.team_08_Wrapper.team_08_WB.instance_to_wrap_gpio_in[26]/DIODE    1.500000    1.949738   -0.449738 (VIOLATED)
ANTENNA__7743__A1/DIODE                 1.500000    1.949523   -0.449523 (VIOLATED)
_7743_/A1                               1.500000    1.949522   -0.449522 (VIOLATED)
_6801_/A                                1.500000    1.948097   -0.448097 (VIOLATED)
ANTENNA__6801__A/DIODE                  1.500000    1.948092   -0.448092 (VIOLATED)
ANTENNA_mprj.team_02_Wrapper.team_02_WB.instance_to_wrap_gpio_out[12]/DIODE    1.500000    1.944911   -0.444911 (VIOLATED)
mprj.team_02_Wrapper.team_02_WB.instance_to_wrap/gpio_out[12]    1.500000    1.944896   -0.444896 (VIOLATED)
ANTENNA_278/DIODE                       1.500000    1.944215   -0.444215 (VIOLATED)
ANTENNA_277/DIODE                       1.500000    1.944209   -0.444210 (VIOLATED)
_6235_/A1                               1.500000    1.944174   -0.444174 (VIOLATED)
ANTENNA__6235__A1/DIODE                 1.500000    1.944080   -0.444081 (VIOLATED)
ANTENNA__6540__A/DIODE                  1.500000    1.944052   -0.444052 (VIOLATED)
_6540_/A                                1.500000    1.944010   -0.444010 (VIOLATED)
ANTENNA_mprj.team_04_Wrapper.team_04_WB.instance_to_wrap_memory_size[6]/DIODE    1.500000    1.943552   -0.443552 (VIOLATED)
mprj.team_04_Wrapper.team_04_WB.instance_to_wrap/memory_size[6]    1.500000    1.943520   -0.443520 (VIOLATED)
hold1341/X                              1.498918    1.942398   -0.443480 (VIOLATED)
_6339_/A                                1.500000    1.943458   -0.443458 (VIOLATED)
ANTENNA__6339__A/DIODE                  1.500000    1.943423   -0.443423 (VIOLATED)
_7046_/B2                               1.500000    1.942563   -0.442563 (VIOLATED)
ANTENNA__7046__B2/DIODE                 1.500000    1.942559   -0.442559 (VIOLATED)
ANTENNA_hold1341_X/DIODE                1.500000    1.942412   -0.442413 (VIOLATED)
ANTENNA__5180__A1/DIODE                 1.500000    1.942406   -0.442406 (VIOLATED)
_5180_/A1                               1.500000    1.942401   -0.442401 (VIOLATED)
ANTENNA_mprj.team_01_Wrapper.team_01_WB.instance_to_wrap_gpio_in[26]/DIODE    1.500000    1.942043   -0.442043 (VIOLATED)
ANTENNA_mprj.team_05_Wrapper.team_05_WB.instance_to_wrap_gpio_out[30]/DIODE    1.500000    1.940926   -0.440926 (VIOLATED)
mprj.team_05_Wrapper.team_05_WB.instance_to_wrap/gpio_out[30]    1.500000    1.940920   -0.440920 (VIOLATED)
_4611_/A0                               1.500000    1.939151   -0.439151 (VIOLATED)
ANTENNA__4611__A0/DIODE                 1.500000    1.939148   -0.439148 (VIOLATED)
ANTENNA__5061__A1/DIODE                 1.500000    1.939140   -0.439141 (VIOLATED)
_5061_/A1                               1.500000    1.939139   -0.439139 (VIOLATED)
hold163/X                               1.498918    1.937755   -0.438837 (VIOLATED)
_5346_/A                                1.500000    1.938824   -0.438824 (VIOLATED)
ANTENNA__5346__A/DIODE                  1.500000    1.938792   -0.438792 (VIOLATED)
hold424/X                               1.498918    1.937697   -0.438779 (VIOLATED)
ANTENNA__5175__A0/DIODE                 1.500000    1.938407   -0.438407 (VIOLATED)
_5175_/A0                               1.500000    1.938406   -0.438406 (VIOLATED)
_5138_/B2                               1.500000    1.938403   -0.438403 (VIOLATED)
ANTENNA__5138__B2/DIODE                 1.500000    1.938401   -0.438401 (VIOLATED)
_5334_/A                                1.500000    1.937917   -0.437917 (VIOLATED)
ANTENNA__5334__A/DIODE                  1.500000    1.937915   -0.437915 (VIOLATED)
ANTENNA__5017__A1/DIODE                 1.500000    1.937879   -0.437879 (VIOLATED)
_5017_/A1                               1.500000    1.937878   -0.437878 (VIOLATED)
ANTENNA_hold163_X/DIODE                 1.500000    1.937755   -0.437755 (VIOLATED)
ANTENNA_hold424_X/DIODE                 1.500000    1.937701   -0.437701 (VIOLATED)
mprj.team_12_Wrapper.team_12_WB.instance_to_wrap/gpio_in[31]    1.500000    1.936137   -0.436137 (VIOLATED)
ANTENNA_mprj.team_12_Wrapper.team_12_WB.instance_to_wrap_gpio_in[31]/DIODE    1.500000    1.936128   -0.436128 (VIOLATED)
mprj.team_08_Wrapper.team_08_WB.instance_to_wrap/gpio_in[26]    1.500000    1.935676   -0.435676 (VIOLATED)
mprj.team_01_Wrapper.team_01_WB.instance_to_wrap/gpio_in[26]    1.500000    1.933387   -0.433387 (VIOLATED)
hold1112/X                              1.498918    1.931825   -0.432907 (VIOLATED)
ANTENNA_mprj.team_04_Wrapper.team_04_WB.instance_to_wrap_mem_adr_start[3]/DIODE    1.500000    1.932074   -0.432074 (VIOLATED)
mprj.team_04_Wrapper.team_04_WB.instance_to_wrap/mem_adr_start[3]    1.500000    1.932068   -0.432068 (VIOLATED)
ANTENNA_hold1112_X/DIODE                1.500000    1.931825   -0.431825 (VIOLATED)
ANTENNA_mprj.team_01_Wrapper.team_01_WB.instance_to_wrap_ADR_O[10]/DIODE    1.500000    1.930764   -0.430764 (VIOLATED)
mprj.team_01_Wrapper.team_01_WB.instance_to_wrap/ADR_O[10]    1.500000    1.930761   -0.430761 (VIOLATED)
ANTENNA_mprj.team_01_Wrapper.team_01_WB.instance_to_wrap_DAT_O[15]/DIODE    1.500000    1.928165   -0.428165 (VIOLATED)
mprj.team_01_Wrapper.team_01_WB.instance_to_wrap/DAT_O[15]    1.500000    1.928048   -0.428048 (VIOLATED)
mprj.team_05_Wrapper.team_05_WB.instance_to_wrap/gpio_in[10]    1.500000    1.926437   -0.426437 (VIOLATED)
ANTENNA_mprj.team_05_Wrapper.team_05_WB.instance_to_wrap_gpio_in[10]/DIODE    1.500000    1.926379   -0.426379 (VIOLATED)
ANTENNA_mprj.team_01_Wrapper.team_01_WB.instance_to_wrap_ADR_O[12]/DIODE    1.500000    1.922633   -0.422633 (VIOLATED)
mprj.team_01_Wrapper.team_01_WB.instance_to_wrap/ADR_O[12]    1.500000    1.922633   -0.422633 (VIOLATED)
_7905_/A1                               1.500000    1.921209   -0.421209 (VIOLATED)
ANTENNA__7905__A1/DIODE                 1.500000    1.921180   -0.421180 (VIOLATED)
_4736_/A0                               1.500000    1.916725   -0.416725 (VIOLATED)
_4742_/A2                               1.500000    1.916724   -0.416724 (VIOLATED)
ANTENNA__4742__A2/DIODE                 1.500000    1.916706   -0.416706 (VIOLATED)
ANTENNA__4736__A0/DIODE                 1.500000    1.916705   -0.416705 (VIOLATED)
ANTENNA_273/DIODE                       1.500000    1.915771   -0.415771 (VIOLATED)
_8008_/A1                               1.500000    1.915747   -0.415747 (VIOLATED)
ANTENNA__8008__A1/DIODE                 1.500000    1.915726   -0.415726 (VIOLATED)
ANTENNA__4599__A0/DIODE                 1.500000    1.915692   -0.415692 (VIOLATED)
_4599_/A0                               1.500000    1.915686   -0.415686 (VIOLATED)
_4605_/A2                               1.500000    1.915665   -0.415665 (VIOLATED)
ANTENNA__4605__A2/DIODE                 1.500000    1.915661   -0.415661 (VIOLATED)
ANTENNA_336/DIODE                       1.500000    1.914840   -0.414840 (VIOLATED)
_6499_/A1                               1.500000    1.914828   -0.414828 (VIOLATED)
ANTENNA_335/DIODE                       1.500000    1.914802   -0.414802 (VIOLATED)
output167/A                             1.500000    1.914796   -0.414796 (VIOLATED)
ANTENNA_output167_A/DIODE               1.500000    1.914739   -0.414739 (VIOLATED)
ANTENNA__6499__A1/DIODE                 1.500000    1.914716   -0.414716 (VIOLATED)
mprj.team_04_Wrapper.team_04_WB.instance_to_wrap/gpio_in[8]    1.500000    1.914441   -0.414441 (VIOLATED)
ANTENNA_122/DIODE                       1.500000    1.913199   -0.413199 (VIOLATED)
_6232_/A                                1.500000    1.912907   -0.412907 (VIOLATED)
ANTENNA_120/DIODE                       1.500000    1.912831   -0.412831 (VIOLATED)
ANTENNA__6232__A/DIODE                  1.500000    1.912720   -0.412720 (VIOLATED)
ANTENNA_mprj.team_01_Wrapper.team_01_WB.instance_to_wrap_DAT_O[11]/DIODE    1.500000    1.908741   -0.408741 (VIOLATED)
mprj.team_01_Wrapper.team_01_WB.instance_to_wrap/DAT_O[11]    1.500000    1.908741   -0.408741 (VIOLATED)
ANTENNA__4751__A1/DIODE                 1.500000    1.908121   -0.408121 (VIOLATED)
_4751_/A1                               1.500000    1.908096   -0.408096 (VIOLATED)
_4757_/A2                               1.500000    1.908050   -0.408050 (VIOLATED)
ANTENNA__4757__A2/DIODE                 1.500000    1.908014   -0.408014 (VIOLATED)
ANTENNA_mprj.team_01_Wrapper.team_01_WB.instance_to_wrap_DAT_O[1]/DIODE    1.500000    1.907242   -0.407242 (VIOLATED)
mprj.team_01_Wrapper.team_01_WB.instance_to_wrap/DAT_O[1]    1.500000    1.907224   -0.407224 (VIOLATED)
ANTENNA__4116__A0/DIODE                 1.500000    1.906832   -0.406832 (VIOLATED)
_4116_/A0                               1.500000    1.906801   -0.406801 (VIOLATED)
_4124_/A2                               1.500000    1.906709   -0.406709 (VIOLATED)
ANTENNA__4124__A2/DIODE                 1.500000    1.906606   -0.406606 (VIOLATED)
ANTENNA_mprj.team_04_Wrapper.team_04_WB.instance_to_wrap_gpio_in[8]/DIODE    1.500000    1.905431   -0.405431 (VIOLATED)
_4101_/A1                               1.500000    1.903747   -0.403747 (VIOLATED)
ANTENNA__4101__A1/DIODE                 1.500000    1.903705   -0.403705 (VIOLATED)
ANTENNA_mprj.team_01_Wrapper.team_01_WB.instance_to_wrap_ADR_O[9]/DIODE    1.500000    1.903350   -0.403350 (VIOLATED)
ANTENNA_mprj.team_01_Wrapper.team_01_WB.instance_to_wrap_STB_O/DIODE    1.500000    1.903350   -0.403350 (VIOLATED)
ANTENNA__4092__A/DIODE                  1.500000    1.903345   -0.403345 (VIOLATED)
_4092_/A                                1.500000    1.903328   -0.403328 (VIOLATED)
mprj.team_01_Wrapper.team_01_WB.instance_to_wrap/STB_O    1.500000    1.903320   -0.403320 (VIOLATED)
mprj.team_01_Wrapper.team_01_WB.instance_to_wrap/ADR_O[9]    1.500000    1.903235   -0.403235 (VIOLATED)
_4091_/A                                1.500000    1.903233   -0.403233 (VIOLATED)
ANTENNA__4091__A/DIODE                  1.500000    1.903193   -0.403193 (VIOLATED)
ANTENNA_mprj.team_01_Wrapper.team_01_WB.instance_to_wrap_CYC_O/DIODE    1.500000    1.896240   -0.396240 (VIOLATED)
mprj.team_01_Wrapper.team_01_WB.instance_to_wrap/CYC_O    1.500000    1.896217   -0.396218 (VIOLATED)
ANTENNA_mprj.team_03_Wrapper.team_03_WB.instance_to_wrap_DAT_O[14]/DIODE    1.500000    1.895979   -0.395979 (VIOLATED)
mprj.team_03_Wrapper.team_03_WB.instance_to_wrap/DAT_O[14]    1.500000    1.895979   -0.395979 (VIOLATED)
ANTENNA_mprj.team_03_Wrapper.team_03_WB.instance_to_wrap_ADR_O[26]/DIODE    1.500000    1.895669   -0.395669 (VIOLATED)
mprj.team_03_Wrapper.team_03_WB.instance_to_wrap/ADR_O[26]    1.500000    1.895662   -0.395662 (VIOLATED)
ANTENNA__4992__A0/DIODE                 1.500000    1.894868   -0.394868 (VIOLATED)
_4992_/A0                               1.500000    1.894866   -0.394866 (VIOLATED)
ANTENNA__4998__A2/DIODE                 1.500000    1.894860   -0.394860 (VIOLATED)
_4998_/A2                               1.500000    1.894813   -0.394813 (VIOLATED)
ANTENNA__4225__A0/DIODE                 1.500000    1.894768   -0.394768 (VIOLATED)
_4225_/A0                               1.500000    1.894766   -0.394766 (VIOLATED)
ANTENNA__4231__A2/DIODE                 1.500000    1.894717   -0.394717 (VIOLATED)
_4231_/A2                               1.500000    1.894672   -0.394672 (VIOLATED)
mprj.team_02_Wrapper.team_02_WB.instance_to_wrap/gpio_in[18]    1.500000    1.893071   -0.393071 (VIOLATED)
ANTENNA_mprj.team_02_Wrapper.team_02_WB.instance_to_wrap_gpio_in[18]/DIODE    1.500000    1.892981   -0.392981 (VIOLATED)
ANTENNA__4692__A0/DIODE                 1.500000    1.892429   -0.392429 (VIOLATED)
_4692_/A0                               1.500000    1.892396   -0.392396 (VIOLATED)
ANTENNA__4698__A2/DIODE                 1.500000    1.892239   -0.392239 (VIOLATED)
_4698_/A2                               1.500000    1.892200   -0.392200 (VIOLATED)
ANTENNA_51/DIODE                        1.500000    1.892038   -0.392038 (VIOLATED)
_4215_/A0                               1.500000    1.891905   -0.391905 (VIOLATED)
ANTENNA__4215__A0/DIODE                 1.500000    1.891902   -0.391902 (VIOLATED)
ANTENNA__4221__A2/DIODE                 1.500000    1.891861   -0.391861 (VIOLATED)
_4221_/A2                               1.500000    1.891817   -0.391817 (VIOLATED)
ANTENNA_mprj.team_01_Wrapper.team_01_WB.instance_to_wrap_ADR_O[3]/DIODE    1.500000    1.889902   -0.389903 (VIOLATED)
mprj.team_01_Wrapper.team_01_WB.instance_to_wrap/ADR_O[3]    1.500000    1.889728   -0.389728 (VIOLATED)
ANTENNA__4525__A2/DIODE                 1.500000    1.888716   -0.388716 (VIOLATED)
ANTENNA__4519__A1/DIODE                 1.500000    1.888702   -0.388702 (VIOLATED)
_4525_/A2                               1.500000    1.888683   -0.388684 (VIOLATED)
_4519_/A1                               1.500000    1.888682   -0.388682 (VIOLATED)
ANTENNA_mprj.team_01_Wrapper.team_01_WB.instance_to_wrap_ADR_O[6]/DIODE    1.500000    1.888346   -0.388346 (VIOLATED)
mprj.team_01_Wrapper.team_01_WB.instance_to_wrap/ADR_O[6]    1.500000    1.888342   -0.388342 (VIOLATED)
ANTENNA_276/DIODE                       1.500000    1.886783   -0.386783 (VIOLATED)
ANTENNA__6504__A/DIODE                  1.500000    1.886577   -0.386577 (VIOLATED)
_6504_/A                                1.500000    1.886511   -0.386511 (VIOLATED)
ANTENNA_274/DIODE                       1.500000    1.886448   -0.386448 (VIOLATED)
ANTENNA_523/DIODE                       1.500000    1.882233   -0.382233 (VIOLATED)
ANTENNA_520/DIODE                       1.500000    1.882227   -0.382227 (VIOLATED)
ANTENNA_517/DIODE                       1.500000    1.882217   -0.382217 (VIOLATED)
ANTENNA_519/DIODE                       1.500000    1.882167   -0.382167 (VIOLATED)
_4378_/A1                               1.500000    1.882111   -0.382111 (VIOLATED)
ANTENNA__4378__A1/DIODE                 1.500000    1.882099   -0.382099 (VIOLATED)
ANTENNA_522/DIODE                       1.500000    1.882095   -0.382095 (VIOLATED)
ANTENNA_525/DIODE                       1.500000    1.882025   -0.382025 (VIOLATED)
ANTENNA_515/DIODE                       1.500000    1.881912   -0.381912 (VIOLATED)
ANTENNA_518/DIODE                       1.500000    1.881882   -0.381882 (VIOLATED)
ANTENNA_516/DIODE                       1.500000    1.881843   -0.381843 (VIOLATED)
ANTENNA_521/DIODE                       1.500000    1.881735   -0.381735 (VIOLATED)
ANTENNA_524/DIODE                       1.500000    1.881654   -0.381654 (VIOLATED)
mprj.team_10_Wrapper.team_10_WB.instance_to_wrap/en    1.500000    1.880518   -0.380518 (VIOLATED)
ANTENNA_mprj.team_10_Wrapper.team_10_WB.instance_to_wrap_en/DIODE    1.500000    1.880413   -0.380414 (VIOLATED)
ANTENNA_391/DIODE                       1.500000    1.880006   -0.380006 (VIOLATED)
ANTENNA_390/DIODE                       1.500000    1.880000   -0.380000 (VIOLATED)
ANTENNA_389/DIODE                       1.500000    1.879983   -0.379983 (VIOLATED)
ANTENNA_387/DIODE                       1.500000    1.879972   -0.379972 (VIOLATED)
ANTENNA_386/DIODE                       1.500000    1.879966   -0.379967 (VIOLATED)
ANTENNA_396/DIODE                       1.500000    1.879930   -0.379931 (VIOLATED)
ANTENNA_388/DIODE                       1.500000    1.879873   -0.379873 (VIOLATED)
ANTENNA_395/DIODE                       1.500000    1.879805   -0.379805 (VIOLATED)
_7935_/A1                               1.500000    1.879480   -0.379480 (VIOLATED)
ANTENNA_393/DIODE                       1.500000    1.879472   -0.379472 (VIOLATED)
ANTENNA_392/DIODE                       1.500000    1.879360   -0.379360 (VIOLATED)
ANTENNA_394/DIODE                       1.500000    1.879316   -0.379316 (VIOLATED)
ANTENNA__7935__A1/DIODE                 1.500000    1.879176   -0.379176 (VIOLATED)
ANTENNA_397/DIODE                       1.500000    1.878664   -0.378664 (VIOLATED)
ANTENNA_mprj.team_01_Wrapper.team_01_WB.instance_to_wrap_ADR_O[1]/DIODE    1.500000    1.876644   -0.376644 (VIOLATED)
mprj.team_01_Wrapper.team_01_WB.instance_to_wrap/ADR_O[1]    1.500000    1.876519   -0.376520 (VIOLATED)
ANTENNA__4245__A1/DIODE                 1.500000    1.876379   -0.376379 (VIOLATED)
_4245_/A1                               1.500000    1.876359   -0.376359 (VIOLATED)
ANTENNA__4274__A2/DIODE                 1.500000    1.876155   -0.376155 (VIOLATED)
_4274_/A2                               1.500000    1.876080   -0.376080 (VIOLATED)
ANTENNA__4265__A2/DIODE                 1.500000    1.875676   -0.375676 (VIOLATED)
_4265_/A2                               1.500000    1.875641   -0.375641 (VIOLATED)
ANTENNA__6481__A/DIODE                  1.500000    1.874449   -0.374449 (VIOLATED)
_6481_/A                                1.500000    1.874436   -0.374436 (VIOLATED)
ANTENNA__4131__A1/DIODE                 1.500000    1.874352   -0.374352 (VIOLATED)
_4131_/A1                               1.500000    1.874350   -0.374350 (VIOLATED)
ANTENNA__4137__A2/DIODE                 1.500000    1.874302   -0.374302 (VIOLATED)
_4137_/A2                               1.500000    1.874284   -0.374284 (VIOLATED)
ANTENNA_mprj.team_04_Wrapper.team_04_WB.instance_to_wrap_gpio_in[3]/DIODE    1.500000    1.873692   -0.373692 (VIOLATED)
ANTENNA_mprj.team_01_Wrapper.team_01_WB.instance_to_wrap_ADR_O[7]/DIODE    1.500000    1.872229   -0.372229 (VIOLATED)
mprj.team_01_Wrapper.team_01_WB.instance_to_wrap/ADR_O[7]    1.500000    1.872229   -0.372229 (VIOLATED)
ANTENNA_mprj.team_06_Wrapper.team_06_WB.instance_to_wrap_gpio_out[24]/DIODE    1.500000    1.870858   -0.370858 (VIOLATED)
mprj.team_06_Wrapper.team_06_WB.instance_to_wrap/gpio_out[24]    1.500000    1.870831   -0.370831 (VIOLATED)
mprj.team_04_Wrapper.team_04_WB.instance_to_wrap/gpio_in[3]    1.500000    1.869477   -0.369477 (VIOLATED)
ANTENNA__5020__A1/DIODE                 1.500000    1.867680   -0.367680 (VIOLATED)
_5020_/A1                               1.500000    1.867675   -0.367675 (VIOLATED)
ANTENNA__5026__A2/DIODE                 1.500000    1.867673   -0.367673 (VIOLATED)
_5026_/A2                               1.500000    1.867651   -0.367651 (VIOLATED)
mprj.team_04_Wrapper.team_04_WB.instance_to_wrap/gpio_in[20]    1.500000    1.862997   -0.362997 (VIOLATED)
ANTENNA_mprj.team_04_Wrapper.team_04_WB.instance_to_wrap_gpio_in[20]/DIODE    1.500000    1.862959   -0.362959 (VIOLATED)
ANTENNA_mprj.team_08_Wrapper.team_08_WB.instance_to_wrap_en/DIODE    1.500000    1.862782   -0.362782 (VIOLATED)
mprj.team_08_Wrapper.team_08_WB.instance_to_wrap/en    1.500000    1.862769   -0.362769 (VIOLATED)
ANTENNA_55/DIODE                        1.500000    1.861871   -0.361871 (VIOLATED)
ANTENNA_56/DIODE                        1.500000    1.861871   -0.361871 (VIOLATED)
ANTENNA_57/DIODE                        1.500000    1.861871   -0.361871 (VIOLATED)
ANTENNA_mprj.team_03_Wrapper.team_03_WB.instance_to_wrap_DAT_O[16]/DIODE    1.500000    1.861871   -0.361871 (VIOLATED)
mprj.team_03_Wrapper.team_03_WB.instance_to_wrap/DAT_O[16]    1.500000    1.861871   -0.361871 (VIOLATED)
hold1598/X                              1.498918    1.859843   -0.360925 (VIOLATED)
ANTENNA_hold1598_X/DIODE                1.500000    1.859847   -0.359847 (VIOLATED)
mprj.team_03_Wrapper.team_03_WB.instance_to_wrap/gpio_in[33]    1.500000    1.859089   -0.359090 (VIOLATED)
ANTENNA_mprj.team_03_Wrapper.team_03_WB.instance_to_wrap_gpio_in[33]/DIODE    1.500000    1.858998   -0.358998 (VIOLATED)
_7700_/A                                1.500000    1.858665   -0.358665 (VIOLATED)
ANTENNA__7700__A/DIODE                  1.500000    1.858660   -0.358660 (VIOLATED)
mprj.team_04_Wrapper.team_04_WB.instance_to_wrap/mem_adr_start[26]    1.500000    1.858191   -0.358191 (VIOLATED)
ANTENNA_mprj.team_04_Wrapper.team_04_WB.instance_to_wrap_mem_adr_start[26]/DIODE    1.500000    1.858147   -0.358147 (VIOLATED)
hold1014/X                              1.498918    1.855602   -0.356684 (VIOLATED)
ANTENNA__4586__A0/DIODE                 1.500000    1.855618   -0.355618 (VIOLATED)
ANTENNA_hold1014_X/DIODE                1.500000    1.855602   -0.355602 (VIOLATED)
_4586_/A0                               1.500000    1.855598   -0.355598 (VIOLATED)
_4592_/A2                               1.500000    1.855499   -0.355499 (VIOLATED)
ANTENNA__4592__A2/DIODE                 1.500000    1.855416   -0.355416 (VIOLATED)
ANTENNA_mprj.team_01_Wrapper.team_01_WB.instance_to_wrap_ADR_O[22]/DIODE    1.500000    1.854376   -0.354376 (VIOLATED)
mprj.team_01_Wrapper.team_01_WB.instance_to_wrap/ADR_O[22]    1.500000    1.854249   -0.354250 (VIOLATED)
ANTENNA__4153__A0/DIODE                 1.500000    1.854048   -0.354048 (VIOLATED)
ANTENNA__4159__A2/DIODE                 1.500000    1.854036   -0.354036 (VIOLATED)
_4159_/A2                               1.500000    1.854029   -0.354029 (VIOLATED)
_4153_/A0                               1.500000    1.854027   -0.354027 (VIOLATED)
_8018_/A1                               1.500000    1.852188   -0.352188 (VIOLATED)
ANTENNA__8018__A1/DIODE                 1.500000    1.852135   -0.352135 (VIOLATED)
ANTENNA_mprj.team_05_Wrapper.team_05_WB.instance_to_wrap_gpio_out[1]/DIODE    1.500000    1.851607   -0.351607 (VIOLATED)
mprj.team_05_Wrapper.team_05_WB.instance_to_wrap/gpio_out[1]    1.500000    1.851607   -0.351607 (VIOLATED)
_6576_/A1                               1.500000    1.848224   -0.348224 (VIOLATED)
ANTENNA__6576__A1/DIODE                 1.500000    1.848166   -0.348166 (VIOLATED)
ANTENNA_mprj.team_03_Wrapper.team_03_WB.instance_to_wrap_ADR_O[3]/DIODE    1.500000    1.847633   -0.347633 (VIOLATED)
mprj.team_03_Wrapper.team_03_WB.instance_to_wrap/ADR_O[3]    1.500000    1.847633   -0.347633 (VIOLATED)
ANTENNA_mprj.team_01_Wrapper.team_01_WB.instance_to_wrap_ADR_O[17]/DIODE    1.500000    1.847131   -0.347131 (VIOLATED)
mprj.team_01_Wrapper.team_01_WB.instance_to_wrap/ADR_O[17]    1.500000    1.847131   -0.347131 (VIOLATED)
output163/A                             1.500000    1.847060   -0.347060 (VIOLATED)
ANTENNA_output163_A/DIODE               1.500000    1.846952   -0.346952 (VIOLATED)
ANTENNA__4502__A2/DIODE                 1.500000    1.846135   -0.346135 (VIOLATED)
_4502_/A2                               1.500000    1.846131   -0.346131 (VIOLATED)
ANTENNA__4496__A0/DIODE                 1.500000    1.846128   -0.346128 (VIOLATED)
_4496_/A0                               1.500000    1.846116   -0.346116 (VIOLATED)
mprj.team_03_Wrapper.team_03_WB.instance_to_wrap/gpio_in[20]    1.500000    1.844557   -0.344557 (VIOLATED)
ANTENNA_mprj.team_03_Wrapper.team_03_WB.instance_to_wrap_gpio_in[20]/DIODE    1.500000    1.844527   -0.344527 (VIOLATED)
_6842_/A1                               1.500000    1.844193   -0.344193 (VIOLATED)
ANTENNA__6842__A1/DIODE                 1.500000    1.844169   -0.344169 (VIOLATED)
ANTENNA_mprj.team_09_Wrapper.team_09_WB.instance_to_wrap_gpio_in[8]/DIODE    1.500000    1.843734   -0.343734 (VIOLATED)
mprj.team_09_Wrapper.team_09_WB.instance_to_wrap/gpio_in[8]    1.500000    1.843663   -0.343663 (VIOLATED)
ANTENNA_mprj.team_01_Wrapper.team_01_WB.instance_to_wrap_ADR_O[13]/DIODE    1.500000    1.842454   -0.342454 (VIOLATED)
mprj.team_01_Wrapper.team_01_WB.instance_to_wrap/ADR_O[13]    1.500000    1.842454   -0.342454 (VIOLATED)
ANTENNA_mprj.team_01_Wrapper.team_01_WB.instance_to_wrap_ADR_O[21]/DIODE    1.500000    1.838596   -0.338596 (VIOLATED)
mprj.team_01_Wrapper.team_01_WB.instance_to_wrap/ADR_O[21]    1.500000    1.838596   -0.338596 (VIOLATED)
mprj.team_04_Wrapper.team_04_WB.instance_to_wrap/gpio_in[14]    1.500000    1.837736   -0.337736 (VIOLATED)
_7628_/B                                1.500000    1.835103   -0.335103 (VIOLATED)
ANTENNA__7628__B/DIODE                  1.500000    1.835064   -0.335064 (VIOLATED)
ANTENNA__4926__A0/DIODE                 1.500000    1.832964   -0.332964 (VIOLATED)
_4926_/A0                               1.500000    1.832948   -0.332948 (VIOLATED)
ANTENNA__4932__A2/DIODE                 1.500000    1.832794   -0.332794 (VIOLATED)
_4932_/A2                               1.500000    1.832758   -0.332758 (VIOLATED)
mprj.team_08_Wrapper.team_08_WB.instance_to_wrap/gpio_in[15]    1.500000    1.832564   -0.332564 (VIOLATED)
ANTENNA_mprj.team_08_Wrapper.team_08_WB.instance_to_wrap_gpio_in[15]/DIODE    1.500000    1.832557   -0.332558 (VIOLATED)
ANTENNA_mprj.team_01_Wrapper.team_01_WB.instance_to_wrap_DAT_O[19]/DIODE    1.500000    1.831567   -0.331567 (VIOLATED)
mprj.team_01_Wrapper.team_01_WB.instance_to_wrap/DAT_O[19]    1.500000    1.831567   -0.331567 (VIOLATED)
ANTENNA_mprj.team_03_Wrapper.team_03_WB.instance_to_wrap_ADR_O[22]/DIODE    1.500000    1.830309   -0.330309 (VIOLATED)
mprj.team_03_Wrapper.team_03_WB.instance_to_wrap/ADR_O[22]    1.500000    1.830302   -0.330302 (VIOLATED)
mprj.team_04_Wrapper.team_04_WB.instance_to_wrap/gpio_in[4]    1.500000    1.827073   -0.327073 (VIOLATED)
output156/A                             1.500000    1.825474   -0.325474 (VIOLATED)
ANTENNA_output156_A/DIODE               1.500000    1.825304   -0.325304 (VIOLATED)
mprj.team_04_Wrapper.team_04_WB.instance_to_wrap/gpio_in[10]    1.500000    1.825055   -0.325055 (VIOLATED)
mprj.team_10_Wrapper.team_10_WB.instance_to_wrap/gpio_in[21]    1.500000    1.824571   -0.324571 (VIOLATED)
ANTENNA__7564__B/DIODE                  1.500000    1.822871   -0.322871 (VIOLATED)
_7564_/B                                1.500000    1.822509   -0.322509 (VIOLATED)
mprj.team_02_Wrapper.team_02_WB.instance_to_wrap/gpio_in[16]    1.500000    1.821642   -0.321642 (VIOLATED)
ANTENNA_mprj.team_02_Wrapper.team_02_WB.instance_to_wrap_gpio_in[16]/DIODE    1.500000    1.821419   -0.321419 (VIOLATED)
ANTENNA_401/DIODE                       1.500000    1.818654   -0.318654 (VIOLATED)
_8093_/A1                               1.500000    1.818644   -0.318644 (VIOLATED)
ANTENNA__8093__A1/DIODE                 1.500000    1.818561   -0.318561 (VIOLATED)
ANTENNA_mprj.team_03_Wrapper.team_03_WB.instance_to_wrap_ADR_O[28]/DIODE    1.500000    1.817614   -0.317614 (VIOLATED)
mprj.team_03_Wrapper.team_03_WB.instance_to_wrap/ADR_O[28]    1.500000    1.817614   -0.317614 (VIOLATED)
mprj.team_08_Wrapper.team_08_WB.instance_to_wrap/gpio_in[1]    1.500000    1.817300   -0.317300 (VIOLATED)
ANTENNA_mprj.team_08_Wrapper.team_08_WB.instance_to_wrap_gpio_in[1]/DIODE    1.500000    1.817168   -0.317168 (VIOLATED)
ANTENNA_mprj.team_10_Wrapper.team_10_WB.instance_to_wrap_gpio_in[21]/DIODE    1.500000    1.816605   -0.316605 (VIOLATED)
ANTENNA_mprj.team_04_Wrapper.team_04_WB.instance_to_wrap_gpio_in[14]/DIODE    1.500000    1.815785   -0.315785 (VIOLATED)
_6882_/A1                               1.500000    1.813872   -0.313872 (VIOLATED)
ANTENNA__6882__A1/DIODE                 1.500000    1.813858   -0.313858 (VIOLATED)
_6475_/X                                1.497633    1.811256   -0.313623 (VIOLATED)
mprj.team_06_Wrapper.team_06_WB.instance_to_wrap/gpio_in[15]    1.500000    1.813607   -0.313607 (VIOLATED)
ANTENNA_mprj.team_11_Wrapper.team_11_WB.instance_to_wrap_gpio_in[25]/DIODE    1.500000    1.812954   -0.312954 (VIOLATED)
mprj.team_11_Wrapper.team_11_WB.instance_to_wrap/gpio_in[25]    1.500000    1.812833   -0.312833 (VIOLATED)
ANTENNA_mprj.team_06_Wrapper.team_06_WB.instance_to_wrap_gpio_in[15]/DIODE    1.500000    1.811741   -0.311741 (VIOLATED)
ANTENNA__6475__X/DIODE                  1.500000    1.811282   -0.311282 (VIOLATED)
ANTENNA_mprj.team_10_Wrapper.team_10_WB.instance_to_wrap_gpio_in[0]/DIODE    1.500000    1.810865   -0.310865 (VIOLATED)
mprj.team_10_Wrapper.team_10_WB.instance_to_wrap/gpio_in[0]    1.500000    1.810732   -0.310732 (VIOLATED)
_4703_/B                                1.500000    1.809750   -0.309750 (VIOLATED)
ANTENNA__4703__B/DIODE                  1.500000    1.809749   -0.309750 (VIOLATED)
ANTENNA_mprj.team_01_Wrapper.team_01_WB.instance_to_wrap_ADR_O[31]/DIODE    1.500000    1.809185   -0.309185 (VIOLATED)
mprj.team_01_Wrapper.team_01_WB.instance_to_wrap/ADR_O[31]    1.500000    1.809172   -0.309172 (VIOLATED)
hold1093/X                              1.498918    1.807947   -0.309029 (VIOLATED)
ANTENNA_mprj.team_01_Wrapper.team_01_WB.instance_to_wrap_gpio_in[19]/DIODE    1.500000    1.808228   -0.308228 (VIOLATED)
ANTENNA_hold1093_X/DIODE                1.500000    1.807947   -0.307947 (VIOLATED)
ANTENNA_mprj.team_04_Wrapper.team_04_WB.instance_to_wrap_gpio_in[4]/DIODE    1.500000    1.807878   -0.307878 (VIOLATED)
_5166_/A0                               1.500000    1.806160   -0.306160 (VIOLATED)
ANTENNA__5166__A0/DIODE                 1.500000    1.806157   -0.306157 (VIOLATED)
ANTENNA__4978__A1/DIODE                 1.500000    1.806100   -0.306100 (VIOLATED)
_4978_/A1                               1.500000    1.806100   -0.306100 (VIOLATED)
ANTENNA_mprj.team_11_Wrapper.team_11_WB.instance_to_wrap_gpio_in[22]/DIODE    1.500000    1.805131   -0.305131 (VIOLATED)
hold1172/X                              1.498918    1.804024   -0.305106 (VIOLATED)
mprj.team_11_Wrapper.team_11_WB.instance_to_wrap/gpio_in[22]    1.500000    1.805035   -0.305035 (VIOLATED)
mprj.team_04_Wrapper.team_04_WB.instance_to_wrap/gpio_in[18]    1.500000    1.804887   -0.304887 (VIOLATED)
ANTENNA_mprj.team_04_Wrapper.team_04_WB.instance_to_wrap_gpio_in[18]/DIODE    1.500000    1.804827   -0.304827 (VIOLATED)
ANTENNA_hold1172_X/DIODE                1.500000    1.804683   -0.304683 (VIOLATED)
ANTENNA__5328__A/DIODE                  1.500000    1.804024   -0.304024 (VIOLATED)
_5328_/A                                1.500000    1.804024   -0.304024 (VIOLATED)
ANTENNA_mprj.team_05_Wrapper.team_05_WB.instance_to_wrap_gpio_in[17]/DIODE    1.500000    1.800927   -0.300927 (VIOLATED)
mprj.team_05_Wrapper.team_05_WB.instance_to_wrap/gpio_in[17]    1.500000    1.800657   -0.300657 (VIOLATED)
ANTENNA_402/DIODE                       1.500000    1.799740   -0.299740 (VIOLATED)
ANTENNA_403/DIODE                       1.500000    1.799725   -0.299725 (VIOLATED)
ANTENNA_404/DIODE                       1.500000    1.799637   -0.299637 (VIOLATED)
_6201_/A1                               1.500000    1.799535   -0.299535 (VIOLATED)
mprj.team_03_Wrapper.team_03_WB.instance_to_wrap/gpio_in[8]    1.500000    1.799495   -0.299495 (VIOLATED)
ANTENNA_mprj.team_03_Wrapper.team_03_WB.instance_to_wrap_gpio_in[8]/DIODE    1.500000    1.799380   -0.299380 (VIOLATED)
ANTENNA__6201__A1/DIODE                 1.500000    1.799303   -0.299303 (VIOLATED)
mprj.team_01_Wrapper.team_01_WB.instance_to_wrap/gpio_in[19]    1.500000    1.798483   -0.298483 (VIOLATED)
ANTENNA_mprj.team_04_Wrapper.team_04_WB.instance_to_wrap_gpio_in[10]/DIODE    1.500000    1.797635   -0.297635 (VIOLATED)
ANTENNA__5011__A2/DIODE                 1.500000    1.796817   -0.296817 (VIOLATED)
_5011_/A2                               1.500000    1.796797   -0.296797 (VIOLATED)
ANTENNA_mprj.team_01_Wrapper.team_01_WB.instance_to_wrap_ADR_O[30]/DIODE    1.500000    1.796762   -0.296762 (VIOLATED)
mprj.team_01_Wrapper.team_01_WB.instance_to_wrap/ADR_O[30]    1.500000    1.796740   -0.296740 (VIOLATED)
_5005_/A0                               1.500000    1.796595   -0.296595 (VIOLATED)
ANTENNA__5005__A0/DIODE                 1.500000    1.796563   -0.296563 (VIOLATED)
ANTENNA_mprj.team_08_Wrapper.team_08_WB.instance_to_wrap_gpio_in[20]/DIODE    1.500000    1.796187   -0.296187 (VIOLATED)
_4142_/A0                               1.500000    1.795606   -0.295606 (VIOLATED)
ANTENNA__4142__A0/DIODE                 1.500000    1.795604   -0.295604 (VIOLATED)
_4148_/A2                               1.500000    1.795575   -0.295576 (VIOLATED)
ANTENNA__4148__A2/DIODE                 1.500000    1.795545   -0.295545 (VIOLATED)
ANTENNA_mprj.team_04_Wrapper.team_04_WB.instance_to_wrap_memory_size[7]/DIODE    1.500000    1.795368   -0.295368 (VIOLATED)
mprj.team_04_Wrapper.team_04_WB.instance_to_wrap/memory_size[7]    1.500000    1.795345   -0.295345 (VIOLATED)
hold741/X                               1.498918    1.794023   -0.295105 (VIOLATED)
ANTENNA_mprj.team_05_Wrapper.team_05_WB.instance_to_wrap_gpio_out[31]/DIODE    1.500000    1.794792   -0.294792 (VIOLATED)
mprj.team_05_Wrapper.team_05_WB.instance_to_wrap/gpio_out[31]    1.500000    1.794792   -0.294792 (VIOLATED)
hold1190/X                              1.498918    1.793705   -0.294787 (VIOLATED)
_7598_/B                                1.500000    1.794325   -0.294325 (VIOLATED)
ANTENNA__7598__B/DIODE                  1.500000    1.794324   -0.294324 (VIOLATED)
wire653/A                               1.500000    1.794027   -0.294027 (VIOLATED)
ANTENNA_wire653_A/DIODE                 1.500000    1.794025   -0.294025 (VIOLATED)
ANTENNA_hold741_X/DIODE                 1.500000    1.794023   -0.294023 (VIOLATED)
_7059_/B2                               1.500000    1.793744   -0.293744 (VIOLATED)
ANTENNA__7059__B2/DIODE                 1.500000    1.793734   -0.293734 (VIOLATED)
_5179_/A1                               1.500000    1.793708   -0.293708 (VIOLATED)
ANTENNA__5179__A1/DIODE                 1.500000    1.793705   -0.293705 (VIOLATED)
ANTENNA_hold1190_X/DIODE                1.500000    1.793705   -0.293705 (VIOLATED)
_5552_/B                                1.500000    1.792612   -0.292612 (VIOLATED)
_5551_/A_N                              1.500000    1.792605   -0.292605 (VIOLATED)
ANTENNA__5551__A_N/DIODE                1.500000    1.792596   -0.292596 (VIOLATED)
ANTENNA__5552__B/DIODE                  1.500000    1.792595   -0.292595 (VIOLATED)
ANTENNA_mprj.team_09_Wrapper.team_09_WB.instance_to_wrap_gpio_out[2]/DIODE    1.500000    1.791590   -0.291590 (VIOLATED)
mprj.team_09_Wrapper.team_09_WB.instance_to_wrap/gpio_out[2]    1.500000    1.791590   -0.291590 (VIOLATED)
ANTENNA__6706__X/DIODE                  1.500000    1.790557   -0.290557 (VIOLATED)
_6706_/X                                1.500000    1.790496   -0.290496 (VIOLATED)
ANTENNA_mprj.team_05_Wrapper.team_05_WB.instance_to_wrap_gpio_out[32]/DIODE    1.500000    1.789891   -0.289891 (VIOLATED)
mprj.team_05_Wrapper.team_05_WB.instance_to_wrap/gpio_out[32]    1.500000    1.789891   -0.289891 (VIOLATED)
hold11/X                                1.498918    1.788787   -0.289869 (VIOLATED)
ANTENNA_hold11_X/DIODE                  1.500000    1.788791   -0.288791 (VIOLATED)
mprj.team_01_Wrapper.team_01_WB.instance_to_wrap/gpio_in[0]    1.500000    1.787402   -0.287402 (VIOLATED)
ANTENNA_mprj.team_01_Wrapper.team_01_WB.instance_to_wrap_gpio_in[0]/DIODE    1.500000    1.787381   -0.287381 (VIOLATED)
hold1281/X                              1.498918    1.785039   -0.286121 (VIOLATED)
_5340_/A                                1.500000    1.785126   -0.285126 (VIOLATED)
ANTENNA__5340__A/DIODE                  1.500000    1.785124   -0.285124 (VIOLATED)
_5172_/A0                               1.500000    1.785116   -0.285116 (VIOLATED)
ANTENNA__5172__A0/DIODE                 1.500000    1.785115   -0.285115 (VIOLATED)
_5058_/A1                               1.500000    1.785113   -0.285113 (VIOLATED)
ANTENNA__5058__A1/DIODE                 1.500000    1.785113   -0.285113 (VIOLATED)
ANTENNA__5135__B2/DIODE                 1.500000    1.785110   -0.285110 (VIOLATED)
_5135_/B2                               1.500000    1.785110   -0.285110 (VIOLATED)
mprj.team_08_Wrapper.team_08_WB.instance_to_wrap/gpio_in[20]    1.500000    1.785066   -0.285066 (VIOLATED)
ANTENNA_hold1281_X/DIODE                1.500000    1.785039   -0.285039 (VIOLATED)
_4457_/A2                               1.500000    1.783800   -0.283800 (VIOLATED)
ANTENNA__4457__A2/DIODE                 1.500000    1.783752   -0.283752 (VIOLATED)
_4451_/A1                               1.500000    1.783722   -0.283722 (VIOLATED)
_7867_/A1                               1.500000    1.783714   -0.283715 (VIOLATED)
ANTENNA__7867__A1/DIODE                 1.500000    1.783673   -0.283673 (VIOLATED)
ANTENNA_mprj.team_01_Wrapper.team_01_WB.instance_to_wrap_ACK_I/DIODE    1.500000    1.783664   -0.283664 (VIOLATED)
mprj.team_01_Wrapper.team_01_WB.instance_to_wrap/ACK_I    1.500000    1.783659   -0.283659 (VIOLATED)
ANTENNA__4451__A1/DIODE                 1.500000    1.783640   -0.283640 (VIOLATED)
ANTENNA_37/DIODE                        1.500000    1.783541   -0.283541 (VIOLATED)
hold233/X                               1.498918    1.781255   -0.282337 (VIOLATED)
ANTENNA_hold233_X/DIODE                 1.500000    1.781255   -0.281255 (VIOLATED)
_7914_/A1                               1.500000    1.778980   -0.278980 (VIOLATED)
ANTENNA__7914__A1/DIODE                 1.500000    1.778870   -0.278870 (VIOLATED)
ANTENNA_mprj.team_06_Wrapper.team_06_WB.instance_to_wrap_gpio_oeb[12]/DIODE    1.500000    1.778528   -0.278528 (VIOLATED)
mprj.team_06_Wrapper.team_06_WB.instance_to_wrap/gpio_oeb[12]    1.500000    1.778520   -0.278520 (VIOLATED)
ANTENNA_mprj.team_01_Wrapper.team_01_WB.instance_to_wrap_DAT_O[12]/DIODE    1.500000    1.778029   -0.278029 (VIOLATED)
mprj.team_01_Wrapper.team_01_WB.instance_to_wrap/DAT_O[12]    1.500000    1.777962   -0.277962 (VIOLATED)
ANTENNA__5367__A/DIODE                  1.500000    1.777756   -0.277756 (VIOLATED)
_5367_/A                                1.500000    1.777755   -0.277756 (VIOLATED)
_4748_/A0                               1.500000    1.777740   -0.277741 (VIOLATED)
ANTENNA__4748__A0/DIODE                 1.500000    1.777737   -0.277737 (VIOLATED)
mprj.team_07_Wrapper.team_07_WB.instance_to_wrap/gpio_in[25]    1.500000    1.777610   -0.277610 (VIOLATED)
ANTENNA_mprj.team_07_Wrapper.team_07_WB.instance_to_wrap_gpio_in[25]/DIODE    1.500000    1.777544   -0.277544 (VIOLATED)
ANTENNA__5071__A1/DIODE                 1.500000    1.777500   -0.277500 (VIOLATED)
_5071_/A1                               1.500000    1.777474   -0.277474 (VIOLATED)
hold189/X                               1.498918    1.776167   -0.277249 (VIOLATED)
ANTENNA__5148__B2/DIODE                 1.500000    1.776167   -0.276167 (VIOLATED)
ANTENNA__5185__A0/DIODE                 1.500000    1.776167   -0.276167 (VIOLATED)
ANTENNA_hold189_X/DIODE                 1.500000    1.776167   -0.276167 (VIOLATED)
_5148_/B2                               1.500000    1.776167   -0.276167 (VIOLATED)
_5185_/A0                               1.500000    1.776167   -0.276167 (VIOLATED)
mprj.team_03_Wrapper.team_03_WB.instance_to_wrap/gpio_in[6]    1.500000    1.773480   -0.273480 (VIOLATED)
ANTENNA_mprj.team_03_Wrapper.team_03_WB.instance_to_wrap_gpio_in[6]/DIODE    1.500000    1.773077   -0.273077 (VIOLATED)
ANTENNA_mprj.team_03_Wrapper.team_03_WB.instance_to_wrap_CYC_O/DIODE    1.500000    1.772289   -0.272289 (VIOLATED)
mprj.team_03_Wrapper.team_03_WB.instance_to_wrap/CYC_O    1.500000    1.772238   -0.272238 (VIOLATED)
ANTENNA_mprj.team_05_Wrapper.team_05_WB.instance_to_wrap_gpio_in[15]/DIODE    1.500000    1.771576   -0.271576 (VIOLATED)
mprj.team_05_Wrapper.team_05_WB.instance_to_wrap/gpio_in[15]    1.500000    1.771463   -0.271463 (VIOLATED)
ANTENNA_mprj.team_03_Wrapper.team_03_WB.instance_to_wrap_DAT_O[0]/DIODE    1.500000    1.771142   -0.271142 (VIOLATED)
mprj.team_03_Wrapper.team_03_WB.instance_to_wrap/DAT_O[0]    1.500000    1.771110   -0.271110 (VIOLATED)
ANTENNA__6467__A1/DIODE                 1.500000    1.771060   -0.271060 (VIOLATED)
_6467_/A1                               1.500000    1.771039   -0.271039 (VIOLATED)
ANTENNA_mprj.team_07_Wrapper.team_07_WB.instance_to_wrap_gpio_in[19]/DIODE    1.500000    1.768328   -0.268328 (VIOLATED)
mprj.team_07_Wrapper.team_07_WB.instance_to_wrap/gpio_in[19]    1.500000    1.768257   -0.268257 (VIOLATED)
_7056_/A                                1.500000    1.765090   -0.265091 (VIOLATED)
ANTENNA__7056__A/DIODE                  1.500000    1.765088   -0.265088 (VIOLATED)
_4664_/A0                               1.500000    1.764422   -0.264422 (VIOLATED)
hold1127/X                              1.498918    1.763322   -0.264404 (VIOLATED)
ANTENNA__4664__A0/DIODE                 1.500000    1.764376   -0.264376 (VIOLATED)
_4670_/A2                               1.500000    1.764351   -0.264351 (VIOLATED)
ANTENNA__4670__A2/DIODE                 1.500000    1.764289   -0.264289 (VIOLATED)
ANTENNA__6308__B2/DIODE                 1.500000    1.763790   -0.263790 (VIOLATED)
_6308_/B2                               1.500000    1.763782   -0.263782 (VIOLATED)
ANTENNA_hold1127_X/DIODE                1.500000    1.763327   -0.263327 (VIOLATED)
ANTENNA_mprj.team_01_Wrapper.team_01_WB.instance_to_wrap_gpio_in[20]/DIODE    1.500000    1.763045   -0.263045 (VIOLATED)
mprj.team_01_Wrapper.team_01_WB.instance_to_wrap/gpio_in[20]    1.500000    1.762970   -0.262970 (VIOLATED)
ANTENNA__4651__A0/DIODE                 1.500000    1.762480   -0.262480 (VIOLATED)
_4651_/A0                               1.500000    1.762476   -0.262476 (VIOLATED)
ANTENNA__4657__A2/DIODE                 1.500000    1.762386   -0.262386 (VIOLATED)
_4657_/A2                               1.500000    1.762367   -0.262367 (VIOLATED)
mprj.team_08_Wrapper.team_08_WB.instance_to_wrap/gpio_in[2]    1.500000    1.760187   -0.260187 (VIOLATED)
ANTENNA_mprj.team_08_Wrapper.team_08_WB.instance_to_wrap_gpio_in[2]/DIODE    1.500000    1.760089   -0.260089 (VIOLATED)
hold1337/X                              1.498918    1.758836   -0.259918 (VIOLATED)
ANTENNA_649/DIODE                       1.500000    1.759846   -0.259846 (VIOLATED)
_4515_/A2                               1.500000    1.759845   -0.259845 (VIOLATED)
ANTENNA_872/DIODE                       1.500000    1.759842   -0.259842 (VIOLATED)
ANTENNA__4515__A2/DIODE                 1.500000    1.759833   -0.259833 (VIOLATED)
ANTENNA_hold1685_A/DIODE                1.500000    1.759827   -0.259827 (VIOLATED)
_4509_/A1                               1.500000    1.759822   -0.259822 (VIOLATED)
hold1685/A                              1.500000    1.759818   -0.259818 (VIOLATED)
ANTENNA__4509__A1/DIODE                 1.500000    1.759786   -0.259786 (VIOLATED)
ANTENNA_mprj.team_06_Wrapper.team_06_WB.instance_to_wrap_gpio_oeb[23]/DIODE    1.500000    1.759429   -0.259429 (VIOLATED)
mprj.team_06_Wrapper.team_06_WB.instance_to_wrap/gpio_oeb[23]    1.500000    1.759429   -0.259429 (VIOLATED)
_7023_/B2                               1.500000    1.758839   -0.258840 (VIOLATED)
ANTENNA__7023__B2/DIODE                 1.500000    1.758839   -0.258839 (VIOLATED)
ANTENNA__5182__A1/DIODE                 1.500000    1.758836   -0.258836 (VIOLATED)
ANTENNA_hold1337_X/DIODE                1.500000    1.758836   -0.258836 (VIOLATED)
_5182_/A1                               1.500000    1.758836   -0.258836 (VIOLATED)
ANTENNA__4913__A0/DIODE                 1.500000    1.758491   -0.258491 (VIOLATED)
ANTENNA__4919__A2/DIODE                 1.500000    1.758491   -0.258491 (VIOLATED)
_4913_/A0                               1.500000    1.758485   -0.258485 (VIOLATED)
_4919_/A2                               1.500000    1.758478   -0.258478 (VIOLATED)
output147/A                             1.500000    1.757580   -0.257580 (VIOLATED)
ANTENNA_output147_A/DIODE               1.500000    1.757410   -0.257410 (VIOLATED)
ANTENNA_mprj.team_05_Wrapper.team_05_WB.instance_to_wrap_gpio_out[4]/DIODE    1.500000    1.757007   -0.257007 (VIOLATED)
mprj.team_05_Wrapper.team_05_WB.instance_to_wrap/gpio_out[4]    1.500000    1.756991   -0.256991 (VIOLATED)
ANTENNA__6222__B2/DIODE                 1.500000    1.756276   -0.256276 (VIOLATED)
_6222_/B2                               1.500000    1.756263   -0.256263 (VIOLATED)
_6238_/B2                               1.500000    1.756081   -0.256081 (VIOLATED)
ANTENNA__6238__B2/DIODE                 1.500000    1.756071   -0.256071 (VIOLATED)
ANTENNA_mprj.team_01_Wrapper.team_01_WB.instance_to_wrap_DAT_O[2]/DIODE    1.500000    1.750078   -0.250079 (VIOLATED)
mprj.team_01_Wrapper.team_01_WB.instance_to_wrap/DAT_O[2]    1.500000    1.750055   -0.250055 (VIOLATED)
ANTENNA_mprj.team_01_Wrapper.team_01_WB.instance_to_wrap_DAT_O[24]/DIODE    1.500000    1.749892   -0.249892 (VIOLATED)
mprj.team_01_Wrapper.team_01_WB.instance_to_wrap/DAT_O[24]    1.500000    1.749870   -0.249870 (VIOLATED)
mprj.team_06_Wrapper.team_06_WB.instance_to_wrap/gpio_in[2]    1.500000    1.749122   -0.249122 (VIOLATED)
ANTENNA_mprj.team_06_Wrapper.team_06_WB.instance_to_wrap_gpio_in[2]/DIODE    1.500000    1.748966   -0.248966 (VIOLATED)
mprj.team_03_Wrapper.team_03_WB.instance_to_wrap/gpio_in[9]    1.500000    1.747788   -0.247788 (VIOLATED)
ANTENNA_mprj.team_03_Wrapper.team_03_WB.instance_to_wrap_gpio_in[9]/DIODE    1.500000    1.747689   -0.247689 (VIOLATED)
ANTENNA_mprj.team_12_Wrapper.team_12_WB.instance_to_wrap_gpio_in[8]/DIODE    1.500000    1.746119   -0.246119 (VIOLATED)
mprj.team_12_Wrapper.team_12_WB.instance_to_wrap/gpio_in[8]    1.500000    1.746111   -0.246111 (VIOLATED)
ANTENNA_mprj.team_06_Wrapper.team_06_WB.instance_to_wrap_gpio_out[12]/DIODE    1.500000    1.745880   -0.245881 (VIOLATED)
mprj.team_06_Wrapper.team_06_WB.instance_to_wrap/gpio_out[12]    1.500000    1.745870   -0.245870 (VIOLATED)
ANTENNA_mprj.team_07_Wrapper.team_07_WB.instance_to_wrap_nrst/DIODE    1.500000    1.745455   -0.245455 (VIOLATED)
mprj.team_07_Wrapper.team_07_WB.instance_to_wrap/nrst    1.500000    1.745421   -0.245421 (VIOLATED)
ANTENNA_mprj.team_06_Wrapper.team_06_WB.instance_to_wrap_gpio_oeb[10]/DIODE    1.500000    1.745110   -0.245110 (VIOLATED)
mprj.team_06_Wrapper.team_06_WB.instance_to_wrap/gpio_oeb[10]    1.500000    1.745110   -0.245110 (VIOLATED)
_6306_/B2                               1.500000    1.744784   -0.244784 (VIOLATED)
ANTENNA__6306__B2/DIODE                 1.500000    1.744735   -0.244735 (VIOLATED)
ANTENNA_mprj.team_03_Wrapper.team_03_WB.instance_to_wrap_ADR_O[18]/DIODE    1.500000    1.744478   -0.244478 (VIOLATED)
mprj.team_03_Wrapper.team_03_WB.instance_to_wrap/ADR_O[18]    1.500000    1.744452   -0.244452 (VIOLATED)
ANTENNA_mprj.team_09_Wrapper.team_09_WB.instance_to_wrap_gpio_in[9]/DIODE    1.500000    1.743385   -0.243385 (VIOLATED)
mprj.team_09_Wrapper.team_09_WB.instance_to_wrap/gpio_in[9]    1.500000    1.743312   -0.243312 (VIOLATED)
ANTENNA_mprj.team_06_Wrapper.team_06_WB.instance_to_wrap_gpio_out[14]/DIODE    1.500000    1.740885   -0.240885 (VIOLATED)
mprj.team_06_Wrapper.team_06_WB.instance_to_wrap/gpio_out[14]    1.500000    1.740885   -0.240885 (VIOLATED)
mprj.team_10_Wrapper.team_10_WB.instance_to_wrap/gpio_in[6]    1.500000    1.739427   -0.239427 (VIOLATED)
ANTENNA_mprj.team_10_Wrapper.team_10_WB.instance_to_wrap_gpio_in[6]/DIODE    1.500000    1.739132   -0.239132 (VIOLATED)
_6628_/A1                               1.500000    1.733815   -0.233815 (VIOLATED)
ANTENNA__6628__A1/DIODE                 1.500000    1.733797   -0.233797 (VIOLATED)
ANTENNA_mprj.team_04_Wrapper.team_04_WB.instance_to_wrap_memory_size[12]/DIODE    1.500000    1.728670   -0.228670 (VIOLATED)
mprj.team_04_Wrapper.team_04_WB.instance_to_wrap/memory_size[12]    1.500000    1.728656   -0.228656 (VIOLATED)
hold479/X                               1.498918    1.727121   -0.228203 (VIOLATED)
ANTENNA_mprj.team_06_Wrapper.team_06_WB.instance_to_wrap_gpio_out[13]/DIODE    1.500000    1.728163   -0.228163 (VIOLATED)
mprj.team_06_Wrapper.team_06_WB.instance_to_wrap/gpio_out[13]    1.500000    1.728163   -0.228163 (VIOLATED)
ANTENNA_334/DIODE                       1.500000    1.727853   -0.227853 (VIOLATED)
_6472_/A1                               1.500000    1.727811   -0.227811 (VIOLATED)
ANTENNA__6472__A1/DIODE                 1.500000    1.727774   -0.227774 (VIOLATED)
ANTENNA__7120__B2/DIODE                 1.500000    1.727761   -0.227761 (VIOLATED)
_7120_/B2                               1.500000    1.727755   -0.227755 (VIOLATED)
_4662_/B                                1.500000    1.727337   -0.227337 (VIOLATED)
ANTENNA__4662__B/DIODE                  1.500000    1.727309   -0.227309 (VIOLATED)
ANTENNA__5174__A1/DIODE                 1.500000    1.727121   -0.227121 (VIOLATED)
ANTENNA_hold479_X/DIODE                 1.500000    1.727121   -0.227121 (VIOLATED)
_5174_/A1                               1.500000    1.727121   -0.227121 (VIOLATED)
hold1151/X                              1.498918    1.725384   -0.226466 (VIOLATED)
_6778_/X                                1.498177    1.723602   -0.225424 (VIOLATED)
ANTENNA_hold1151_X/DIODE                1.500000    1.725390   -0.225390 (VIOLATED)
ANTENNA_mprj.team_04_Wrapper.team_04_WB.instance_to_wrap_memory_size[0]/DIODE    1.500000    1.724426   -0.224426 (VIOLATED)
mprj.team_04_Wrapper.team_04_WB.instance_to_wrap/memory_size[0]    1.500000    1.724418   -0.224418 (VIOLATED)
ANTENNA__6778__X/DIODE                  1.500000    1.723608   -0.223608 (VIOLATED)
ANTENNA_wire691_X/DIODE                 1.500000    1.723480   -0.223480 (VIOLATED)
ANTENNA_mprj.team_01_Wrapper.team_01_WB.instance_to_wrap_ADR_O[19]/DIODE    1.500000    1.723414   -0.223414 (VIOLATED)
mprj.team_01_Wrapper.team_01_WB.instance_to_wrap/ADR_O[19]    1.500000    1.723414   -0.223414 (VIOLATED)
wire691/X                               1.500000    1.723372   -0.223372 (VIOLATED)
hold1555/X                              1.498918    1.722178   -0.223260 (VIOLATED)
fanout717/A                             1.500000    1.722810   -0.222810 (VIOLATED)
_7884_/A1                               1.500000    1.722783   -0.222783 (VIOLATED)
ANTENNA__7884__A1/DIODE                 1.500000    1.722758   -0.222758 (VIOLATED)
ANTENNA_fanout717_A/DIODE               1.500000    1.722669   -0.222669 (VIOLATED)
_6953_/B2                               1.500000    1.722656   -0.222656 (VIOLATED)
ANTENNA__6953__B2/DIODE                 1.500000    1.722656   -0.222656 (VIOLATED)
mprj.team_07_Wrapper.team_07_WB.instance_to_wrap/gpio_in[29]    1.500000    1.722561   -0.222561 (VIOLATED)
ANTENNA_mprj.team_07_Wrapper.team_07_WB.instance_to_wrap_gpio_in[29]/DIODE    1.500000    1.722525   -0.222525 (VIOLATED)
ANTENNA_hold1100_A/DIODE                1.500000    1.722469   -0.222469 (VIOLATED)
hold1100/A                              1.500000    1.722452   -0.222452 (VIOLATED)
ANTENNA__8689__Q/DIODE                  1.500000    1.722394   -0.222394 (VIOLATED)
_8689_/Q                                1.500000    1.722386   -0.222386 (VIOLATED)
ANTENNA_hold1555_X/DIODE                1.500000    1.722181   -0.222181 (VIOLATED)
ANTENNA_mprj.team_01_Wrapper.team_01_WB.instance_to_wrap_DAT_O[18]/DIODE    1.500000    1.721519   -0.221519 (VIOLATED)
mprj.team_01_Wrapper.team_01_WB.instance_to_wrap/DAT_O[18]    1.500000    1.721511   -0.221511 (VIOLATED)
ANTENNA__7916__A/DIODE                  1.500000    1.720160   -0.220160 (VIOLATED)
_7916_/A                                1.500000    1.720142   -0.220142 (VIOLATED)
_7844_/A1                               1.500000    1.718487   -0.218487 (VIOLATED)
ANTENNA__7844__A1/DIODE                 1.500000    1.718478   -0.218478 (VIOLATED)
ANTENNA_mprj.team_03_Wrapper.team_03_WB.instance_to_wrap_ADR_O[23]/DIODE    1.500000    1.718162   -0.218162 (VIOLATED)
mprj.team_03_Wrapper.team_03_WB.instance_to_wrap/ADR_O[23]    1.500000    1.718162   -0.218162 (VIOLATED)
ANTENNA_mprj.sram.sram_inst_addr1[0]/DIODE    1.500000    1.714693   -0.214693 (VIOLATED)
ANTENNA_mprj.team_06_Wrapper.team_06_WB.instance_to_wrap_gpio_in[28]/DIODE    1.500000    1.714517   -0.214517 (VIOLATED)
mprj.team_06_Wrapper.team_06_WB.instance_to_wrap/gpio_in[28]    1.500000    1.714387   -0.214387 (VIOLATED)
ANTENNA_mprj.sram.sram_inst_addr0[0]/DIODE    1.500000    1.713736   -0.213736 (VIOLATED)
ANTENNA_mprj.team_01_Wrapper.team_01_WB.instance_to_wrap_DAT_O[4]/DIODE    1.500000    1.713194   -0.213194 (VIOLATED)
mprj.team_01_Wrapper.team_01_WB.instance_to_wrap/DAT_O[4]    1.500000    1.713194   -0.213194 (VIOLATED)
_5033_/A1                               1.500000    1.712978   -0.212978 (VIOLATED)
ANTENNA__5033__A1/DIODE                 1.500000    1.712964   -0.212964 (VIOLATED)
_5040_/A2                               1.500000    1.712922   -0.212922 (VIOLATED)
ANTENNA__5040__A2/DIODE                 1.500000    1.712863   -0.212863 (VIOLATED)
ANTENNA_54/DIODE                        1.500000    1.712774   -0.212774 (VIOLATED)
ANTENNA_mprj.team_06_Wrapper.team_06_WB.instance_to_wrap_gpio_out[7]/DIODE    1.500000    1.711264   -0.211264 (VIOLATED)
mprj.team_06_Wrapper.team_06_WB.instance_to_wrap/gpio_out[7]    1.500000    1.711264   -0.211264 (VIOLATED)
ANTENNA_mprj.team_06_Wrapper.team_06_WB.instance_to_wrap_gpio_out[23]/DIODE    1.500000    1.711071   -0.211071 (VIOLATED)
mprj.team_06_Wrapper.team_06_WB.instance_to_wrap/gpio_out[23]    1.500000    1.711014   -0.211014 (VIOLATED)
_6333_/X                                1.497633    1.707424   -0.209791 (VIOLATED)
ANTENNA_312/DIODE                       1.500000    1.708414   -0.208414 (VIOLATED)
ANTENNA_mprj.team_11_Wrapper.team_11_WB.instance_to_wrap_gpio_in[29]/DIODE    1.500000    1.707871   -0.207871 (VIOLATED)
mprj.team_11_Wrapper.team_11_WB.instance_to_wrap/gpio_in[29]    1.500000    1.707866   -0.207867 (VIOLATED)
ANTENNA__8079__A1/DIODE                 1.500000    1.707640   -0.207640 (VIOLATED)
ANTENNA_301/DIODE                       1.500000    1.707556   -0.207556 (VIOLATED)
ANTENNA_297/DIODE                       1.500000    1.707523   -0.207523 (VIOLATED)
ANTENNA_302/DIODE                       1.500000    1.707511   -0.207511 (VIOLATED)
_8079_/A1                               1.500000    1.707498   -0.207498 (VIOLATED)
ANTENNA_298/DIODE                       1.500000    1.707492   -0.207492 (VIOLATED)
ANTENNA_310/DIODE                       1.500000    1.707487   -0.207487 (VIOLATED)
ANTENNA_299/DIODE                       1.500000    1.707482   -0.207482 (VIOLATED)
ANTENNA_300/DIODE                       1.500000    1.707465   -0.207465 (VIOLATED)
ANTENNA__6333__X/DIODE                  1.500000    1.707460   -0.207460 (VIOLATED)
ANTENNA_308/DIODE                       1.500000    1.707414   -0.207414 (VIOLATED)
ANTENNA_309/DIODE                       1.500000    1.707400   -0.207400 (VIOLATED)
ANTENNA_307/DIODE                       1.500000    1.707314   -0.207314 (VIOLATED)
ANTENNA_305/DIODE                       1.500000    1.707275   -0.207275 (VIOLATED)
ANTENNA_306/DIODE                       1.500000    1.706766   -0.206766 (VIOLATED)
mprj.team_09_Wrapper.team_09_WB.instance_to_wrap/gpio_in[11]    1.500000    1.706131   -0.206131 (VIOLATED)
ANTENNA_mprj.team_09_Wrapper.team_09_WB.instance_to_wrap_gpio_in[11]/DIODE    1.500000    1.706125   -0.206125 (VIOLATED)
_7677_/A1                               1.500000    1.705875   -0.205875 (VIOLATED)
ANTENNA__7677__A1/DIODE                 1.500000    1.705826   -0.205826 (VIOLATED)
ANTENNA__4631__A2/DIODE                 1.500000    1.704483   -0.204483 (VIOLATED)
_4631_/A2                               1.500000    1.704483   -0.204483 (VIOLATED)
ANTENNA__4625__A0/DIODE                 1.500000    1.704368   -0.204369 (VIOLATED)
_4625_/A0                               1.500000    1.704298   -0.204298 (VIOLATED)
ANTENNA_303/DIODE                       1.500000    1.702749   -0.202750 (VIOLATED)
ANTENNA__7468__B/DIODE                  1.500000    1.702582   -0.202582 (VIOLATED)
_7468_/B                                1.500000    1.702568   -0.202568 (VIOLATED)
ANTENNA_304/DIODE                       1.500000    1.701580   -0.201580 (VIOLATED)
ANTENNA__4871__A0/DIODE                 1.500000    1.701517   -0.201517 (VIOLATED)
_4871_/A0                               1.500000    1.701490   -0.201490 (VIOLATED)
ANTENNA__4877__A2/DIODE                 1.500000    1.701314   -0.201314 (VIOLATED)
_4877_/A2                               1.500000    1.701259   -0.201259 (VIOLATED)
ANTENNA_311/DIODE                       1.500000    1.700909   -0.200909 (VIOLATED)
ANTENNA_mprj.team_06_Wrapper.team_06_WB.instance_to_wrap_gpio_out[17]/DIODE    1.500000    1.700428   -0.200428 (VIOLATED)
mprj.team_06_Wrapper.team_06_WB.instance_to_wrap/gpio_out[17]    1.500000    1.700418   -0.200418 (VIOLATED)
mprj.team_09_Wrapper.team_09_WB.instance_to_wrap/gpio_in[10]    1.500000    1.700366   -0.200366 (VIOLATED)
ANTENNA_mprj.team_09_Wrapper.team_09_WB.instance_to_wrap_gpio_in[10]/DIODE    1.500000    1.700213   -0.200213 (VIOLATED)
_7381_/Y                                1.495733    1.694969   -0.199236 (VIOLATED)
output159/A                             1.500000    1.698280   -0.198280 (VIOLATED)
ANTENNA_output159_A/DIODE               1.500000    1.698120   -0.198120 (VIOLATED)
ANTENNA__4640__A1/DIODE                 1.500000    1.698113   -0.198113 (VIOLATED)
ANTENNA__4646__A2/DIODE                 1.500000    1.698038   -0.198038 (VIOLATED)
_4640_/A1                               1.500000    1.698014   -0.198014 (VIOLATED)
_4646_/A2                               1.500000    1.697937   -0.197937 (VIOLATED)
hold567/X                               1.498918    1.696451   -0.197533 (VIOLATED)
hold232/X                               1.498918    1.695882   -0.196964 (VIOLATED)
_7948_/A1                               1.500000    1.696722   -0.196722 (VIOLATED)
ANTENNA__7948__A1/DIODE                 1.500000    1.696722   -0.196722 (VIOLATED)
_5141_/A1                               1.500000    1.696631   -0.196631 (VIOLATED)
ANTENNA__5141__A1/DIODE                 1.500000    1.696630   -0.196630 (VIOLATED)
_7070_/B2                               1.500000    1.696620   -0.196620 (VIOLATED)
ANTENNA__7070__B2/DIODE                 1.500000    1.696618   -0.196618 (VIOLATED)
ANTENNA_hold1728_A/DIODE                1.500000    1.696466   -0.196466 (VIOLATED)
hold1728/A                              1.500000    1.696461   -0.196461 (VIOLATED)
ANTENNA_hold567_X/DIODE                 1.500000    1.696451   -0.196451 (VIOLATED)
ANTENNA__4945__A1/DIODE                 1.500000    1.695961   -0.195961 (VIOLATED)
_4945_/A1                               1.500000    1.695960   -0.195960 (VIOLATED)
ANTENNA__4823__A1/DIODE                 1.500000    1.695904   -0.195904 (VIOLATED)
_4823_/A1                               1.500000    1.695900   -0.195900 (VIOLATED)
_4919_/A1                               1.500000    1.695894   -0.195894 (VIOLATED)
ANTENNA__4919__A1/DIODE                 1.500000    1.695894   -0.195894 (VIOLATED)
_4711_/B2                               1.500000    1.695884   -0.195884 (VIOLATED)
ANTENNA__4175__A1/DIODE                 1.500000    1.695882   -0.195882 (VIOLATED)
ANTENNA__4711__B2/DIODE                 1.500000    1.695882   -0.195882 (VIOLATED)
ANTENNA__8116__A/DIODE                  1.500000    1.695882   -0.195882 (VIOLATED)
ANTENNA_hold232_X/DIODE                 1.500000    1.695882   -0.195882 (VIOLATED)
_4175_/A1                               1.500000    1.695882   -0.195882 (VIOLATED)
_8116_/A                                1.500000    1.695882   -0.195882 (VIOLATED)
ANTENNA__6255__A/DIODE                  1.500000    1.695826   -0.195826 (VIOLATED)
_6255_/A                                1.500000    1.695818   -0.195818 (VIOLATED)
ANTENNA__7381__Y/DIODE                  1.500000    1.694975   -0.194975 (VIOLATED)
mprj.sram.sram_inst/addr0[9]            1.500000    1.694969   -0.194969 (VIOLATED)
mprj.sram.sram_inst/addr1[9]            1.500000    1.694969   -0.194969 (VIOLATED)
_4493_/A2                               1.500000    1.694223   -0.194223 (VIOLATED)
ANTENNA__4493__A2/DIODE                 1.500000    1.694185   -0.194185 (VIOLATED)
ANTENNA_36/DIODE                        1.500000    1.694166   -0.194166 (VIOLATED)
_4487_/A1                               1.500000    1.694119   -0.194119 (VIOLATED)
ANTENNA__4487__A1/DIODE                 1.500000    1.694089   -0.194089 (VIOLATED)
clkbuf_0_wb_clk_i/A                     1.500000    1.693369   -0.193369 (VIOLATED)
ANTENNA_clkbuf_0_wb_clk_i_A/DIODE       1.500000    1.693232   -0.193232 (VIOLATED)
ANTENNA_319/DIODE                       1.500000    1.692533   -0.192533 (VIOLATED)
ANTENNA_322/DIODE                       1.500000    1.692513   -0.192513 (VIOLATED)
ANTENNA_328/DIODE                       1.500000    1.692473   -0.192473 (VIOLATED)
ANTENNA_329/DIODE                       1.500000    1.692419   -0.192419 (VIOLATED)
ANTENNA_326/DIODE                       1.500000    1.692338   -0.192338 (VIOLATED)
ANTENNA_321/DIODE                       1.500000    1.692219   -0.192219 (VIOLATED)
ANTENNA_320/DIODE                       1.500000    1.692196   -0.192196 (VIOLATED)
ANTENNA_318/DIODE                       1.500000    1.692187   -0.192187 (VIOLATED)
output111/A                             1.500000    1.692002   -0.192002 (VIOLATED)
ANTENNA_output111_A/DIODE               1.500000    1.691991   -0.191991 (VIOLATED)
ANTENNA_327/DIODE                       1.500000    1.691863   -0.191863 (VIOLATED)
hold602/X                               1.498918    1.690625   -0.191707 (VIOLATED)
ANTENNA_324/DIODE                       1.500000    1.691453   -0.191453 (VIOLATED)
_6220_/A1                               1.500000    1.691334   -0.191334 (VIOLATED)
_6959_/A1                               1.500000    1.691299   -0.191299 (VIOLATED)
ANTENNA__6959__A1/DIODE                 1.500000    1.691298   -0.191298 (VIOLATED)
_5150_/A1                               1.500000    1.691291   -0.191291 (VIOLATED)
ANTENNA__5150__A1/DIODE                 1.500000    1.691281   -0.191281 (VIOLATED)
ANTENNA_325/DIODE                       1.500000    1.691262   -0.191262 (VIOLATED)
hold1411/A                              1.500000    1.691239   -0.191239 (VIOLATED)
ANTENNA_hold1411_A/DIODE                1.500000    1.691235   -0.191235 (VIOLATED)
ANTENNA__6220__A1/DIODE                 1.500000    1.691224   -0.191224 (VIOLATED)
ANTENNA_323/DIODE                       1.500000    1.691144   -0.191144 (VIOLATED)
ANTENNA_mprj.sram.sram_inst_addr0[2]/DIODE    1.500000    1.691080   -0.191080 (VIOLATED)
ANTENNA_hold602_X/DIODE                 1.500000    1.690625   -0.190625 (VIOLATED)
ANTENNA_330/DIODE                       1.500000    1.690142   -0.190142 (VIOLATED)
_5552_/C_N                              1.500000    1.689616   -0.189616 (VIOLATED)
ANTENNA__5552__C_N/DIODE                1.500000    1.689611   -0.189611 (VIOLATED)
ANTENNA_331/DIODE                       1.500000    1.689519   -0.189519 (VIOLATED)
_7977_/X                                1.497633    1.686153   -0.188520 (VIOLATED)
hold17/X                                1.498918    1.687173   -0.188255 (VIOLATED)
ANTENNA_hold26_A/DIODE                  1.500000    1.688200   -0.188200 (VIOLATED)
hold26/A                                1.500000    1.688146   -0.188146 (VIOLATED)
ANTENNA__4952__A0/DIODE                 1.500000    1.687991   -0.187991 (VIOLATED)
_4952_/A0                               1.500000    1.687972   -0.187972 (VIOLATED)
_4958_/A2                               1.500000    1.687789   -0.187789 (VIOLATED)
ANTENNA__4958__A2/DIODE                 1.500000    1.687770   -0.187770 (VIOLATED)
ANTENNA_48/DIODE                        1.500000    1.687631   -0.187631 (VIOLATED)
ANTENNA_hold17_X/DIODE                  1.500000    1.687173   -0.187173 (VIOLATED)
ANTENNA_mprj.team_06_Wrapper.team_06_WB.instance_to_wrap_gpio_in[1]/DIODE    1.500000    1.687119   -0.187119 (VIOLATED)
mprj.team_02_Wrapper.team_02_WB.instance_to_wrap/gpio_in[31]    1.500000    1.686986   -0.186986 (VIOLATED)
ANTENNA__7977__X/DIODE                  1.500000    1.686172   -0.186172 (VIOLATED)
mprj.team_06_Wrapper.team_06_WB.instance_to_wrap/gpio_in[1]    1.500000    1.684175   -0.184175 (VIOLATED)
mprj.team_10_Wrapper.team_10_WB.instance_to_wrap/gpio_in[29]    1.500000    1.679504   -0.179504 (VIOLATED)
mprj.team_06_Wrapper.team_06_WB.instance_to_wrap/gpio_in[30]    1.500000    1.679448   -0.179448 (VIOLATED)
ANTENNA_mprj.team_10_Wrapper.team_10_WB.instance_to_wrap_gpio_in[29]/DIODE    1.500000    1.679382   -0.179382 (VIOLATED)
_7407_/C1                               1.500000    1.678205   -0.178205 (VIOLATED)
ANTENNA__7407__C1/DIODE                 1.500000    1.678204   -0.178204 (VIOLATED)
_7405_/C1                               1.500000    1.678163   -0.178163 (VIOLATED)
ANTENNA__7405__C1/DIODE                 1.500000    1.678152   -0.178152 (VIOLATED)
_7417_/C1                               1.500000    1.678059   -0.178059 (VIOLATED)
ANTENNA__7417__C1/DIODE                 1.500000    1.678057   -0.178057 (VIOLATED)
hold496/X                               1.498918    1.676880   -0.177962 (VIOLATED)
ANTENNA_mprj.team_06_Wrapper.team_06_WB.instance_to_wrap_gpio_oeb[7]/DIODE    1.500000    1.677825   -0.177825 (VIOLATED)
mprj.team_06_Wrapper.team_06_WB.instance_to_wrap/gpio_oeb[7]    1.500000    1.677808   -0.177808 (VIOLATED)
_7630_/B                                1.500000    1.677178   -0.177178 (VIOLATED)
ANTENNA__4945__A2/DIODE                 1.500000    1.677150   -0.177150 (VIOLATED)
_4945_/A2                               1.500000    1.677142   -0.177142 (VIOLATED)
ANTENNA__4939__A0/DIODE                 1.500000    1.677099   -0.177099 (VIOLATED)
ANTENNA__7630__B/DIODE                  1.500000    1.677074   -0.177074 (VIOLATED)
_4939_/A0                               1.500000    1.677003   -0.177003 (VIOLATED)
ANTENNA_fanout305_A/DIODE               1.500000    1.676888   -0.176888 (VIOLATED)
fanout305/A                             1.500000    1.676884   -0.176885 (VIOLATED)
ANTENNA_hold496_X/DIODE                 1.500000    1.676880   -0.176880 (VIOLATED)
_4911_/B                                1.500000    1.676345   -0.176345 (VIOLATED)
ANTENNA__4911__B/DIODE                  1.500000    1.676315   -0.176315 (VIOLATED)
hold808/X                               1.498918    1.674683   -0.175765 (VIOLATED)
ANTENNA_mprj.team_01_Wrapper.team_01_WB.instance_to_wrap_DAT_O[17]/DIODE    1.500000    1.675484   -0.175484 (VIOLATED)
mprj.team_01_Wrapper.team_01_WB.instance_to_wrap/DAT_O[17]    1.500000    1.675453   -0.175453 (VIOLATED)
ANTENNA_mprj.team_04_Wrapper.team_04_WB.instance_to_wrap_gpio_in[11]/DIODE    1.500000    1.675357   -0.175357 (VIOLATED)
ANTENNA_hold808_X/DIODE                 1.500000    1.674683   -0.174683 (VIOLATED)
ANTENNA_mprj.team_01_Wrapper.team_01_WB.instance_to_wrap_DAT_O[23]/DIODE    1.500000    1.674519   -0.174519 (VIOLATED)
mprj.team_01_Wrapper.team_01_WB.instance_to_wrap/DAT_O[23]    1.500000    1.674503   -0.174504 (VIOLATED)
_7774_/A                                1.500000    1.674016   -0.174016 (VIOLATED)
ANTENNA__7774__A/DIODE                  1.500000    1.673998   -0.173998 (VIOLATED)
ANTENNA_267/DIODE                       1.500000    1.673990   -0.173990 (VIOLATED)
_7944_/A1                               1.500000    1.673988   -0.173988 (VIOLATED)
ANTENNA_266/DIODE                       1.500000    1.673958   -0.173958 (VIOLATED)
ANTENNA__7944__A1/DIODE                 1.500000    1.673945   -0.173945 (VIOLATED)
ANTENNA__4781__A/DIODE                  1.500000    1.672549   -0.172550 (VIOLATED)
_4781_/A                                1.500000    1.672549   -0.172549 (VIOLATED)
_4779_/A                                1.500000    1.672545   -0.172545 (VIOLATED)
_4783_/B                                1.500000    1.672534   -0.172534 (VIOLATED)
ANTENNA__4779__A/DIODE                  1.500000    1.672533   -0.172533 (VIOLATED)
_5282_/A                                1.500000    1.672521   -0.172521 (VIOLATED)
ANTENNA__4783__B/DIODE                  1.500000    1.672492   -0.172492 (VIOLATED)
ANTENNA__5282__A/DIODE                  1.500000    1.672459   -0.172459 (VIOLATED)
_7562_/B                                1.500000    1.672347   -0.172347 (VIOLATED)
_4202_/B1                               1.500000    1.672312   -0.172312 (VIOLATED)
ANTENNA__7562__B/DIODE                  1.500000    1.672279   -0.172279 (VIOLATED)
ANTENNA__4202__B1/DIODE                 1.500000    1.672267   -0.172267 (VIOLATED)
hold492/X                               1.498918    1.670880   -0.171962 (VIOLATED)
ANTENNA__7566__B/DIODE                  1.500000    1.671880   -0.171880 (VIOLATED)
_4802_/A2                               1.500000    1.671737   -0.171737 (VIOLATED)
ANTENNA__4802__A2/DIODE                 1.500000    1.671700   -0.171700 (VIOLATED)
_7566_/B                                1.500000    1.671400   -0.171400 (VIOLATED)
ANTENNA_mprj.team_12_Wrapper.team_12_WB.instance_to_wrap_gpio_in[10]/DIODE    1.500000    1.671123   -0.171123 (VIOLATED)
mprj.team_12_Wrapper.team_12_WB.instance_to_wrap/gpio_in[10]    1.500000    1.670991   -0.170991 (VIOLATED)
ANTENNA_567/DIODE                       1.500000    1.670888   -0.170888 (VIOLATED)
ANTENNA_564/DIODE                       1.500000    1.670882   -0.170882 (VIOLATED)
ANTENNA_hold492_X/DIODE                 1.500000    1.670880   -0.170881 (VIOLATED)
ANTENNA_565/DIODE                       1.500000    1.670876   -0.170876 (VIOLATED)
ANTENNA_562/DIODE                       1.500000    1.670872   -0.170872 (VIOLATED)
ANTENNA_563/DIODE                       1.500000    1.670868   -0.170868 (VIOLATED)
ANTENNA_566/DIODE                       1.500000    1.670232   -0.170232 (VIOLATED)
ANTENNA_hold519_A/DIODE                 1.500000    1.670137   -0.170137 (VIOLATED)
ANTENNA_865/DIODE                       1.500000    1.670105   -0.170105 (VIOLATED)
hold519/A                               1.500000    1.670070   -0.170070 (VIOLATED)
hold386/X                               1.498918    1.668951   -0.170033 (VIOLATED)
_7466_/B                                1.500000    1.669779   -0.169779 (VIOLATED)
ANTENNA__7466__B/DIODE                  1.500000    1.669718   -0.169718 (VIOLATED)
ANTENNA__6980__A1/DIODE                 1.500000    1.669526   -0.169527 (VIOLATED)
ANTENNA_mprj.team_02_Wrapper.team_02_WB.instance_to_wrap_gpio_in[31]/DIODE    1.500000    1.669149   -0.169149 (VIOLATED)
ANTENNA__5148__A1/DIODE                 1.500000    1.668951   -0.168951 (VIOLATED)
ANTENNA_hold386_X/DIODE                 1.500000    1.668951   -0.168951 (VIOLATED)
_5148_/A1                               1.500000    1.668951   -0.168951 (VIOLATED)
_6980_/A1                               1.500000    1.668951   -0.168951 (VIOLATED)
ANTENNA_121/DIODE                       1.500000    1.667648   -0.167648 (VIOLATED)
ANTENNA_mprj.team_02_Wrapper.team_02_WB.instance_to_wrap_gpio_out[14]/DIODE    1.500000    1.667204   -0.167204 (VIOLATED)
mprj.team_02_Wrapper.team_02_WB.instance_to_wrap/gpio_out[14]    1.500000    1.667178   -0.167178 (VIOLATED)
ANTENNA_mprj.sram.sram_inst_din0[9]/DIODE    1.500000    1.666698   -0.166698 (VIOLATED)
_4623_/B                                1.500000    1.666032   -0.166032 (VIOLATED)
ANTENNA__4623__B/DIODE                  1.500000    1.665999   -0.165999 (VIOLATED)
mprj.team_11_Wrapper.team_11_WB.instance_to_wrap/gpio_in[5]    1.500000    1.665912   -0.165912 (VIOLATED)
hold375/X                               1.498918    1.664188   -0.165270 (VIOLATED)
ANTENNA__4941__A1/DIODE                 1.500000    1.664658   -0.164659 (VIOLATED)
ANTENNA_59/DIODE                        1.500000    1.664651   -0.164651 (VIOLATED)
ANTENNA__4947__A2/DIODE                 1.500000    1.664603   -0.164603 (VIOLATED)
_4941_/A1                               1.500000    1.664593   -0.164593 (VIOLATED)
_4947_/A2                               1.500000    1.664523   -0.164523 (VIOLATED)
hold494/X                               1.498918    1.663411   -0.164493 (VIOLATED)
_7008_/A2                               1.500000    1.664345   -0.164345 (VIOLATED)
ANTENNA__7008__A2/DIODE                 1.500000    1.664340   -0.164340 (VIOLATED)
_6963_/A1                               1.500000    1.664188   -0.164188 (VIOLATED)
ANTENNA_hold375_X/DIODE                 1.500000    1.664188   -0.164188 (VIOLATED)
ANTENNA__6963__A1/DIODE                 1.500000    1.664184   -0.164184 (VIOLATED)
ANTENNA_mprj.team_03_Wrapper.team_03_WB.instance_to_wrap_ADR_O[4]/DIODE    1.500000    1.664004   -0.164004 (VIOLATED)
mprj.team_03_Wrapper.team_03_WB.instance_to_wrap/ADR_O[4]    1.500000    1.663988   -0.163988 (VIOLATED)
hold150/X                               1.498918    1.662356   -0.163437 (VIOLATED)
ANTENNA__6928__B/DIODE                  1.500000    1.663411   -0.163412 (VIOLATED)
ANTENNA__7400__A1/DIODE                 1.500000    1.663411   -0.163412 (VIOLATED)
ANTENNA_hold494_X/DIODE                 1.500000    1.663411   -0.163412 (VIOLATED)
_6928_/B                                1.500000    1.663411   -0.163412 (VIOLATED)
_7400_/A1                               1.500000    1.663411   -0.163412 (VIOLATED)
ANTENNA__4146__C1/DIODE                 1.500000    1.663352   -0.163352 (VIOLATED)
_4146_/C1                               1.500000    1.663351   -0.163351 (VIOLATED)
_4119_/A                                1.500000    1.662512   -0.162512 (VIOLATED)
ANTENNA__4119__A/DIODE                  1.500000    1.662503   -0.162503 (VIOLATED)
_7438_/B1                               1.500000    1.662428   -0.162428 (VIOLATED)
ANTENNA__7438__B1/DIODE                 1.500000    1.662427   -0.162427 (VIOLATED)
_4095_/B1                               1.500000    1.662409   -0.162409 (VIOLATED)
ANTENNA__4095__B1/DIODE                 1.500000    1.662405   -0.162405 (VIOLATED)
ANTENNA__7431__A3/DIODE                 1.500000    1.662392   -0.162392 (VIOLATED)
_7431_/A3                               1.500000    1.662391   -0.162391 (VIOLATED)
_7424_/B1                               1.500000    1.662388   -0.162388 (VIOLATED)
ANTENNA__7424__B1/DIODE                 1.500000    1.662386   -0.162386 (VIOLATED)
_7432_/B1                               1.500000    1.662367   -0.162367 (VIOLATED)
ANTENNA__7432__B1/DIODE                 1.500000    1.662360   -0.162360 (VIOLATED)
ANTENNA__4071__A/DIODE                  1.500000    1.662356   -0.162356 (VIOLATED)
ANTENNA__7421__A1/DIODE                 1.500000    1.662356   -0.162356 (VIOLATED)
ANTENNA_hold150_X/DIODE                 1.500000    1.662356   -0.162356 (VIOLATED)
_4071_/A                                1.500000    1.662356   -0.162356 (VIOLATED)
_7421_/A1                               1.500000    1.662356   -0.162356 (VIOLATED)
ANTENNA_mprj.team_06_Wrapper.team_06_WB.instance_to_wrap_gpio_in[30]/DIODE    1.500000    1.660536   -0.160536 (VIOLATED)
fanout742/A                             1.500000    1.660174   -0.160174 (VIOLATED)
ANTENNA_fanout742_A/DIODE               1.500000    1.660092   -0.160092 (VIOLATED)
mprj.team_03_Wrapper.team_03_WB.instance_to_wrap/gpio_in[12]    1.500000    1.659827   -0.159827 (VIOLATED)
ANTENNA_mprj.team_03_Wrapper.team_03_WB.instance_to_wrap_gpio_in[12]/DIODE    1.500000    1.659562   -0.159562 (VIOLATED)
ANTENNA_283/DIODE                       1.500000    1.659236   -0.159236 (VIOLATED)
_7967_/A1                               1.500000    1.659191   -0.159191 (VIOLATED)
ANTENNA__7967__A1/DIODE                 1.500000    1.659137   -0.159137 (VIOLATED)
ANTENNA_mprj.team_01_Wrapper.team_01_WB.instance_to_wrap_ADR_O[16]/DIODE    1.500000    1.658908   -0.158908 (VIOLATED)
mprj.team_01_Wrapper.team_01_WB.instance_to_wrap/ADR_O[16]    1.500000    1.658908   -0.158908 (VIOLATED)
ANTENNA_275/DIODE                       1.500000    1.658689   -0.158689 (VIOLATED)
ANTENNA__6849__X/DIODE                  1.500000    1.658418   -0.158419 (VIOLATED)
_6849_/X                                1.500000    1.658388   -0.158388 (VIOLATED)
ANTENNA_mprj.team_06_Wrapper.team_06_WB.instance_to_wrap_gpio_oeb[22]/DIODE    1.500000    1.658272   -0.158272 (VIOLATED)
mprj.team_06_Wrapper.team_06_WB.instance_to_wrap/gpio_oeb[22]    1.500000    1.658270   -0.158270 (VIOLATED)
_7779_/A1                               1.500000    1.657978   -0.157978 (VIOLATED)
ANTENNA__7779__A1/DIODE                 1.500000    1.657953   -0.157953 (VIOLATED)
_7980_/B2                               1.500000    1.655688   -0.155688 (VIOLATED)
ANTENNA__7980__B2/DIODE                 1.500000    1.655671   -0.155671 (VIOLATED)
ANTENNA__5007__A1/DIODE                 1.500000    1.654739   -0.154739 (VIOLATED)
_5007_/A1                               1.500000    1.654729   -0.154729 (VIOLATED)
_5013_/A2                               1.500000    1.654678   -0.154678 (VIOLATED)
ANTENNA__5013__A2/DIODE                 1.500000    1.654646   -0.154646 (VIOLATED)
mprj.team_04_Wrapper.team_04_WB.instance_to_wrap/gpio_in[11]    1.500000    1.653793   -0.153793 (VIOLATED)
ANTENNA_mprj.team_03_Wrapper.team_03_WB.instance_to_wrap_DAT_O[15]/DIODE    1.500000    1.652231   -0.152231 (VIOLATED)
mprj.team_03_Wrapper.team_03_WB.instance_to_wrap/DAT_O[15]    1.500000    1.652228   -0.152228 (VIOLATED)
ANTENNA__4873__A1/DIODE                 1.500000    1.651633   -0.151633 (VIOLATED)
ANTENNA__4879__A2/DIODE                 1.500000    1.651622   -0.151622 (VIOLATED)
_4873_/A1                               1.500000    1.651585   -0.151585 (VIOLATED)
_4879_/A2                               1.500000    1.651581   -0.151581 (VIOLATED)
ANTENNA__4893__A2/DIODE                 1.500000    1.649670   -0.149670 (VIOLATED)
_4893_/A2                               1.500000    1.649668   -0.149668 (VIOLATED)
ANTENNA_60/DIODE                        1.500000    1.649587   -0.149587 (VIOLATED)
ANTENNA__4886__A1/DIODE                 1.500000    1.649512   -0.149512 (VIOLATED)
_4886_/A1                               1.500000    1.649499   -0.149500 (VIOLATED)
ANTENNA_mprj.team_06_Wrapper.team_06_WB.instance_to_wrap_gpio_out[21]/DIODE    1.500000    1.649232   -0.149232 (VIOLATED)
mprj.team_06_Wrapper.team_06_WB.instance_to_wrap/gpio_out[21]    1.500000    1.649192   -0.149192 (VIOLATED)
_4686_/A2                               1.500000    1.648987   -0.148987 (VIOLATED)
_4680_/A1                               1.500000    1.648954   -0.148954 (VIOLATED)
ANTENNA__4680__A1/DIODE                 1.500000    1.648945   -0.148945 (VIOLATED)
ANTENNA__4686__A2/DIODE                 1.500000    1.648799   -0.148799 (VIOLATED)
mprj.team_03_Wrapper.team_03_WB.instance_to_wrap/gpio_in[18]    1.500000    1.646560   -0.146560 (VIOLATED)
ANTENNA_mprj.team_03_Wrapper.team_03_WB.instance_to_wrap_gpio_in[18]/DIODE    1.500000    1.646518   -0.146518 (VIOLATED)
_6480_/A                                1.500000    1.646192   -0.146192 (VIOLATED)
ANTENNA__6480__A/DIODE                  1.500000    1.646188   -0.146188 (VIOLATED)
ANTENNA_mprj.team_07_Wrapper.team_07_WB.instance_to_wrap_gpio_out[9]/DIODE    1.500000    1.645296   -0.145296 (VIOLATED)
mprj.team_07_Wrapper.team_07_WB.instance_to_wrap/gpio_out[9]    1.500000    1.645296   -0.145296 (VIOLATED)
ANTENNA_mprj.team_06_Wrapper.team_06_WB.instance_to_wrap_gpio_oeb[24]/DIODE    1.500000    1.645187   -0.145187 (VIOLATED)
mprj.team_06_Wrapper.team_06_WB.instance_to_wrap/gpio_oeb[24]    1.500000    1.645173   -0.145173 (VIOLATED)
_4474_/A1                               1.500000    1.644089   -0.144089 (VIOLATED)
ANTENNA__4474__A1/DIODE                 1.500000    1.644053   -0.144053 (VIOLATED)
ANTENNA__4480__A2/DIODE                 1.500000    1.643991   -0.143991 (VIOLATED)
_4480_/A2                               1.500000    1.643870   -0.143870 (VIOLATED)
ANTENNA_mprj.team_12_Wrapper.team_12_WB.instance_to_wrap_gpio_in[9]/DIODE    1.500000    1.643776   -0.143776 (VIOLATED)
mprj.team_12_Wrapper.team_12_WB.instance_to_wrap/gpio_in[9]    1.500000    1.643772   -0.143772 (VIOLATED)
_6293_/B2                               1.500000    1.643704   -0.143704 (VIOLATED)
ANTENNA__6293__B2/DIODE                 1.500000    1.643672   -0.143672 (VIOLATED)
ANTENNA_mprj.sram.sram_inst_addr1[2]/DIODE    1.500000    1.642447   -0.142447 (VIOLATED)
ANTENNA_mprj.team_02_Wrapper.team_02_WB.instance_to_wrap_gpio_out[21]/DIODE    1.500000    1.641654   -0.141654 (VIOLATED)
mprj.team_02_Wrapper.team_02_WB.instance_to_wrap/gpio_out[21]    1.500000    1.641654   -0.141654 (VIOLATED)
_4254_/A1                               1.500000    1.641606   -0.141606 (VIOLATED)
_4278_/A2                               1.500000    1.641580   -0.141580 (VIOLATED)
ANTENNA__4254__A1/DIODE                 1.500000    1.641574   -0.141574 (VIOLATED)
ANTENNA__4278__A2/DIODE                 1.500000    1.641521   -0.141521 (VIOLATED)
_4265_/A3                               1.500000    1.641189   -0.141189 (VIOLATED)
ANTENNA__4265__A3/DIODE                 1.500000    1.641040   -0.141040 (VIOLATED)
clkbuf_regs_0_clk/A                     1.500000    1.640498   -0.140498 (VIOLATED)
ANTENNA_mprj.team_02_Wrapper.team_02_WB.instance_to_wrap_gpio_out[8]/DIODE    1.500000    1.640387   -0.140387 (VIOLATED)
mprj.team_02_Wrapper.team_02_WB.instance_to_wrap/gpio_out[8]    1.500000    1.640385   -0.140385 (VIOLATED)
ANTENNA_mprj.team_11_Wrapper.team_11_WB.instance_to_wrap_gpio_in[5]/DIODE    1.500000    1.640215   -0.140215 (VIOLATED)
ANTENNA__4144__A1/DIODE                 1.500000    1.639645   -0.139645 (VIOLATED)
_4144_/A1                               1.500000    1.639619   -0.139619 (VIOLATED)
_4150_/A2                               1.500000    1.639540   -0.139540 (VIOLATED)
ANTENNA__4150__A2/DIODE                 1.500000    1.639535   -0.139535 (VIOLATED)
ANTENNA_mprj.team_07_Wrapper.team_07_WB.instance_to_wrap_gpio_out[16]/DIODE    1.500000    1.639385   -0.139385 (VIOLATED)
mprj.team_07_Wrapper.team_07_WB.instance_to_wrap/gpio_out[16]    1.500000    1.639385   -0.139385 (VIOLATED)
ANTENNA_clkbuf_regs_0_clk_A/DIODE       1.500000    1.638992   -0.138992 (VIOLATED)
output113/A                             1.500000    1.635011   -0.135011 (VIOLATED)
ANTENNA_output113_A/DIODE               1.500000    1.634979   -0.134979 (VIOLATED)
hold219/X                               1.498918    1.632407   -0.133489 (VIOLATED)
_7187_/A                                1.500000    1.633428   -0.133428 (VIOLATED)
ANTENNA__7187__A/DIODE                  1.500000    1.633428   -0.133428 (VIOLATED)
output141/A                             1.500000    1.633256   -0.133257 (VIOLATED)
ANTENNA_542/DIODE                       1.500000    1.633235   -0.133235 (VIOLATED)
ANTENNA_output141_A/DIODE               1.500000    1.633219   -0.133219 (VIOLATED)
ANTENNA_mprj.team_12_Wrapper.team_12_WB.instance_to_wrap_gpio_in[11]/DIODE    1.500000    1.632767   -0.132767 (VIOLATED)
mprj.team_12_Wrapper.team_12_WB.instance_to_wrap/gpio_in[11]    1.500000    1.632606   -0.132606 (VIOLATED)
ANTENNA_hold219_X/DIODE                 1.500000    1.632407   -0.132407 (VIOLATED)
ANTENNA_hold817_A/DIODE                 1.500000    1.632407   -0.132407 (VIOLATED)
hold817/A                               1.500000    1.632407   -0.132407 (VIOLATED)
ANTENNA__4449__A0/DIODE                 1.500000    1.632264   -0.132265 (VIOLATED)
_4449_/A0                               1.500000    1.632234   -0.132234 (VIOLATED)
ANTENNA_mprj.team_01_Wrapper.team_01_WB.instance_to_wrap_DAT_O[6]/DIODE    1.500000    1.632212   -0.132212 (VIOLATED)
mprj.team_01_Wrapper.team_01_WB.instance_to_wrap/DAT_O[6]    1.500000    1.632212   -0.132212 (VIOLATED)
ANTENNA__4455__A2/DIODE                 1.500000    1.632180   -0.132180 (VIOLATED)
_4455_/A2                               1.500000    1.632113   -0.132113 (VIOLATED)
ANTENNA_output175_A/DIODE               1.500000    1.630731   -0.130731 (VIOLATED)
output175/A                             1.500000    1.630718   -0.130718 (VIOLATED)
ANTENNA_543/DIODE                       1.500000    1.630706   -0.130706 (VIOLATED)
ANTENNA_838/DIODE                       1.500000    1.630688   -0.130688 (VIOLATED)
_7983_/A1                               1.500000    1.630621   -0.130621 (VIOLATED)
ANTENNA__7983__A1/DIODE                 1.500000    1.630604   -0.130604 (VIOLATED)
ANTENNA__4169__A0/DIODE                 1.500000    1.630404   -0.130404 (VIOLATED)
_4169_/A0                               1.500000    1.630402   -0.130402 (VIOLATED)
_4175_/A2                               1.500000    1.630397   -0.130397 (VIOLATED)
ANTENNA__4175__A2/DIODE                 1.500000    1.630391   -0.130391 (VIOLATED)
ANTENNA_35/DIODE                        1.500000    1.629458   -0.129458 (VIOLATED)
ANTENNA__4380__A1/DIODE                 1.500000    1.629438   -0.129438 (VIOLATED)
_4380_/A1                               1.500000    1.629418   -0.129419 (VIOLATED)
_4386_/A2                               1.500000    1.629358   -0.129358 (VIOLATED)
ANTENNA__4386__A2/DIODE                 1.500000    1.629354   -0.129354 (VIOLATED)
ANTENNA__7312__A/DIODE                  1.500000    1.628941   -0.128942 (VIOLATED)
_7312_/A                                1.500000    1.628941   -0.128941 (VIOLATED)
hold876/X                               1.498918    1.627285   -0.128367 (VIOLATED)
ANTENNA_mprj.team_07_Wrapper.team_07_WB.instance_to_wrap_gpio_in[20]/DIODE    1.500000    1.628270   -0.128270 (VIOLATED)
mprj.team_07_Wrapper.team_07_WB.instance_to_wrap/gpio_in[20]    1.500000    1.628267   -0.128267 (VIOLATED)
ANTENNA_hold876_X/DIODE                 1.500000    1.627285   -0.127285 (VIOLATED)
ANTENNA_mprj.sram.sram_inst_din0[13]/DIODE    1.500000    1.627061   -0.127061 (VIOLATED)
ANTENNA_mprj.team_10_Wrapper.team_10_WB.instance_to_wrap_gpio_in[25]/DIODE    1.500000    1.627042   -0.127042 (VIOLATED)
ANTENNA_mprj.team_01_Wrapper.team_01_WB.instance_to_wrap_ADR_O[24]/DIODE    1.500000    1.626101   -0.126101 (VIOLATED)
mprj.team_01_Wrapper.team_01_WB.instance_to_wrap/ADR_O[24]    1.500000    1.626101   -0.126101 (VIOLATED)
_8045_/X                                1.499683    1.625778   -0.126095 (VIOLATED)
ANTENNA__8045__X/DIODE                  1.500000    1.625848   -0.125848 (VIOLATED)
_7383_/Y                                1.495733    1.621512   -0.125779 (VIOLATED)
output153/A                             1.500000    1.625735   -0.125735 (VIOLATED)
ANTENNA_output153_A/DIODE               1.500000    1.625569   -0.125569 (VIOLATED)
ANTENNA__4575__A2/DIODE                 1.500000    1.625193   -0.125193 (VIOLATED)
ANTENNA__4569__A1/DIODE                 1.500000    1.625180   -0.125180 (VIOLATED)
_4575_/A2                               1.500000    1.625173   -0.125173 (VIOLATED)
ANTENNA_53/DIODE                        1.500000    1.625149   -0.125149 (VIOLATED)
_4569_/A1                               1.500000    1.625081   -0.125081 (VIOLATED)
_7769_/A1                               1.500000    1.624611   -0.124611 (VIOLATED)
ANTENNA__7769__A1/DIODE                 1.500000    1.624591   -0.124591 (VIOLATED)
ANTENNA__7383__Y/DIODE                  1.500000    1.621517   -0.121517 (VIOLATED)
mprj.sram.sram_inst/addr0[7]            1.500000    1.621512   -0.121512 (VIOLATED)
mprj.sram.sram_inst/addr1[7]            1.500000    1.621512   -0.121512 (VIOLATED)
_7358_/Y                                1.495733    1.614503   -0.118770 (VIOLATED)
ANTENNA__6374__C/DIODE                  1.500000    1.617391   -0.117391 (VIOLATED)
_6374_/C                                1.500000    1.617380   -0.117380 (VIOLATED)
ANTENNA_mprj.team_06_Wrapper.team_06_WB.instance_to_wrap_gpio_out[16]/DIODE    1.500000    1.617136   -0.117136 (VIOLATED)
mprj.team_06_Wrapper.team_06_WB.instance_to_wrap/gpio_out[16]    1.500000    1.617136   -0.117136 (VIOLATED)
ANTENNA__7358__Y/DIODE                  1.500000    1.614536   -0.114536 (VIOLATED)
mprj.sram.sram_inst/din0[22]            1.500000    1.614503   -0.114503 (VIOLATED)
ANTENNA_mprj.team_09_Wrapper.team_09_WB.instance_to_wrap_gpio_in[30]/DIODE    1.500000    1.614205   -0.114206 (VIOLATED)
ANTENNA_mprj.team_11_Wrapper.team_11_WB.instance_to_wrap_gpio_in[19]/DIODE    1.500000    1.613317   -0.113317 (VIOLATED)
mprj.team_11_Wrapper.team_11_WB.instance_to_wrap/gpio_in[19]    1.500000    1.613081   -0.113081 (VIOLATED)
ANTENNA_mprj.team_06_Wrapper.team_06_WB.instance_to_wrap_gpio_oeb[21]/DIODE    1.500000    1.612926   -0.112926 (VIOLATED)
mprj.team_06_Wrapper.team_06_WB.instance_to_wrap/gpio_oeb[21]    1.500000    1.612916   -0.112916 (VIOLATED)
mprj.team_09_Wrapper.team_09_WB.instance_to_wrap/gpio_in[30]    1.500000    1.609189   -0.109189 (VIOLATED)
_7379_/A                                1.500000    1.608823   -0.108824 (VIOLATED)
ANTENNA__7379__A/DIODE                  1.500000    1.608777   -0.108777 (VIOLATED)
mprj.team_11_Wrapper.team_11_WB.instance_to_wrap/gpio_in[26]    1.500000    1.607134   -0.107134 (VIOLATED)
ANTENNA_hold1207_A/DIODE                1.500000    1.607011   -0.107011 (VIOLATED)
ANTENNA_mprj.team_11_Wrapper.team_11_WB.instance_to_wrap_gpio_in[26]/DIODE    1.500000    1.606968   -0.106968 (VIOLATED)
_6542_/A1                               1.500000    1.606948   -0.106948 (VIOLATED)
hold1207/A                              1.500000    1.606941   -0.106941 (VIOLATED)
_4841_/Y                                1.498454    1.605295   -0.106841 (VIOLATED)
ANTENNA_mprj.team_02_Wrapper.team_02_WB.instance_to_wrap_gpio_out[9]/DIODE    1.500000    1.606840   -0.106840 (VIOLATED)
mprj.team_02_Wrapper.team_02_WB.instance_to_wrap/gpio_out[9]    1.500000    1.606840   -0.106840 (VIOLATED)
ANTENNA_mprj.team_01_Wrapper.team_01_WB.instance_to_wrap_DAT_O[7]/DIODE    1.500000    1.606830   -0.106830 (VIOLATED)
mprj.team_01_Wrapper.team_01_WB.instance_to_wrap/DAT_O[7]    1.500000    1.606830   -0.106830 (VIOLATED)
ANTENNA__6542__A1/DIODE                 1.500000    1.606797   -0.106797 (VIOLATED)
_4118_/A1                               1.500000    1.606581   -0.106581 (VIOLATED)
ANTENNA__4118__A1/DIODE                 1.500000    1.606548   -0.106548 (VIOLATED)
ANTENNA__4126__A2/DIODE                 1.500000    1.606529   -0.106529 (VIOLATED)
_4126_/A2                               1.500000    1.606464   -0.106464 (VIOLATED)
ANTENNA_mprj.team_03_Wrapper.team_03_WB.instance_to_wrap_DAT_O[27]/DIODE    1.500000    1.606389   -0.106389 (VIOLATED)
mprj.team_03_Wrapper.team_03_WB.instance_to_wrap/DAT_O[27]    1.500000    1.606374   -0.106374 (VIOLATED)
output126/A                             1.500000    1.605598   -0.105598 (VIOLATED)
ANTENNA_output126_A/DIODE               1.500000    1.605549   -0.105549 (VIOLATED)
ANTENNA__4841__Y/DIODE                  1.500000    1.605301   -0.105301 (VIOLATED)
_4363_/A2                               1.500000    1.605246   -0.105246 (VIOLATED)
_4357_/A1                               1.500000    1.605246   -0.105246 (VIOLATED)
ANTENNA__4357__A1/DIODE                 1.500000    1.605227   -0.105227 (VIOLATED)
ANTENNA__4363__A2/DIODE                 1.500000    1.605220   -0.105220 (VIOLATED)
ANTENNA_mprj.team_03_Wrapper.team_03_WB.instance_to_wrap_ADR_O[16]/DIODE    1.500000    1.605099   -0.105099 (VIOLATED)
mprj.team_03_Wrapper.team_03_WB.instance_to_wrap/ADR_O[16]    1.500000    1.605025   -0.105025 (VIOLATED)
hold607/X                               1.498918    1.602095   -0.103176 (VIOLATED)
_7022_/B2                               1.500000    1.602188   -0.102188 (VIOLATED)
ANTENNA__7022__B2/DIODE                 1.500000    1.602187   -0.102187 (VIOLATED)
_5145_/A1                               1.500000    1.602183   -0.102183 (VIOLATED)
ANTENNA__5145__A1/DIODE                 1.500000    1.602180   -0.102180 (VIOLATED)
ANTENNA_hold1732_A/DIODE                1.500000    1.602099   -0.102099 (VIOLATED)
hold1732/A                              1.500000    1.602096   -0.102096 (VIOLATED)
ANTENNA_hold607_X/DIODE                 1.500000    1.602095   -0.102095 (VIOLATED)
ANTENNA_mprj.team_03_Wrapper.team_03_WB.instance_to_wrap_ADR_O[20]/DIODE    1.500000    1.601113   -0.101113 (VIOLATED)
mprj.team_03_Wrapper.team_03_WB.instance_to_wrap/ADR_O[20]    1.500000    1.601113   -0.101113 (VIOLATED)
hold1503/X                              1.498918    1.599886   -0.100968 (VIOLATED)
ANTENNA_mprj.team_06_Wrapper.team_06_WB.instance_to_wrap_gpio_in[31]/DIODE    1.500000    1.600501   -0.100501 (VIOLATED)
mprj.team_10_Wrapper.team_10_WB.instance_to_wrap/gpio_in[25]    1.500000    1.600299   -0.100299 (VIOLATED)
ANTENNA_mprj.team_01_Wrapper.team_01_WB.instance_to_wrap_DAT_O[27]/DIODE    1.500000    1.600196   -0.100196 (VIOLATED)
mprj.team_01_Wrapper.team_01_WB.instance_to_wrap/DAT_O[27]    1.500000    1.600196   -0.100196 (VIOLATED)
ANTENNA_mprj.team_02_Wrapper.team_02_WB.instance_to_wrap_gpio_in[2]/DIODE    1.500000    1.600110   -0.100110 (VIOLATED)
ANTENNA_953/DIODE                       1.500000    1.600003   -0.100003 (VIOLATED)
_5185_/A1                               1.500000    1.600003   -0.100003 (VIOLATED)
ANTENNA__5185__A1/DIODE                 1.500000    1.600003   -0.100003 (VIOLATED)
ANTENNA_hold1503_X/DIODE                1.500000    1.599886   -0.099886 (VIOLATED)
ANTENNA_hold1758_A/DIODE                1.500000    1.599886   -0.099886 (VIOLATED)
hold1758/A                              1.500000    1.599886   -0.099886 (VIOLATED)
hold641/X                               1.498918    1.598002   -0.099084 (VIOLATED)
_5146_/A1                               1.500000    1.598590   -0.098590 (VIOLATED)
_7011_/A1                               1.500000    1.598589   -0.098589 (VIOLATED)
ANTENNA__5146__A1/DIODE                 1.500000    1.598588   -0.098588 (VIOLATED)
ANTENNA__7011__A1/DIODE                 1.500000    1.598584   -0.098584 (VIOLATED)
ANTENNA_hold1112_A/DIODE                1.500000    1.598518   -0.098518 (VIOLATED)
hold1112/A                              1.500000    1.598499   -0.098499 (VIOLATED)
mprj.team_06_Wrapper.team_06_WB.instance_to_wrap/gpio_in[31]    1.500000    1.598287   -0.098287 (VIOLATED)
ANTENNA_hold641_X/DIODE                 1.500000    1.598002   -0.098002 (VIOLATED)
ANTENNA_mprj.team_03_Wrapper.team_03_WB.instance_to_wrap_DAT_O[8]/DIODE    1.500000    1.597582   -0.097582 (VIOLATED)
mprj.team_03_Wrapper.team_03_WB.instance_to_wrap/DAT_O[8]    1.500000    1.597564   -0.097564 (VIOLATED)
mprj.team_12_Wrapper.team_12_WB.instance_to_wrap/gpio_in[4]    1.500000    1.597242   -0.097242 (VIOLATED)
ANTENNA_mprj.team_12_Wrapper.team_12_WB.instance_to_wrap_gpio_in[4]/DIODE    1.500000    1.597229   -0.097229 (VIOLATED)
ANTENNA_mprj.sram.sram_inst_din0[14]/DIODE    1.500000    1.593620   -0.093620 (VIOLATED)
mprj.team_02_Wrapper.team_02_WB.instance_to_wrap/gpio_in[2]    1.500000    1.593481   -0.093481 (VIOLATED)
ANTENNA__4567__A0/DIODE                 1.500000    1.593070   -0.093070 (VIOLATED)
_4567_/A0                               1.500000    1.593064   -0.093064 (VIOLATED)
ANTENNA__4573__A2/DIODE                 1.500000    1.592796   -0.092796 (VIOLATED)
_4573_/A2                               1.500000    1.592741   -0.092741 (VIOLATED)
_6519_/A1                               1.500000    1.591479   -0.091479 (VIOLATED)
ANTENNA__6519__A1/DIODE                 1.500000    1.591450   -0.091450 (VIOLATED)
_8011_/A                                1.500000    1.590318   -0.090318 (VIOLATED)
ANTENNA__8011__A/DIODE                  1.500000    1.590311   -0.090311 (VIOLATED)
ANTENNA_mprj.team_04_Wrapper.team_04_WB.instance_to_wrap_gpio_in[16]/DIODE    1.500000    1.590097   -0.090097 (VIOLATED)
mprj.team_04_Wrapper.team_04_WB.instance_to_wrap/gpio_in[16]    1.500000    1.590011   -0.090011 (VIOLATED)
_6917_/A1                               1.500000    1.589926   -0.089926 (VIOLATED)
ANTENNA__6917__A1/DIODE                 1.500000    1.589895   -0.089895 (VIOLATED)
mprj.team_02_Wrapper.team_02_WB.instance_to_wrap/gpio_in[17]    1.500000    1.589779   -0.089779 (VIOLATED)
ANTENNA_mprj.team_02_Wrapper.team_02_WB.instance_to_wrap_gpio_in[17]/DIODE    1.500000    1.589616   -0.089616 (VIOLATED)
_4375_/A2                               1.500000    1.589504   -0.089504 (VIOLATED)
ANTENNA__4375__A2/DIODE                 1.500000    1.589463   -0.089463 (VIOLATED)
_4369_/A1                               1.500000    1.589437   -0.089437 (VIOLATED)
ANTENNA__4369__A1/DIODE                 1.500000    1.589362   -0.089362 (VIOLATED)
_6291_/B2                               1.500000    1.587405   -0.087405 (VIOLATED)
ANTENNA__6291__B2/DIODE                 1.500000    1.587335   -0.087335 (VIOLATED)
mprj.team_02_Wrapper.team_02_WB.instance_to_wrap/gpio_in[15]    1.500000    1.586712   -0.086712 (VIOLATED)
ANTENNA_mprj.team_02_Wrapper.team_02_WB.instance_to_wrap_gpio_in[15]/DIODE    1.500000    1.586569   -0.086569 (VIOLATED)
output128/A                             1.500000    1.585161   -0.085161 (VIOLATED)
ANTENNA_output128_A/DIODE               1.500000    1.585007   -0.085007 (VIOLATED)
ANTENNA_mprj.team_01_Wrapper.team_01_WB.instance_to_wrap_DAT_O[9]/DIODE    1.500000    1.584945   -0.084945 (VIOLATED)
mprj.team_01_Wrapper.team_01_WB.instance_to_wrap/DAT_O[9]    1.500000    1.584945   -0.084945 (VIOLATED)
ANTENNA_mprj.team_06_Wrapper.team_06_WB.instance_to_wrap_gpio_oeb[14]/DIODE    1.500000    1.582688   -0.082688 (VIOLATED)
mprj.team_06_Wrapper.team_06_WB.instance_to_wrap/gpio_oeb[14]    1.500000    1.582627   -0.082627 (VIOLATED)
ANTENNA_mprj.team_06_Wrapper.team_06_WB.instance_to_wrap_gpio_in[32]/DIODE    1.500000    1.582019   -0.082019 (VIOLATED)
_4823_/A2                               1.500000    1.581779   -0.081780 (VIOLATED)
ANTENNA__4817__A0/DIODE                 1.500000    1.581776   -0.081777 (VIOLATED)
ANTENNA__4823__A2/DIODE                 1.500000    1.581766   -0.081766 (VIOLATED)
ANTENNA_50/DIODE                        1.500000    1.581764   -0.081764 (VIOLATED)
_4817_/A0                               1.500000    1.581620   -0.081620 (VIOLATED)
_8056_/B2                               1.500000    1.581405   -0.081405 (VIOLATED)
ANTENNA__8056__B2/DIODE                 1.500000    1.581360   -0.081360 (VIOLATED)
hold1518/X                              1.498918    1.578322   -0.079404 (VIOLATED)
ANTENNA_mprj.team_09_Wrapper.team_09_WB.instance_to_wrap_gpio_out[0]/DIODE    1.500000    1.579312   -0.079312 (VIOLATED)
mprj.team_09_Wrapper.team_09_WB.instance_to_wrap/gpio_out[0]    1.500000    1.579312   -0.079312 (VIOLATED)
ANTENNA_mprj.team_02_Wrapper.team_02_WB.instance_to_wrap_gpio_out[22]/DIODE    1.500000    1.579291   -0.079291 (VIOLATED)
mprj.team_02_Wrapper.team_02_WB.instance_to_wrap/gpio_out[22]    1.500000    1.579291   -0.079291 (VIOLATED)
_5186_/A1                               1.500000    1.579039   -0.079040 (VIOLATED)
ANTENNA__5186__A1/DIODE                 1.500000    1.579035   -0.079035 (VIOLATED)
ANTENNA_mprj.team_03_Wrapper.team_03_WB.instance_to_wrap_DAT_O[22]/DIODE    1.500000    1.578981   -0.078981 (VIOLATED)
mprj.team_03_Wrapper.team_03_WB.instance_to_wrap/DAT_O[22]    1.500000    1.578981   -0.078981 (VIOLATED)
ANTENNA_hold1555_A/DIODE                1.500000    1.578945   -0.078945 (VIOLATED)
hold1555/A                              1.500000    1.578925   -0.078925 (VIOLATED)
ANTENNA_873/DIODE                       1.500000    1.578899   -0.078899 (VIOLATED)
ANTENNA_hold1518_X/DIODE                1.500000    1.578322   -0.078322 (VIOLATED)
ANTENNA_119/DIODE                       1.500000    1.577864   -0.077864 (VIOLATED)
ANTENNA__6191__A/DIODE                  1.500000    1.577815   -0.077815 (VIOLATED)
_6191_/A                                1.500000    1.577807   -0.077807 (VIOLATED)
_7936_/A1                               1.500000    1.577534   -0.077534 (VIOLATED)
ANTENNA__7936__A1/DIODE                 1.500000    1.577487   -0.077487 (VIOLATED)
wire683/A                               1.500000    1.577392   -0.077392 (VIOLATED)
mprj.team_07_Wrapper.team_07_WB.instance_to_wrap/gpio_in[26]    1.500000    1.577292   -0.077292 (VIOLATED)
ANTENNA_mprj.team_07_Wrapper.team_07_WB.instance_to_wrap_gpio_in[26]/DIODE    1.500000    1.577289   -0.077289 (VIOLATED)
ANTENNA_wire683_A/DIODE                 1.500000    1.577145   -0.077146 (VIOLATED)
mprj.team_06_Wrapper.team_06_WB.instance_to_wrap/gpio_in[32]    1.500000    1.575849   -0.075849 (VIOLATED)
output125/A                             1.500000    1.575044   -0.075044 (VIOLATED)
ANTENNA_output125_A/DIODE               1.500000    1.574976   -0.074976 (VIOLATED)
_8117_/Y                                1.495733    1.569979   -0.074246 (VIOLATED)
ANTENNA__6563__X/DIODE                  1.500000    1.573305   -0.073305 (VIOLATED)
_6563_/X                                1.500000    1.573284   -0.073284 (VIOLATED)
_6736_/A1                               1.500000    1.573254   -0.073254 (VIOLATED)
ANTENNA__6736__A1/DIODE                 1.500000    1.573233   -0.073233 (VIOLATED)
output157/A                             1.500000    1.570931   -0.070931 (VIOLATED)
ANTENNA_output157_A/DIODE               1.500000    1.570782   -0.070782 (VIOLATED)
ANTENNA_mprj.team_06_Wrapper.team_06_WB.instance_to_wrap_gpio_in[27]/DIODE    1.500000    1.570581   -0.070581 (VIOLATED)
ANTENNA__8117__Y/DIODE                  1.500000    1.569999   -0.069999 (VIOLATED)
mprj.team_06_Wrapper.team_06_WB.instance_to_wrap/gpio_in[27]    1.500000    1.569145   -0.069145 (VIOLATED)
ANTENNA__7678__X/DIODE                  1.500000    1.568759   -0.068759 (VIOLATED)
_7678_/X                                1.500000    1.568705   -0.068705 (VIOLATED)
wire790/A                               1.500000    1.568145   -0.068145 (VIOLATED)
ANTENNA_mprj.team_04_Wrapper.team_04_WB.instance_to_wrap_gpio_out[3]/DIODE    1.500000    1.568038   -0.068039 (VIOLATED)
mprj.team_04_Wrapper.team_04_WB.instance_to_wrap/gpio_out[3]    1.500000    1.568038   -0.068039 (VIOLATED)
ANTENNA_wire790_A/DIODE                 1.500000    1.567791   -0.067791 (VIOLATED)
mprj.team_11_Wrapper.team_11_WB.instance_to_wrap/nrst    1.500000    1.567394   -0.067394 (VIOLATED)
ANTENNA_mprj.team_02_Wrapper.team_02_WB.instance_to_wrap_gpio_out[10]/DIODE    1.500000    1.567300   -0.067300 (VIOLATED)
mprj.team_02_Wrapper.team_02_WB.instance_to_wrap/gpio_out[10]    1.500000    1.567288   -0.067289 (VIOLATED)
ANTENNA_mprj.team_11_Wrapper.team_11_WB.instance_to_wrap_nrst/DIODE    1.500000    1.567252   -0.067252 (VIOLATED)
_7362_/Y                                1.495733    1.562787   -0.067054 (VIOLATED)
_4397_/A2                               1.500000    1.566073   -0.066073 (VIOLATED)
_4391_/A1                               1.500000    1.566057   -0.066057 (VIOLATED)
ANTENNA__4397__A2/DIODE                 1.500000    1.566030   -0.066030 (VIOLATED)
ANTENNA__4391__A1/DIODE                 1.500000    1.565947   -0.065947 (VIOLATED)
ANTENNA_mprj.team_07_Wrapper.team_07_WB.instance_to_wrap_en/DIODE    1.500000    1.565032   -0.065032 (VIOLATED)
mprj.team_07_Wrapper.team_07_WB.instance_to_wrap/en    1.500000    1.564963   -0.064963 (VIOLATED)
_8016_/A1                               1.500000    1.564210   -0.064210 (VIOLATED)
ANTENNA__8016__A1/DIODE                 1.500000    1.564199   -0.064199 (VIOLATED)
ANTENNA_mprj.team_05_Wrapper.team_05_WB.instance_to_wrap_gpio_in[2]/DIODE    1.500000    1.564045   -0.064045 (VIOLATED)
mprj.team_05_Wrapper.team_05_WB.instance_to_wrap/gpio_in[2]    1.500000    1.563913   -0.063913 (VIOLATED)
_4408_/A2                               1.500000    1.562897   -0.062897 (VIOLATED)
_4402_/A1                               1.500000    1.562886   -0.062886 (VIOLATED)
ANTENNA__4402__A1/DIODE                 1.500000    1.562869   -0.062869 (VIOLATED)
ANTENNA__4408__A2/DIODE                 1.500000    1.562801   -0.062802 (VIOLATED)
ANTENNA__7362__Y/DIODE                  1.500000    1.562796   -0.062796 (VIOLATED)
mprj.sram.sram_inst/din0[18]            1.500000    1.562787   -0.062787 (VIOLATED)
hold911/A                               1.500000    1.562416   -0.062416 (VIOLATED)
ANTENNA_mprj.team_03_Wrapper.team_03_WB.instance_to_wrap_DAT_O[26]/DIODE    1.500000    1.562197   -0.062197 (VIOLATED)
mprj.team_03_Wrapper.team_03_WB.instance_to_wrap/DAT_O[26]    1.500000    1.562163   -0.062163 (VIOLATED)
_4560_/A2                               1.500000    1.558824   -0.058824 (VIOLATED)
ANTENNA__4560__A2/DIODE                 1.500000    1.558819   -0.058820 (VIOLATED)
_4781_/B                                1.500000    1.558780   -0.058780 (VIOLATED)
ANTENNA__4781__B/DIODE                  1.500000    1.558771   -0.058771 (VIOLATED)
_4816_/A                                1.500000    1.558701   -0.058701 (VIOLATED)
ANTENNA__4816__A/DIODE                  1.500000    1.558684   -0.058684 (VIOLATED)
_4280_/B                                1.500000    1.558583   -0.058583 (VIOLATED)
ANTENNA__4280__B/DIODE                  1.500000    1.558579   -0.058579 (VIOLATED)
hold667/X                               1.498918    1.557158   -0.058240 (VIOLATED)
ANTENNA_hold667_X/DIODE                 1.500000    1.557158   -0.057158 (VIOLATED)
_5543_/B                                1.500000    1.556960   -0.056960 (VIOLATED)
ANTENNA__5543__B/DIODE                  1.500000    1.556955   -0.056955 (VIOLATED)
_6453_/X                                1.498177    1.554919   -0.056742 (VIOLATED)
ANTENNA_mprj.team_06_Wrapper.team_06_WB.instance_to_wrap_gpio_oeb[15]/DIODE    1.500000    1.556713   -0.056713 (VIOLATED)
mprj.team_06_Wrapper.team_06_WB.instance_to_wrap/gpio_oeb[15]    1.500000    1.556713   -0.056713 (VIOLATED)
ANTENNA__4205__A1/DIODE                 1.500000    1.556358   -0.056358 (VIOLATED)
_4205_/A1                               1.500000    1.556348   -0.056348 (VIOLATED)
ANTENNA__4212__A2/DIODE                 1.500000    1.556278   -0.056278 (VIOLATED)
_4212_/A2                               1.500000    1.556248   -0.056248 (VIOLATED)
hold6/X                                 1.498918    1.554880   -0.055962 (VIOLATED)
ANTENNA_hold46_A/DIODE                  1.500000    1.555817   -0.055817 (VIOLATED)
hold46/A                                1.500000    1.555799   -0.055799 (VIOLATED)
ANTENNA_mprj.team_03_Wrapper.team_03_WB.instance_to_wrap_DAT_O[5]/DIODE    1.500000    1.555601   -0.055601 (VIOLATED)
mprj.team_03_Wrapper.team_03_WB.instance_to_wrap/DAT_O[5]    1.500000    1.555596   -0.055596 (VIOLATED)
ANTENNA__4902__A1/DIODE                 1.500000    1.555462   -0.055462 (VIOLATED)
ANTENNA_mprj.team_06_Wrapper.team_06_WB.instance_to_wrap_gpio_out[25]/DIODE    1.500000    1.555462   -0.055462 (VIOLATED)
mprj.team_06_Wrapper.team_06_WB.instance_to_wrap/gpio_out[25]    1.500000    1.555462   -0.055462 (VIOLATED)
_4908_/A2                               1.500000    1.555461   -0.055461 (VIOLATED)
ANTENNA__4908__A2/DIODE                 1.500000    1.555454   -0.055454 (VIOLATED)
_4902_/A1                               1.500000    1.555442   -0.055442 (VIOLATED)
ANTENNA__4330__A2/DIODE                 1.500000    1.555308   -0.055308 (VIOLATED)
_4330_/A2                               1.500000    1.555303   -0.055303 (VIOLATED)
_4324_/A1                               1.500000    1.555141   -0.055141 (VIOLATED)
ANTENNA__4324__A1/DIODE                 1.500000    1.555133   -0.055133 (VIOLATED)
ANTENNA__6453__X/DIODE                  1.500000    1.554924   -0.054924 (VIOLATED)
_8059_/X                                1.498177    1.553086   -0.054909 (VIOLATED)
ANTENNA_hold6_X/DIODE                   1.500000    1.554880   -0.054880 (VIOLATED)
ANTENNA_mprj.team_03_Wrapper.team_03_WB.instance_to_wrap_DAT_O[17]/DIODE    1.500000    1.554520   -0.054520 (VIOLATED)
mprj.team_03_Wrapper.team_03_WB.instance_to_wrap/DAT_O[17]    1.500000    1.554502   -0.054502 (VIOLATED)
ANTENNA_hold911_A/DIODE                 1.500000    1.554000   -0.054000 (VIOLATED)
ANTENNA__8059__X/DIODE                  1.500000    1.553100   -0.053100 (VIOLATED)
ANTENNA_mprj.sram.sram_inst_din0[11]/DIODE    1.500000    1.552457   -0.052457 (VIOLATED)
_7360_/Y                                1.495733    1.546296   -0.050563 (VIOLATED)
ANTENNA_mprj.team_08_Wrapper.team_08_WB.instance_to_wrap_gpio_in[29]/DIODE    1.500000    1.550180   -0.050180 (VIOLATED)
ANTENNA_mprj.team_03_Wrapper.team_03_WB.instance_to_wrap_ADR_O[29]/DIODE    1.500000    1.546354   -0.046354 (VIOLATED)
mprj.team_03_Wrapper.team_03_WB.instance_to_wrap/ADR_O[29]    1.500000    1.546309   -0.046309 (VIOLATED)
ANTENNA__7360__Y/DIODE                  1.500000    1.546302   -0.046302 (VIOLATED)
mprj.sram.sram_inst/din0[20]            1.500000    1.546296   -0.046296 (VIOLATED)
_4341_/A2                               1.500000    1.545237   -0.045237 (VIOLATED)
ANTENNA_mprj.team_01_Wrapper.team_01_WB.instance_to_wrap_DAT_O[21]/DIODE    1.500000    1.545226   -0.045226 (VIOLATED)
mprj.team_01_Wrapper.team_01_WB.instance_to_wrap/DAT_O[21]    1.500000    1.545226   -0.045226 (VIOLATED)
ANTENNA__4341__A2/DIODE                 1.500000    1.545195   -0.045195 (VIOLATED)
_7740_/A1                               1.500000    1.545180   -0.045180 (VIOLATED)
ANTENNA__7740__A1/DIODE                 1.500000    1.545171   -0.045171 (VIOLATED)
_4335_/A1                               1.500000    1.545168   -0.045168 (VIOLATED)
ANTENNA__4335__A1/DIODE                 1.500000    1.545055   -0.045055 (VIOLATED)
_7470_/B                                1.500000    1.543842   -0.043842 (VIOLATED)
ANTENNA__7470__B/DIODE                  1.500000    1.543813   -0.043814 (VIOLATED)
ANTENNA_mprj.team_01_Wrapper.team_01_WB.instance_to_wrap_gpio_out[2]/DIODE    1.500000    1.542445   -0.042445 (VIOLATED)
mprj.team_01_Wrapper.team_01_WB.instance_to_wrap/gpio_out[2]    1.500000    1.542445   -0.042445 (VIOLATED)
ANTENNA_mprj.team_03_Wrapper.team_03_WB.instance_to_wrap_ADR_O[10]/DIODE    1.500000    1.541821   -0.041821 (VIOLATED)
mprj.team_03_Wrapper.team_03_WB.instance_to_wrap/ADR_O[10]    1.500000    1.541778   -0.041778 (VIOLATED)
ANTENNA_mprj.sram.sram_inst_din0[1]/DIODE    1.500000    1.541767   -0.041768 (VIOLATED)
ANTENNA__4389__A1/DIODE                 1.500000    1.539400   -0.039400 (VIOLATED)
_4394_/A2                               1.500000    1.539399   -0.039399 (VIOLATED)
_4389_/A1                               1.500000    1.539386   -0.039386 (VIOLATED)
ANTENNA__4394__A2/DIODE                 1.500000    1.539214   -0.039215 (VIOLATED)
hold1701/X                              1.498918    1.537459   -0.038541 (VIOLATED)
ANTENNA_mprj.team_04_Wrapper.team_04_WB.instance_to_wrap_memory_size[14]/DIODE    1.500000    1.537523   -0.037523 (VIOLATED)
mprj.team_04_Wrapper.team_04_WB.instance_to_wrap/memory_size[14]    1.500000    1.537521   -0.037521 (VIOLATED)
_5172_/A1                               1.500000    1.537492   -0.037492 (VIOLATED)
ANTENNA__5172__A1/DIODE                 1.500000    1.537490   -0.037490 (VIOLATED)
ANTENNA_hold1701_X/DIODE                1.500000    1.537459   -0.037459 (VIOLATED)
ANTENNA_mprj.team_06_Wrapper.team_06_WB.instance_to_wrap_gpio_out[6]/DIODE    1.500000    1.537398   -0.037398 (VIOLATED)
mprj.team_06_Wrapper.team_06_WB.instance_to_wrap/gpio_out[6]    1.500000    1.537398   -0.037398 (VIOLATED)
_7249_/B1                               1.500000    1.537222   -0.037222 (VIOLATED)
ANTENNA__7249__B1/DIODE                 1.500000    1.537215   -0.037215 (VIOLATED)
_5451_/B                                1.500000    1.537192   -0.037192 (VIOLATED)
ANTENNA__5451__B/DIODE                  1.500000    1.537183   -0.037183 (VIOLATED)
hold883/X                               1.498918    1.535428   -0.036510 (VIOLATED)
_4445_/A2                               1.500000    1.536335   -0.036335 (VIOLATED)
ANTENNA__4445__A2/DIODE                 1.500000    1.536309   -0.036309 (VIOLATED)
_4439_/A1                               1.500000    1.536278   -0.036278 (VIOLATED)
_4689_/B                                1.500000    1.536223   -0.036223 (VIOLATED)
ANTENNA__4439__A1/DIODE                 1.500000    1.536194   -0.036194 (VIOLATED)
ANTENNA__4689__B/DIODE                  1.500000    1.536193   -0.036194 (VIOLATED)
ANTENNA_38/DIODE                        1.500000    1.536141   -0.036141 (VIOLATED)
ANTENNA__7267__B1/DIODE                 1.500000    1.536085   -0.036085 (VIOLATED)
_7267_/B1                               1.500000    1.536071   -0.036071 (VIOLATED)
hold1051/X                              1.498918    1.534523   -0.035605 (VIOLATED)
ANTENNA_hold883_X/DIODE                 1.500000    1.535428   -0.035428 (VIOLATED)
ANTENNA_mprj.team_01_Wrapper.team_01_WB.instance_to_wrap_DAT_O[22]/DIODE    1.500000    1.534819   -0.034819 (VIOLATED)
mprj.team_01_Wrapper.team_01_WB.instance_to_wrap/DAT_O[22]    1.500000    1.534819   -0.034819 (VIOLATED)
ANTENNA_mprj.team_03_Wrapper.team_03_WB.instance_to_wrap_DAT_O[13]/DIODE    1.500000    1.534673   -0.034673 (VIOLATED)
mprj.team_03_Wrapper.team_03_WB.instance_to_wrap/DAT_O[13]    1.500000    1.534667   -0.034667 (VIOLATED)
ANTENNA_hold1051_X/DIODE                1.500000    1.534523   -0.034523 (VIOLATED)
ANTENNA_mprj.team_09_Wrapper.team_09_WB.instance_to_wrap_gpio_in[12]/DIODE    1.500000    1.534309   -0.034309 (VIOLATED)
mprj.team_09_Wrapper.team_09_WB.instance_to_wrap/gpio_in[12]    1.500000    1.534152   -0.034152 (VIOLATED)
ANTENNA_mprj.team_01_Wrapper.team_01_WB.instance_to_wrap_gpio_in[17]/DIODE    1.500000    1.534134   -0.034134 (VIOLATED)
mprj.team_01_Wrapper.team_01_WB.instance_to_wrap/gpio_in[17]    1.500000    1.534078   -0.034078 (VIOLATED)
ANTENNA_mprj.team_05_Wrapper.team_05_WB.instance_to_wrap_gpio_out[3]/DIODE    1.500000    1.534067   -0.034067 (VIOLATED)
mprj.team_05_Wrapper.team_05_WB.instance_to_wrap/gpio_out[3]    1.500000    1.534056   -0.034057 (VIOLATED)
ANTENNA_mprj.team_03_Wrapper.team_03_WB.instance_to_wrap_ADR_O[0]/DIODE    1.500000    1.533290   -0.033290 (VIOLATED)
mprj.team_03_Wrapper.team_03_WB.instance_to_wrap/ADR_O[0]    1.500000    1.533280   -0.033280 (VIOLATED)
_4981_/A1                               1.500000    1.532810   -0.032810 (VIOLATED)
ANTENNA__4981__A1/DIODE                 1.500000    1.532773   -0.032774 (VIOLATED)
ANTENNA__4987__A2/DIODE                 1.500000    1.532700   -0.032700 (VIOLATED)
_4987_/A2                               1.500000    1.532639   -0.032639 (VIOLATED)
mprj.team_08_Wrapper.team_08_WB.instance_to_wrap/gpio_in[29]    1.500000    1.532608   -0.032608 (VIOLATED)
ANTENNA_mprj.team_06_Wrapper.team_06_WB.instance_to_wrap_gpio_oeb[9]/DIODE    1.500000    1.531335   -0.031335 (VIOLATED)
mprj.team_06_Wrapper.team_06_WB.instance_to_wrap/gpio_oeb[9]    1.500000    1.531246   -0.031246 (VIOLATED)
ANTENNA_mprj.team_07_Wrapper.team_07_WB.instance_to_wrap_gpio_in[23]/DIODE    1.500000    1.530335   -0.030335 (VIOLATED)
mprj.team_07_Wrapper.team_07_WB.instance_to_wrap/gpio_in[23]    1.500000    1.530319   -0.030319 (VIOLATED)
_6930_/Y                                1.488467    1.517285   -0.028818 (VIOLATED)
ANTENNA_mprj.team_05_Wrapper.team_05_WB.instance_to_wrap_gpio_out[7]/DIODE    1.500000    1.528681   -0.028681 (VIOLATED)
mprj.team_05_Wrapper.team_05_WB.instance_to_wrap/gpio_out[7]    1.500000    1.528675   -0.028675 (VIOLATED)
_6345_/A3                               1.500000    1.528197   -0.028197 (VIOLATED)
ANTENNA__6345__A3/DIODE                 1.500000    1.528185   -0.028185 (VIOLATED)
mprj.team_12_Wrapper.team_12_WB.instance_to_wrap/en    1.500000    1.527407   -0.027407 (VIOLATED)
ANTENNA_mprj.team_12_Wrapper.team_12_WB.instance_to_wrap_en/DIODE    1.500000    1.527406   -0.027407 (VIOLATED)
_5543_/C_N                              1.500000    1.527335   -0.027335 (VIOLATED)
ANTENNA__5543__C_N/DIODE                1.500000    1.527330   -0.027330 (VIOLATED)
ANTENNA__5018__A0/DIODE                 1.500000    1.526488   -0.026488 (VIOLATED)
_5018_/A0                               1.500000    1.526478   -0.026478 (VIOLATED)
ANTENNA__5024__A2/DIODE                 1.500000    1.526438   -0.026438 (VIOLATED)
_5024_/A2                               1.500000    1.526428   -0.026428 (VIOLATED)
hold35/A                                1.500000    1.526256   -0.026256 (VIOLATED)
ANTENNA_hold35_A/DIODE                  1.500000    1.526210   -0.026210 (VIOLATED)
hold1706/X                              1.498918    1.524971   -0.026053 (VIOLATED)
hold2/X                                 1.498918    1.524727   -0.025809 (VIOLATED)
ANTENNA_hold1706_X/DIODE                1.500000    1.524978   -0.024978 (VIOLATED)
_7980_/A1                               1.500000    1.524948   -0.024948 (VIOLATED)
ANTENNA__7980__A1/DIODE                 1.500000    1.524924   -0.024924 (VIOLATED)
ANTENNA_hold2_X/DIODE                   1.500000    1.524727   -0.024727 (VIOLATED)
_7363_/Y                                1.495733    1.519231   -0.023498 (VIOLATED)
_4707_/A1                               1.500000    1.523370   -0.023370 (VIOLATED)
ANTENNA__4707__A1/DIODE                 1.500000    1.523349   -0.023349 (VIOLATED)
ANTENNA_mprj.team_01_Wrapper.team_01_WB.instance_to_wrap_ADR_O[4]/DIODE    1.500000    1.523227   -0.023227 (VIOLATED)
mprj.team_01_Wrapper.team_01_WB.instance_to_wrap/ADR_O[4]    1.500000    1.523215   -0.023215 (VIOLATED)
_4714_/B                                1.500000    1.523131   -0.023131 (VIOLATED)
ANTENNA__4714__B/DIODE                  1.500000    1.523122   -0.023122 (VIOLATED)
ANTENNA_mprj.team_08_Wrapper.team_08_WB.instance_to_wrap_gpio_out[28]/DIODE    1.500000    1.523030   -0.023030 (VIOLATED)
mprj.team_08_Wrapper.team_08_WB.instance_to_wrap/gpio_out[28]    1.500000    1.523030   -0.023030 (VIOLATED)
mprj.team_04_Wrapper.team_04_WB.instance_to_wrap/gpio_in[24]    1.500000    1.522516   -0.022516 (VIOLATED)
ANTENNA_mprj.team_04_Wrapper.team_04_WB.instance_to_wrap_gpio_in[24]/DIODE    1.500000    1.522444   -0.022444 (VIOLATED)
_6700_/A                                1.500000    1.522412   -0.022412 (VIOLATED)
ANTENNA__6700__A/DIODE                  1.500000    1.522384   -0.022384 (VIOLATED)
_4790_/D                                1.500000    1.522143   -0.022143 (VIOLATED)
ANTENNA__4790__D/DIODE                  1.500000    1.522141   -0.022141 (VIOLATED)
ANTENNA_mprj.team_06_Wrapper.team_06_WB.instance_to_wrap_gpio_oeb[16]/DIODE    1.500000    1.521606   -0.021606 (VIOLATED)
mprj.team_06_Wrapper.team_06_WB.instance_to_wrap/gpio_oeb[16]    1.500000    1.521603   -0.021603 (VIOLATED)
hold1770/X                              1.498918    1.520301   -0.021383 (VIOLATED)
ANTENNA_mprj.team_03_Wrapper.team_03_WB.instance_to_wrap_ADR_O[19]/DIODE    1.500000    1.521055   -0.021055 (VIOLATED)
mprj.team_03_Wrapper.team_03_WB.instance_to_wrap/ADR_O[19]    1.500000    1.521055   -0.021055 (VIOLATED)
ANTENNA_hold1770_X/DIODE                1.500000    1.520301   -0.020301 (VIOLATED)
output122/A                             1.500000    1.519688   -0.019688 (VIOLATED)
ANTENNA_mprj.team_08_Wrapper.team_08_WB.instance_to_wrap_gpio_out[7]/DIODE    1.500000    1.519636   -0.019636 (VIOLATED)
ANTENNA_output122_A/DIODE               1.500000    1.519600   -0.019600 (VIOLATED)
mprj.team_08_Wrapper.team_08_WB.instance_to_wrap/gpio_out[7]    1.500000    1.519560   -0.019560 (VIOLATED)
ANTENNA__7363__Y/DIODE                  1.500000    1.519245   -0.019245 (VIOLATED)
mprj.sram.sram_inst/din0[17]            1.500000    1.519231   -0.019231 (VIOLATED)
_6562_/A1                               1.500000    1.519186   -0.019186 (VIOLATED)
ANTENNA__6562__A1/DIODE                 1.500000    1.519152   -0.019152 (VIOLATED)
output164/A                             1.500000    1.518951   -0.018951 (VIOLATED)
ANTENNA_output164_A/DIODE               1.500000    1.518884   -0.018884 (VIOLATED)
ANTENNA_mprj.team_09_Wrapper.team_09_WB.instance_to_wrap_gpio_in[4]/DIODE    1.500000    1.518566   -0.018566 (VIOLATED)
wire319/A                               1.500000    1.518142   -0.018142 (VIOLATED)
ANTENNA_wire319_A/DIODE                 1.500000    1.518141   -0.018141 (VIOLATED)
_4292_/A2                               1.500000    1.517879   -0.017879 (VIOLATED)
ANTENNA__4292__A2/DIODE                 1.500000    1.517875   -0.017875 (VIOLATED)
_4286_/A1                               1.500000    1.517838   -0.017838 (VIOLATED)
ANTENNA_mprj.team_07_Wrapper.team_07_WB.instance_to_wrap_gpio_out[17]/DIODE    1.500000    1.517826   -0.017827 (VIOLATED)
mprj.team_07_Wrapper.team_07_WB.instance_to_wrap/gpio_out[17]    1.500000    1.517826   -0.017827 (VIOLATED)
ANTENNA__4286__A1/DIODE                 1.500000    1.517768   -0.017768 (VIOLATED)
hold1303/X                              1.498918    1.516485   -0.017567 (VIOLATED)
_6972_/A                                1.500000    1.517482   -0.017482 (VIOLATED)
ANTENNA__6972__A/DIODE                  1.500000    1.517467   -0.017468 (VIOLATED)
ANTENNA__6930__Y/DIODE                  1.500000    1.517287   -0.017287 (VIOLATED)
_5285_/A1                               1.500000    1.516498   -0.016498 (VIOLATED)
ANTENNA__5285__A1/DIODE                 1.500000    1.516497   -0.016497 (VIOLATED)
ANTENNA__5290__A1/DIODE                 1.500000    1.516494   -0.016494 (VIOLATED)
_5290_/A1                               1.500000    1.516494   -0.016494 (VIOLATED)
ANTENNA__5289__A1/DIODE                 1.500000    1.516493   -0.016493 (VIOLATED)
_5289_/A1                               1.500000    1.516493   -0.016493 (VIOLATED)
_4296_/C                                1.500000    1.516492   -0.016492 (VIOLATED)
ANTENNA__4296__C/DIODE                  1.500000    1.516491   -0.016491 (VIOLATED)
ANTENNA__5293__A/DIODE                  1.500000    1.516490   -0.016490 (VIOLATED)
_5293_/A                                1.500000    1.516489   -0.016489 (VIOLATED)
_7397_/A                                1.500000    1.516488   -0.016488 (VIOLATED)
ANTENNA__7397__A/DIODE                  1.500000    1.516487   -0.016488 (VIOLATED)
ANTENNA_hold1303_X/DIODE                1.500000    1.516485   -0.016485 (VIOLATED)
mprj.team_09_Wrapper.team_09_WB.instance_to_wrap/gpio_in[4]    1.500000    1.514276   -0.014276 (VIOLATED)
_6309_/A1                               1.500000    1.514172   -0.014172 (VIOLATED)
ANTENNA__6309__A1/DIODE                 1.500000    1.514073   -0.014073 (VIOLATED)
ANTENNA_mprj.team_03_Wrapper.team_03_WB.instance_to_wrap_DAT_O[25]/DIODE    1.500000    1.513677   -0.013677 (VIOLATED)
mprj.team_03_Wrapper.team_03_WB.instance_to_wrap/DAT_O[25]    1.500000    1.513677   -0.013677 (VIOLATED)
ANTENNA_mprj.team_11_Wrapper.team_11_WB.instance_to_wrap_gpio_out[18]/DIODE    1.500000    1.512900   -0.012900 (VIOLATED)
mprj.team_11_Wrapper.team_11_WB.instance_to_wrap/gpio_out[18]    1.500000    1.512900   -0.012900 (VIOLATED)
mprj.team_03_Wrapper.team_03_WB.instance_to_wrap/gpio_in[24]    1.500000    1.511216   -0.011216 (VIOLATED)
ANTENNA_mprj.team_03_Wrapper.team_03_WB.instance_to_wrap_gpio_in[24]/DIODE    1.500000    1.510927   -0.010927 (VIOLATED)
ANTENNA_mprj.team_06_Wrapper.team_06_WB.instance_to_wrap_gpio_out[8]/DIODE    1.500000    1.510163   -0.010163 (VIOLATED)
mprj.team_06_Wrapper.team_06_WB.instance_to_wrap/gpio_out[8]    1.500000    1.510163   -0.010163 (VIOLATED)
ANTENNA_mprj.team_03_Wrapper.team_03_WB.instance_to_wrap_ADR_O[9]/DIODE    1.500000    1.505917   -0.005917 (VIOLATED)
mprj.team_03_Wrapper.team_03_WB.instance_to_wrap/ADR_O[9]    1.500000    1.505917   -0.005917 (VIOLATED)
_7577_/B                                1.500000    1.503345   -0.003345 (VIOLATED)
ANTENNA__7577__B/DIODE                  1.500000    1.503306   -0.003306 (VIOLATED)
ANTENNA_mprj.team_11_Wrapper.team_11_WB.instance_to_wrap_gpio_in[20]/DIODE    1.500000    1.502741   -0.002741 (VIOLATED)
mprj.team_11_Wrapper.team_11_WB.instance_to_wrap/gpio_in[20]    1.500000    1.502636   -0.002636 (VIOLATED)

max fanout

Pin                                   Limit Fanout  Slack
---------------------------------------------------------
clkbuf_5_22_0_wb_clk_i_regs/X            10     31    -21 (VIOLATED)
clkbuf_5_12_0_wb_clk_i_regs/X            10     29    -19 (VIOLATED)
clkbuf_5_17_0_wb_clk_i_regs/X            10     29    -19 (VIOLATED)
clkbuf_5_23_0_wb_clk_i_regs/X            10     29    -19 (VIOLATED)
clkbuf_5_20_0_wb_clk_i_regs/X            10     25    -15 (VIOLATED)
hold29/X                                 10     25    -15 (VIOLATED)
mprj.team_09_Wrapper.team_09_WB.instance_to_wrap/gpio_oeb[12]     10     25    -15 (VIOLATED)
clkbuf_5_13_0_wb_clk_i_regs/X            10     23    -13 (VIOLATED)
clkbuf_5_16_0_wb_clk_i_regs/X            10     23    -13 (VIOLATED)
clkbuf_5_26_0_wb_clk_i_regs/X            10     23    -13 (VIOLATED)
clkbuf_5_4_0_wb_clk_i_regs/X             10     23    -13 (VIOLATED)
clkbuf_5_5_0_wb_clk_i_regs/X             10     23    -13 (VIOLATED)
clkbuf_5_6_0_wb_clk_i_regs/X             10     23    -13 (VIOLATED)
clkbuf_5_7_0_wb_clk_i_regs/X             10     23    -13 (VIOLATED)
fanout539/X                              10     23    -13 (VIOLATED)
hold8/X                                  10     23    -13 (VIOLATED)
fanout248/X                              10     22    -12 (VIOLATED)
fanout252/X                              10     22    -12 (VIOLATED)
fanout266/X                              10     22    -12 (VIOLATED)
fanout320/X                              10     22    -12 (VIOLATED)
fanout362/X                              10     22    -12 (VIOLATED)
fanout399/X                              10     22    -12 (VIOLATED)
fanout564/X                              10     22    -12 (VIOLATED)
fanout572/X                              10     22    -12 (VIOLATED)
fanout573/X                              10     22    -12 (VIOLATED)
fanout625/X                              10     22    -12 (VIOLATED)
_4075_/Y                                 10     21    -11 (VIOLATED)
_4168_/Y                                 10     21    -11 (VIOLATED)
_4270_/Y                                 10     21    -11 (VIOLATED)
_4305_/Y                                 10     21    -11 (VIOLATED)
_8561_/Q                                 10     21    -11 (VIOLATED)
_8580_/Q                                 10     21    -11 (VIOLATED)
_8622_/Q                                 10     21    -11 (VIOLATED)
_8652_/Q                                 10     21    -11 (VIOLATED)
_8664_/Q                                 10     21    -11 (VIOLATED)
_8847_/Q                                 10     21    -11 (VIOLATED)
_8848_/Q                                 10     21    -11 (VIOLATED)
fanout208/X                              10     21    -11 (VIOLATED)
fanout211/X                              10     21    -11 (VIOLATED)
fanout212/X                              10     21    -11 (VIOLATED)
fanout213/X                              10     21    -11 (VIOLATED)
fanout215/X                              10     21    -11 (VIOLATED)
fanout217/X                              10     21    -11 (VIOLATED)
fanout219/X                              10     21    -11 (VIOLATED)
fanout221/X                              10     21    -11 (VIOLATED)
fanout223/X                              10     21    -11 (VIOLATED)
fanout225/X                              10     21    -11 (VIOLATED)
fanout227/X                              10     21    -11 (VIOLATED)
fanout229/X                              10     21    -11 (VIOLATED)
fanout230/X                              10     21    -11 (VIOLATED)
fanout231/X                              10     21    -11 (VIOLATED)
fanout232/X                              10     21    -11 (VIOLATED)
fanout235/X                              10     21    -11 (VIOLATED)
fanout236/X                              10     21    -11 (VIOLATED)
fanout239/X                              10     21    -11 (VIOLATED)
fanout240/X                              10     21    -11 (VIOLATED)
fanout241/X                              10     21    -11 (VIOLATED)
fanout242/X                              10     21    -11 (VIOLATED)
fanout245/X                              10     21    -11 (VIOLATED)
fanout247/X                              10     21    -11 (VIOLATED)
fanout250/X                              10     21    -11 (VIOLATED)
fanout253/X                              10     21    -11 (VIOLATED)
fanout255/X                              10     21    -11 (VIOLATED)
fanout256/X                              10     21    -11 (VIOLATED)
fanout257/X                              10     21    -11 (VIOLATED)
fanout259/X                              10     21    -11 (VIOLATED)
fanout263/X                              10     21    -11 (VIOLATED)
fanout268/X                              10     21    -11 (VIOLATED)
fanout272/X                              10     21    -11 (VIOLATED)
fanout275/X                              10     21    -11 (VIOLATED)
fanout277/X                              10     21    -11 (VIOLATED)
fanout279/X                              10     21    -11 (VIOLATED)
fanout280/X                              10     21    -11 (VIOLATED)
fanout282/X                              10     21    -11 (VIOLATED)
fanout283/X                              10     21    -11 (VIOLATED)
fanout286/X                              10     21    -11 (VIOLATED)
fanout287/X                              10     21    -11 (VIOLATED)
fanout289/X                              10     21    -11 (VIOLATED)
fanout290/X                              10     21    -11 (VIOLATED)
fanout292/X                              10     21    -11 (VIOLATED)
fanout294/X                              10     21    -11 (VIOLATED)
fanout296/X                              10     21    -11 (VIOLATED)
fanout297/X                              10     21    -11 (VIOLATED)
fanout299/X                              10     21    -11 (VIOLATED)
fanout300/X                              10     21    -11 (VIOLATED)
fanout302/X                              10     21    -11 (VIOLATED)
fanout303/X                              10     21    -11 (VIOLATED)
fanout305/X                              10     21    -11 (VIOLATED)
fanout306/X                              10     21    -11 (VIOLATED)
fanout308/X                              10     21    -11 (VIOLATED)
fanout311/X                              10     21    -11 (VIOLATED)
fanout312/X                              10     21    -11 (VIOLATED)
fanout316/X                              10     21    -11 (VIOLATED)
fanout325/X                              10     21    -11 (VIOLATED)
fanout326/X                              10     21    -11 (VIOLATED)
fanout329/X                              10     21    -11 (VIOLATED)
fanout330/X                              10     21    -11 (VIOLATED)
fanout334/X                              10     21    -11 (VIOLATED)
fanout335/X                              10     21    -11 (VIOLATED)
fanout342/X                              10     21    -11 (VIOLATED)
fanout343/X                              10     21    -11 (VIOLATED)
fanout344/X                              10     21    -11 (VIOLATED)
fanout345/X                              10     21    -11 (VIOLATED)
fanout347/X                              10     21    -11 (VIOLATED)
fanout349/X                              10     21    -11 (VIOLATED)
fanout363/X                              10     21    -11 (VIOLATED)
fanout364/X                              10     21    -11 (VIOLATED)
fanout365/X                              10     21    -11 (VIOLATED)
fanout367/X                              10     21    -11 (VIOLATED)
fanout371/X                              10     21    -11 (VIOLATED)
fanout372/X                              10     21    -11 (VIOLATED)
fanout373/X                              10     21    -11 (VIOLATED)
fanout377/X                              10     21    -11 (VIOLATED)
fanout378/X                              10     21    -11 (VIOLATED)
fanout379/X                              10     21    -11 (VIOLATED)
fanout381/X                              10     21    -11 (VIOLATED)
fanout383/X                              10     21    -11 (VIOLATED)
fanout384/X                              10     21    -11 (VIOLATED)
fanout386/X                              10     21    -11 (VIOLATED)
fanout387/X                              10     21    -11 (VIOLATED)
fanout390/X                              10     21    -11 (VIOLATED)
fanout391/X                              10     21    -11 (VIOLATED)
fanout392/X                              10     21    -11 (VIOLATED)
fanout395/X                              10     21    -11 (VIOLATED)
fanout396/X                              10     21    -11 (VIOLATED)
fanout400/X                              10     21    -11 (VIOLATED)
fanout402/X                              10     21    -11 (VIOLATED)
fanout404/X                              10     21    -11 (VIOLATED)
fanout405/X                              10     21    -11 (VIOLATED)
fanout407/X                              10     21    -11 (VIOLATED)
fanout409/X                              10     21    -11 (VIOLATED)
fanout410/X                              10     21    -11 (VIOLATED)
fanout412/X                              10     21    -11 (VIOLATED)
fanout413/X                              10     21    -11 (VIOLATED)
fanout414/X                              10     21    -11 (VIOLATED)
fanout415/X                              10     21    -11 (VIOLATED)
fanout416/X                              10     21    -11 (VIOLATED)
fanout417/X                              10     21    -11 (VIOLATED)
fanout423/X                              10     21    -11 (VIOLATED)
fanout425/X                              10     21    -11 (VIOLATED)
fanout426/X                              10     21    -11 (VIOLATED)
fanout427/X                              10     21    -11 (VIOLATED)
fanout429/X                              10     21    -11 (VIOLATED)
fanout430/X                              10     21    -11 (VIOLATED)
fanout432/X                              10     21    -11 (VIOLATED)
fanout434/X                              10     21    -11 (VIOLATED)
fanout435/X                              10     21    -11 (VIOLATED)
fanout437/X                              10     21    -11 (VIOLATED)
fanout438/X                              10     21    -11 (VIOLATED)
fanout441/X                              10     21    -11 (VIOLATED)
fanout442/X                              10     21    -11 (VIOLATED)
fanout444/X                              10     21    -11 (VIOLATED)
fanout446/X                              10     21    -11 (VIOLATED)
fanout447/X                              10     21    -11 (VIOLATED)
fanout449/X                              10     21    -11 (VIOLATED)
fanout450/X                              10     21    -11 (VIOLATED)
fanout452/X                              10     21    -11 (VIOLATED)
fanout455/X                              10     21    -11 (VIOLATED)
fanout456/X                              10     21    -11 (VIOLATED)
fanout458/X                              10     21    -11 (VIOLATED)
fanout460/X                              10     21    -11 (VIOLATED)
fanout462/X                              10     21    -11 (VIOLATED)
fanout464/X                              10     21    -11 (VIOLATED)
fanout465/X                              10     21    -11 (VIOLATED)
fanout467/X                              10     21    -11 (VIOLATED)
fanout468/X                              10     21    -11 (VIOLATED)
fanout469/X                              10     21    -11 (VIOLATED)
fanout470/X                              10     21    -11 (VIOLATED)
fanout472/X                              10     21    -11 (VIOLATED)
fanout473/X                              10     21    -11 (VIOLATED)
fanout475/X                              10     21    -11 (VIOLATED)
fanout477/X                              10     21    -11 (VIOLATED)
fanout478/X                              10     21    -11 (VIOLATED)
fanout480/X                              10     21    -11 (VIOLATED)
fanout481/X                              10     21    -11 (VIOLATED)
fanout484/X                              10     21    -11 (VIOLATED)
fanout486/X                              10     21    -11 (VIOLATED)
fanout487/X                              10     21    -11 (VIOLATED)
fanout489/X                              10     21    -11 (VIOLATED)
fanout491/X                              10     21    -11 (VIOLATED)
fanout492/X                              10     21    -11 (VIOLATED)
fanout494/X                              10     21    -11 (VIOLATED)
fanout495/X                              10     21    -11 (VIOLATED)
fanout497/X                              10     21    -11 (VIOLATED)
fanout498/X                              10     21    -11 (VIOLATED)
fanout500/X                              10     21    -11 (VIOLATED)
fanout502/X                              10     21    -11 (VIOLATED)
fanout504/X                              10     21    -11 (VIOLATED)
fanout505/X                              10     21    -11 (VIOLATED)
fanout507/X                              10     21    -11 (VIOLATED)
fanout509/X                              10     21    -11 (VIOLATED)
fanout511/X                              10     21    -11 (VIOLATED)
fanout512/X                              10     21    -11 (VIOLATED)
fanout513/X                              10     21    -11 (VIOLATED)
fanout514/X                              10     21    -11 (VIOLATED)
fanout516/X                              10     21    -11 (VIOLATED)
fanout529/X                              10     21    -11 (VIOLATED)
fanout530/X                              10     21    -11 (VIOLATED)
fanout531/X                              10     21    -11 (VIOLATED)
fanout532/X                              10     21    -11 (VIOLATED)
fanout533/X                              10     21    -11 (VIOLATED)
fanout534/X                              10     21    -11 (VIOLATED)
fanout535/X                              10     21    -11 (VIOLATED)
fanout536/X                              10     21    -11 (VIOLATED)
fanout537/X                              10     21    -11 (VIOLATED)
fanout538/X                              10     21    -11 (VIOLATED)
fanout540/X                              10     21    -11 (VIOLATED)
fanout541/X                              10     21    -11 (VIOLATED)
fanout542/X                              10     21    -11 (VIOLATED)
fanout543/X                              10     21    -11 (VIOLATED)
fanout545/X                              10     21    -11 (VIOLATED)
fanout546/X                              10     21    -11 (VIOLATED)
fanout551/X                              10     21    -11 (VIOLATED)
fanout552/X                              10     21    -11 (VIOLATED)
fanout553/X                              10     21    -11 (VIOLATED)
fanout554/X                              10     21    -11 (VIOLATED)
fanout555/X                              10     21    -11 (VIOLATED)
fanout556/X                              10     21    -11 (VIOLATED)
fanout558/X                              10     21    -11 (VIOLATED)
fanout560/X                              10     21    -11 (VIOLATED)
fanout561/X                              10     21    -11 (VIOLATED)
fanout562/X                              10     21    -11 (VIOLATED)
fanout563/X                              10     21    -11 (VIOLATED)
fanout565/X                              10     21    -11 (VIOLATED)
fanout566/X                              10     21    -11 (VIOLATED)
fanout567/X                              10     21    -11 (VIOLATED)
fanout568/X                              10     21    -11 (VIOLATED)
fanout569/X                              10     21    -11 (VIOLATED)
fanout570/X                              10     21    -11 (VIOLATED)
fanout571/X                              10     21    -11 (VIOLATED)
fanout574/X                              10     21    -11 (VIOLATED)
fanout575/X                              10     21    -11 (VIOLATED)
fanout576/X                              10     21    -11 (VIOLATED)
fanout578/X                              10     21    -11 (VIOLATED)
fanout579/X                              10     21    -11 (VIOLATED)
fanout582/X                              10     21    -11 (VIOLATED)
fanout583/X                              10     21    -11 (VIOLATED)
fanout584/X                              10     21    -11 (VIOLATED)
fanout588/X                              10     21    -11 (VIOLATED)
fanout590/X                              10     21    -11 (VIOLATED)
fanout591/X                              10     21    -11 (VIOLATED)
fanout593/X                              10     21    -11 (VIOLATED)
fanout595/X                              10     21    -11 (VIOLATED)
fanout596/X                              10     21    -11 (VIOLATED)
fanout597/X                              10     21    -11 (VIOLATED)
fanout598/X                              10     21    -11 (VIOLATED)
fanout602/X                              10     21    -11 (VIOLATED)
fanout603/X                              10     21    -11 (VIOLATED)
fanout604/X                              10     21    -11 (VIOLATED)
fanout607/X                              10     21    -11 (VIOLATED)
fanout608/X                              10     21    -11 (VIOLATED)
fanout609/X                              10     21    -11 (VIOLATED)
fanout610/X                              10     21    -11 (VIOLATED)
fanout612/X                              10     21    -11 (VIOLATED)
fanout615/X                              10     21    -11 (VIOLATED)
fanout616/X                              10     21    -11 (VIOLATED)
fanout617/X                              10     21    -11 (VIOLATED)
fanout619/X                              10     21    -11 (VIOLATED)
fanout623/X                              10     21    -11 (VIOLATED)
fanout624/X                              10     21    -11 (VIOLATED)
fanout628/X                              10     21    -11 (VIOLATED)
fanout630/X                              10     21    -11 (VIOLATED)
fanout632/X                              10     21    -11 (VIOLATED)
fanout633/X                              10     21    -11 (VIOLATED)
fanout634/X                              10     21    -11 (VIOLATED)
fanout635/X                              10     21    -11 (VIOLATED)
fanout638/X                              10     21    -11 (VIOLATED)
fanout674/X                              10     21    -11 (VIOLATED)
fanout677/X                              10     21    -11 (VIOLATED)
fanout693/X                              10     21    -11 (VIOLATED)
fanout694/X                              10     21    -11 (VIOLATED)
fanout696/X                              10     21    -11 (VIOLATED)
fanout700/X                              10     21    -11 (VIOLATED)
fanout703/X                              10     21    -11 (VIOLATED)
fanout705/X                              10     21    -11 (VIOLATED)
fanout706/X                              10     21    -11 (VIOLATED)
fanout708/X                              10     21    -11 (VIOLATED)
fanout711/X                              10     21    -11 (VIOLATED)
fanout713/X                              10     21    -11 (VIOLATED)
fanout715/X                              10     21    -11 (VIOLATED)
fanout718/X                              10     21    -11 (VIOLATED)
fanout721/X                              10     21    -11 (VIOLATED)
fanout723/X                              10     21    -11 (VIOLATED)
fanout725/X                              10     21    -11 (VIOLATED)
fanout727/X                              10     21    -11 (VIOLATED)
fanout729/X                              10     21    -11 (VIOLATED)
fanout731/X                              10     21    -11 (VIOLATED)
fanout735/X                              10     21    -11 (VIOLATED)
fanout737/X                              10     21    -11 (VIOLATED)
fanout739/X                              10     21    -11 (VIOLATED)
fanout740/X                              10     21    -11 (VIOLATED)
hold175/X                                10     21    -11 (VIOLATED)
hold275/X                                10     21    -11 (VIOLATED)
hold28/X                                 10     21    -11 (VIOLATED)
hold453/X                                10     21    -11 (VIOLATED)
mprj.team_08_Wrapper.team_08_WB.instance_to_wrap/gpio_oeb[12]     10     21    -11 (VIOLATED)
fanout678/X                              10     20    -10 (VIOLATED)
_5114_/X                                 10     19     -9 (VIOLATED)
_8560_/Q                                 10     19     -9 (VIOLATED)
_8581_/Q                                 10     19     -9 (VIOLATED)
_8604_/Q                                 10     19     -9 (VIOLATED)
_8605_/Q                                 10     19     -9 (VIOLATED)
_8620_/Q                                 10     19     -9 (VIOLATED)
_8623_/Q                                 10     19     -9 (VIOLATED)
_8653_/Q                                 10     19     -9 (VIOLATED)
_8827_/Q                                 10     19     -9 (VIOLATED)
clkbuf_5_10_0_wb_clk_i_regs/X            10     19     -9 (VIOLATED)
clkbuf_5_15_0_wb_clk_i_regs/X            10     19     -9 (VIOLATED)
clkbuf_5_19_0_wb_clk_i_regs/X            10     19     -9 (VIOLATED)
clkbuf_5_3_0_wb_clk_i_regs/X             10     19     -9 (VIOLATED)
clkbuf_5_8_0_wb_clk_i_regs/X             10     19     -9 (VIOLATED)
fanout214/X                              10     19     -9 (VIOLATED)
fanout216/X                              10     19     -9 (VIOLATED)
fanout218/X                              10     19     -9 (VIOLATED)
fanout220/X                              10     19     -9 (VIOLATED)
fanout254/X                              10     19     -9 (VIOLATED)
fanout317/X                              10     19     -9 (VIOLATED)
fanout336/X                              10     19     -9 (VIOLATED)
fanout374/X                              10     19     -9 (VIOLATED)
fanout408/X                              10     19     -9 (VIOLATED)
fanout445/X                              10     19     -9 (VIOLATED)
fanout482/X                              10     19     -9 (VIOLATED)
fanout510/X                              10     19     -9 (VIOLATED)
fanout589/X                              10     19     -9 (VIOLATED)
fanout600/X                              10     19     -9 (VIOLATED)
fanout620/X                              10     19     -9 (VIOLATED)
fanout631/X                              10     19     -9 (VIOLATED)
fanout695/X                              10     19     -9 (VIOLATED)
fanout709/X                              10     19     -9 (VIOLATED)
fanout741/X                              10     19     -9 (VIOLATED)
hold13/X                                 10     19     -9 (VIOLATED)
hold150/X                                10     19     -9 (VIOLATED)
hold337/X                                10     19     -9 (VIOLATED)
hold550/X                                10     19     -9 (VIOLATED)
mprj.team_08_Wrapper.team_08_WB.instance_to_wrap/gpio_oeb[14]     10     19     -9 (VIOLATED)
mprj.team_08_Wrapper.team_08_WB.instance_to_wrap/gpio_oeb[7]     10     19     -9 (VIOLATED)
_4583_/Y                                 10     18     -8 (VIOLATED)
clkbuf_5_27_0_wb_clk_i_regs/X            10     18     -8 (VIOLATED)
fanout304/X                              10     18     -8 (VIOLATED)
hold800/X                                10     18     -8 (VIOLATED)
input41/X                                10     18     -8 (VIOLATED)
mprj.team_05_Wrapper.team_05_WB.instance_to_wrap/gpio_oeb[32]     10     18     -8 (VIOLATED)
mprj.team_08_Wrapper.team_08_WB.instance_to_wrap/gpio_oeb[5]     10     18     -8 (VIOLATED)
wire653/X                                10     18     -8 (VIOLATED)
_4108_/X                                 10     17     -7 (VIOLATED)
_4304_/X                                 10     17     -7 (VIOLATED)
_4812_/Y                                 10     17     -7 (VIOLATED)
_5077_/Y                                 10     17     -7 (VIOLATED)
_5080_/Y                                 10     17     -7 (VIOLATED)
_5154_/Y                                 10     17     -7 (VIOLATED)
_5191_/Y                                 10     17     -7 (VIOLATED)
_5287_/X                                 10     17     -7 (VIOLATED)
_5376_/Y                                 10     17     -7 (VIOLATED)
_5937_/Y                                 10     17     -7 (VIOLATED)
_6192_/X                                 10     17     -7 (VIOLATED)
_6214_/X                                 10     17     -7 (VIOLATED)
_6251_/X                                 10     17     -7 (VIOLATED)
_6317_/X                                 10     17     -7 (VIOLATED)
_6324_/X                                 10     17     -7 (VIOLATED)
_6349_/X                                 10     17     -7 (VIOLATED)
_6353_/X                                 10     17     -7 (VIOLATED)
_6421_/X                                 10     17     -7 (VIOLATED)
_6422_/X                                 10     17     -7 (VIOLATED)
_6460_/X                                 10     17     -7 (VIOLATED)
_6462_/X                                 10     17     -7 (VIOLATED)
_6496_/X                                 10     17     -7 (VIOLATED)
_6498_/X                                 10     17     -7 (VIOLATED)
_6536_/X                                 10     17     -7 (VIOLATED)
_6572_/X                                 10     17     -7 (VIOLATED)
_6606_/X                                 10     17     -7 (VIOLATED)
_6647_/X                                 10     17     -7 (VIOLATED)
_6679_/X                                 10     17     -7 (VIOLATED)
_6712_/X                                 10     17     -7 (VIOLATED)
_6717_/X                                 10     17     -7 (VIOLATED)
_6749_/X                                 10     17     -7 (VIOLATED)
_6753_/X                                 10     17     -7 (VIOLATED)
_6784_/X                                 10     17     -7 (VIOLATED)
_6787_/X                                 10     17     -7 (VIOLATED)
_6823_/X                                 10     17     -7 (VIOLATED)
_6824_/X                                 10     17     -7 (VIOLATED)
_6854_/X                                 10     17     -7 (VIOLATED)
_6855_/X                                 10     17     -7 (VIOLATED)
_6889_/X                                 10     17     -7 (VIOLATED)
_6891_/X                                 10     17     -7 (VIOLATED)
_6937_/Y                                 10     17     -7 (VIOLATED)
_6964_/X                                 10     17     -7 (VIOLATED)
_7427_/X                                 10     17     -7 (VIOLATED)
_7653_/X                                 10     17     -7 (VIOLATED)
_7683_/X                                 10     17     -7 (VIOLATED)
_7686_/X                                 10     17     -7 (VIOLATED)
_7722_/X                                 10     17     -7 (VIOLATED)
_7753_/X                                 10     17     -7 (VIOLATED)
_7754_/X                                 10     17     -7 (VIOLATED)
_7790_/X                                 10     17     -7 (VIOLATED)
_7829_/X                                 10     17     -7 (VIOLATED)
_7892_/X                                 10     17     -7 (VIOLATED)
_7894_/X                                 10     17     -7 (VIOLATED)
_7926_/X                                 10     17     -7 (VIOLATED)
_7930_/X                                 10     17     -7 (VIOLATED)
_7963_/X                                 10     17     -7 (VIOLATED)
_7997_/X                                 10     17     -7 (VIOLATED)
_7999_/X                                 10     17     -7 (VIOLATED)
_8028_/X                                 10     17     -7 (VIOLATED)
_8069_/X                                 10     17     -7 (VIOLATED)
_8071_/X                                 10     17     -7 (VIOLATED)
_8602_/Q                                 10     17     -7 (VIOLATED)
_8659_/Q                                 10     17     -7 (VIOLATED)
_8686_/Q                                 10     17     -7 (VIOLATED)
_8687_/Q                                 10     17     -7 (VIOLATED)
_8845_/Q                                 10     17     -7 (VIOLATED)
_8849_/Q                                 10     17     -7 (VIOLATED)
clkbuf_5_0_0_wb_clk_i_regs/X             10     17     -7 (VIOLATED)
clkbuf_5_11_0_wb_clk_i_regs/X            10     17     -7 (VIOLATED)
clkbuf_5_21_0_wb_clk_i_regs/X            10     17     -7 (VIOLATED)
clkbuf_5_29_0_wb_clk_i_regs/X            10     17     -7 (VIOLATED)
clkbuf_5_31_0_wb_clk_i_regs/X            10     17     -7 (VIOLATED)
clkbuf_5_9_0_wb_clk_i_regs/X             10     17     -7 (VIOLATED)
fanout233/X                              10     17     -7 (VIOLATED)
fanout234/X                              10     17     -7 (VIOLATED)
fanout249/X                              10     17     -7 (VIOLATED)
fanout284/X                              10     17     -7 (VIOLATED)
fanout301/X                              10     17     -7 (VIOLATED)
fanout314/X                              10     17     -7 (VIOLATED)
fanout321/X                              10     17     -7 (VIOLATED)
fanout327/X                              10     17     -7 (VIOLATED)
fanout337/X                              10     17     -7 (VIOLATED)
fanout382/X                              10     17     -7 (VIOLATED)
fanout403/X                              10     17     -7 (VIOLATED)
fanout436/X                              10     17     -7 (VIOLATED)
fanout471/X                              10     17     -7 (VIOLATED)
fanout493/X                              10     17     -7 (VIOLATED)
fanout496/X                              10     17     -7 (VIOLATED)
fanout501/X                              10     17     -7 (VIOLATED)
fanout699/X                              10     17     -7 (VIOLATED)
fanout722/X                              10     17     -7 (VIOLATED)
fanout728/X                              10     17     -7 (VIOLATED)
hold231/X                                10     17     -7 (VIOLATED)
mprj.team_08_Wrapper.team_08_WB.instance_to_wrap/gpio_out[1]     10     17     -7 (VIOLATED)
wire315/X                                10     17     -7 (VIOLATED)
wire319/X                                10     17     -7 (VIOLATED)
_6311_/X                                 10     16     -6 (VIOLATED)
_7860_/X                                 10     16     -6 (VIOLATED)
fanout457/X                              10     16     -6 (VIOLATED)
hold201/X                                10     16     -6 (VIOLATED)
input42/X                                10     16     -6 (VIOLATED)
input70/X                                10     16     -6 (VIOLATED)
_4029_/Y                                 10     15     -5 (VIOLATED)
_4071_/Y                                 10     15     -5 (VIOLATED)
_4141_/X                                 10     15     -5 (VIOLATED)
_4281_/X                                 10     15     -5 (VIOLATED)
_5082_/Y                                 10     15     -5 (VIOLATED)
_5097_/X                                 10     15     -5 (VIOLATED)
_5192_/Y                                 10     15     -5 (VIOLATED)
_5289_/Y                                 10     15     -5 (VIOLATED)
_5481_/X                                 10     15     -5 (VIOLATED)
_6184_/Y                                 10     15     -5 (VIOLATED)
_6185_/Y                                 10     15     -5 (VIOLATED)
_6196_/X                                 10     15     -5 (VIOLATED)
_6209_/Y                                 10     15     -5 (VIOLATED)
_6210_/Y                                 10     15     -5 (VIOLATED)
_6246_/Y                                 10     15     -5 (VIOLATED)
_6250_/X                                 10     15     -5 (VIOLATED)
_6282_/Y                                 10     15     -5 (VIOLATED)
_6285_/X                                 10     15     -5 (VIOLATED)
_6355_/Y                                 10     15     -5 (VIOLATED)
_6384_/Y                                 10     15     -5 (VIOLATED)
_6388_/X                                 10     15     -5 (VIOLATED)
_6418_/Y                                 10     15     -5 (VIOLATED)
_6454_/Y                                 10     15     -5 (VIOLATED)
_6455_/Y                                 10     15     -5 (VIOLATED)
_6491_/Y                                 10     15     -5 (VIOLATED)
_6492_/Y                                 10     15     -5 (VIOLATED)
_6526_/Y                                 10     15     -5 (VIOLATED)
_6527_/Y                                 10     15     -5 (VIOLATED)
_6533_/X                                 10     15     -5 (VIOLATED)
_6565_/Y                                 10     15     -5 (VIOLATED)
_6573_/X                                 10     15     -5 (VIOLATED)
_6600_/Y                                 10     15     -5 (VIOLATED)
_6601_/Y                                 10     15     -5 (VIOLATED)
_6635_/Y                                 10     15     -5 (VIOLATED)
_6636_/Y                                 10     15     -5 (VIOLATED)
_6639_/X                                 10     15     -5 (VIOLATED)
_6673_/Y                                 10     15     -5 (VIOLATED)
_6676_/X                                 10     15     -5 (VIOLATED)
_6707_/Y                                 10     15     -5 (VIOLATED)
_6708_/Y                                 10     15     -5 (VIOLATED)
_6743_/Y                                 10     15     -5 (VIOLATED)
_6744_/Y                                 10     15     -5 (VIOLATED)
_6779_/Y                                 10     15     -5 (VIOLATED)
_6780_/Y                                 10     15     -5 (VIOLATED)
_6815_/Y                                 10     15     -5 (VIOLATED)
_6850_/Y                                 10     15     -5 (VIOLATED)
_6884_/Y                                 10     15     -5 (VIOLATED)
_7642_/Y                                 10     15     -5 (VIOLATED)
_7643_/Y                                 10     15     -5 (VIOLATED)
_7679_/Y                                 10     15     -5 (VIOLATED)
_7716_/Y                                 10     15     -5 (VIOLATED)
_7720_/X                                 10     15     -5 (VIOLATED)
_7783_/Y                                 10     15     -5 (VIOLATED)
_7788_/X                                 10     15     -5 (VIOLATED)
_7819_/Y                                 10     15     -5 (VIOLATED)
_7823_/X                                 10     15     -5 (VIOLATED)
_7887_/Y                                 10     15     -5 (VIOLATED)
_7922_/Y                                 10     15     -5 (VIOLATED)
_7956_/Y                                 10     15     -5 (VIOLATED)
_7990_/Y                                 10     15     -5 (VIOLATED)
_8023_/Y                                 10     15     -5 (VIOLATED)
_8032_/X                                 10     15     -5 (VIOLATED)
_8061_/Y                                 10     15     -5 (VIOLATED)
_8566_/Q                                 10     15     -5 (VIOLATED)
_8567_/Q                                 10     15     -5 (VIOLATED)
_8600_/Q                                 10     15     -5 (VIOLATED)
_8601_/Q                                 10     15     -5 (VIOLATED)
_8603_/Q                                 10     15     -5 (VIOLATED)
_8642_/Q                                 10     15     -5 (VIOLATED)
_8643_/Q                                 10     15     -5 (VIOLATED)
_8658_/Q                                 10     15     -5 (VIOLATED)
_8668_/Q                                 10     15     -5 (VIOLATED)
_8684_/Q                                 10     15     -5 (VIOLATED)
_8850_/Q                                 10     15     -5 (VIOLATED)
clkbuf_5_14_0_wb_clk_i_regs/X            10     15     -5 (VIOLATED)
clkbuf_5_18_0_wb_clk_i_regs/X            10     15     -5 (VIOLATED)
clkbuf_5_24_0_wb_clk_i_regs/X            10     15     -5 (VIOLATED)
clkbuf_5_25_0_wb_clk_i_regs/X            10     15     -5 (VIOLATED)
clkbuf_5_2_0_wb_clk_i_regs/X             10     15     -5 (VIOLATED)
clkbuf_5_30_0_wb_clk_i_regs/X            10     15     -5 (VIOLATED)
fanout209/X                              10     15     -5 (VIOLATED)
fanout243/X                              10     15     -5 (VIOLATED)
fanout251/X                              10     15     -5 (VIOLATED)
fanout258/X                              10     15     -5 (VIOLATED)
fanout265/X                              10     15     -5 (VIOLATED)
fanout273/X                              10     15     -5 (VIOLATED)
fanout278/X                              10     15     -5 (VIOLATED)
fanout288/X                              10     15     -5 (VIOLATED)
fanout291/X                              10     15     -5 (VIOLATED)
fanout318/X                              10     15     -5 (VIOLATED)
fanout348/X                              10     15     -5 (VIOLATED)
fanout370/X                              10     15     -5 (VIOLATED)
fanout385/X                              10     15     -5 (VIOLATED)
fanout393/X                              10     15     -5 (VIOLATED)
fanout406/X                              10     15     -5 (VIOLATED)
fanout424/X                              10     15     -5 (VIOLATED)
fanout428/X                              10     15     -5 (VIOLATED)
fanout448/X                              10     15     -5 (VIOLATED)
fanout466/X                              10     15     -5 (VIOLATED)
fanout479/X                              10     15     -5 (VIOLATED)
fanout499/X                              10     15     -5 (VIOLATED)
fanout503/X                              10     15     -5 (VIOLATED)
fanout508/X                              10     15     -5 (VIOLATED)
fanout544/X                              10     15     -5 (VIOLATED)
fanout548/X                              10     15     -5 (VIOLATED)
fanout559/X                              10     15     -5 (VIOLATED)
fanout611/X                              10     15     -5 (VIOLATED)
fanout639/X                              10     15     -5 (VIOLATED)
fanout675/X                              10     15     -5 (VIOLATED)
fanout704/X                              10     15     -5 (VIOLATED)
fanout719/X                              10     15     -5 (VIOLATED)
fanout720/X                              10     15     -5 (VIOLATED)
fanout742/X                              10     15     -5 (VIOLATED)
hold148/X                                10     15     -5 (VIOLATED)
hold202/X                                10     15     -5 (VIOLATED)
hold223/X                                10     15     -5 (VIOLATED)
hold411/X                                10     15     -5 (VIOLATED)
hold414/X                                10     15     -5 (VIOLATED)
hold436/X                                10     15     -5 (VIOLATED)
hold514/X                                10     15     -5 (VIOLATED)
hold778/X                                10     15     -5 (VIOLATED)
hold999/X                                10     15     -5 (VIOLATED)
load_slew692/X                           10     15     -5 (VIOLATED)
mprj.team_05_Wrapper.team_05_WB.instance_to_wrap/gpio_oeb[20]     10     15     -5 (VIOLATED)
mprj.team_08_Wrapper.team_08_WB.instance_to_wrap/gpio_oeb[8]     10     15     -5 (VIOLATED)
_5233_/Y                                 10     14     -4 (VIOLATED)
_6548_/X                                 10     14     -4 (VIOLATED)
_7335_/X                                 10     14     -4 (VIOLATED)
_8592_/Q                                 10     14     -4 (VIOLATED)
hold222/X                                10     14     -4 (VIOLATED)
hold296/X                                10     14     -4 (VIOLATED)
mprj.team_05_Wrapper.team_05_WB.instance_to_wrap/gpio_oeb[15]     10     14     -4 (VIOLATED)
mprj.team_05_Wrapper.team_05_WB.instance_to_wrap/gpio_oeb[25]     10     14     -4 (VIOLATED)
mprj.team_05_Wrapper.team_05_WB.instance_to_wrap/gpio_oeb[31]     10     14     -4 (VIOLATED)
mprj.team_08_Wrapper.team_08_WB.instance_to_wrap/gpio_oeb[18]     10     14     -4 (VIOLATED)
mprj.team_08_Wrapper.team_08_WB.instance_to_wrap/gpio_oeb[26]     10     14     -4 (VIOLATED)
mprj.team_08_Wrapper.team_08_WB.instance_to_wrap/gpio_oeb[3]     10     14     -4 (VIOLATED)
mprj.team_08_Wrapper.team_08_WB.instance_to_wrap/gpio_oeb[4]     10     14     -4 (VIOLATED)
mprj.team_08_Wrapper.team_08_WB.instance_to_wrap/gpio_out[0]     10     14     -4 (VIOLATED)
mprj.team_08_Wrapper.team_08_WB.instance_to_wrap/gpio_out[27]     10     14     -4 (VIOLATED)
mprj.team_09_Wrapper.team_09_WB.instance_to_wrap/gpio_oeb[9]     10     14     -4 (VIOLATED)
mprj.team_11_Wrapper.team_11_WB.instance_to_wrap/gpio_oeb[30]     10     14     -4 (VIOLATED)
_4140_/Y                                 10     13     -3 (VIOLATED)
_4166_/X                                 10     13     -3 (VIOLATED)
_4179_/Y                                 10     13     -3 (VIOLATED)
_4307_/X                                 10     13     -3 (VIOLATED)
_4534_/X                                 10     13     -3 (VIOLATED)
_4761_/Y                                 10     13     -3 (VIOLATED)
_5083_/X                                 10     13     -3 (VIOLATED)
_5084_/Y                                 10     13     -3 (VIOLATED)
_5223_/Y                                 10     13     -3 (VIOLATED)
_5297_/X                                 10     13     -3 (VIOLATED)
_5372_/X                                 10     13     -3 (VIOLATED)
_5412_/Y                                 10     13     -3 (VIOLATED)
_5456_/Y                                 10     13     -3 (VIOLATED)
_5854_/Y                                 10     13     -3 (VIOLATED)
_5926_/Y                                 10     13     -3 (VIOLATED)
_5938_/Y                                 10     13     -3 (VIOLATED)
_6188_/X                                 10     13     -3 (VIOLATED)
_6190_/X                                 10     13     -3 (VIOLATED)
_6194_/X                                 10     13     -3 (VIOLATED)
_6213_/X                                 10     13     -3 (VIOLATED)
_6216_/X                                 10     13     -3 (VIOLATED)
_6245_/Y                                 10     13     -3 (VIOLATED)
_6279_/X                                 10     13     -3 (VIOLATED)
_6281_/Y                                 10     13     -3 (VIOLATED)
_6314_/X                                 10     13     -3 (VIOLATED)
_6315_/Y                                 10     13     -3 (VIOLATED)
_6319_/Y                                 10     13     -3 (VIOLATED)
_6351_/Y                                 10     13     -3 (VIOLATED)
_6352_/X                                 10     13     -3 (VIOLATED)
_6385_/Y                                 10     13     -3 (VIOLATED)
_6417_/Y                                 10     13     -3 (VIOLATED)
_6424_/X                                 10     13     -3 (VIOLATED)
_6425_/X                                 10     13     -3 (VIOLATED)
_6427_/X                                 10     13     -3 (VIOLATED)
_6458_/X                                 10     13     -3 (VIOLATED)
_6463_/X                                 10     13     -3 (VIOLATED)
_6495_/X                                 10     13     -3 (VIOLATED)
_6503_/X                                 10     13     -3 (VIOLATED)
_6530_/X                                 10     13     -3 (VIOLATED)
_6535_/X                                 10     13     -3 (VIOLATED)
_6568_/X                                 10     13     -3 (VIOLATED)
_6571_/X                                 10     13     -3 (VIOLATED)
_6605_/X                                 10     13     -3 (VIOLATED)
_6608_/X                                 10     13     -3 (VIOLATED)
_6611_/X                                 10     13     -3 (VIOLATED)
_6640_/X                                 10     13     -3 (VIOLATED)
_6642_/X                                 10     13     -3 (VIOLATED)
_6648_/X                                 10     13     -3 (VIOLATED)
_6672_/Y                                 10     13     -3 (VIOLATED)
_6677_/X                                 10     13     -3 (VIOLATED)
_6678_/X                                 10     13     -3 (VIOLATED)
_6711_/X                                 10     13     -3 (VIOLATED)
_6714_/X                                 10     13     -3 (VIOLATED)
_6716_/X                                 10     13     -3 (VIOLATED)
_6747_/X                                 10     13     -3 (VIOLATED)
_6748_/X                                 10     13     -3 (VIOLATED)
_6751_/X                                 10     13     -3 (VIOLATED)
_6783_/X                                 10     13     -3 (VIOLATED)
_6788_/X                                 10     13     -3 (VIOLATED)
_6816_/Y                                 10     13     -3 (VIOLATED)
_6819_/X                                 10     13     -3 (VIOLATED)
_6820_/X                                 10     13     -3 (VIOLATED)
_6856_/X                                 10     13     -3 (VIOLATED)
_6859_/X                                 10     13     -3 (VIOLATED)
_6896_/X                                 10     13     -3 (VIOLATED)
_6963_/X                                 10     13     -3 (VIOLATED)
_7647_/X                                 10     13     -3 (VIOLATED)
_7648_/X                                 10     13     -3 (VIOLATED)
_7684_/X                                 10     13     -3 (VIOLATED)
_7713_/Y                                 10     13     -3 (VIOLATED)
_7714_/X                                 10     13     -3 (VIOLATED)
_7748_/Y                                 10     13     -3 (VIOLATED)
_7751_/X                                 10     13     -3 (VIOLATED)
_7755_/X                                 10     13     -3 (VIOLATED)
_7784_/Y                                 10     13     -3 (VIOLATED)
_7820_/Y                                 10     13     -3 (VIOLATED)
_7825_/X                                 10     13     -3 (VIOLATED)
_7854_/Y                                 10     13     -3 (VIOLATED)
_7855_/Y                                 10     13     -3 (VIOLATED)
_7858_/X                                 10     13     -3 (VIOLATED)
_7888_/Y                                 10     13     -3 (VIOLATED)
_7891_/X                                 10     13     -3 (VIOLATED)
_7898_/X                                 10     13     -3 (VIOLATED)
_7923_/Y                                 10     13     -3 (VIOLATED)
_7931_/X                                 10     13     -3 (VIOLATED)
_7957_/Y                                 10     13     -3 (VIOLATED)
_7961_/X                                 10     13     -3 (VIOLATED)
_7964_/X                                 10     13     -3 (VIOLATED)
_7966_/X                                 10     13     -3 (VIOLATED)
_7991_/Y                                 10     13     -3 (VIOLATED)
_7995_/X                                 10     13     -3 (VIOLATED)
_8024_/Y                                 10     13     -3 (VIOLATED)
_8031_/X                                 10     13     -3 (VIOLATED)
_8060_/Y                                 10     13     -3 (VIOLATED)
_8065_/X                                 10     13     -3 (VIOLATED)
_8067_/X                                 10     13     -3 (VIOLATED)
_8068_/X                                 10     13     -3 (VIOLATED)
_8536_/Q                                 10     13     -3 (VIOLATED)
_8539_/Q                                 10     13     -3 (VIOLATED)
_8562_/Q                                 10     13     -3 (VIOLATED)
_8563_/Q                                 10     13     -3 (VIOLATED)
_8564_/Q                                 10     13     -3 (VIOLATED)
_8568_/Q                                 10     13     -3 (VIOLATED)
_8570_/Q                                 10     13     -3 (VIOLATED)
_8571_/Q                                 10     13     -3 (VIOLATED)
_8573_/Q                                 10     13     -3 (VIOLATED)
_8574_/Q                                 10     13     -3 (VIOLATED)
_8575_/Q                                 10     13     -3 (VIOLATED)
_8578_/Q                                 10     13     -3 (VIOLATED)
_8579_/Q                                 10     13     -3 (VIOLATED)
_8582_/Q                                 10     13     -3 (VIOLATED)
_8586_/Q                                 10     13     -3 (VIOLATED)
_8587_/Q                                 10     13     -3 (VIOLATED)
_8590_/Q                                 10     13     -3 (VIOLATED)
_8594_/Q                                 10     13     -3 (VIOLATED)
_8595_/Q                                 10     13     -3 (VIOLATED)
_8611_/Q                                 10     13     -3 (VIOLATED)
_8619_/Q                                 10     13     -3 (VIOLATED)
_8624_/Q                                 10     13     -3 (VIOLATED)
_8626_/Q                                 10     13     -3 (VIOLATED)
_8627_/Q                                 10     13     -3 (VIOLATED)
_8634_/Q                                 10     13     -3 (VIOLATED)
_8635_/Q                                 10     13     -3 (VIOLATED)
_8636_/Q                                 10     13     -3 (VIOLATED)
_8646_/Q                                 10     13     -3 (VIOLATED)
_8649_/Q                                 10     13     -3 (VIOLATED)
_8650_/Q                                 10     13     -3 (VIOLATED)
_8651_/Q                                 10     13     -3 (VIOLATED)
_8654_/Q                                 10     13     -3 (VIOLATED)
_8666_/Q                                 10     13     -3 (VIOLATED)
_8667_/Q                                 10     13     -3 (VIOLATED)
_8670_/Q                                 10     13     -3 (VIOLATED)
_8676_/Q                                 10     13     -3 (VIOLATED)
_8677_/Q                                 10     13     -3 (VIOLATED)
_8682_/Q                                 10     13     -3 (VIOLATED)
_8683_/Q                                 10     13     -3 (VIOLATED)
_8685_/Q                                 10     13     -3 (VIOLATED)
_8818_/Q                                 10     13     -3 (VIOLATED)
_8851_/Q                                 10     13     -3 (VIOLATED)
clkbuf_5_1_0_wb_clk_i_regs/X             10     13     -3 (VIOLATED)
clkbuf_5_28_0_wb_clk_i_regs/X            10     13     -3 (VIOLATED)
fanout222/X                              10     13     -3 (VIOLATED)
fanout224/X                              10     13     -3 (VIOLATED)
fanout226/X                              10     13     -3 (VIOLATED)
fanout228/X                              10     13     -3 (VIOLATED)
fanout264/X                              10     13     -3 (VIOLATED)
fanout269/X                              10     13     -3 (VIOLATED)
fanout276/X                              10     13     -3 (VIOLATED)
fanout281/X                              10     13     -3 (VIOLATED)
fanout298/X                              10     13     -3 (VIOLATED)
fanout313/X                              10     13     -3 (VIOLATED)
fanout328/X                              10     13     -3 (VIOLATED)
fanout331/X                              10     13     -3 (VIOLATED)
fanout332/X                              10     13     -3 (VIOLATED)
fanout333/X                              10     13     -3 (VIOLATED)
fanout346/X                              10     13     -3 (VIOLATED)
fanout366/X                              10     13     -3 (VIOLATED)
fanout388/X                              10     13     -3 (VIOLATED)
fanout418/X                              10     13     -3 (VIOLATED)
fanout419/X                              10     13     -3 (VIOLATED)
fanout440/X                              10     13     -3 (VIOLATED)
fanout454/X                              10     13     -3 (VIOLATED)
fanout463/X                              10     13     -3 (VIOLATED)
fanout474/X                              10     13     -3 (VIOLATED)
fanout483/X                              10     13     -3 (VIOLATED)
fanout488/X                              10     13     -3 (VIOLATED)
fanout490/X                              10     13     -3 (VIOLATED)
fanout515/X                              10     13     -3 (VIOLATED)
fanout549/X                              10     13     -3 (VIOLATED)
fanout585/X                              10     13     -3 (VIOLATED)
fanout606/X                              10     13     -3 (VIOLATED)
fanout636/X                              10     13     -3 (VIOLATED)
fanout637/X                              10     13     -3 (VIOLATED)
fanout640/X                              10     13     -3 (VIOLATED)
fanout641/X                              10     13     -3 (VIOLATED)
fanout697/X                              10     13     -3 (VIOLATED)
fanout698/X                              10     13     -3 (VIOLATED)
fanout716/X                              10     13     -3 (VIOLATED)
fanout726/X                              10     13     -3 (VIOLATED)
fanout732/X                              10     13     -3 (VIOLATED)
fanout733/X                              10     13     -3 (VIOLATED)
fanout736/X                              10     13     -3 (VIOLATED)
fanout738/X                              10     13     -3 (VIOLATED)
hold109/X                                10     13     -3 (VIOLATED)
hold112/X                                10     13     -3 (VIOLATED)
hold1303/X                               10     13     -3 (VIOLATED)
hold232/X                                10     13     -3 (VIOLATED)
hold303/X                                10     13     -3 (VIOLATED)
hold492/X                                10     13     -3 (VIOLATED)
hold544/X                                10     13     -3 (VIOLATED)
hold551/X                                10     13     -3 (VIOLATED)
hold630/X                                10     13     -3 (VIOLATED)
hold652/X                                10     13     -3 (VIOLATED)
hold693/X                                10     13     -3 (VIOLATED)
hold73/X                                 10     13     -3 (VIOLATED)
hold730/X                                10     13     -3 (VIOLATED)
hold790/X                                10     13     -3 (VIOLATED)
hold854/X                                10     13     -3 (VIOLATED)
load_slew688/X                           10     13     -3 (VIOLATED)
mprj.team_05_Wrapper.team_05_WB.instance_to_wrap/gpio_oeb[17]     10     13     -3 (VIOLATED)
mprj.team_05_Wrapper.team_05_WB.instance_to_wrap/gpio_oeb[28]     10     13     -3 (VIOLATED)
mprj.team_09_Wrapper.team_09_WB.instance_to_wrap/gpio_oeb[13]     10     13     -3 (VIOLATED)
_7095_/X                                 10     12     -2 (VIOLATED)
_8108_/X                                 10     12     -2 (VIOLATED)
fanout626/X                              10     12     -2 (VIOLATED)
hold1029/X                               10     12     -2 (VIOLATED)
hold215/X                                10     12     -2 (VIOLATED)
hold340/X                                10     12     -2 (VIOLATED)
hold946/X                                10     12     -2 (VIOLATED)
mprj.team_01_Wrapper.team_01_WB.instance_to_wrap/gpio_out[28]     10     12     -2 (VIOLATED)
mprj.team_02_Wrapper.team_02_WB.instance_to_wrap/gpio_oeb[14]     10     12     -2 (VIOLATED)
mprj.team_05_Wrapper.team_05_WB.instance_to_wrap/gpio_oeb[29]     10     12     -2 (VIOLATED)
wire655/X                                10     12     -2 (VIOLATED)
wire683/X                                10     12     -2 (VIOLATED)
_4030_/Y                                 10     11        (VIOLATED)
_4036_/Y                                 10     11        (VIOLATED)
_4037_/Y                                 10     11        (VIOLATED)
_4038_/Y                                 10     11        (VIOLATED)
_4041_/Y                                 10     11        (VIOLATED)
_4044_/Y                                 10     11        (VIOLATED)
_4085_/Y                                 10     11        (VIOLATED)
_4113_/X                                 10     11        (VIOLATED)
_4163_/Y                                 10     11        (VIOLATED)
_4268_/Y                                 10     11        (VIOLATED)
_4282_/X                                 10     11        (VIOLATED)
_4283_/X                                 10     11        (VIOLATED)
_4320_/Y                                 10     11        (VIOLATED)
_4538_/X                                 10     11        (VIOLATED)
_4766_/X                                 10     11        (VIOLATED)
_4770_/Y                                 10     11        (VIOLATED)
_4776_/Y                                 10     11        (VIOLATED)
_4798_/X                                 10     11        (VIOLATED)
_4813_/X                                 10     11        (VIOLATED)
_5085_/Y                                 10     11        (VIOLATED)
_5110_/X                                 10     11        (VIOLATED)
_5149_/X                                 10     11        (VIOLATED)
_5236_/Y                                 10     11        (VIOLATED)
_5322_/X                                 10     11        (VIOLATED)
_5324_/X                                 10     11        (VIOLATED)
_5330_/X                                 10     11        (VIOLATED)
_5332_/X                                 10     11        (VIOLATED)
_5334_/X                                 10     11        (VIOLATED)
_5336_/X                                 10     11        (VIOLATED)
_5338_/X                                 10     11        (VIOLATED)
_5340_/X                                 10     11        (VIOLATED)
_5342_/X                                 10     11        (VIOLATED)
_5344_/X                                 10     11        (VIOLATED)
_5346_/X                                 10     11        (VIOLATED)
_5348_/X                                 10     11        (VIOLATED)
_5350_/X                                 10     11        (VIOLATED)
_5352_/X                                 10     11        (VIOLATED)
_5354_/X                                 10     11        (VIOLATED)
_5356_/X                                 10     11        (VIOLATED)
_5358_/X                                 10     11        (VIOLATED)
_5360_/X                                 10     11        (VIOLATED)
_5365_/X                                 10     11        (VIOLATED)
_5367_/X                                 10     11        (VIOLATED)
_5369_/Y                                 10     11        (VIOLATED)
_5518_/Y                                 10     11        (VIOLATED)
_5534_/X                                 10     11        (VIOLATED)
_5584_/X                                 10     11        (VIOLATED)
_5848_/X                                 10     11        (VIOLATED)
_5857_/Y                                 10     11        (VIOLATED)
_5876_/Y                                 10     11        (VIOLATED)
_5882_/Y                                 10     11        (VIOLATED)
_5891_/X                                 10     11        (VIOLATED)
_5895_/Y                                 10     11        (VIOLATED)
_5899_/Y                                 10     11        (VIOLATED)
_5946_/Y                                 10     11        (VIOLATED)
_5991_/X                                 10     11        (VIOLATED)
_6193_/X                                 10     11        (VIOLATED)
_6215_/X                                 10     11        (VIOLATED)
_6280_/X                                 10     11        (VIOLATED)
_6286_/X                                 10     11        (VIOLATED)
_6287_/X                                 10     11        (VIOLATED)
_6318_/X                                 10     11        (VIOLATED)
_6359_/X                                 10     11        (VIOLATED)
_6531_/X                                 10     11        (VIOLATED)
_6569_/X                                 10     11        (VIOLATED)
_6604_/X                                 10     11        (VIOLATED)
_6851_/Y                                 10     11        (VIOLATED)
_6885_/Y                                 10     11        (VIOLATED)
_6951_/Y                                 10     11        (VIOLATED)
_7646_/X                                 10     11        (VIOLATED)
_7651_/X                                 10     11        (VIOLATED)
_7687_/X                                 10     11        (VIOLATED)
_7721_/X                                 10     11        (VIOLATED)
_7747_/Y                                 10     11        (VIOLATED)
_7756_/X                                 10     11        (VIOLATED)
_7824_/X                                 10     11        (VIOLATED)
_7827_/X                                 10     11        (VIOLATED)
_7864_/Y                                 10     11        (VIOLATED)
_7932_/X                                 10     11        (VIOLATED)
_7968_/X                                 10     11        (VIOLATED)
_7998_/X                                 10     11        (VIOLATED)
_8029_/X                                 10     11        (VIOLATED)
_8034_/X                                 10     11        (VIOLATED)
_8509_/Q                                 10     11        (VIOLATED)
_8537_/Q                                 10     11        (VIOLATED)
_8538_/Q                                 10     11        (VIOLATED)
_8558_/Q                                 10     11        (VIOLATED)
_8559_/Q                                 10     11        (VIOLATED)
_8565_/Q                                 10     11        (VIOLATED)
_8569_/Q                                 10     11        (VIOLATED)
_8583_/Q                                 10     11        (VIOLATED)
_8585_/Q                                 10     11        (VIOLATED)
_8593_/Q                                 10     11        (VIOLATED)
_8596_/Q                                 10     11        (VIOLATED)
_8597_/Q                                 10     11        (VIOLATED)
_8598_/Q                                 10     11        (VIOLATED)
_8599_/Q                                 10     11        (VIOLATED)
_8606_/Q                                 10     11        (VIOLATED)
_8607_/Q                                 10     11        (VIOLATED)
_8608_/Q                                 10     11        (VIOLATED)
_8610_/Q                                 10     11        (VIOLATED)
_8615_/Q                                 10     11        (VIOLATED)
_8618_/Q                                 10     11        (VIOLATED)
_8625_/Q                                 10     11        (VIOLATED)
_8630_/Q                                 10     11        (VIOLATED)
_8631_/Q                                 10     11        (VIOLATED)
_8639_/Q                                 10     11        (VIOLATED)
_8640_/Q                                 10     11        (VIOLATED)
_8645_/Q                                 10     11        (VIOLATED)
_8647_/Q                                 10     11        (VIOLATED)
_8655_/Q                                 10     11        (VIOLATED)
_8660_/Q                                 10     11        (VIOLATED)
_8661_/Q                                 10     11        (VIOLATED)
_8662_/Q                                 10     11        (VIOLATED)
_8663_/Q                                 10     11        (VIOLATED)
_8669_/Q                                 10     11        (VIOLATED)
_8671_/Q                                 10     11        (VIOLATED)
_8674_/Q                                 10     11        (VIOLATED)
_8675_/Q                                 10     11        (VIOLATED)
_8678_/Q                                 10     11        (VIOLATED)
_8679_/Q                                 10     11        (VIOLATED)
_8804_/Q                                 10     11        (VIOLATED)
_8852_/Q                                 10     11        (VIOLATED)
fanout210/X                              10     11        (VIOLATED)
fanout244/X                              10     11        (VIOLATED)
fanout271/X                              10     11        (VIOLATED)
fanout307/X                              10     11        (VIOLATED)
fanout309/X                              10     11        (VIOLATED)
fanout310/X                              10     11        (VIOLATED)
fanout324/X                              10     11        (VIOLATED)
fanout369/X                              10     11        (VIOLATED)
fanout375/X                              10     11        (VIOLATED)
fanout376/X                              10     11        (VIOLATED)
fanout389/X                              10     11        (VIOLATED)
fanout394/X                              10     11        (VIOLATED)
fanout397/X                              10     11        (VIOLATED)
fanout398/X                              10     11        (VIOLATED)
fanout401/X                              10     11        (VIOLATED)
fanout411/X                              10     11        (VIOLATED)
fanout420/X                              10     11        (VIOLATED)
fanout431/X                              10     11        (VIOLATED)
fanout433/X                              10     11        (VIOLATED)
fanout439/X                              10     11        (VIOLATED)
fanout443/X                              10     11        (VIOLATED)
fanout451/X                              10     11        (VIOLATED)
fanout453/X                              10     11        (VIOLATED)
fanout459/X                              10     11        (VIOLATED)
fanout461/X                              10     11        (VIOLATED)
fanout476/X                              10     11        (VIOLATED)
fanout485/X                              10     11        (VIOLATED)
fanout506/X                              10     11        (VIOLATED)
fanout547/X                              10     11        (VIOLATED)
fanout557/X                              10     11        (VIOLATED)
fanout586/X                              10     11        (VIOLATED)
fanout592/X                              10     11        (VIOLATED)
fanout594/X                              10     11        (VIOLATED)
fanout599/X                              10     11        (VIOLATED)
fanout613/X                              10     11        (VIOLATED)
fanout618/X                              10     11        (VIOLATED)
fanout621/X                              10     11        (VIOLATED)
fanout701/X                              10     11        (VIOLATED)
fanout702/X                              10     11        (VIOLATED)
fanout707/X                              10     11        (VIOLATED)
fanout710/X                              10     11        (VIOLATED)
fanout712/X                              10     11        (VIOLATED)
fanout714/X                              10     11        (VIOLATED)
fanout717/X                              10     11        (VIOLATED)
fanout724/X                              10     11        (VIOLATED)
fanout730/X                              10     11        (VIOLATED)
fanout734/X                              10     11        (VIOLATED)
hold1192/X                               10     11        (VIOLATED)
hold1305/X                               10     11        (VIOLATED)
hold132/X                                10     11        (VIOLATED)
hold163/X                                10     11        (VIOLATED)
hold189/X                                10     11        (VIOLATED)
hold230/X                                10     11        (VIOLATED)
hold239/X                                10     11        (VIOLATED)
hold253/X                                10     11        (VIOLATED)
hold264/X                                10     11        (VIOLATED)
hold276/X                                10     11        (VIOLATED)
hold307/X                                10     11        (VIOLATED)
hold376/X                                10     11        (VIOLATED)
hold41/X                                 10     11        (VIOLATED)
hold451/X                                10     11        (VIOLATED)
hold474/X                                10     11        (VIOLATED)
hold484/X                                10     11        (VIOLATED)
hold55/X                                 10     11        (VIOLATED)
hold574/X                                10     11        (VIOLATED)
hold596/X                                10     11        (VIOLATED)
hold600/X                                10     11        (VIOLATED)
hold64/X                                 10     11        (VIOLATED)
hold682/X                                10     11        (VIOLATED)
hold684/X                                10     11        (VIOLATED)
hold708/X                                10     11        (VIOLATED)
hold713/X                                10     11        (VIOLATED)
hold723/X                                10     11        (VIOLATED)
hold77/X                                 10     11        (VIOLATED)
hold791/X                                10     11        (VIOLATED)
hold819/X                                10     11        (VIOLATED)
hold831/X                                10     11        (VIOLATED)
hold88/X                                 10     11        (VIOLATED)
hold91/X                                 10     11        (VIOLATED)
hold918/X                                10     11        (VIOLATED)
hold94/X                                 10     11        (VIOLATED)
hold997/X                                10     11        (VIOLATED)
mprj.team_03_Wrapper.team_03_WB.instance_to_wrap/DAT_O[3]     10     11        (VIOLATED)
mprj.team_05_Wrapper.team_05_WB.instance_to_wrap/gpio_oeb[22]     10     11        (VIOLATED)
mprj.team_05_Wrapper.team_05_WB.instance_to_wrap/gpio_oeb[26]     10     11        (VIOLATED)
mprj.team_05_Wrapper.team_05_WB.instance_to_wrap/gpio_oeb[4]     10     11        (VIOLATED)
mprj.team_08_Wrapper.team_08_WB.instance_to_wrap/gpio_oeb[17]     10     11        (VIOLATED)
mprj.team_08_Wrapper.team_08_WB.instance_to_wrap/gpio_oeb[24]     10     11        (VIOLATED)
wire238/X                                10     11        (VIOLATED)

max capacitance

Pin                                        Limit         Cap       Slack
------------------------------------------------------------------------
clkbuf_1_1_1_wb_clk_i/X                 0.585947    1.380160   -0.794213 (VIOLATED)
clkbuf_1_0_1_wb_clk_i/X                 0.585947    1.323899   -0.737952 (VIOLATED)
_6692_/X                                0.315867    0.439411   -0.123544 (VIOLATED)
hold982/X                               0.100718    0.222662   -0.121944 (VIOLATED)
hold1744/X                              0.100718    0.213782   -0.113064 (VIOLATED)
_6383_/X                                0.322276    0.430327   -0.108051 (VIOLATED)
hold1745/X                              0.100718    0.193084   -0.092366 (VIOLATED)
hold1031/X                              0.100718    0.172286   -0.071568 (VIOLATED)
_6475_/X                                0.315867    0.383401   -0.067534 (VIOLATED)
hold638/X                               0.100718    0.163728   -0.063010 (VIOLATED)
hold620/X                               0.100718    0.163631   -0.062913 (VIOLATED)
_6706_/X                                0.336008    0.397456   -0.061448 (VIOLATED)
hold317/X                               0.100718    0.161437   -0.060719 (VIOLATED)
hold972/X                               0.100718    0.161222   -0.060504 (VIOLATED)
hold442/X                               0.100718    0.158613   -0.057895 (VIOLATED)
hold287/X                               0.100718    0.158196   -0.057478 (VIOLATED)
_6778_/X                                0.355234    0.412347   -0.057113 (VIOLATED)
hold1056/X                              0.100718    0.157117   -0.056399 (VIOLATED)
hold758/X                               0.100718    0.156989   -0.056271 (VIOLATED)
hold643/X                               0.100718    0.156933   -0.056215 (VIOLATED)
hold29/X                                0.100718    0.152765   -0.052047 (VIOLATED)
_8689_/Q                                0.348826    0.399022   -0.050196 (VIOLATED)
hold340/X                               0.100718    0.149487   -0.048769 (VIOLATED)
hold1411/X                              0.100718    0.148689   -0.047971 (VIOLATED)
hold451/X                               0.100718    0.147299   -0.046581 (VIOLATED)
hold860/X                               0.100718    0.147058   -0.046340 (VIOLATED)
_6333_/X                                0.315867    0.359856   -0.043989 (VIOLATED)
hold1028/X                              0.100718    0.143169   -0.042451 (VIOLATED)
hold791/X                               0.100718    0.142151   -0.041433 (VIOLATED)
hold587/X                               0.100718    0.142114   -0.041396 (VIOLATED)
_7977_/X                                0.315867    0.355835   -0.039968 (VIOLATED)
hold853/X                               0.100718    0.139861   -0.039143 (VIOLATED)
_7381_/Y                                0.270090    0.306171   -0.036081 (VIOLATED)
_6849_/X                                0.336008    0.371235   -0.035227 (VIOLATED)
hold1341/X                              0.100718    0.131202   -0.030484 (VIOLATED)
hold424/X                               0.100718    0.131045   -0.030327 (VIOLATED)
hold163/X                               0.100718    0.130951   -0.030233 (VIOLATED)
hold1112/X                              0.100718    0.130816   -0.030098 (VIOLATED)
_8045_/X                                0.353403    0.383092   -0.029689 (VIOLATED)
hold1598/X                              0.100718    0.126120   -0.025402 (VIOLATED)
hold1014/X                              0.100718    0.125828   -0.025110 (VIOLATED)
hold1172/X                              0.100718    0.122373   -0.021655 (VIOLATED)
hold1093/X                              0.100718    0.122017   -0.021299 (VIOLATED)
hold1190/X                              0.100718    0.121515   -0.020797 (VIOLATED)
_7383_/Y                                0.270090    0.290727   -0.020637 (VIOLATED)
hold741/X                               0.100718    0.121311   -0.020593 (VIOLATED)
_7358_/Y                                0.270090    0.290384   -0.020294 (VIOLATED)
hold233/X                               0.100718    0.120795   -0.020077 (VIOLATED)
hold1281/X                              0.100718    0.120617   -0.019899 (VIOLATED)
hold11/X                                0.100718    0.120482   -0.019764 (VIOLATED)
hold189/X                               0.100718    0.119915   -0.019197 (VIOLATED)
hold1127/X                              0.100718    0.119429   -0.018711 (VIOLATED)
hold1337/X                              0.100718    0.118736   -0.018018 (VIOLATED)
_6563_/X                                0.336008    0.352215   -0.016207 (VIOLATED)
hold1151/X                              0.100718    0.116910   -0.016192 (VIOLATED)
hold1555/X                              0.100718    0.116884   -0.016166 (VIOLATED)
hold479/X                               0.100718    0.116451   -0.015733 (VIOLATED)
_6453_/X                                0.355234    0.370328   -0.015095 (VIOLATED)
hold567/X                               0.100718    0.114594   -0.013876 (VIOLATED)
hold232/X                               0.100718    0.114571   -0.013853 (VIOLATED)
hold17/X                                0.100718    0.114315   -0.013597 (VIOLATED)
hold602/X                               0.100718    0.114129   -0.013411 (VIOLATED)
_7678_/X                                0.336008    0.349171   -0.013163 (VIOLATED)
hold808/X                               0.100718    0.113537   -0.012819 (VIOLATED)
_4841_/Y                                0.130930    0.143513   -0.012583 (VIOLATED)
hold496/X                               0.100718    0.113180   -0.012462 (VIOLATED)
_8117_/Y                                0.270090    0.282257   -0.012167 (VIOLATED)
hold375/X                               0.100718    0.112821   -0.012103 (VIOLATED)
hold492/X                               0.100718    0.112755   -0.012037 (VIOLATED)
_8059_/X                                0.355234    0.367258   -0.012024 (VIOLATED)
hold386/X                               0.100718    0.112690   -0.011972 (VIOLATED)
hold494/X                               0.100718    0.112375   -0.011657 (VIOLATED)
hold150/X                               0.100718    0.112285   -0.011567 (VIOLATED)
_7360_/Y                                0.270090    0.281396   -0.011306 (VIOLATED)
_6348_/X                                0.356150    0.366298   -0.010148 (VIOLATED)
_7362_/Y                                0.270090    0.279866   -0.009776 (VIOLATED)
hold219/X                               0.100718    0.110252   -0.009534 (VIOLATED)
hold876/X                               0.100718    0.110240   -0.009522 (VIOLATED)
hold607/X                               0.100718    0.108222   -0.007504 (VIOLATED)
hold1503/X                              0.100718    0.108079   -0.007361 (VIOLATED)
hold641/X                               0.100718    0.107793   -0.007075 (VIOLATED)
hold1518/X                              0.100718    0.106411   -0.005693 (VIOLATED)
hold667/X                               0.100718    0.105428   -0.004710 (VIOLATED)
hold6/X                                 0.100718    0.105253   -0.004535 (VIOLATED)
_6930_/Y                                0.086070    0.089834   -0.003764 (VIOLATED)
hold883/X                               0.100718    0.103931   -0.003213 (VIOLATED)
hold1051/X                              0.100718    0.103872   -0.003154 (VIOLATED)
hold1701/X                              0.100718    0.103771   -0.003053 (VIOLATED)
hold2/X                                 0.100718    0.103213   -0.002495 (VIOLATED)
hold1706/X                              0.100718    0.103199   -0.002481 (VIOLATED)
hold1770/X                              0.100718    0.102896   -0.002178 (VIOLATED)
hold1303/X                              0.100718    0.102371   -0.001653 (VIOLATED)
_7363_/Y                                0.270090    0.271362   -0.001272 (VIOLATED)



===========================================================================
report_parasitic_annotation -report_unannotated
============================================================================
Found 516 unannotated drivers.
 analog_io[0]
 analog_io[10]
 analog_io[11]
 analog_io[12]
 analog_io[13]
 analog_io[14]
 analog_io[15]
 analog_io[16]
 analog_io[17]
 analog_io[18]
 analog_io[19]
 analog_io[1]
 analog_io[20]
 analog_io[21]
 analog_io[22]
 analog_io[23]
 analog_io[24]
 analog_io[25]
 analog_io[26]
 analog_io[27]
 analog_io[28]
 analog_io[2]
 analog_io[3]
 analog_io[4]
 analog_io[5]
 analog_io[6]
 analog_io[7]
 analog_io[8]
 analog_io[9]
 io_in[1]
 io_in[2]
 io_in[3]
 io_in[4]
 la_data_in[100]
 la_data_in[101]
 la_data_in[102]
 la_data_in[103]
 la_data_in[104]
 la_data_in[105]
 la_data_in[106]
 la_data_in[107]
 la_data_in[108]
 la_data_in[109]
 la_data_in[10]
 la_data_in[110]
 la_data_in[111]
 la_data_in[112]
 la_data_in[113]
 la_data_in[114]
 la_data_in[115]
 la_data_in[116]
 la_data_in[117]
 la_data_in[118]
 la_data_in[119]
 la_data_in[11]
 la_data_in[120]
 la_data_in[121]
 la_data_in[122]
 la_data_in[123]
 la_data_in[124]
 la_data_in[125]
 la_data_in[126]
 la_data_in[127]
 la_data_in[12]
 la_data_in[13]
 la_data_in[14]
 la_data_in[15]
 la_data_in[16]
 la_data_in[17]
 la_data_in[18]
 la_data_in[19]
 la_data_in[20]
 la_data_in[21]
 la_data_in[22]
 la_data_in[23]
 la_data_in[24]
 la_data_in[25]
 la_data_in[26]
 la_data_in[27]
 la_data_in[28]
 la_data_in[29]
 la_data_in[2]
 la_data_in[30]
 la_data_in[31]
 la_data_in[32]
 la_data_in[33]
 la_data_in[34]
 la_data_in[35]
 la_data_in[36]
 la_data_in[37]
 la_data_in[38]
 la_data_in[39]
 la_data_in[3]
 la_data_in[40]
 la_data_in[41]
 la_data_in[42]
 la_data_in[43]
 la_data_in[44]
 la_data_in[45]
 la_data_in[46]
 la_data_in[47]
 la_data_in[48]
 la_data_in[49]
 la_data_in[4]
 la_data_in[50]
 la_data_in[51]
 la_data_in[52]
 la_data_in[53]
 la_data_in[54]
 la_data_in[55]
 la_data_in[56]
 la_data_in[57]
 la_data_in[58]
 la_data_in[59]
 la_data_in[5]
 la_data_in[60]
 la_data_in[61]
 la_data_in[62]
 la_data_in[63]
 la_data_in[64]
 la_data_in[65]
 la_data_in[66]
 la_data_in[67]
 la_data_in[68]
 la_data_in[69]
 la_data_in[6]
 la_data_in[70]
 la_data_in[71]
 la_data_in[72]
 la_data_in[73]
 la_data_in[74]
 la_data_in[75]
 la_data_in[76]
 la_data_in[77]
 la_data_in[78]
 la_data_in[79]
 la_data_in[7]
 la_data_in[80]
 la_data_in[81]
 la_data_in[82]
 la_data_in[83]
 la_data_in[84]
 la_data_in[85]
 la_data_in[86]
 la_data_in[87]
 la_data_in[88]
 la_data_in[89]
 la_data_in[8]
 la_data_in[90]
 la_data_in[91]
 la_data_in[92]
 la_data_in[93]
 la_data_in[94]
 la_data_in[95]
 la_data_in[96]
 la_data_in[97]
 la_data_in[98]
 la_data_in[99]
 la_data_in[9]
 la_oenb[100]
 la_oenb[101]
 la_oenb[102]
 la_oenb[103]
 la_oenb[104]
 la_oenb[105]
 la_oenb[106]
 la_oenb[107]
 la_oenb[108]
 la_oenb[109]
 la_oenb[10]
 la_oenb[110]
 la_oenb[111]
 la_oenb[112]
 la_oenb[113]
 la_oenb[114]
 la_oenb[115]
 la_oenb[116]
 la_oenb[117]
 la_oenb[118]
 la_oenb[119]
 la_oenb[11]
 la_oenb[120]
 la_oenb[121]
 la_oenb[122]
 la_oenb[123]
 la_oenb[124]
 la_oenb[125]
 la_oenb[126]
 la_oenb[127]
 la_oenb[12]
 la_oenb[13]
 la_oenb[14]
 la_oenb[15]
 la_oenb[16]
 la_oenb[17]
 la_oenb[18]
 la_oenb[19]
 la_oenb[20]
 la_oenb[21]
 la_oenb[22]
 la_oenb[23]
 la_oenb[24]
 la_oenb[25]
 la_oenb[26]
 la_oenb[27]
 la_oenb[28]
 la_oenb[29]
 la_oenb[2]
 la_oenb[30]
 la_oenb[31]
 la_oenb[32]
 la_oenb[33]
 la_oenb[34]
 la_oenb[35]
 la_oenb[36]
 la_oenb[37]
 la_oenb[38]
 la_oenb[39]
 la_oenb[3]
 la_oenb[40]
 la_oenb[41]
 la_oenb[42]
 la_oenb[43]
 la_oenb[44]
 la_oenb[45]
 la_oenb[46]
 la_oenb[47]
 la_oenb[48]
 la_oenb[49]
 la_oenb[4]
 la_oenb[50]
 la_oenb[51]
 la_oenb[52]
 la_oenb[53]
 la_oenb[54]
 la_oenb[55]
 la_oenb[56]
 la_oenb[57]
 la_oenb[58]
 la_oenb[59]
 la_oenb[5]
 la_oenb[60]
 la_oenb[61]
 la_oenb[62]
 la_oenb[63]
 la_oenb[64]
 la_oenb[65]
 la_oenb[66]
 la_oenb[67]
 la_oenb[68]
 la_oenb[69]
 la_oenb[6]
 la_oenb[70]
 la_oenb[71]
 la_oenb[72]
 la_oenb[73]
 la_oenb[74]
 la_oenb[75]
 la_oenb[76]
 la_oenb[77]
 la_oenb[78]
 la_oenb[79]
 la_oenb[7]
 la_oenb[80]
 la_oenb[81]
 la_oenb[82]
 la_oenb[83]
 la_oenb[84]
 la_oenb[85]
 la_oenb[86]
 la_oenb[87]
 la_oenb[88]
 la_oenb[89]
 la_oenb[8]
 la_oenb[90]
 la_oenb[91]
 la_oenb[92]
 la_oenb[93]
 la_oenb[94]
 la_oenb[95]
 la_oenb[96]
 la_oenb[97]
 la_oenb[98]
 la_oenb[99]
 la_oenb[9]
 user_clock2
 wbs_sel_i[0]
 wbs_sel_i[1]
 wbs_sel_i[2]
 wbs_sel_i[3]
 _8469__935/LO
 clkload0/X
 clkload1/Y
 clkload10/Y
 clkload11/Y
 clkload12/X
 clkload13/X
 clkload14/X
 clkload15/X
 clkload16/X
 clkload17/X
 clkload18/X
 clkload19/X
 clkload2/X
 clkload20/X
 clkload21/X
 clkload22/X
 clkload23/X
 clkload24/X
 clkload25/X
 clkload26/X
 clkload27/X
 clkload28/X
 clkload29/X
 clkload3/X
 clkload30/X
 clkload31/X
 clkload32/X
 clkload33/X
 clkload34/X
 clkload35/X
 clkload36/X
 clkload37/X
 clkload38/X
 clkload39/X
 clkload4/Y
 clkload40/X
 clkload41/X
 clkload42/X
 clkload43/X
 clkload44/X
 clkload45/X
 clkload46/X
 clkload47/X
 clkload48/X
 clkload49/X
 clkload5/Y
 clkload50/X
 clkload51/X
 clkload52/X
 clkload53/X
 clkload54/X
 clkload55/X
 clkload56/X
 clkload57/X
 clkload58/X
 clkload59/X
 clkload6/Y
 clkload60/X
 clkload61/X
 clkload62/X
 clkload63/X
 clkload64/X
 clkload65/X
 clkload7/Y
 clkload8/Y
 clkload9/Y
 mprj.team_01_Wrapper.team_01_WB.instance_to_wrap/SEL_O[0]
 mprj.team_01_Wrapper.team_01_WB.instance_to_wrap/SEL_O[1]
 mprj.team_01_Wrapper.team_01_WB.instance_to_wrap/SEL_O[2]
 mprj.team_01_Wrapper.team_01_WB.instance_to_wrap/SEL_O[3]
 mprj.team_02_Wrapper.team_02_WB.instance_to_wrap/SEL_O[0]
 mprj.team_02_Wrapper.team_02_WB.instance_to_wrap/SEL_O[1]
 mprj.team_02_Wrapper.team_02_WB.instance_to_wrap/SEL_O[2]
 mprj.team_02_Wrapper.team_02_WB.instance_to_wrap/SEL_O[3]
 mprj.team_03_Wrapper.team_03_WB.instance_to_wrap/SEL_O[0]
 mprj.team_03_Wrapper.team_03_WB.instance_to_wrap/SEL_O[1]
 mprj.team_03_Wrapper.team_03_WB.instance_to_wrap/SEL_O[2]
 mprj.team_03_Wrapper.team_03_WB.instance_to_wrap/SEL_O[3]
 mprj.team_04_Wrapper.team_04_WB.instance_to_wrap/SEL_O[0]
 mprj.team_04_Wrapper.team_04_WB.instance_to_wrap/SEL_O[1]
 mprj.team_04_Wrapper.team_04_WB.instance_to_wrap/SEL_O[2]
 mprj.team_04_Wrapper.team_04_WB.instance_to_wrap/SEL_O[3]
 mprj.team_05_Wrapper.team_05_WB.instance_to_wrap/SEL_O[0]
 mprj.team_05_Wrapper.team_05_WB.instance_to_wrap/SEL_O[1]
 mprj.team_05_Wrapper.team_05_WB.instance_to_wrap/SEL_O[2]
 mprj.team_05_Wrapper.team_05_WB.instance_to_wrap/SEL_O[3]
 user_project_wrapper_800/HI
 user_project_wrapper_801/HI
 user_project_wrapper_802/HI
 user_project_wrapper_803/HI
 user_project_wrapper_804/HI
 user_project_wrapper_805/HI
 user_project_wrapper_806/HI
 user_project_wrapper_807/HI
 user_project_wrapper_808/HI
 user_project_wrapper_809/HI
 user_project_wrapper_810/HI
 user_project_wrapper_811/HI
 user_project_wrapper_812/HI
 user_project_wrapper_813/HI
 user_project_wrapper_814/HI
 user_project_wrapper_815/HI
 user_project_wrapper_816/HI
 user_project_wrapper_817/HI
 user_project_wrapper_818/HI
 user_project_wrapper_819/HI
 user_project_wrapper_820/HI
 user_project_wrapper_821/HI
 user_project_wrapper_822/HI
 user_project_wrapper_823/HI
 user_project_wrapper_824/HI
 user_project_wrapper_825/HI
 user_project_wrapper_826/HI
 user_project_wrapper_827/HI
 user_project_wrapper_828/HI
 user_project_wrapper_829/HI
 user_project_wrapper_830/HI
 user_project_wrapper_831/HI
 user_project_wrapper_832/HI
 user_project_wrapper_833/HI
 user_project_wrapper_834/HI
 user_project_wrapper_835/HI
 user_project_wrapper_836/HI
 user_project_wrapper_837/HI
 user_project_wrapper_838/HI
 user_project_wrapper_839/HI
 user_project_wrapper_840/HI
 user_project_wrapper_841/HI
 user_project_wrapper_842/HI
 user_project_wrapper_843/HI
 user_project_wrapper_844/HI
 user_project_wrapper_845/HI
 user_project_wrapper_846/HI
 user_project_wrapper_847/HI
 user_project_wrapper_848/HI
 user_project_wrapper_849/HI
 user_project_wrapper_850/HI
 user_project_wrapper_851/HI
 user_project_wrapper_852/HI
 user_project_wrapper_853/HI
 user_project_wrapper_854/HI
 user_project_wrapper_855/HI
 user_project_wrapper_856/HI
 user_project_wrapper_857/HI
 user_project_wrapper_858/HI
 user_project_wrapper_859/HI
 user_project_wrapper_860/HI
 user_project_wrapper_861/HI
 user_project_wrapper_862/HI
 user_project_wrapper_863/HI
 user_project_wrapper_864/HI
 user_project_wrapper_865/HI
 user_project_wrapper_866/HI
 user_project_wrapper_867/HI
 user_project_wrapper_868/HI
 user_project_wrapper_869/HI
 user_project_wrapper_870/HI
 user_project_wrapper_871/HI
 user_project_wrapper_872/HI
 user_project_wrapper_873/HI
 user_project_wrapper_874/HI
 user_project_wrapper_875/HI
 user_project_wrapper_876/HI
 user_project_wrapper_877/HI
 user_project_wrapper_878/HI
 user_project_wrapper_879/HI
 user_project_wrapper_880/HI
 user_project_wrapper_881/HI
 user_project_wrapper_882/HI
 user_project_wrapper_883/HI
 user_project_wrapper_884/HI
 user_project_wrapper_885/HI
 user_project_wrapper_886/HI
 user_project_wrapper_887/HI
 user_project_wrapper_888/HI
 user_project_wrapper_889/HI
 user_project_wrapper_890/HI
 user_project_wrapper_891/HI
 user_project_wrapper_892/HI
 user_project_wrapper_893/HI
 user_project_wrapper_894/HI
 user_project_wrapper_895/HI
 user_project_wrapper_896/HI
 user_project_wrapper_897/HI
 user_project_wrapper_898/HI
 user_project_wrapper_899/HI
 user_project_wrapper_900/HI
 user_project_wrapper_901/HI
 user_project_wrapper_902/HI
 user_project_wrapper_903/HI
 user_project_wrapper_904/HI
 user_project_wrapper_905/HI
 user_project_wrapper_906/HI
 user_project_wrapper_907/HI
 user_project_wrapper_908/HI
 user_project_wrapper_909/HI
 user_project_wrapper_910/HI
 user_project_wrapper_911/HI
 user_project_wrapper_912/HI
 user_project_wrapper_913/HI
 user_project_wrapper_914/HI
 user_project_wrapper_915/HI
 user_project_wrapper_916/HI
 user_project_wrapper_917/HI
 user_project_wrapper_918/HI
 user_project_wrapper_919/HI
 user_project_wrapper_920/HI
 user_project_wrapper_921/HI
 user_project_wrapper_922/HI
 user_project_wrapper_923/HI
 user_project_wrapper_924/HI
 user_project_wrapper_925/HI
 user_project_wrapper_926/HI
 user_project_wrapper_927/HI
 user_project_wrapper_928/HI
 user_project_wrapper_929/HI
 user_project_wrapper_930/HI
 user_project_wrapper_931/HI
 user_project_wrapper_932/HI
 user_project_wrapper_933/HI
 user_project_wrapper_934/HI
 user_project_wrapper_936/LO
 user_project_wrapper_937/LO
 user_project_wrapper_938/LO
 user_project_wrapper_939/LO
Found 42 partially unannotated drivers.
 _7349_/X
  mprj.sram.sram_inst/din0[31]
 _7350_/Y
  mprj.sram.sram_inst/din0[30]
 _7351_/Y
  mprj.sram.sram_inst/din0[29]
 _7352_/Y
  mprj.sram.sram_inst/din0[28]
 _7353_/Y
  mprj.sram.sram_inst/din0[27]
 _7354_/Y
  mprj.sram.sram_inst/din0[26]
 _7355_/Y
  mprj.sram.sram_inst/din0[25]
 _7356_/Y
  mprj.sram.sram_inst/din0[24]
 _7357_/Y
  mprj.sram.sram_inst/din0[23]
 _7358_/Y
  mprj.sram.sram_inst/din0[22]
 _7359_/Y
  mprj.sram.sram_inst/din0[21]
 _7360_/Y
  mprj.sram.sram_inst/din0[20]
 _7361_/Y
  mprj.sram.sram_inst/din0[19]
 _7362_/Y
  mprj.sram.sram_inst/din0[18]
 _7363_/Y
  mprj.sram.sram_inst/din0[17]
 _7364_/Y
  mprj.sram.sram_inst/din0[16]
 _7365_/Y
  mprj.sram.sram_inst/din0[15]
 _7366_/Y
  mprj.sram.sram_inst/din0[14]
 _7367_/Y
  mprj.sram.sram_inst/din0[13]
 _7368_/Y
  mprj.sram.sram_inst/din0[12]
 _7369_/Y
  mprj.sram.sram_inst/din0[11]
 _7370_/Y
  mprj.sram.sram_inst/din0[10]
 _7371_/Y
  mprj.sram.sram_inst/din0[9]
 _7372_/Y
  mprj.sram.sram_inst/din0[8]
 _7373_/Y
  mprj.sram.sram_inst/din0[7]
 _7374_/Y
  mprj.sram.sram_inst/din0[6]
 _7375_/X
  mprj.sram.sram_inst/din0[5]
 _7376_/Y
  mprj.sram.sram_inst/din0[4]
 _7377_/Y
  mprj.sram.sram_inst/din0[3]
 _7378_/Y
  mprj.sram.sram_inst/din0[2]
 _7379_/Y
  mprj.sram.sram_inst/din0[1]
 _7380_/Y
  mprj.sram.sram_inst/din0[0]
 _7381_/Y
  mprj.sram.sram_inst/addr0[9]
  mprj.sram.sram_inst/addr1[9]
 _7382_/Y
  mprj.sram.sram_inst/addr0[8]
  mprj.sram.sram_inst/addr1[8]
 _7383_/Y
  mprj.sram.sram_inst/addr0[7]
  mprj.sram.sram_inst/addr1[7]
 _7384_/Y
  mprj.sram.sram_inst/addr0[6]
  mprj.sram.sram_inst/addr1[6]
 _7385_/Y
  mprj.sram.sram_inst/addr0[5]
  mprj.sram.sram_inst/addr1[5]
 _7386_/Y
  mprj.sram.sram_inst/addr0[4]
  mprj.sram.sram_inst/addr1[4]
 _7387_/Y
  mprj.sram.sram_inst/addr0[3]
  mprj.sram.sram_inst/addr1[3]
 _7388_/Y
  mprj.sram.sram_inst/addr0[2]
  mprj.sram.sram_inst/addr1[2]
 _7389_/Y
  mprj.sram.sram_inst/addr0[1]
  mprj.sram.sram_inst/addr1[1]
 _7390_/Y
  mprj.sram.sram_inst/addr0[0]
  mprj.sram.sram_inst/addr1[0]

===========================================================================
max slew violation count 2254
max fanout violation count 1014
max cap violation count 93
============================================================================

===========================================================================
check_setup -verbose -unconstrained_endpoints -multiple_clock -no_clock -no_input_delay -loops -generated_clocks
===========================================================================
Warning: There are 68 input ports missing set_input_delay.
  analog_io[0]
  analog_io[10]
  analog_io[11]
  analog_io[12]
  analog_io[13]
  analog_io[14]
  analog_io[15]
  analog_io[16]
  analog_io[17]
  analog_io[18]
  analog_io[19]
  analog_io[1]
  analog_io[20]
  analog_io[21]
  analog_io[22]
  analog_io[23]
  analog_io[24]
  analog_io[25]
  analog_io[26]
  analog_io[27]
  analog_io[28]
  analog_io[2]
  analog_io[3]
  analog_io[4]
  analog_io[5]
  analog_io[6]
  analog_io[7]
  analog_io[8]
  analog_io[9]
  io_in[0]
  io_in[10]
  io_in[11]
  io_in[12]
  io_in[13]
  io_in[14]
  io_in[15]
  io_in[16]
  io_in[17]
  io_in[18]
  io_in[19]
  io_in[1]
  io_in[20]
  io_in[21]
  io_in[22]
  io_in[23]
  io_in[24]
  io_in[25]
  io_in[26]
  io_in[27]
  io_in[28]
  io_in[29]
  io_in[2]
  io_in[30]
  io_in[31]
  io_in[32]
  io_in[33]
  io_in[34]
  io_in[35]
  io_in[36]
  io_in[37]
  io_in[3]
  io_in[4]
  io_in[5]
  io_in[6]
  io_in[7]
  io_in[8]
  io_in[9]
  user_clock2
Warning: There are 316 unconstrained endpoints.
  analog_io[0]
  analog_io[10]
  analog_io[11]
  analog_io[12]
  analog_io[13]
  analog_io[14]
  analog_io[15]
  analog_io[16]
  analog_io[17]
  analog_io[18]
  analog_io[19]
  analog_io[1]
  analog_io[20]
  analog_io[21]
  analog_io[22]
  analog_io[23]
  analog_io[24]
  analog_io[25]
  analog_io[26]
  analog_io[27]
  analog_io[28]
  analog_io[2]
  analog_io[3]
  analog_io[4]
  analog_io[5]
  analog_io[6]
  analog_io[7]
  analog_io[8]
  analog_io[9]
  io_oeb[0]
  io_oeb[10]
  io_oeb[11]
  io_oeb[12]
  io_oeb[13]
  io_oeb[14]
  io_oeb[15]
  io_oeb[16]
  io_oeb[17]
  io_oeb[18]
  io_oeb[19]
  io_oeb[1]
  io_oeb[20]
  io_oeb[21]
  io_oeb[22]
  io_oeb[23]
  io_oeb[24]
  io_oeb[25]
  io_oeb[26]
  io_oeb[27]
  io_oeb[28]
  io_oeb[29]
  io_oeb[2]
  io_oeb[30]
  io_oeb[31]
  io_oeb[32]
  io_oeb[33]
  io_oeb[34]
  io_oeb[35]
  io_oeb[36]
  io_oeb[37]
  io_oeb[3]
  io_oeb[4]
  io_oeb[5]
  io_oeb[6]
  io_oeb[7]
  io_oeb[8]
  io_oeb[9]
  io_out[0]
  io_out[10]
  io_out[11]
  io_out[12]
  io_out[13]
  io_out[14]
  io_out[15]
  io_out[16]
  io_out[17]
  io_out[18]
  io_out[19]
  io_out[1]
  io_out[20]
  io_out[21]
  io_out[22]
  io_out[23]
  io_out[24]
  io_out[25]
  io_out[26]
  io_out[27]
  io_out[28]
  io_out[29]
  io_out[2]
  io_out[30]
  io_out[31]
  io_out[32]
  io_out[33]
  io_out[34]
  io_out[35]
  io_out[36]
  io_out[37]
  io_out[3]
  io_out[4]
  io_out[5]
  io_out[6]
  io_out[7]
  io_out[8]
  io_out[9]
  la_data_out[0]
  la_data_out[100]
  la_data_out[101]
  la_data_out[102]
  la_data_out[103]
  la_data_out[104]
  la_data_out[105]
  la_data_out[106]
  la_data_out[107]
  la_data_out[108]
  la_data_out[109]
  la_data_out[10]
  la_data_out[110]
  la_data_out[111]
  la_data_out[112]
  la_data_out[113]
  la_data_out[114]
  la_data_out[115]
  la_data_out[116]
  la_data_out[117]
  la_data_out[118]
  la_data_out[119]
  la_data_out[11]
  la_data_out[120]
  la_data_out[121]
  la_data_out[122]
  la_data_out[123]
  la_data_out[124]
  la_data_out[125]
  la_data_out[126]
  la_data_out[127]
  la_data_out[12]
  la_data_out[13]
  la_data_out[14]
  la_data_out[15]
  la_data_out[16]
  la_data_out[17]
  la_data_out[18]
  la_data_out[19]
  la_data_out[1]
  la_data_out[20]
  la_data_out[21]
  la_data_out[22]
  la_data_out[23]
  la_data_out[24]
  la_data_out[25]
  la_data_out[26]
  la_data_out[27]
  la_data_out[28]
  la_data_out[29]
  la_data_out[2]
  la_data_out[30]
  la_data_out[31]
  la_data_out[32]
  la_data_out[33]
  la_data_out[34]
  la_data_out[35]
  la_data_out[36]
  la_data_out[37]
  la_data_out[38]
  la_data_out[39]
  la_data_out[3]
  la_data_out[40]
  la_data_out[41]
  la_data_out[42]
  la_data_out[43]
  la_data_out[44]
  la_data_out[45]
  la_data_out[46]
  la_data_out[47]
  la_data_out[48]
  la_data_out[49]
  la_data_out[4]
  la_data_out[50]
  la_data_out[51]
  la_data_out[52]
  la_data_out[53]
  la_data_out[54]
  la_data_out[55]
  la_data_out[56]
  la_data_out[57]
  la_data_out[58]
  la_data_out[59]
  la_data_out[5]
  la_data_out[60]
  la_data_out[61]
  la_data_out[62]
  la_data_out[63]
  la_data_out[64]
  la_data_out[65]
  la_data_out[66]
  la_data_out[67]
  la_data_out[68]
  la_data_out[69]
  la_data_out[6]
  la_data_out[70]
  la_data_out[71]
  la_data_out[72]
  la_data_out[73]
  la_data_out[74]
  la_data_out[75]
  la_data_out[76]
  la_data_out[77]
  la_data_out[78]
  la_data_out[79]
  la_data_out[7]
  la_data_out[80]
  la_data_out[81]
  la_data_out[82]
  la_data_out[83]
  la_data_out[84]
  la_data_out[85]
  la_data_out[86]
  la_data_out[87]
  la_data_out[88]
  la_data_out[89]
  la_data_out[8]
  la_data_out[90]
  la_data_out[91]
  la_data_out[92]
  la_data_out[93]
  la_data_out[94]
  la_data_out[95]
  la_data_out[96]
  la_data_out[97]
  la_data_out[98]
  la_data_out[99]
  la_data_out[9]
  user_irq[0]
  user_irq[1]
  user_irq[2]
  _8469_/D
  mprj.team_01_Wrapper.team_01_WB.instance_to_wrap/gpio_in[12]
  mprj.team_01_Wrapper.team_01_WB.instance_to_wrap/gpio_in[13]
  mprj.team_01_Wrapper.team_01_WB.instance_to_wrap/gpio_in[14]
  mprj.team_01_Wrapper.team_01_WB.instance_to_wrap/gpio_in[15]
  mprj.team_02_Wrapper.team_02_WB.instance_to_wrap/gpio_in[15]
  mprj.team_02_Wrapper.team_02_WB.instance_to_wrap/gpio_in[16]
  mprj.team_02_Wrapper.team_02_WB.instance_to_wrap/gpio_in[17]
  mprj.team_02_Wrapper.team_02_WB.instance_to_wrap/gpio_in[18]
  mprj.team_03_Wrapper.team_03_WB.instance_to_wrap/gpio_in[0]
  mprj.team_03_Wrapper.team_03_WB.instance_to_wrap/gpio_in[10]
  mprj.team_03_Wrapper.team_03_WB.instance_to_wrap/gpio_in[11]
  mprj.team_03_Wrapper.team_03_WB.instance_to_wrap/gpio_in[12]
  mprj.team_03_Wrapper.team_03_WB.instance_to_wrap/gpio_in[13]
  mprj.team_03_Wrapper.team_03_WB.instance_to_wrap/gpio_in[14]
  mprj.team_03_Wrapper.team_03_WB.instance_to_wrap/gpio_in[15]
  mprj.team_03_Wrapper.team_03_WB.instance_to_wrap/gpio_in[16]
  mprj.team_03_Wrapper.team_03_WB.instance_to_wrap/gpio_in[17]
  mprj.team_03_Wrapper.team_03_WB.instance_to_wrap/gpio_in[18]
  mprj.team_03_Wrapper.team_03_WB.instance_to_wrap/gpio_in[19]
  mprj.team_03_Wrapper.team_03_WB.instance_to_wrap/gpio_in[1]
  mprj.team_03_Wrapper.team_03_WB.instance_to_wrap/gpio_in[20]
  mprj.team_03_Wrapper.team_03_WB.instance_to_wrap/gpio_in[21]
  mprj.team_03_Wrapper.team_03_WB.instance_to_wrap/gpio_in[22]
  mprj.team_03_Wrapper.team_03_WB.instance_to_wrap/gpio_in[23]
  mprj.team_03_Wrapper.team_03_WB.instance_to_wrap/gpio_in[24]
  mprj.team_03_Wrapper.team_03_WB.instance_to_wrap/gpio_in[25]
  mprj.team_03_Wrapper.team_03_WB.instance_to_wrap/gpio_in[26]
  mprj.team_03_Wrapper.team_03_WB.instance_to_wrap/gpio_in[27]
  mprj.team_03_Wrapper.team_03_WB.instance_to_wrap/gpio_in[28]
  mprj.team_03_Wrapper.team_03_WB.instance_to_wrap/gpio_in[29]
  mprj.team_03_Wrapper.team_03_WB.instance_to_wrap/gpio_in[2]
  mprj.team_03_Wrapper.team_03_WB.instance_to_wrap/gpio_in[30]
  mprj.team_03_Wrapper.team_03_WB.instance_to_wrap/gpio_in[31]
  mprj.team_03_Wrapper.team_03_WB.instance_to_wrap/gpio_in[3]
  mprj.team_03_Wrapper.team_03_WB.instance_to_wrap/gpio_in[4]
  mprj.team_03_Wrapper.team_03_WB.instance_to_wrap/gpio_in[5]
  mprj.team_03_Wrapper.team_03_WB.instance_to_wrap/gpio_in[6]
  mprj.team_03_Wrapper.team_03_WB.instance_to_wrap/gpio_in[7]
  mprj.team_03_Wrapper.team_03_WB.instance_to_wrap/gpio_in[8]
  mprj.team_03_Wrapper.team_03_WB.instance_to_wrap/gpio_in[9]
  mprj.team_04_Wrapper.team_04_WB.instance_to_wrap/gpio_in[5]
  mprj.team_05_Wrapper.team_05_WB.instance_to_wrap/gpio_in[30]
  mprj.team_05_Wrapper.team_05_WB.instance_to_wrap/gpio_in[31]
  mprj.team_05_Wrapper.team_05_WB.instance_to_wrap/gpio_in[32]
  mprj.team_05_Wrapper.team_05_WB.instance_to_wrap/gpio_in[33]
  mprj.team_06_Wrapper.team_06_WB.instance_to_wrap/gpio_in[0]
  mprj.team_06_Wrapper.team_06_WB.instance_to_wrap/gpio_in[1]
  mprj.team_06_Wrapper.team_06_WB.instance_to_wrap/gpio_in[2]
  mprj.team_06_Wrapper.team_06_WB.instance_to_wrap/gpio_in[3]
  mprj.team_06_Wrapper.team_06_WB.instance_to_wrap/gpio_in[4]
  mprj.team_06_Wrapper.team_06_WB.instance_to_wrap/gpio_in[5]
  mprj.team_07_Wrapper.team_07_WB.instance_to_wrap/gpio_in[18]
  mprj.team_07_Wrapper.team_07_WB.instance_to_wrap/gpio_in[19]
  mprj.team_07_Wrapper.team_07_WB.instance_to_wrap/gpio_in[20]
  mprj.team_07_Wrapper.team_07_WB.instance_to_wrap/gpio_in[21]
  mprj.team_07_Wrapper.team_07_WB.instance_to_wrap/gpio_in[22]
  mprj.team_07_Wrapper.team_07_WB.instance_to_wrap/gpio_in[23]
  mprj.team_08_Wrapper.team_08_WB.instance_to_wrap/gpio_in[0]
  mprj.team_08_Wrapper.team_08_WB.instance_to_wrap/gpio_in[1]
  mprj.team_09_Wrapper.team_09_WB.instance_to_wrap/gpio_in[25]
  mprj.team_09_Wrapper.team_09_WB.instance_to_wrap/gpio_in[26]
  mprj.team_09_Wrapper.team_09_WB.instance_to_wrap/gpio_in[27]
  mprj.team_09_Wrapper.team_09_WB.instance_to_wrap/gpio_in[28]
  mprj.team_09_Wrapper.team_09_WB.instance_to_wrap/gpio_in[29]
  mprj.team_09_Wrapper.team_09_WB.instance_to_wrap/gpio_in[30]
  mprj.team_09_Wrapper.team_09_WB.instance_to_wrap/gpio_in[31]
  mprj.team_10_Wrapper.team_10_WB.instance_to_wrap/gpio_in[20]
  mprj.team_10_Wrapper.team_10_WB.instance_to_wrap/gpio_in[21]
  mprj.team_10_Wrapper.team_10_WB.instance_to_wrap/gpio_in[22]
  mprj.team_10_Wrapper.team_10_WB.instance_to_wrap/gpio_in[23]
  mprj.team_10_Wrapper.team_10_WB.instance_to_wrap/gpio_in[24]
  mprj.team_10_Wrapper.team_10_WB.instance_to_wrap/gpio_in[33]
  mprj.team_11_Wrapper.team_11_WB.instance_to_wrap/gpio_in[30]
  mprj.team_11_Wrapper.team_11_WB.instance_to_wrap/gpio_in[31]
  mprj.team_11_Wrapper.team_11_WB.instance_to_wrap/gpio_in[32]
  mprj.team_11_Wrapper.team_11_WB.instance_to_wrap/gpio_in[33]
  mprj.team_12_Wrapper.team_12_WB.instance_to_wrap/gpio_in[0]
  mprj.team_12_Wrapper.team_12_WB.instance_to_wrap/gpio_in[1]
  mprj.team_12_Wrapper.team_12_WB.instance_to_wrap/gpio_in[2]
